<?xml version="1.0" encoding="UTF-8" standalone="yes"?>
<?xml-stylesheet type="text/xsl" href="lexUnit.xsl"?>
<lexUnit status="Finished_Initial" POS="A" name="mouldy.a" ID="6190" frame="Being_rotted" frameID="346" totalAnnotated="19" xsi:schemaLocation="../schema/lexUnit.xsd" xmlns="http://framenet.icsi.berkeley.edu" xmlns:xsi="http://www.w3.org/2001/XMLSchema-instance">
    <header>
        <frame>
            <FE fgColor="FFFFFF" bgColor="FF69B4" type="Peripheral" abbrev="Degr" name="Degree"/>
            <FE fgColor="FFFFFF" bgColor="0000FF" type="Core" abbrev="Und" name="Undergoer"/>
        </frame>
    </header>
    <definition>COD: covered with mould. </definition>
    <lexeme POS="A" name="moldy"/>
    <valences>
        <governor type="Sup" lemma="go">
            <annoSet ID="1330647"/>
        </governor>
        <FERealization total="19">
            <FE name="Undergoer"/>
            <pattern total="16">
                <valenceUnit GF="Head" PT="N" FE="Undergoer"/>
                <annoSet ID="1330561"/>
                <annoSet ID="1330569"/>
                <annoSet ID="1330573"/>
                <annoSet ID="1330579"/>
                <annoSet ID="1330591"/>
                <annoSet ID="1330597"/>
                <annoSet ID="1330615"/>
                <annoSet ID="1330617"/>
                <annoSet ID="1330621"/>
                <annoSet ID="1330639"/>
                <annoSet ID="1330641"/>
                <annoSet ID="1330643"/>
                <annoSet ID="1330649"/>
                <annoSet ID="1330661"/>
                <annoSet ID="1330693"/>
                <annoSet ID="1330707"/>
            </pattern>
            <pattern total="3">
                <valenceUnit GF="Ext" PT="NP" FE="Undergoer"/>
                <annoSet ID="1330601"/>
                <annoSet ID="1330625"/>
                <annoSet ID="1330647"/>
            </pattern>
        </FERealization>
        <FEGroupRealization total="19">
            <FE name="Undergoer"/>
            <pattern total="16">
                <valenceUnit GF="Head" PT="N" FE="Undergoer"/>
                <annoSet ID="1330561"/>
                <annoSet ID="1330569"/>
                <annoSet ID="1330573"/>
                <annoSet ID="1330579"/>
                <annoSet ID="1330591"/>
                <annoSet ID="1330597"/>
                <annoSet ID="1330615"/>
                <annoSet ID="1330617"/>
                <annoSet ID="1330621"/>
                <annoSet ID="1330639"/>
                <annoSet ID="1330641"/>
                <annoSet ID="1330643"/>
                <annoSet ID="1330649"/>
                <annoSet ID="1330661"/>
                <annoSet ID="1330693"/>
                <annoSet ID="1330707"/>
            </pattern>
            <pattern total="3">
                <valenceUnit GF="Ext" PT="NP" FE="Undergoer"/>
                <annoSet ID="1330601"/>
                <annoSet ID="1330625"/>
                <annoSet ID="1330647"/>
            </pattern>
        </FEGroupRealization>
    </valences>
    <subCorpus name="A-001-all">
        <sentence sentNo="0" aPos="1450655" ID="938416">
            <text>There were dozens of empty tins too , soup and baked beans , all mixed together with dozens of mouldy bread wrappers . </text>
            <annotationSet cDate="01/07/2003 08:13:35 PST Tue" status="UNANN" ID="1330560">
                <layer rank="1" name="BNC">
                    <label end="4" start="0" name="EX0"/>
                    <label end="9" start="6" name="VBD"/>
                    <label end="16" start="11" name="NN2"/>
                    <label end="19" start="18" name="PRF"/>
                    <label end="25" start="21" name="AJ0"/>
                    <label end="30" start="27" name="NN2"/>
                    <label end="34" start="32" name="AV0"/>
                    <label end="36" start="36" name="PUN"/>
                    <label end="41" start="38" name="NN1"/>
                    <label end="45" start="43" name="CJC"/>
                    <label end="51" start="47" name="AJ0"/>
                    <label end="57" start="53" name="NN2"/>
                    <label end="59" start="59" name="PUN"/>
                    <label end="63" start="61" name="AV0"/>
                    <label end="69" start="65" name="VVD-VVN"/>
                    <label end="78" start="71" name="PRP"/>
                    <label end="83" start="80" name="PRP"/>
                    <label end="90" start="85" name="NN2"/>
                    <label end="93" start="92" name="PRF"/>
                    <label end="100" start="95" name="AJ0"/>
                    <label end="106" start="102" name="NN1"/>
                    <label end="115" start="108" name="NN2"/>
                    <label end="117" start="117" name="PUN"/>
                </layer>
            </annotationSet>
            <annotationSet cDate="01/07/2003 08:13:35 PST Tue" status="MANUAL" ID="1330561">
                <layer rank="1" name="FE">
                    <label cBy="865" feID="3000" end="115" start="102" name="Undergoer"/>
                </layer>
                <layer rank="1" name="GF">
                    <label end="115" start="102" name="Head"/>
                </layer>
                <layer rank="1" name="PT">
                    <label end="115" start="102" name="N"/>
                </layer>
                <layer rank="1" name="Sent"/>
                <layer rank="1" name="Other"/>
                <layer rank="1" name="Target">
                    <label cBy="103" end="100" start="95" name="Target"/>
                </layer>
                <layer rank="1" name="Adj"/>
            </annotationSet>
        </sentence>
        <sentence sentNo="0" aPos="4166320" ID="938420">
            <text>` Corked &quot; wine has a powerful pong , rather like musty , mouldy walnuts , and current estimates hold that two out of every 100 bottles are affected . </text>
            <annotationSet cDate="01/07/2003 08:13:36 PST Tue" status="UNANN" ID="1330568">
                <layer rank="1" name="BNC">
                    <label end="0" start="0" name="PUQ"/>
                    <label end="7" start="2" name="AJ0"/>
                    <label end="9" start="9" name="PUQ"/>
                    <label end="14" start="11" name="NN1"/>
                    <label end="18" start="16" name="VHZ"/>
                    <label end="20" start="20" name="AT0"/>
                    <label end="29" start="22" name="AJ0"/>
                    <label end="34" start="31" name="NN1"/>
                    <label end="36" start="36" name="PUN"/>
                    <label end="43" start="38" name="AV0"/>
                    <label end="48" start="45" name="PRP"/>
                    <label end="54" start="50" name="AJ0"/>
                    <label end="56" start="56" name="PUN"/>
                    <label end="63" start="58" name="AJ0"/>
                    <label end="71" start="65" name="NN2"/>
                    <label end="73" start="73" name="PUN"/>
                    <label end="77" start="75" name="CJC"/>
                    <label end="85" start="79" name="AJ0-NN1"/>
                    <label end="95" start="87" name="NN2"/>
                    <label end="100" start="97" name="VVB"/>
                    <label end="105" start="102" name="CJT-DT0"/>
                    <label end="109" start="107" name="CRD"/>
                    <label end="113" start="111" name="PRP"/>
                    <label end="116" start="115" name="PRP"/>
                    <label end="122" start="118" name="AT0"/>
                    <label end="126" start="124" name="CRD"/>
                    <label end="134" start="128" name="NN2"/>
                    <label end="138" start="136" name="VBB"/>
                    <label end="147" start="140" name="VVN"/>
                    <label end="149" start="149" name="PUN"/>
                </layer>
            </annotationSet>
            <annotationSet cDate="01/07/2003 08:13:36 PST Tue" status="MANUAL" ID="1330569">
                <layer rank="1" name="FE">
                    <label cBy="865" feID="3000" end="71" start="65" name="Undergoer"/>
                </layer>
                <layer rank="1" name="GF">
                    <label end="71" start="65" name="Head"/>
                </layer>
                <layer rank="1" name="PT">
                    <label end="71" start="65" name="N"/>
                </layer>
                <layer rank="1" name="Sent"/>
                <layer rank="1" name="Other"/>
                <layer rank="1" name="Target">
                    <label cBy="103" end="63" start="58" name="Target"/>
                </layer>
                <layer rank="1" name="Adj"/>
            </annotationSet>
        </sentence>
        <sentence sentNo="0" aPos="8136002" ID="938422">
            <text>If they do not have enough hay or pasture they are liable to get intestinal problems , sometimes caused by eating inappropriate or unwholesome substances such as fence posts or mouldy hay . </text>
            <annotationSet cDate="01/07/2003 08:13:36 PST Tue" status="UNANN" ID="1330572">
                <layer rank="1" name="BNC">
                    <label end="1" start="0" name="CJS"/>
                    <label end="6" start="3" name="PNP"/>
                    <label end="9" start="8" name="VDB"/>
                    <label end="13" start="11" name="XX0"/>
                    <label end="18" start="15" name="VHI"/>
                    <label end="25" start="20" name="DT0"/>
                    <label end="29" start="27" name="NN1"/>
                    <label end="32" start="31" name="CJC"/>
                    <label end="40" start="34" name="VVB"/>
                    <label end="45" start="42" name="PNP"/>
                    <label end="49" start="47" name="VBB"/>
                    <label end="56" start="51" name="AJ0"/>
                    <label end="59" start="58" name="TO0"/>
                    <label end="63" start="61" name="VVI"/>
                    <label end="74" start="65" name="AJ0"/>
                    <label end="83" start="76" name="NN2"/>
                    <label end="85" start="85" name="PUN"/>
                    <label end="95" start="87" name="AV0"/>
                    <label end="102" start="97" name="VVN"/>
                    <label end="105" start="104" name="PRP"/>
                    <label end="112" start="107" name="VVG"/>
                    <label end="126" start="114" name="AJ0"/>
                    <label end="129" start="128" name="CJC"/>
                    <label end="141" start="131" name="AJ0"/>
                    <label end="152" start="143" name="NN2"/>
                    <label end="157" start="154" name="PRP"/>
                    <label end="160" start="159" name="PRP"/>
                    <label end="166" start="162" name="NN1"/>
                    <label end="172" start="168" name="NN2"/>
                    <label end="175" start="174" name="CJC"/>
                    <label end="182" start="177" name="AJ0"/>
                    <label end="186" start="184" name="NN1"/>
                    <label end="188" start="188" name="PUN"/>
                </layer>
            </annotationSet>
            <annotationSet cDate="01/07/2003 08:13:36 PST Tue" status="MANUAL" ID="1330573">
                <layer rank="1" name="FE">
                    <label cBy="865" feID="3000" end="186" start="184" name="Undergoer"/>
                </layer>
                <layer rank="1" name="GF">
                    <label end="186" start="184" name="Head"/>
                </layer>
                <layer rank="1" name="PT">
                    <label end="186" start="184" name="N"/>
                </layer>
                <layer rank="1" name="Sent"/>
                <layer rank="1" name="Other"/>
                <layer rank="1" name="Target">
                    <label cBy="103" end="182" start="177" name="Target"/>
                </layer>
                <layer rank="1" name="Adj"/>
            </annotationSet>
        </sentence>
        <sentence sentNo="0" aPos="11151623" ID="938425">
            <text>All the furniture in it hung from the ceiling by long mouldy ropes and did not quite touch the ground . </text>
            <annotationSet cDate="01/07/2003 08:13:36 PST Tue" status="UNANN" ID="1330578">
                <layer rank="1" name="BNC">
                    <label end="2" start="0" name="DT0"/>
                    <label end="6" start="4" name="AT0"/>
                    <label end="16" start="8" name="NN1"/>
                    <label end="19" start="18" name="PRP"/>
                    <label end="22" start="21" name="PNP"/>
                    <label end="27" start="24" name="VVD"/>
                    <label end="32" start="29" name="PRP"/>
                    <label end="36" start="34" name="AT0"/>
                    <label end="44" start="38" name="NN1"/>
                    <label end="47" start="46" name="PRP"/>
                    <label end="52" start="49" name="AJ0-AV0"/>
                    <label end="59" start="54" name="AJ0"/>
                    <label end="65" start="61" name="NN2"/>
                    <label end="69" start="67" name="CJC"/>
                    <label end="73" start="71" name="VDD"/>
                    <label end="77" start="75" name="XX0"/>
                    <label end="83" start="79" name="AV0"/>
                    <label end="89" start="85" name="VVI"/>
                    <label end="93" start="91" name="AT0"/>
                    <label end="100" start="95" name="NN1"/>
                    <label end="102" start="102" name="PUN"/>
                </layer>
            </annotationSet>
            <annotationSet cDate="01/07/2003 08:13:36 PST Tue" status="MANUAL" ID="1330579">
                <layer rank="1" name="FE">
                    <label cBy="865" feID="3000" end="65" start="61" name="Undergoer"/>
                </layer>
                <layer rank="1" name="GF">
                    <label end="65" start="61" name="Head"/>
                </layer>
                <layer rank="1" name="PT">
                    <label end="65" start="61" name="N"/>
                </layer>
                <layer rank="1" name="Sent"/>
                <layer rank="1" name="Other"/>
                <layer rank="1" name="Target">
                    <label cBy="103" end="59" start="54" name="Target"/>
                </layer>
                <layer rank="1" name="Adj"/>
            </annotationSet>
        </sentence>
        <sentence sentNo="0" aPos="21390778" ID="938431">
            <text>Chris 'd pointed out this addict that hung around the theatre café : he stank like mouldy meat and his skin was terrible , so spotty it was almost rotting away . </text>
            <annotationSet cDate="01/07/2003 08:13:37 PST Tue" status="UNANN" ID="1330590">
                <layer rank="1" name="BNC">
                    <label end="4" start="0" name="NP0"/>
                    <label end="7" start="6" name="VHD"/>
                    <label end="15" start="9" name="VVN"/>
                    <label end="19" start="17" name="AVP"/>
                    <label end="24" start="21" name="DT0"/>
                    <label end="31" start="26" name="NN1"/>
                    <label end="36" start="33" name="CJT"/>
                    <label end="41" start="38" name="VVD"/>
                    <label end="48" start="43" name="AVP-PRP"/>
                    <label end="52" start="50" name="AT0"/>
                    <label end="60" start="54" name="NN1"/>
                    <label end="65" start="62" name="NN1"/>
                    <label end="67" start="67" name="PUN"/>
                    <label end="70" start="69" name="PNP"/>
                    <label end="76" start="72" name="VVD"/>
                    <label end="81" start="78" name="PRP"/>
                    <label end="88" start="83" name="AJ0"/>
                    <label end="93" start="90" name="NN1"/>
                    <label end="97" start="95" name="CJC"/>
                    <label end="101" start="99" name="DPS"/>
                    <label end="106" start="103" name="NN1"/>
                    <label end="110" start="108" name="VBD"/>
                    <label end="119" start="112" name="AJ0"/>
                    <label end="121" start="121" name="PUN"/>
                    <label end="124" start="123" name="AV0"/>
                    <label end="131" start="126" name="AJ0"/>
                    <label end="134" start="133" name="PNP"/>
                    <label end="138" start="136" name="VBD"/>
                    <label end="145" start="140" name="AV0"/>
                    <label end="153" start="147" name="VVG"/>
                    <label end="158" start="155" name="AVP"/>
                    <label end="160" start="160" name="PUN"/>
                </layer>
            </annotationSet>
            <annotationSet cDate="01/07/2003 08:13:37 PST Tue" status="MANUAL" ID="1330591">
                <layer rank="1" name="FE">
                    <label cBy="865" feID="3000" end="93" start="90" name="Undergoer"/>
                </layer>
                <layer rank="1" name="GF">
                    <label end="93" start="90" name="Head"/>
                </layer>
                <layer rank="1" name="PT">
                    <label end="93" start="90" name="N"/>
                </layer>
                <layer rank="1" name="Sent"/>
                <layer rank="1" name="Other"/>
                <layer rank="1" name="Target">
                    <label cBy="103" end="88" start="83" name="Target"/>
                </layer>
                <layer rank="1" name="Adj"/>
            </annotationSet>
        </sentence>
        <sentence sentNo="0" aPos="24458171" ID="938434">
            <text>And just because the fish lives in the water with it , does not mean that it is going to eat it -- it would be like you eating mouldy food . </text>
            <annotationSet cDate="01/07/2003 08:13:37 PST Tue" status="UNANN" ID="1330596">
                <layer rank="1" name="BNC">
                    <label end="2" start="0" name="CJC"/>
                    <label end="7" start="4" name="AV0"/>
                    <label end="15" start="9" name="CJS"/>
                    <label end="19" start="17" name="AT0"/>
                    <label end="24" start="21" name="NN0"/>
                    <label end="30" start="26" name="NN2-VVZ"/>
                    <label end="33" start="32" name="PRP"/>
                    <label end="37" start="35" name="AT0"/>
                    <label end="43" start="39" name="NN1"/>
                    <label end="48" start="45" name="PRP"/>
                    <label end="51" start="50" name="PNP"/>
                    <label end="53" start="53" name="PUN"/>
                    <label end="58" start="55" name="VDZ"/>
                    <label end="62" start="60" name="XX0"/>
                    <label end="67" start="64" name="VVI"/>
                    <label end="72" start="69" name="CJT"/>
                    <label end="75" start="74" name="PNP"/>
                    <label end="78" start="77" name="VBZ"/>
                    <label end="84" start="80" name="VVG"/>
                    <label end="87" start="86" name="TO0"/>
                    <label end="91" start="89" name="VVI"/>
                    <label end="94" start="93" name="PNP"/>
                    <label end="97" start="96" name="PUN"/>
                    <label end="100" start="99" name="PNP"/>
                    <label end="106" start="102" name="VM0"/>
                    <label end="109" start="108" name="VBI"/>
                    <label end="114" start="111" name="PRP"/>
                    <label end="118" start="116" name="PNP"/>
                    <label end="125" start="120" name="VVG"/>
                    <label end="132" start="127" name="AJ0"/>
                    <label end="137" start="134" name="NN1"/>
                    <label end="139" start="139" name="PUN"/>
                </layer>
            </annotationSet>
            <annotationSet cDate="01/07/2003 08:13:37 PST Tue" status="MANUAL" ID="1330597">
                <layer rank="1" name="FE">
                    <label cBy="865" feID="3000" end="137" start="134" name="Undergoer"/>
                </layer>
                <layer rank="1" name="GF">
                    <label end="137" start="134" name="Head"/>
                </layer>
                <layer rank="1" name="PT">
                    <label end="137" start="134" name="N"/>
                </layer>
                <layer rank="1" name="Sent"/>
                <layer rank="1" name="Other"/>
                <layer rank="1" name="Target">
                    <label cBy="103" end="132" start="127" name="Target"/>
                </layer>
                <layer rank="1" name="Adj"/>
            </annotationSet>
        </sentence>
        <sentence sentNo="0" aPos="30407901" ID="938436">
            <text>For example , you take some cheese back to a shop and say , ` I 'm returning this cheese because it 's mouldy and I 'd like a refund . &quot; </text>
            <annotationSet cDate="01/07/2003 08:13:37 PST Tue" status="UNANN" ID="1330600">
                <layer rank="1" name="BNC">
                    <label end="2" start="0" name="AV0"/>
                    <label end="10" start="4" name="AV0"/>
                    <label end="12" start="12" name="PUN"/>
                    <label end="16" start="14" name="PNP"/>
                    <label end="21" start="18" name="VVB"/>
                    <label end="26" start="23" name="DT0"/>
                    <label end="33" start="28" name="NN1"/>
                    <label end="38" start="35" name="AVP"/>
                    <label end="41" start="40" name="PRP"/>
                    <label end="43" start="43" name="AT0"/>
                    <label end="48" start="45" name="NN1"/>
                    <label end="52" start="50" name="CJC"/>
                    <label end="56" start="54" name="VVB"/>
                    <label end="58" start="58" name="PUN"/>
                    <label end="60" start="60" name="PUQ"/>
                    <label end="62" start="62" name="PNP"/>
                    <label end="65" start="64" name="VBB"/>
                    <label end="75" start="67" name="VVG"/>
                    <label end="80" start="77" name="DT0"/>
                    <label end="87" start="82" name="NN1"/>
                    <label end="95" start="89" name="CJS"/>
                    <label end="98" start="97" name="PNP"/>
                    <label end="101" start="100" name="VBZ"/>
                    <label end="108" start="103" name="AJ0"/>
                    <label end="112" start="110" name="CJC"/>
                    <label end="114" start="114" name="PNP"/>
                    <label end="117" start="116" name="VM0"/>
                    <label end="122" start="119" name="VVI"/>
                    <label end="124" start="124" name="AT0"/>
                    <label end="131" start="126" name="NN1"/>
                    <label end="133" start="133" name="PUN"/>
                    <label end="135" start="135" name="PUQ"/>
                </layer>
            </annotationSet>
            <annotationSet cDate="01/07/2003 08:13:37 PST Tue" status="MANUAL" ID="1330601">
                <layer rank="1" name="FE">
                    <label cBy="865" feID="3000" end="98" start="97" name="Undergoer"/>
                </layer>
                <layer rank="1" name="GF">
                    <label end="98" start="97" name="Ext"/>
                </layer>
                <layer rank="1" name="PT">
                    <label end="98" start="97" name="NP"/>
                </layer>
                <layer rank="1" name="Sent"/>
                <layer rank="1" name="Other"/>
                <layer rank="1" name="Target">
                    <label cBy="103" end="108" start="103" name="Target"/>
                </layer>
                <layer rank="1" name="Adj">
                    <label end="101" start="100" name="Cop"/>
                </layer>
            </annotationSet>
        </sentence>
        <sentence sentNo="0" aPos="38380308" ID="938443">
            <text>A few mouldy bones break the surface of the water here and there . </text>
            <annotationSet cDate="01/07/2003 08:13:38 PST Tue" status="UNANN" ID="1330614">
                <layer rank="1" name="BNC">
                    <label end="0" start="0" name="DT0"/>
                    <label end="4" start="2" name="DT0"/>
                    <label end="11" start="6" name="AJ0"/>
                    <label end="17" start="13" name="NN2"/>
                    <label end="23" start="19" name="VVB"/>
                    <label end="27" start="25" name="AT0"/>
                    <label end="35" start="29" name="NN1"/>
                    <label end="38" start="37" name="PRF"/>
                    <label end="42" start="40" name="AT0"/>
                    <label end="48" start="44" name="NN1"/>
                    <label end="53" start="50" name="AV0"/>
                    <label end="57" start="55" name="CJC"/>
                    <label end="63" start="59" name="AV0"/>
                    <label end="65" start="65" name="PUN"/>
                </layer>
            </annotationSet>
            <annotationSet cDate="01/07/2003 08:13:38 PST Tue" status="MANUAL" ID="1330615">
                <layer rank="1" name="FE">
                    <label cBy="865" feID="3000" end="17" start="13" name="Undergoer"/>
                </layer>
                <layer rank="1" name="GF">
                    <label end="17" start="13" name="Head"/>
                </layer>
                <layer rank="1" name="PT">
                    <label end="17" start="13" name="N"/>
                </layer>
                <layer rank="1" name="Sent"/>
                <layer rank="1" name="Other"/>
                <layer rank="1" name="Target">
                    <label cBy="103" end="11" start="6" name="Target"/>
                </layer>
                <layer rank="1" name="Adj"/>
            </annotationSet>
        </sentence>
        <sentence sentNo="0" aPos="38384242" ID="938444">
            <text>The water is mostly harmless , but filled with bones and mouldy pieces of flesh -- some of which are relatively -- and disturbingly -- fresh . </text>
            <annotationSet cDate="01/07/2003 08:13:38 PST Tue" status="UNANN" ID="1330616">
                <layer rank="1" name="BNC">
                    <label end="2" start="0" name="AT0"/>
                    <label end="8" start="4" name="NN1"/>
                    <label end="11" start="10" name="VBZ"/>
                    <label end="18" start="13" name="AV0"/>
                    <label end="27" start="20" name="AJ0"/>
                    <label end="29" start="29" name="PUN"/>
                    <label end="33" start="31" name="CJC"/>
                    <label end="40" start="35" name="VVD-VVN"/>
                    <label end="45" start="42" name="PRP"/>
                    <label end="51" start="47" name="NN2"/>
                    <label end="55" start="53" name="CJC"/>
                    <label end="62" start="57" name="AJ0"/>
                    <label end="69" start="64" name="NN2"/>
                    <label end="72" start="71" name="PRF"/>
                    <label end="78" start="74" name="NN1"/>
                    <label end="81" start="80" name="PUN"/>
                    <label end="86" start="83" name="DT0"/>
                    <label end="89" start="88" name="PRF"/>
                    <label end="95" start="91" name="DTQ"/>
                    <label end="99" start="97" name="VBB"/>
                    <label end="110" start="101" name="AV0"/>
                    <label end="113" start="112" name="PUN"/>
                    <label end="117" start="115" name="CJC"/>
                    <label end="130" start="119" name="AV0"/>
                    <label end="133" start="132" name="PUN"/>
                    <label end="139" start="135" name="AJ0"/>
                    <label end="141" start="141" name="PUN"/>
                </layer>
            </annotationSet>
            <annotationSet cDate="01/07/2003 08:13:38 PST Tue" status="MANUAL" ID="1330617">
                <layer rank="1" name="FE">
                    <label cBy="865" feID="3000" end="78" start="64" name="Undergoer"/>
                </layer>
                <layer rank="1" name="GF">
                    <label end="78" start="64" name="Head"/>
                </layer>
                <layer rank="1" name="PT">
                    <label end="78" start="64" name="N"/>
                </layer>
                <layer rank="1" name="Sent"/>
                <layer rank="1" name="Other"/>
                <layer rank="1" name="Target">
                    <label cBy="103" end="62" start="57" name="Target"/>
                </layer>
                <layer rank="1" name="Adj"/>
            </annotationSet>
        </sentence>
        <sentence sentNo="0" aPos="44555619" ID="938446">
            <text>With all the intelligence of a mouldy pea , IAN OSBORNE stretches his grey matter just trying to remember his name . </text>
            <annotationSet cDate="01/07/2003 08:13:38 PST Tue" status="UNANN" ID="1330620">
                <layer rank="1" name="BNC">
                    <label end="3" start="0" name="PRP"/>
                    <label end="7" start="5" name="DT0"/>
                    <label end="11" start="9" name="AT0"/>
                    <label end="24" start="13" name="NN1"/>
                    <label end="27" start="26" name="PRF"/>
                    <label end="29" start="29" name="AT0"/>
                    <label end="36" start="31" name="AJ0"/>
                    <label end="40" start="38" name="NN1"/>
                    <label end="42" start="42" name="PUN"/>
                    <label end="46" start="44" name="NP0"/>
                    <label end="54" start="48" name="NP0"/>
                    <label end="64" start="56" name="VVZ"/>
                    <label end="68" start="66" name="DPS"/>
                    <label end="73" start="70" name="AJ0"/>
                    <label end="80" start="75" name="NN1"/>
                    <label end="85" start="82" name="AV0"/>
                    <label end="92" start="87" name="VVG"/>
                    <label end="95" start="94" name="TO0"/>
                    <label end="104" start="97" name="VVI"/>
                    <label end="108" start="106" name="DPS"/>
                    <label end="113" start="110" name="NN1"/>
                    <label end="115" start="115" name="PUN"/>
                </layer>
            </annotationSet>
            <annotationSet cDate="01/07/2003 08:13:38 PST Tue" status="MANUAL" ID="1330621">
                <layer rank="1" name="FE">
                    <label cBy="865" feID="3000" end="40" start="38" name="Undergoer"/>
                </layer>
                <layer rank="1" name="GF">
                    <label end="40" start="38" name="Head"/>
                </layer>
                <layer rank="1" name="PT">
                    <label end="40" start="38" name="N"/>
                </layer>
                <layer rank="1" name="Sent"/>
                <layer rank="1" name="Other"/>
                <layer rank="1" name="Target">
                    <label cBy="103" end="36" start="31" name="Target"/>
                </layer>
                <layer rank="1" name="Adj"/>
            </annotationSet>
        </sentence>
        <sentence sentNo="0" aPos="45106287" ID="938448">
            <text>Hoelzer claims the mural was wet and mouldy , and that several shapes had been razor-bladed out of the canvas . </text>
            <annotationSet cDate="01/07/2003 08:13:39 PST Tue" status="UNANN" ID="1330624">
                <layer rank="1" name="BNC">
                    <label end="6" start="0" name="NN1-NP0"/>
                    <label end="13" start="8" name="VVZ"/>
                    <label end="17" start="15" name="AT0"/>
                    <label end="23" start="19" name="NN1"/>
                    <label end="27" start="25" name="VBD"/>
                    <label end="31" start="29" name="AJ0-VVN"/>
                    <label end="35" start="33" name="CJC"/>
                    <label end="42" start="37" name="AJ0"/>
                    <label end="44" start="44" name="PUN"/>
                    <label end="48" start="46" name="CJC"/>
                    <label end="53" start="50" name="CJT-DT0"/>
                    <label end="61" start="55" name="DT0"/>
                    <label end="68" start="63" name="NN2"/>
                    <label end="72" start="70" name="VHD"/>
                    <label end="77" start="74" name="VBN"/>
                    <label end="90" start="79" name="AJ0"/>
                    <label end="94" start="92" name="PRP"/>
                    <label end="97" start="96" name="PRP"/>
                    <label end="101" start="99" name="AT0"/>
                    <label end="108" start="103" name="NN1"/>
                    <label end="110" start="110" name="PUN"/>
                </layer>
            </annotationSet>
            <annotationSet cDate="01/07/2003 08:13:39 PST Tue" status="MANUAL" ID="1330625">
                <layer rank="1" name="FE">
                    <label cBy="865" feID="3000" end="23" start="15" name="Undergoer"/>
                </layer>
                <layer rank="1" name="GF">
                    <label end="23" start="15" name="Ext"/>
                </layer>
                <layer rank="1" name="PT">
                    <label end="23" start="15" name="NP"/>
                </layer>
                <layer rank="1" name="Sent"/>
                <layer rank="1" name="Other"/>
                <layer rank="1" name="Target">
                    <label cBy="103" end="42" start="37" name="Target"/>
                </layer>
                <layer rank="1" name="Adj">
                    <label end="27" start="25" name="Cop"/>
                </layer>
            </annotationSet>
        </sentence>
        <sentence sentNo="0" aPos="54722689" ID="938455">
            <text>` They had already lost one boat , their clothes were in rags , and all they had to eat was mouldy flour and a few dried apples . </text>
            <annotationSet cDate="01/07/2003 08:13:39 PST Tue" status="UNANN" ID="1330638">
                <layer rank="1" name="BNC">
                    <label end="0" start="0" name="PUQ"/>
                    <label end="5" start="2" name="PNP"/>
                    <label end="9" start="7" name="VHD"/>
                    <label end="17" start="11" name="AV0"/>
                    <label end="22" start="19" name="VVN"/>
                    <label end="26" start="24" name="CRD"/>
                    <label end="31" start="28" name="NN1"/>
                    <label end="33" start="33" name="PUN"/>
                    <label end="39" start="35" name="DPS"/>
                    <label end="47" start="41" name="NN2"/>
                    <label end="52" start="49" name="VBD"/>
                    <label end="55" start="54" name="PRP"/>
                    <label end="60" start="57" name="NN2"/>
                    <label end="62" start="62" name="PUN"/>
                    <label end="66" start="64" name="CJC"/>
                    <label end="70" start="68" name="DT0"/>
                    <label end="75" start="72" name="PNP"/>
                    <label end="79" start="77" name="VHD"/>
                    <label end="82" start="81" name="TO0"/>
                    <label end="86" start="84" name="VVI"/>
                    <label end="90" start="88" name="VBD"/>
                    <label end="97" start="92" name="AJ0"/>
                    <label end="103" start="99" name="NN1"/>
                    <label end="107" start="105" name="CJC"/>
                    <label end="109" start="109" name="DT0"/>
                    <label end="113" start="111" name="DT0"/>
                    <label end="119" start="115" name="AJ0"/>
                    <label end="126" start="121" name="NN2"/>
                    <label end="128" start="128" name="PUN"/>
                </layer>
            </annotationSet>
            <annotationSet cDate="01/07/2003 08:13:39 PST Tue" status="MANUAL" ID="1330639">
                <layer rank="1" name="FE">
                    <label cBy="865" feID="3000" end="103" start="99" name="Undergoer"/>
                </layer>
                <layer rank="1" name="GF">
                    <label end="103" start="99" name="Head"/>
                </layer>
                <layer rank="1" name="PT">
                    <label end="103" start="99" name="N"/>
                </layer>
                <layer rank="1" name="Sent"/>
                <layer rank="1" name="Other"/>
                <layer rank="1" name="Target">
                    <label cBy="103" end="97" start="92" name="Target"/>
                </layer>
                <layer rank="1" name="Adj"/>
            </annotationSet>
        </sentence>
        <sentence sentNo="0" aPos="58980849" ID="938456">
            <text>The management would put up a screen in front of them and provide the audience with bad eggs and moldy tomatoes to pelt them with . &quot; </text>
            <annotationSet cDate="01/07/2003 08:13:40 PST Tue" status="UNANN" ID="1330640">
                <layer rank="1" name="BNC">
                    <label end="2" start="0" name="AT0"/>
                    <label end="13" start="4" name="NN0"/>
                    <label end="19" start="15" name="VM0"/>
                    <label end="23" start="21" name="VVI"/>
                    <label end="26" start="25" name="AVP"/>
                    <label end="28" start="28" name="AT0"/>
                    <label end="35" start="30" name="NN1"/>
                    <label end="38" start="37" name="PRP"/>
                    <label end="44" start="40" name="PRP"/>
                    <label end="47" start="46" name="PRP"/>
                    <label end="52" start="49" name="PNP"/>
                    <label end="56" start="54" name="CJC"/>
                    <label end="64" start="58" name="VVB"/>
                    <label end="68" start="66" name="AT0"/>
                    <label end="77" start="70" name="NN0"/>
                    <label end="82" start="79" name="PRP"/>
                    <label end="86" start="84" name="AJ0"/>
                    <label end="91" start="88" name="NN2"/>
                    <label end="95" start="93" name="CJC"/>
                    <label end="101" start="97" name="AJ0"/>
                    <label end="110" start="103" name="NN2"/>
                    <label end="113" start="112" name="TO0"/>
                    <label end="118" start="115" name="VVI"/>
                    <label end="123" start="120" name="PNP"/>
                    <label end="128" start="125" name="PRP"/>
                    <label end="130" start="130" name="PUN"/>
                    <label end="132" start="132" name="PUQ"/>
                </layer>
            </annotationSet>
            <annotationSet cDate="01/07/2003 08:13:40 PST Tue" status="MANUAL" ID="1330641">
                <layer rank="1" name="FE">
                    <label cBy="865" feID="3000" end="110" start="103" name="Undergoer"/>
                </layer>
                <layer rank="1" name="GF">
                    <label end="110" start="103" name="Head"/>
                </layer>
                <layer rank="1" name="PT">
                    <label end="110" start="103" name="N"/>
                </layer>
                <layer rank="1" name="Sent"/>
                <layer rank="1" name="Other"/>
                <layer rank="1" name="Target">
                    <label cBy="103" end="101" start="97" name="Target"/>
                </layer>
                <layer rank="1" name="Adj"/>
            </annotationSet>
        </sentence>
        <sentence sentNo="0" aPos="60030350" ID="938457">
            <text>She ran across the lawn , past the unkempt rock-garden that looked like mouldy bread and rotting wood . </text>
            <annotationSet cDate="01/07/2003 08:13:40 PST Tue" status="UNANN" ID="1330642">
                <layer rank="1" name="BNC">
                    <label end="2" start="0" name="PNP"/>
                    <label end="6" start="4" name="VVD"/>
                    <label end="13" start="8" name="PRP"/>
                    <label end="17" start="15" name="AT0"/>
                    <label end="22" start="19" name="NN1"/>
                    <label end="24" start="24" name="PUN"/>
                    <label end="29" start="26" name="PRP"/>
                    <label end="33" start="31" name="AT0"/>
                    <label end="41" start="35" name="AJ0"/>
                    <label end="53" start="43" name="NN1"/>
                    <label end="58" start="55" name="CJT"/>
                    <label end="65" start="60" name="VVD"/>
                    <label end="70" start="67" name="PRP"/>
                    <label end="77" start="72" name="AJ0"/>
                    <label end="83" start="79" name="NN1"/>
                    <label end="87" start="85" name="CJC"/>
                    <label end="95" start="89" name="AJ0-VVG"/>
                    <label end="100" start="97" name="NN1"/>
                    <label end="102" start="102" name="PUN"/>
                </layer>
            </annotationSet>
            <annotationSet cDate="01/07/2003 08:13:40 PST Tue" status="MANUAL" ID="1330643">
                <layer rank="1" name="FE">
                    <label cBy="865" feID="3000" end="83" start="79" name="Undergoer"/>
                </layer>
                <layer rank="1" name="GF">
                    <label end="83" start="79" name="Head"/>
                </layer>
                <layer rank="1" name="PT">
                    <label end="83" start="79" name="N"/>
                </layer>
                <layer rank="1" name="Sent"/>
                <layer rank="1" name="Other"/>
                <layer rank="1" name="Target">
                    <label cBy="103" end="77" start="72" name="Target"/>
                </layer>
                <layer rank="1" name="Adj"/>
            </annotationSet>
        </sentence>
        <sentence sentNo="0" aPos="64546645" ID="938459">
            <text>` That bread 's gone mouldy , &quot; Camille informed him . </text>
            <annotationSet cDate="01/07/2003 08:13:40 PST Tue" status="UNANN" ID="1330646">
                <layer rank="1" name="BNC">
                    <label end="0" start="0" name="PUQ"/>
                    <label end="5" start="2" name="DT0"/>
                    <label end="11" start="7" name="NN1"/>
                    <label end="14" start="13" name="VHZ"/>
                    <label end="19" start="16" name="VVN"/>
                    <label end="26" start="21" name="AJ0"/>
                    <label end="28" start="28" name="PUN"/>
                    <label end="30" start="30" name="PUQ"/>
                    <label end="38" start="32" name="NP0"/>
                    <label end="47" start="40" name="VVD"/>
                    <label end="51" start="49" name="PNP"/>
                    <label end="53" start="53" name="PUN"/>
                </layer>
            </annotationSet>
            <annotationSet cDate="01/07/2003 08:13:40 PST Tue" status="MANUAL" ID="1330647">
                <layer rank="1" name="FE">
                    <label cBy="865" feID="3000" end="11" start="2" name="Undergoer"/>
                </layer>
                <layer rank="1" name="GF">
                    <label end="11" start="2" name="Ext"/>
                </layer>
                <layer rank="1" name="PT">
                    <label end="11" start="2" name="NP"/>
                </layer>
                <layer rank="1" name="Sent"/>
                <layer rank="1" name="Other"/>
                <layer rank="1" name="Target">
                    <label cBy="103" end="26" start="21" name="Target"/>
                </layer>
                <layer rank="1" name="Adj">
                    <label end="19" start="16" name="Supp"/>
                </layer>
            </annotationSet>
        </sentence>
        <sentence sentNo="0" aPos="66759320" ID="938460">
            <text>It was fairly crowded , but I found a place for at the side and bought a beaker of No-tox Fungi-beer which tastes like mouldy bread but leave your head clear . </text>
            <annotationSet cDate="01/07/2003 08:13:40 PST Tue" status="UNANN" ID="1330648">
                <layer rank="1" name="BNC">
                    <label end="1" start="0" name="PNP"/>
                    <label end="5" start="3" name="VBD"/>
                    <label end="12" start="7" name="AV0"/>
                    <label end="20" start="14" name="VVN"/>
                    <label end="22" start="22" name="PUN"/>
                    <label end="26" start="24" name="CJC"/>
                    <label end="28" start="28" name="PNP"/>
                    <label end="34" start="30" name="VVD"/>
                    <label end="36" start="36" name="AT0"/>
                    <label end="42" start="38" name="NN1"/>
                    <label end="46" start="44" name="AVP-PRP"/>
                    <label end="49" start="48" name="PRP"/>
                    <label end="53" start="51" name="AT0"/>
                    <label end="58" start="55" name="NN1"/>
                    <label end="62" start="60" name="CJC"/>
                    <label end="69" start="64" name="VVD-VVN"/>
                    <label end="71" start="71" name="AT0"/>
                    <label end="78" start="73" name="NN1"/>
                    <label end="81" start="80" name="PRF"/>
                    <label end="88" start="83" name="AJ0"/>
                    <label end="99" start="90" name="NN1"/>
                    <label end="105" start="101" name="DTQ"/>
                    <label end="112" start="107" name="NN2-VVZ"/>
                    <label end="117" start="114" name="PRP"/>
                    <label end="124" start="119" name="AJ0"/>
                    <label end="130" start="126" name="NN1"/>
                    <label end="134" start="132" name="CJC"/>
                    <label end="140" start="136" name="VVB"/>
                    <label end="145" start="142" name="DPS"/>
                    <label end="150" start="147" name="AJ0-NN1"/>
                    <label end="156" start="152" name="AJ0"/>
                    <label end="158" start="158" name="PUN"/>
                </layer>
            </annotationSet>
            <annotationSet cDate="01/07/2003 08:13:40 PST Tue" status="MANUAL" ID="1330649">
                <layer rank="1" name="FE">
                    <label cBy="865" feID="3000" end="130" start="126" name="Undergoer"/>
                </layer>
                <layer rank="1" name="GF">
                    <label end="130" start="126" name="Head"/>
                </layer>
                <layer rank="1" name="PT">
                    <label end="130" start="126" name="N"/>
                </layer>
                <layer rank="1" name="Sent"/>
                <layer rank="1" name="Other"/>
                <layer rank="1" name="Target">
                    <label cBy="103" end="124" start="119" name="Target"/>
                </layer>
                <layer rank="1" name="Adj"/>
            </annotationSet>
        </sentence>
        <sentence sentNo="0" aPos="73818778" ID="938466">
            <text>A large number of the buyers ' pigs died from an infection , E. Coli , triggered off by eating the mouldy pig nuts . </text>
            <annotationSet cDate="01/07/2003 08:13:42 PST Tue" status="UNANN" ID="1330660">
                <layer rank="1" name="BNC">
                    <label end="0" start="0" name="AT0"/>
                    <label end="6" start="2" name="AJ0"/>
                    <label end="13" start="8" name="NN1"/>
                    <label end="16" start="15" name="PRF"/>
                    <label end="20" start="18" name="AT0"/>
                    <label end="27" start="22" name="NN2"/>
                    <label end="29" start="29" name="POS"/>
                    <label end="34" start="31" name="NN2"/>
                    <label end="39" start="36" name="VVD"/>
                    <label end="44" start="41" name="PRP"/>
                    <label end="47" start="46" name="AT0"/>
                    <label end="57" start="49" name="NN1"/>
                    <label end="59" start="59" name="PUN"/>
                    <label end="62" start="61" name="NP0"/>
                    <label end="67" start="64" name="NP0"/>
                    <label end="69" start="69" name="PUN"/>
                    <label end="79" start="71" name="VVD"/>
                    <label end="83" start="81" name="AVP"/>
                    <label end="86" start="85" name="PRP"/>
                    <label end="93" start="88" name="VVG"/>
                    <label end="97" start="95" name="AT0"/>
                    <label end="104" start="99" name="AJ0"/>
                    <label end="108" start="106" name="NN1"/>
                    <label end="113" start="110" name="NN2"/>
                    <label end="115" start="115" name="PUN"/>
                </layer>
            </annotationSet>
            <annotationSet cDate="01/07/2003 08:13:42 PST Tue" status="MANUAL" ID="1330661">
                <layer rank="1" name="FE">
                    <label cBy="865" feID="3000" end="113" start="106" name="Undergoer"/>
                </layer>
                <layer rank="1" name="GF">
                    <label end="113" start="106" name="Head"/>
                </layer>
                <layer rank="1" name="PT">
                    <label end="113" start="106" name="N"/>
                </layer>
                <layer rank="1" name="Sent"/>
                <layer rank="1" name="Other"/>
                <layer rank="1" name="Target">
                    <label cBy="103" end="104" start="99" name="Target"/>
                </layer>
                <layer rank="1" name="Adj"/>
            </annotationSet>
        </sentence>
        <sentence sentNo="0" aPos="90775239" ID="938482">
            <text>On the tray were a jug of tepid water , a plate of raw bloody meat and two mouldy lemons . </text>
            <annotationSet cDate="01/07/2003 08:13:44 PST Tue" status="UNANN" ID="1330692">
                <layer rank="1" name="BNC">
                    <label end="1" start="0" name="PRP"/>
                    <label end="5" start="3" name="AT0"/>
                    <label end="10" start="7" name="NN1"/>
                    <label end="15" start="12" name="VBD"/>
                    <label end="17" start="17" name="AT0"/>
                    <label end="21" start="19" name="NN1"/>
                    <label end="24" start="23" name="PRF"/>
                    <label end="30" start="26" name="AJ0"/>
                    <label end="36" start="32" name="NN1"/>
                    <label end="38" start="38" name="PUN"/>
                    <label end="40" start="40" name="AT0"/>
                    <label end="46" start="42" name="NN1"/>
                    <label end="49" start="48" name="PRF"/>
                    <label end="53" start="51" name="AJ0"/>
                    <label end="60" start="55" name="AJ0"/>
                    <label end="65" start="62" name="NN1"/>
                    <label end="69" start="67" name="CJC"/>
                    <label end="73" start="71" name="CRD"/>
                    <label end="80" start="75" name="AJ0"/>
                    <label end="87" start="82" name="NN2"/>
                    <label end="89" start="89" name="PUN"/>
                </layer>
            </annotationSet>
            <annotationSet cDate="01/07/2003 08:13:44 PST Tue" status="MANUAL" ID="1330693">
                <layer rank="1" name="FE">
                    <label cBy="865" feID="3000" end="87" start="82" name="Undergoer"/>
                </layer>
                <layer rank="1" name="GF">
                    <label end="87" start="82" name="Head"/>
                </layer>
                <layer rank="1" name="PT">
                    <label end="87" start="82" name="N"/>
                </layer>
                <layer rank="1" name="Sent"/>
                <layer rank="1" name="Other"/>
                <layer rank="1" name="Target">
                    <label cBy="103" end="80" start="75" name="Target"/>
                </layer>
                <layer rank="1" name="Adj"/>
            </annotationSet>
        </sentence>
        <sentence sentNo="0" aPos="115699414" ID="938489">
            <text>His eyes were hollows of madness , his hair like mouldy hay . </text>
            <annotationSet cDate="01/07/2003 08:13:45 PST Tue" status="UNANN" ID="1330706">
                <layer rank="1" name="BNC">
                    <label end="2" start="0" name="DPS"/>
                    <label end="7" start="4" name="NN2"/>
                    <label end="12" start="9" name="VBD"/>
                    <label end="20" start="14" name="NN2"/>
                    <label end="23" start="22" name="PRF"/>
                    <label end="31" start="25" name="NN1"/>
                    <label end="33" start="33" name="PUN"/>
                    <label end="37" start="35" name="DPS"/>
                    <label end="42" start="39" name="NN1"/>
                    <label end="47" start="44" name="PRP"/>
                    <label end="54" start="49" name="AJ0"/>
                    <label end="58" start="56" name="NN1"/>
                    <label end="60" start="60" name="PUN"/>
                </layer>
            </annotationSet>
            <annotationSet cDate="01/07/2003 08:13:45 PST Tue" status="MANUAL" ID="1330707">
                <layer rank="1" name="FE">
                    <label cBy="865" feID="3000" end="58" start="56" name="Undergoer"/>
                </layer>
                <layer rank="1" name="GF">
                    <label end="58" start="56" name="Head"/>
                </layer>
                <layer rank="1" name="PT">
                    <label end="58" start="56" name="N"/>
                </layer>
                <layer rank="1" name="Sent"/>
                <layer rank="1" name="Other"/>
                <layer rank="1" name="Target">
                    <label cBy="103" end="54" start="49" name="Target"/>
                </layer>
                <layer rank="1" name="Adj"/>
            </annotationSet>
        </sentence>
    </subCorpus>
</lexUnit>