<?xml version="1.0" encoding="UTF-8" standalone="yes"?>
<?xml-stylesheet type="text/xsl" href="lexUnit.xsl"?>
<lexUnit status="Rules_Defined" POS="PREP" name="without match.prep" ID="6197" frame="Beyond_compare" frameID="356" totalAnnotated="0" xsi:schemaLocation="../schema/lexUnit.xsd" xmlns="http://framenet.icsi.berkeley.edu" xmlns:xsi="http://www.w3.org/2001/XMLSchema-instance">
    <header>
        <frame>
            <FE fgColor="FFFFFF" bgColor="FF0000" type="Core" abbrev="Compet" name="Competitors"/>
            <FE fgColor="FFFFFF" bgColor="008000" type="Peripheral" abbrev="dom" name="Domain"/>
            <FE fgColor="FFFFFF" bgColor="800080" type="Core" abbrev="Stndrd" name="Standard"/>
            <FE fgColor="FFFFFF" bgColor="0000FF" type="Core" abbrev="Vrble" name="Variable"/>
        </frame>
    </header>
    <definition>FN: unmatched, unrivalled</definition>
    <lexeme order="1" headword="true" breakBefore="false" POS="PREP" name="without"/>
    <lexeme order="2" headword="false" breakBefore="false" POS="N" name="match"/>
    <valences/>
</lexUnit>