<?xml version="1.0" encoding="UTF-8" standalone="yes"?>
<?xml-stylesheet type="text/xsl" href="lexUnit.xsl"?>
<lexUnit status="Finished_Initial" POS="A" name="milled.a" ID="6199" frame="Ground_up" frameID="357" totalAnnotated="4" xsi:schemaLocation="../schema/lexUnit.xsd" xmlns="http://framenet.icsi.berkeley.edu" xmlns:xsi="http://www.w3.org/2001/XMLSchema-instance">
    <header>
        <frame>
            <FE fgColor="FFFFFF" bgColor="9400D3" type="Extra-Thematic" abbrev="Result" name="Result"/>
            <FE fgColor="FFFFFF" bgColor="0000FF" type="Core" abbrev="Und" name="Undergoer"/>
        </frame>
    </header>
    <definition>FN: having been ground in a mill</definition>
    <lexeme POS="A" name="milled"/>
    <valences>
        <FERealization total="4">
            <FE name="Undergoer"/>
            <pattern total="3">
                <valenceUnit GF="Head" PT="N" FE="Undergoer"/>
                <annoSet ID="1331537"/>
                <annoSet ID="1331539"/>
                <annoSet ID="1331541"/>
            </pattern>
            <pattern total="1">
                <valenceUnit GF="Ext" PT="NP" FE="Undergoer"/>
                <annoSet ID="1331549"/>
            </pattern>
        </FERealization>
        <FEGroupRealization total="4">
            <FE name="Undergoer"/>
            <pattern total="3">
                <valenceUnit GF="Head" PT="N" FE="Undergoer"/>
                <annoSet ID="1331537"/>
                <annoSet ID="1331539"/>
                <annoSet ID="1331541"/>
            </pattern>
            <pattern total="1">
                <valenceUnit GF="Ext" PT="NP" FE="Undergoer"/>
                <annoSet ID="1331549"/>
            </pattern>
        </FEGroupRealization>
    </valences>
    <subCorpus name="A-001-all">
        <sentence sentNo="0" aPos="49165728" ID="938904">
            <text>Add plenty of freshly milled black pepper and lots of herbs -- chopped fresh parsley , or dried basil , or chopped celery leaves . </text>
            <annotationSet cDate="01/07/2003 08:14:38 PST Tue" status="UNANN" ID="1331536">
                <layer rank="1" name="BNC">
                    <label end="2" start="0" name="VVB"/>
                    <label end="9" start="4" name="PNI"/>
                    <label end="12" start="11" name="PRF"/>
                    <label end="20" start="14" name="AV0"/>
                    <label end="27" start="22" name="AJ0-VVD"/>
                    <label end="33" start="29" name="AJ0"/>
                    <label end="40" start="35" name="NN1"/>
                    <label end="44" start="42" name="CJC"/>
                    <label end="49" start="46" name="PNI"/>
                    <label end="52" start="51" name="PRF"/>
                    <label end="58" start="54" name="NN2"/>
                    <label end="61" start="60" name="PUN"/>
                    <label end="69" start="63" name="VVD"/>
                    <label end="75" start="71" name="AJ0"/>
                    <label end="83" start="77" name="NN1"/>
                    <label end="85" start="85" name="PUN"/>
                    <label end="88" start="87" name="CJC"/>
                    <label end="94" start="90" name="AJ0-VVD"/>
                    <label end="100" start="96" name="NN1"/>
                    <label end="102" start="102" name="PUN"/>
                    <label end="105" start="104" name="CJC"/>
                    <label end="113" start="107" name="AJ0-VVD"/>
                    <label end="120" start="115" name="NN1"/>
                    <label end="127" start="122" name="NN2-VVZ"/>
                    <label end="129" start="129" name="PUN"/>
                </layer>
            </annotationSet>
            <annotationSet cDate="01/07/2003 08:14:38 PST Tue" status="MANUAL" ID="1331537">
                <layer rank="1" name="FE">
                    <label cBy="865" feID="3104" end="40" start="29" name="Undergoer"/>
                </layer>
                <layer rank="1" name="GF">
                    <label end="40" start="29" name="Head"/>
                </layer>
                <layer rank="1" name="PT">
                    <label end="40" start="29" name="N"/>
                </layer>
                <layer rank="1" name="Sent"/>
                <layer rank="1" name="Other"/>
                <layer rank="1" name="Target">
                    <label cBy="103" end="27" start="22" name="Target"/>
                </layer>
                <layer rank="1" name="Adj"/>
            </annotationSet>
        </sentence>
        <sentence sentNo="0" aPos="49172261" ID="938905">
            <text>Add a teaspoon of salt , and a sprinkling of milled pepper . </text>
            <annotationSet cDate="01/07/2003 08:14:38 PST Tue" status="UNANN" ID="1331538">
                <layer rank="1" name="BNC">
                    <label end="2" start="0" name="VVB"/>
                    <label end="4" start="4" name="AT0"/>
                    <label end="13" start="6" name="NN1"/>
                    <label end="16" start="15" name="PRF"/>
                    <label end="21" start="18" name="NN1"/>
                    <label end="23" start="23" name="PUN"/>
                    <label end="27" start="25" name="CJC"/>
                    <label end="29" start="29" name="AT0"/>
                    <label end="40" start="31" name="NN1"/>
                    <label end="43" start="42" name="PRF"/>
                    <label end="50" start="45" name="AJ0"/>
                    <label end="57" start="52" name="NN1"/>
                    <label end="59" start="59" name="PUN"/>
                </layer>
            </annotationSet>
            <annotationSet cDate="01/07/2003 08:14:38 PST Tue" status="MANUAL" ID="1331539">
                <layer rank="1" name="FE">
                    <label cBy="865" feID="3104" end="57" start="52" name="Undergoer"/>
                </layer>
                <layer rank="1" name="GF">
                    <label end="57" start="52" name="Head"/>
                </layer>
                <layer rank="1" name="PT">
                    <label end="57" start="52" name="N"/>
                </layer>
                <layer rank="1" name="Sent"/>
                <layer rank="1" name="Other"/>
                <layer rank="1" name="Target">
                    <label cBy="103" end="50" start="45" name="Target"/>
                </layer>
                <layer rank="1" name="Adj"/>
            </annotationSet>
        </sentence>
        <sentence sentNo="0" aPos="49173755" ID="938906">
            <text>Season both with salt , freshly milled pepper , mace or nutmeg , cayenne , lemon juice . </text>
            <annotationSet cDate="01/07/2003 08:14:38 PST Tue" status="UNANN" ID="1331540">
                <layer rank="1" name="BNC">
                    <label end="5" start="0" name="NN1"/>
                    <label end="10" start="7" name="AV0"/>
                    <label end="15" start="12" name="PRP"/>
                    <label end="20" start="17" name="NN1"/>
                    <label end="22" start="22" name="PUN"/>
                    <label end="30" start="24" name="AV0"/>
                    <label end="37" start="32" name="AJ0"/>
                    <label end="44" start="39" name="NN1"/>
                    <label end="46" start="46" name="PUN"/>
                    <label end="51" start="48" name="NN1-VVB"/>
                    <label end="54" start="53" name="CJC"/>
                    <label end="61" start="56" name="NN1-VVB"/>
                    <label end="63" start="63" name="PUN"/>
                    <label end="71" start="65" name="NN1"/>
                    <label end="73" start="73" name="PUN"/>
                    <label end="79" start="75" name="NN1"/>
                    <label end="85" start="81" name="NN1"/>
                    <label end="87" start="87" name="PUN"/>
                </layer>
            </annotationSet>
            <annotationSet cDate="01/07/2003 08:14:38 PST Tue" status="MANUAL" ID="1331541">
                <layer rank="1" name="FE">
                    <label cBy="865" feID="3104" end="44" start="39" name="Undergoer"/>
                </layer>
                <layer rank="1" name="GF">
                    <label end="44" start="39" name="Head"/>
                </layer>
                <layer rank="1" name="PT">
                    <label end="44" start="39" name="N"/>
                </layer>
                <layer rank="1" name="Sent"/>
                <layer rank="1" name="Other"/>
                <layer rank="1" name="Target">
                    <label cBy="103" end="37" start="32" name="Target"/>
                </layer>
                <layer rank="1" name="Adj"/>
            </annotationSet>
        </sentence>
        <sentence sentNo="0" aPos="89586104" ID="938910">
            <text>The grain is first milled , or ground to a meal . </text>
            <annotationSet cDate="01/07/2003 08:14:38 PST Tue" status="UNANN" ID="1331548">
                <layer rank="1" name="BNC">
                    <label end="2" start="0" name="AT0"/>
                    <label end="8" start="4" name="NN1"/>
                    <label end="11" start="10" name="VBZ"/>
                    <label end="17" start="13" name="ORD"/>
                    <label end="24" start="19" name="AJ0-VVD"/>
                    <label end="26" start="26" name="PUN"/>
                    <label end="29" start="28" name="CJC"/>
                    <label end="36" start="31" name="NN1"/>
                    <label end="39" start="38" name="PRP"/>
                    <label end="41" start="41" name="AT0"/>
                    <label end="46" start="43" name="NN1"/>
                    <label end="48" start="48" name="PUN"/>
                </layer>
            </annotationSet>
            <annotationSet cDate="01/07/2003 08:14:38 PST Tue" status="MANUAL" ID="1331549">
                <layer rank="1" name="FE">
                    <label cBy="865" feID="3104" end="8" start="0" name="Undergoer"/>
                </layer>
                <layer rank="1" name="GF">
                    <label end="8" start="0" name="Ext"/>
                </layer>
                <layer rank="1" name="PT">
                    <label end="8" start="0" name="NP"/>
                </layer>
                <layer rank="1" name="Sent"/>
                <layer rank="1" name="Other"/>
                <layer rank="1" name="Target">
                    <label cBy="103" end="24" start="19" name="Target"/>
                </layer>
                <layer rank="1" name="Adj">
                    <label end="11" start="10" name="Cop"/>
                </layer>
            </annotationSet>
        </sentence>
    </subCorpus>
</lexUnit>