<?xml version="1.0" encoding="UTF-8" standalone="yes"?>
<?xml-stylesheet type="text/xsl" href="lexUnit.xsl"?>
<lexUnit status="Created" POS="N" name="finding.n" ID="6174" frame="Verdict" frameID="318" totalAnnotated="0" xsi:schemaLocation="../schema/lexUnit.xsd" xmlns="http://framenet.icsi.berkeley.edu" xmlns:xsi="http://www.w3.org/2001/XMLSchema-instance">
    <header>
        <frame>
            <FE fgColor="FFFFFF" bgColor="1E90FF" type="Core" abbrev="Cse" name="Case"/>
            <FE fgColor="FFFFFF" bgColor="A52A2A" type="Core" abbrev="Chrg" name="Charges"/>
            <FE fgColor="FFFFFF" bgColor="9400D3" type="Extra-Thematic" abbrev="cir" name="Circumstances"/>
            <FE fgColor="FFFFFF" bgColor="0000FF" type="Core" abbrev="Defend" name="Defendant"/>
            <FE fgColor="FFFFFF" bgColor="9F79EE" type="Core" abbrev="Vdct" name="Finding"/>
            <FE fgColor="FFFFFF" bgColor="FF0000" type="Core" abbrev="Judge" name="Judge"/>
            <FE fgColor="FFFFFF" bgColor="00BFFF" type="Peripheral" abbrev="LBasis" name="Legal_Basis"/>
            <FE fgColor="FFFFFF" bgColor="FF00FF" type="Peripheral" abbrev="Mnr" name="Manner"/>
            <FE fgColor="FFFFFF" bgColor="FF69B4" type="Peripheral" abbrev="Means" name="Means"/>
            <FE fgColor="FFFFFF" bgColor="008000" type="Peripheral" abbrev="Place" name="Place"/>
            <FE fgColor="FFFFFF" bgColor="800080" type="Peripheral" abbrev="Purp" name="Purpose"/>
            <FE fgColor="000000" bgColor="d0d0d0" type="Peripheral" abbrev="" name="Reason"/>
            <FE fgColor="FFFFFF" bgColor="FFA500" type="Peripheral" abbrev="Time" name="Time"/>
        </frame>
    </header>
    <definition>COD: a conclusion reached as a result of an inquiry, investigation or trial</definition>
    <lexeme POS="N" name="finding"/>
    <valences/>
    <subCorpus name="N-200-s20-sthat"/>
    <subCorpus name="N-250-s20-ppfor"/>
    <subCorpus name="N-250-s20-ppof"/>
    <subCorpus name="N-250-s20-ppon"/>
    <subCorpus name="N-280-s20-poss"/>
    <subCorpus name="N-290-s20-posscmpd"/>
    <subCorpus name="N-300-s20-cmpd"/>
    <subCorpus name="N-330-s20-period"/>
    <subCorpus name="N-340-s20-ppother"/>
    <subCorpus name="N-340a-s20-ppother"/>
    <subCorpus name="N-370-s20-pother"/>
    <subCorpus name="N-380-s20-other"/>
    <subCorpus name="N-429-s20-lcoll-court"/>
    <subCorpus name="N-429-s20-lcoll-guilty"/>
    <subCorpus name="N-429-s20-lcoll-judge"/>
    <subCorpus name="N-429-s20-lcoll-jury"/>
    <subCorpus name="N-429-s20-rcoll-case"/>
    <subCorpus name="N-429-s20-rcoll-court"/>
    <subCorpus name="N-429-s20-rcoll-judge"/>
    <subCorpus name="N-429-s20-rcoll-jury"/>
</lexUnit>