<?xml version="1.0" encoding="UTF-8" standalone="yes"?>
<?xml-stylesheet type="text/xsl" href="lexUnit.xsl"?>
<lexUnit status="Finished_Initial" POS="PREP" name="without equal.prep" ID="6196" frame="Beyond_compare" frameID="356" totalAnnotated="5" xsi:schemaLocation="../schema/lexUnit.xsd" xmlns="http://framenet.icsi.berkeley.edu" xmlns:xsi="http://www.w3.org/2001/XMLSchema-instance">
    <header>
        <corpus name="BNC2" ID="111">
            <document description="bncp" ID="421"/>
        </corpus>
        <frame>
            <FE fgColor="FFFFFF" bgColor="FF0000" type="Core" abbrev="Compet" name="Competitors"/>
            <FE fgColor="FFFFFF" bgColor="008000" type="Peripheral" abbrev="dom" name="Domain"/>
            <FE fgColor="FFFFFF" bgColor="800080" type="Core" abbrev="Stndrd" name="Standard"/>
            <FE fgColor="FFFFFF" bgColor="0000FF" type="Core" abbrev="Vrble" name="Variable"/>
        </frame>
    </header>
    <definition>FN: having no peer, unmatched</definition>
    <lexeme order="1" headword="true" breakBefore="false" POS="PREP" name="without"/>
    <lexeme order="2" headword="false" breakBefore="false" POS="A" name="equal"/>
    <valences>
        <FERealization total="3">
            <FE name="Competitors"/>
            <pattern total="3">
                <valenceUnit GF="" PT="INI" FE="Competitors"/>
                <annoSet ID="1966270"/>
                <annoSet ID="1966274"/>
                <annoSet ID="1966280"/>
            </pattern>
        </FERealization>
        <FERealization total="2">
            <FE name="Domain"/>
            <pattern total="2">
                <valenceUnit GF="Dep" PT="PP[in]" FE="Domain"/>
                <annoSet ID="1966260"/>
                <annoSet ID="1966268"/>
            </pattern>
        </FERealization>
        <FERealization total="5">
            <FE name="Standard"/>
            <pattern total="1">
                <valenceUnit GF="" PT="2nd" FE="Standard"/>
                <annoSet ID="1966280"/>
            </pattern>
            <pattern total="4">
                <valenceUnit GF="Ext" PT="NP" FE="Standard"/>
                <annoSet ID="1966260"/>
                <annoSet ID="1966268"/>
                <annoSet ID="1966270"/>
                <annoSet ID="1966274"/>
            </pattern>
        </FERealization>
        <FERealization total="4">
            <FE name="Variable"/>
            <pattern total="1">
                <valenceUnit GF="Ext" PT="NP" FE="Variable"/>
                <annoSet ID="1966280"/>
            </pattern>
            <pattern total="1">
                <valenceUnit GF="Dep" PT="PP[as]" FE="Variable"/>
                <annoSet ID="1966274"/>
            </pattern>
            <pattern total="1">
                <valenceUnit GF="Dep" PT="PP[for]" FE="Variable"/>
                <annoSet ID="1966270"/>
            </pattern>
            <pattern total="1">
                <valenceUnit GF="" PT="INI" FE="Variable"/>
                <annoSet ID="1966260"/>
            </pattern>
        </FERealization>
        <FEGroupRealization total="3">
            <FE name="Competitors"/>
            <FE name="Standard"/>
            <FE name="Variable"/>
            <pattern total="1">
                <valenceUnit GF="" PT="INI" FE="Competitors"/>
                <valenceUnit GF="" PT="2nd" FE="Standard"/>
                <valenceUnit GF="Ext" PT="NP" FE="Variable"/>
                <annoSet ID="1966280"/>
            </pattern>
            <pattern total="1">
                <valenceUnit GF="" PT="INI" FE="Competitors"/>
                <valenceUnit GF="Ext" PT="NP" FE="Standard"/>
                <valenceUnit GF="Dep" PT="PP[as]" FE="Variable"/>
                <annoSet ID="1966274"/>
            </pattern>
            <pattern total="1">
                <valenceUnit GF="" PT="INI" FE="Competitors"/>
                <valenceUnit GF="Ext" PT="NP" FE="Standard"/>
                <valenceUnit GF="Dep" PT="PP[for]" FE="Variable"/>
                <annoSet ID="1966270"/>
            </pattern>
        </FEGroupRealization>
        <FEGroupRealization total="1">
            <FE name="Domain"/>
            <FE name="Standard"/>
            <pattern total="1">
                <valenceUnit GF="Dep" PT="PP[in]" FE="Domain"/>
                <valenceUnit GF="Ext" PT="NP" FE="Standard"/>
                <annoSet ID="1966268"/>
            </pattern>
        </FEGroupRealization>
        <FEGroupRealization total="1">
            <FE name="Domain"/>
            <FE name="Standard"/>
            <FE name="Variable"/>
            <pattern total="1">
                <valenceUnit GF="Dep" PT="PP[in]" FE="Domain"/>
                <valenceUnit GF="Ext" PT="NP" FE="Standard"/>
                <valenceUnit GF="" PT="INI" FE="Variable"/>
                <annoSet ID="1966260"/>
            </pattern>
        </FEGroupRealization>
    </valences>
    <subCorpus name="01-T-(1)">
        <sentence corpID="111" docID="421" sentNo="4" paragNo="650" aPos="0" ID="1259637">
            <text>Add to that whatever can be salvaged of the 18 state monopoly combines that were based in east Berlin , and you have a concentration of industry without equal in Europe .</text>
            <annotationSet cDate="05/25/2004 10:58:52 PDT Tue" status="UNANN" ID="1966259">
                <layer rank="1" name="PENN">
                    <label end="2" start="0" name="VV"/>
                    <label end="5" start="4" name="to"/>
                    <label end="10" start="7" name="wdt"/>
                    <label end="19" start="12" name="wdt"/>
                    <label end="23" start="21" name="md"/>
                    <label end="26" start="25" name="vb"/>
                    <label end="35" start="28" name="VVN"/>
                    <label end="38" start="37" name="in"/>
                    <label end="42" start="40" name="dt"/>
                    <label end="45" start="44" name="cd"/>
                    <label end="51" start="47" name="nn"/>
                    <label end="60" start="53" name="nn"/>
                    <label end="69" start="62" name="nns"/>
                    <label end="74" start="71" name="wdt"/>
                    <label end="79" start="76" name="VBD"/>
                    <label end="85" start="81" name="VVN"/>
                    <label end="88" start="87" name="in"/>
                    <label end="93" start="90" name="jj"/>
                    <label end="100" start="95" name="NP"/>
                    <label end="102" start="102" name=","/>
                    <label end="106" start="104" name="cc"/>
                    <label end="110" start="108" name="PP"/>
                    <label end="115" start="112" name="VHP"/>
                    <label end="117" start="117" name="dt"/>
                    <label end="131" start="119" name="nn"/>
                    <label end="134" start="133" name="in"/>
                    <label end="143" start="136" name="nn"/>
                    <label end="151" start="145" name="in"/>
                    <label end="157" start="153" name="jj"/>
                    <label end="160" start="159" name="in"/>
                    <label end="167" start="162" name="NP"/>
                    <label end="169" start="169" name="sent"/>
                </layer>
            </annotationSet>
            <annotationSet cDate="05/25/2004 10:58:53 PDT Tue" status="MANUAL" ID="1966260">
                <layer rank="1" name="Target">
                    <label cBy="605" end="157" start="145" name="Target"/>
                </layer>
                <layer rank="1" name="FE">
                    <label cBy="618" feID="3088" end="143" start="117" name="Standard"/>
                    <label cBy="618" feID="6971" end="167" start="159" name="Domain"/>
                    <label cBy="618" feID="3089" itype="INI" name="Variable"/>
                </layer>
                <layer rank="1" name="GF">
                    <label end="143" start="117" name="Ext"/>
                    <label end="167" start="159" name="Dep"/>
                </layer>
                <layer rank="1" name="PT">
                    <label end="143" start="117" name="NP"/>
                    <label end="167" start="159" name="PP"/>
                </layer>
                <layer rank="1" name="Other"/>
                <layer rank="1" name="Sent"/>
                <layer rank="1" name="Prep"/>
            </annotationSet>
        </sentence>
        <sentence corpID="111" docID="421" sentNo="2" paragNo="69" aPos="0" ID="1259641">
            <text>The gifted and versatile George , the younger of the two , proved to be the main driving force in the decades which followed , when the nursery was without equal anywhere in the world .</text>
            <annotationSet cDate="05/25/2004 10:58:57 PDT Tue" status="UNANN" ID="1966267">
                <layer rank="1" name="PENN">
                    <label end="2" start="0" name="dt"/>
                    <label end="9" start="4" name="jj"/>
                    <label end="13" start="11" name="cc"/>
                    <label end="23" start="15" name="jj"/>
                    <label end="30" start="25" name="NP"/>
                    <label end="32" start="32" name=","/>
                    <label end="36" start="34" name="dt"/>
                    <label end="44" start="38" name="jjr"/>
                    <label end="47" start="46" name="in"/>
                    <label end="51" start="49" name="dt"/>
                    <label end="55" start="53" name="cd"/>
                    <label end="57" start="57" name=","/>
                    <label end="64" start="59" name="VVN"/>
                    <label end="67" start="66" name="to"/>
                    <label end="70" start="69" name="vb"/>
                    <label end="74" start="72" name="dt"/>
                    <label end="79" start="76" name="jj"/>
                    <label end="87" start="81" name="nn"/>
                    <label end="93" start="89" name="nn"/>
                    <label end="96" start="95" name="in"/>
                    <label end="100" start="98" name="dt"/>
                    <label end="108" start="102" name="nns"/>
                    <label end="114" start="110" name="wdt"/>
                    <label end="123" start="116" name="VVD"/>
                    <label end="125" start="125" name=","/>
                    <label end="130" start="127" name="wrb"/>
                    <label end="134" start="132" name="dt"/>
                    <label end="142" start="136" name="nn"/>
                    <label end="146" start="144" name="VBD"/>
                    <label end="154" start="148" name="in"/>
                    <label end="160" start="156" name="jj"/>
                    <label end="169" start="162" name="rb"/>
                    <label end="172" start="171" name="in"/>
                    <label end="176" start="174" name="dt"/>
                    <label end="182" start="178" name="nn"/>
                    <label end="184" start="184" name="sent"/>
                </layer>
            </annotationSet>
            <annotationSet cDate="05/25/2004 10:58:59 PDT Tue" status="MANUAL" ID="1966268">
                <layer rank="1" name="Target">
                    <label cBy="605" end="160" start="148" name="Target"/>
                </layer>
                <layer rank="1" name="FE">
                    <label cBy="618" feID="6971" end="182" start="162" name="Domain"/>
                    <label cBy="618" feID="3088" end="142" start="132" name="Standard"/>
                </layer>
                <layer rank="1" name="GF">
                    <label end="182" start="162" name="Dep"/>
                    <label end="142" start="132" name="Ext"/>
                </layer>
                <layer rank="1" name="PT">
                    <label end="182" start="162" name="PP"/>
                    <label end="142" start="132" name="NP"/>
                </layer>
                <layer rank="1" name="Other"/>
                <layer rank="1" name="Sent"/>
                <layer rank="1" name="Prep">
                    <label end="146" start="144" name="Cop"/>
                </layer>
            </annotationSet>
        </sentence>
        <sentence corpID="111" docID="421" sentNo="1" paragNo="174" aPos="0" ID="1259642">
            <text>Caimgorm 's is the premier mountain range in Scotland without equal for size and altitude .</text>
            <annotationSet cDate="05/25/2004 10:58:59 PDT Tue" status="UNANN" ID="1966269">
                <layer rank="1" name="PENN">
                    <label end="7" start="0" name="NP"/>
                    <label end="10" start="9" name="POS"/>
                    <label end="13" start="12" name="VBZ"/>
                    <label end="17" start="15" name="dt"/>
                    <label end="25" start="19" name="jj"/>
                    <label end="34" start="27" name="nn"/>
                    <label end="40" start="36" name="nn"/>
                    <label end="43" start="42" name="in"/>
                    <label end="52" start="45" name="NP"/>
                    <label end="60" start="54" name="in"/>
                    <label end="66" start="62" name="jj"/>
                    <label end="70" start="68" name="in"/>
                    <label end="75" start="72" name="nn"/>
                    <label end="79" start="77" name="cc"/>
                    <label end="88" start="81" name="nn"/>
                    <label end="90" start="90" name="sent"/>
                </layer>
            </annotationSet>
            <annotationSet cDate="05/25/2004 10:58:59 PDT Tue" status="MANUAL" ID="1966270">
                <layer rank="1" name="Target">
                    <label cBy="605" end="66" start="54" name="Target"/>
                </layer>
                <layer rank="1" name="FE">
                    <label cBy="618" feID="3088" end="52" start="15" name="Standard"/>
                    <label cBy="618" feID="3089" end="88" start="68" name="Variable"/>
                    <label cBy="618" feID="3090" itype="INI" name="Competitors"/>
                </layer>
                <layer rank="1" name="GF">
                    <label end="52" start="15" name="Ext"/>
                    <label end="88" start="68" name="Dep"/>
                </layer>
                <layer rank="1" name="PT">
                    <label end="52" start="15" name="NP"/>
                    <label end="88" start="68" name="PP"/>
                </layer>
                <layer rank="1" name="Other"/>
                <layer rank="1" name="Sent"/>
                <layer rank="1" name="Prep"/>
            </annotationSet>
        </sentence>
        <sentence corpID="111" docID="421" sentNo="90" paragNo="580" aPos="0" ID="1259644">
            <text>As a family holiday destination , Bournemouth is without equal .</text>
            <annotationSet cDate="05/25/2004 10:59:01 PDT Tue" status="UNANN" ID="1966273">
                <layer rank="1" name="PENN">
                    <label end="1" start="0" name="in"/>
                    <label end="3" start="3" name="dt"/>
                    <label end="10" start="5" name="nn"/>
                    <label end="18" start="12" name="nn"/>
                    <label end="30" start="20" name="nn"/>
                    <label end="32" start="32" name=","/>
                    <label end="44" start="34" name="NP"/>
                    <label end="47" start="46" name="VBZ"/>
                    <label end="55" start="49" name="in"/>
                    <label end="61" start="57" name="jj"/>
                    <label end="63" start="63" name="sent"/>
                </layer>
            </annotationSet>
            <annotationSet cDate="05/25/2004 10:59:02 PDT Tue" status="MANUAL" ID="1966274">
                <layer rank="1" name="Target">
                    <label cBy="605" end="61" start="49" name="Target"/>
                </layer>
                <layer rank="1" name="FE">
                    <label cBy="618" feID="3089" end="30" start="0" name="Variable"/>
                    <label cBy="618" feID="3088" end="44" start="34" name="Standard"/>
                    <label cBy="618" feID="3090" itype="INI" name="Competitors"/>
                </layer>
                <layer rank="1" name="GF">
                    <label end="30" start="0" name="Dep"/>
                    <label end="44" start="34" name="Ext"/>
                </layer>
                <layer rank="1" name="PT">
                    <label end="30" start="0" name="PP"/>
                    <label end="44" start="34" name="NP"/>
                </layer>
                <layer rank="1" name="Other"/>
                <layer rank="1" name="Sent"/>
                <layer rank="1" name="Prep">
                    <label end="47" start="46" name="Cop"/>
                </layer>
            </annotationSet>
        </sentence>
        <sentence corpID="111" docID="421" sentNo="1" paragNo="390" aPos="0" ID="1259647">
            <text>If Richter 's Brahms is a revelation , then his playing of Liszt is without equal .</text>
            <annotationSet cDate="05/25/2004 10:59:04 PDT Tue" status="UNANN" ID="1966279">
                <layer rank="1" name="PENN">
                    <label end="1" start="0" name="in"/>
                    <label end="9" start="3" name="NP"/>
                    <label end="12" start="11" name="POS"/>
                    <label end="19" start="14" name="NP"/>
                    <label end="22" start="21" name="VBZ"/>
                    <label end="24" start="24" name="dt"/>
                    <label end="35" start="26" name="nn"/>
                    <label end="37" start="37" name=","/>
                    <label end="42" start="39" name="rb"/>
                    <label end="46" start="44" name="PP$"/>
                    <label end="54" start="48" name="nn"/>
                    <label end="57" start="56" name="in"/>
                    <label end="63" start="59" name="NP"/>
                    <label end="66" start="65" name="VBZ"/>
                    <label end="74" start="68" name="in"/>
                    <label end="80" start="76" name="jj"/>
                    <label end="82" start="82" name="sent"/>
                </layer>
            </annotationSet>
            <annotationSet cDate="05/25/2004 10:59:04 PDT Tue" status="MANUAL" ID="1966280">
                <layer rank="1" name="Target">
                    <label cBy="605" end="80" start="68" name="Target"/>
                </layer>
                <layer rank="1" name="FE">
                    <label cBy="618" feID="3089" end="63" start="44" name="Variable"/>
                    <label cBy="309" feID="3090" itype="INI" name="Competitors"/>
                </layer>
                <layer rank="1" name="GF">
                    <label end="63" start="44" name="Ext"/>
                </layer>
                <layer rank="1" name="PT">
                    <label end="63" start="44" name="NP"/>
                </layer>
                <layer rank="1" name="Other"/>
                <layer rank="1" name="Sent"/>
                <layer rank="1" name="Prep">
                    <label end="66" start="65" name="Cop"/>
                </layer>
                <layer rank="2" name="FE">
                    <label cBy="618" feID="3088" end="46" start="44" name="Standard"/>
                </layer>
            </annotationSet>
        </sentence>
    </subCorpus>
    <subCorpus name="other-matched-(1)"/>
    <subCorpus name="other-unmatched-(1)"/>
</lexUnit>