<?xml version="1.0" encoding="UTF-8" standalone="yes"?>
<?xml-stylesheet type="text/xsl" href="lexUnit.xsl"?>
<lexUnit status="Finished_Initial" POS="N" name="incompatibility.n" ID="6224" frame="Compatibility" frameID="360" totalAnnotated="29" xsi:schemaLocation="../schema/lexUnit.xsd" xmlns="http://framenet.icsi.berkeley.edu" xmlns:xsi="http://www.w3.org/2001/XMLSchema-instance">
    <header>
        <frame>
            <FE fgColor="FFFFFF" bgColor="FF69B4" type="Peripheral" abbrev="Degr" name="Degree"/>
            <FE fgColor="FFFFFF" bgColor="008000" type="Core" abbrev="Items" name="Items"/>
            <FE fgColor="FFFFFF" bgColor="800080" type="Core" abbrev="Item-1" name="Item_1"/>
            <FE fgColor="FFFFFF" bgColor="0000FF" type="Core" abbrev="Item-2" name="Item_2"/>
            <FE fgColor="FFFFFF" bgColor="FF0000" type="Core" abbrev="Prmtr" name="Parameter"/>
        </frame>
    </header>
    <definition>FN: the state of not being able to exist or be used together</definition>
    <lexeme POS="N" name="incompatibility"/>
    <semType name="Negative" ID="99"/>
    <valences>
        <FERealization total="1">
            <FE name="Degree"/>
            <pattern total="1">
                <valenceUnit GF="Dep" PT="AJP" FE="Degree"/>
                <annoSet ID="1348650"/>
            </pattern>
        </FERealization>
        <FERealization total="4">
            <FE name="Item_1"/>
            <pattern total="4">
                <valenceUnit GF="Gen" PT="Poss" FE="Item_1"/>
                <annoSet ID="1348576"/>
                <annoSet ID="1348578"/>
                <annoSet ID="1348580"/>
                <annoSet ID="1348584"/>
            </pattern>
        </FERealization>
        <FERealization total="4">
            <FE name="Item_2"/>
            <pattern total="4">
                <valenceUnit GF="Dep" PT="PP[with]" FE="Item_2"/>
                <annoSet ID="1348576"/>
                <annoSet ID="1348578"/>
                <annoSet ID="1348580"/>
                <annoSet ID="1348584"/>
            </pattern>
        </FERealization>
        <FERealization total="25">
            <FE name="Items"/>
            <pattern total="13">
                <valenceUnit GF="Dep" PT="PP[between]" FE="Items"/>
                <annoSet ID="1348508"/>
                <annoSet ID="1348510"/>
                <annoSet ID="1348514"/>
                <annoSet ID="1348516"/>
                <annoSet ID="1348526"/>
                <annoSet ID="1348636"/>
                <annoSet ID="1348642"/>
                <annoSet ID="1348648"/>
                <annoSet ID="1348650"/>
                <annoSet ID="1348654"/>
                <annoSet ID="1348710"/>
                <annoSet ID="1348712"/>
                <annoSet ID="1348718"/>
            </pattern>
            <pattern total="1">
                <valenceUnit GF="Dep" PT="A" FE="Items"/>
                <annoSet ID="1348596"/>
            </pattern>
            <pattern total="1">
                <valenceUnit GF="Dep" PT="AJP" FE="Items"/>
                <annoSet ID="1348550"/>
            </pattern>
            <pattern total="1">
                <valenceUnit GF="Dep" PT="NP" FE="Items"/>
                <annoSet ID="1348652"/>
            </pattern>
            <pattern total="1">
                <valenceUnit GF="Dep" PT="PP[in]" FE="Items"/>
                <annoSet ID="1348714"/>
            </pattern>
            <pattern total="5">
                <valenceUnit GF="Dep" PT="PP[of]" FE="Items"/>
                <annoSet ID="1348546"/>
                <annoSet ID="1348552"/>
                <annoSet ID="1348558"/>
                <annoSet ID="1348564"/>
                <annoSet ID="1348658"/>
            </pattern>
            <pattern total="1">
                <valenceUnit GF="Dep" PT="PPing[between]" FE="Items"/>
                <annoSet ID="1348656"/>
            </pattern>
            <pattern total="2">
                <valenceUnit GF="Gen" PT="Poss" FE="Items"/>
                <annoSet ID="1348586"/>
                <annoSet ID="1348588"/>
            </pattern>
        </FERealization>
        <FEGroupRealization total="1">
            <FE name="Degree"/>
            <FE name="Items"/>
            <pattern total="1">
                <valenceUnit GF="Dep" PT="AJP" FE="Degree"/>
                <valenceUnit GF="Dep" PT="PP[between]" FE="Items"/>
                <annoSet ID="1348650"/>
            </pattern>
        </FEGroupRealization>
        <FEGroupRealization total="4">
            <FE name="Item_1"/>
            <FE name="Item_2"/>
            <pattern total="4">
                <valenceUnit GF="Gen" PT="Poss" FE="Item_1"/>
                <valenceUnit GF="Dep" PT="PP[with]" FE="Item_2"/>
                <annoSet ID="1348576"/>
                <annoSet ID="1348578"/>
                <annoSet ID="1348580"/>
                <annoSet ID="1348584"/>
            </pattern>
        </FEGroupRealization>
        <FEGroupRealization total="24">
            <FE name="Items"/>
            <pattern total="1">
                <valenceUnit GF="Dep" PT="A" FE="Items"/>
                <annoSet ID="1348596"/>
            </pattern>
            <pattern total="1">
                <valenceUnit GF="Dep" PT="AJP" FE="Items"/>
                <annoSet ID="1348550"/>
            </pattern>
            <pattern total="1">
                <valenceUnit GF="Dep" PT="NP" FE="Items"/>
                <annoSet ID="1348652"/>
            </pattern>
            <pattern total="12">
                <valenceUnit GF="Dep" PT="PP[between]" FE="Items"/>
                <annoSet ID="1348508"/>
                <annoSet ID="1348510"/>
                <annoSet ID="1348514"/>
                <annoSet ID="1348516"/>
                <annoSet ID="1348526"/>
                <annoSet ID="1348636"/>
                <annoSet ID="1348642"/>
                <annoSet ID="1348648"/>
                <annoSet ID="1348654"/>
                <annoSet ID="1348710"/>
                <annoSet ID="1348712"/>
                <annoSet ID="1348718"/>
            </pattern>
            <pattern total="1">
                <valenceUnit GF="Dep" PT="PP[in]" FE="Items"/>
                <annoSet ID="1348714"/>
            </pattern>
            <pattern total="5">
                <valenceUnit GF="Dep" PT="PP[of]" FE="Items"/>
                <annoSet ID="1348546"/>
                <annoSet ID="1348552"/>
                <annoSet ID="1348558"/>
                <annoSet ID="1348564"/>
                <annoSet ID="1348658"/>
            </pattern>
            <pattern total="1">
                <valenceUnit GF="Dep" PT="PPing[between]" FE="Items"/>
                <annoSet ID="1348656"/>
            </pattern>
            <pattern total="2">
                <valenceUnit GF="Gen" PT="Poss" FE="Items"/>
                <annoSet ID="1348586"/>
                <annoSet ID="1348588"/>
            </pattern>
        </FEGroupRealization>
    </valences>
    <subCorpus name="N-250-s20-ppbetween">
        <sentence sentNo="0" aPos="13241707" ID="947414">
            <text>As Simon himself has stated , there is a striking incompatibility between the discontinuity of perception and the continuity of writing : it is central to Simon 's aesthetics to bring to the novel the non-linearity of painting . </text>
            <annotationSet cDate="01/07/2003 08:34:08 PST Tue" status="UNANN" ID="1348507">
                <layer rank="1" name="BNC">
                    <label end="1" start="0" name="CJS"/>
                    <label end="7" start="3" name="NP0"/>
                    <label end="15" start="9" name="PNX"/>
                    <label end="19" start="17" name="VHZ"/>
                    <label end="26" start="21" name="VVN"/>
                    <label end="28" start="28" name="PUN"/>
                    <label end="34" start="30" name="EX0"/>
                    <label end="37" start="36" name="VBZ"/>
                    <label end="39" start="39" name="AT0"/>
                    <label end="48" start="41" name="AJ0-NN1"/>
                    <label end="64" start="50" name="NN1"/>
                    <label end="72" start="66" name="PRP"/>
                    <label end="76" start="74" name="AT0"/>
                    <label end="90" start="78" name="NN1"/>
                    <label end="93" start="92" name="PRF"/>
                    <label end="104" start="95" name="NN1"/>
                    <label end="108" start="106" name="CJC"/>
                    <label end="112" start="110" name="AT0"/>
                    <label end="123" start="114" name="NN1"/>
                    <label end="126" start="125" name="PRF"/>
                    <label end="134" start="128" name="VVG"/>
                    <label end="136" start="136" name="PUN"/>
                    <label end="139" start="138" name="PNP"/>
                    <label end="142" start="141" name="VBZ"/>
                    <label end="150" start="144" name="AJ0"/>
                    <label end="153" start="152" name="PRP"/>
                    <label end="159" start="155" name="NP0"/>
                    <label end="162" start="161" name="POS"/>
                    <label end="173" start="164" name="NN1"/>
                    <label end="176" start="175" name="TO0"/>
                    <label end="182" start="178" name="VVI"/>
                    <label end="185" start="184" name="PRP"/>
                    <label end="189" start="187" name="AT0"/>
                    <label end="195" start="191" name="AJ0-NN1"/>
                    <label end="199" start="197" name="AT0"/>
                    <label end="213" start="201" name="NN1"/>
                    <label end="216" start="215" name="PRF"/>
                    <label end="225" start="218" name="NN1"/>
                    <label end="227" start="227" name="PUN"/>
                </layer>
            </annotationSet>
            <annotationSet cDate="01/07/2003 08:34:09 PST Tue" status="MANUAL" ID="1348508">
                <layer rank="1" name="FE">
                    <label cBy="532" feID="3193" end="134" start="66" name="Items"/>
                </layer>
                <layer rank="1" name="GF">
                    <label end="134" start="66" name="Dep"/>
                </layer>
                <layer rank="1" name="PT">
                    <label end="134" start="66" name="PP"/>
                </layer>
                <layer rank="1" name="Sent"/>
                <layer rank="1" name="Other"/>
                <layer rank="1" name="Target">
                    <label cBy="103" end="64" start="50" name="Target"/>
                </layer>
                <layer rank="1" name="Noun"/>
            </annotationSet>
        </sentence>
        <sentence sentNo="0" aPos="18397600" ID="947415">
            <text>There is an inherent incompatibility between freemasonry and Christianity . </text>
            <annotationSet cDate="01/07/2003 08:34:09 PST Tue" status="UNANN" ID="1348509">
                <layer rank="1" name="BNC">
                    <label end="4" start="0" name="EX0"/>
                    <label end="7" start="6" name="VBZ"/>
                    <label end="10" start="9" name="AT0"/>
                    <label end="19" start="12" name="AJ0"/>
                    <label end="35" start="21" name="NN1"/>
                    <label end="43" start="37" name="PRP"/>
                    <label end="55" start="45" name="NN1"/>
                    <label end="59" start="57" name="CJC"/>
                    <label end="72" start="61" name="NN1"/>
                    <label end="74" start="74" name="PUN"/>
                </layer>
            </annotationSet>
            <annotationSet cDate="01/07/2003 08:34:09 PST Tue" status="MANUAL" ID="1348510">
                <layer rank="1" name="FE">
                    <label cBy="532" feID="3193" end="72" start="37" name="Items"/>
                </layer>
                <layer rank="1" name="GF">
                    <label end="72" start="37" name="Dep"/>
                </layer>
                <layer rank="1" name="PT">
                    <label end="72" start="37" name="PP"/>
                </layer>
                <layer rank="1" name="Sent"/>
                <layer rank="1" name="Other"/>
                <layer rank="1" name="Target">
                    <label cBy="103" end="35" start="21" name="Target"/>
                </layer>
                <layer rank="1" name="Noun"/>
            </annotationSet>
        </sentence>
        <sentence sentNo="0" aPos="26232980" ID="947417">
            <text>Before that , the incompatibility between General Relativity and Quantum Mechanics overwhelms the analysis . </text>
            <annotationSet cDate="01/07/2003 08:34:09 PST Tue" status="UNANN" ID="1348513">
                <layer rank="1" name="BNC">
                    <label end="5" start="0" name="CJS-PRP"/>
                    <label end="10" start="7" name="DT0"/>
                    <label end="12" start="12" name="PUN"/>
                    <label end="16" start="14" name="AT0"/>
                    <label end="32" start="18" name="NN1"/>
                    <label end="40" start="34" name="PRP"/>
                    <label end="48" start="42" name="NP0"/>
                    <label end="59" start="50" name="NP0"/>
                    <label end="63" start="61" name="CJC"/>
                    <label end="71" start="65" name="NP0"/>
                    <label end="81" start="73" name="NN1-NP0"/>
                    <label end="92" start="83" name="VVZ"/>
                    <label end="96" start="94" name="AT0"/>
                    <label end="105" start="98" name="NN1"/>
                    <label end="107" start="107" name="PUN"/>
                </layer>
            </annotationSet>
            <annotationSet cDate="01/07/2003 08:34:09 PST Tue" status="MANUAL" ID="1348514">
                <layer rank="1" name="FE">
                    <label cBy="532" feID="3193" end="81" start="34" name="Items"/>
                </layer>
                <layer rank="1" name="GF">
                    <label end="81" start="34" name="Dep"/>
                </layer>
                <layer rank="1" name="PT">
                    <label end="81" start="34" name="PP"/>
                </layer>
                <layer rank="1" name="Sent"/>
                <layer rank="1" name="Other"/>
                <layer rank="1" name="Target">
                    <label cBy="103" end="32" start="18" name="Target"/>
                </layer>
                <layer rank="1" name="Noun"/>
            </annotationSet>
        </sentence>
        <sentence sentNo="0" aPos="38589296" ID="947418">
            <text>However , the six states that joined in this new venture were strong supporters of the Council and saw no incompatibility between the two bodies . </text>
            <annotationSet cDate="01/07/2003 08:34:09 PST Tue" status="UNANN" ID="1348515">
                <layer rank="1" name="BNC">
                    <label end="6" start="0" name="AV0"/>
                    <label end="8" start="8" name="PUN"/>
                    <label end="12" start="10" name="AT0"/>
                    <label end="16" start="14" name="CRD"/>
                    <label end="23" start="18" name="NN2-VVZ"/>
                    <label end="28" start="25" name="CJT"/>
                    <label end="35" start="30" name="VVD-VVN"/>
                    <label end="38" start="37" name="PRP"/>
                    <label end="43" start="40" name="DT0"/>
                    <label end="47" start="45" name="AJ0"/>
                    <label end="55" start="49" name="NN1"/>
                    <label end="60" start="57" name="VBD"/>
                    <label end="67" start="62" name="AJ0"/>
                    <label end="78" start="69" name="NN2"/>
                    <label end="81" start="80" name="PRF"/>
                    <label end="85" start="83" name="AT0"/>
                    <label end="93" start="87" name="NN0"/>
                    <label end="97" start="95" name="CJC"/>
                    <label end="101" start="99" name="VVD"/>
                    <label end="104" start="103" name="AT0"/>
                    <label end="120" start="106" name="NN1"/>
                    <label end="128" start="122" name="PRP"/>
                    <label end="132" start="130" name="AT0"/>
                    <label end="136" start="134" name="CRD"/>
                    <label end="143" start="138" name="NN2"/>
                    <label end="145" start="145" name="PUN"/>
                </layer>
            </annotationSet>
            <annotationSet cDate="01/07/2003 08:34:09 PST Tue" status="MANUAL" ID="1348516">
                <layer rank="1" name="FE">
                    <label cBy="532" feID="3193" end="143" start="122" name="Items"/>
                </layer>
                <layer rank="1" name="GF">
                    <label end="143" start="122" name="Dep"/>
                </layer>
                <layer rank="1" name="PT">
                    <label end="143" start="122" name="PP"/>
                </layer>
                <layer rank="1" name="Sent"/>
                <layer rank="1" name="Other"/>
                <layer rank="1" name="Target">
                    <label cBy="103" end="120" start="106" name="Target"/>
                </layer>
                <layer rank="1" name="Noun"/>
            </annotationSet>
        </sentence>
        <sentence sentNo="0" aPos="50656686" ID="947423">
            <text>There is thus an incompatibility between the pluralist and the dualist . </text>
            <annotationSet cDate="01/07/2003 08:34:09 PST Tue" status="UNANN" ID="1348525">
                <layer rank="1" name="BNC">
                    <label end="4" start="0" name="EX0"/>
                    <label end="7" start="6" name="VBZ"/>
                    <label end="12" start="9" name="AV0"/>
                    <label end="15" start="14" name="AT0"/>
                    <label end="31" start="17" name="NN1"/>
                    <label end="39" start="33" name="PRP"/>
                    <label end="43" start="41" name="AT0"/>
                    <label end="53" start="45" name="NN1"/>
                    <label end="57" start="55" name="CJC"/>
                    <label end="61" start="59" name="AT0"/>
                    <label end="69" start="63" name="NN1"/>
                    <label end="71" start="71" name="PUN"/>
                </layer>
            </annotationSet>
            <annotationSet cDate="01/07/2003 08:34:10 PST Tue" status="MANUAL" ID="1348526">
                <layer rank="1" name="FE">
                    <label cBy="532" feID="3193" end="69" start="33" name="Items"/>
                </layer>
                <layer rank="1" name="GF">
                    <label end="69" start="33" name="Dep"/>
                </layer>
                <layer rank="1" name="PT">
                    <label end="69" start="33" name="PP"/>
                </layer>
                <layer rank="1" name="Sent"/>
                <layer rank="1" name="Other"/>
                <layer rank="1" name="Target">
                    <label cBy="103" end="31" start="17" name="Target"/>
                </layer>
                <layer rank="1" name="Noun"/>
            </annotationSet>
        </sentence>
    </subCorpus>
    <subCorpus name="N-250-s20-ppin"/>
    <subCorpus name="N-250-s20-ppof">
        <sentence sentNo="0" aPos="9337251" ID="947433">
            <text>It was an era that demonstrated the incompatibility of labour and government as bedfellows . </text>
            <annotationSet cDate="01/07/2003 08:34:11 PST Tue" status="UNANN" ID="1348545">
                <layer rank="1" name="BNC">
                    <label end="1" start="0" name="PNP"/>
                    <label end="5" start="3" name="VBD"/>
                    <label end="8" start="7" name="AT0"/>
                    <label end="12" start="10" name="NN1"/>
                    <label end="17" start="14" name="CJT"/>
                    <label end="30" start="19" name="VVD"/>
                    <label end="34" start="32" name="AT0"/>
                    <label end="50" start="36" name="NN1"/>
                    <label end="53" start="52" name="PRF"/>
                    <label end="60" start="55" name="NN1"/>
                    <label end="64" start="62" name="CJC"/>
                    <label end="75" start="66" name="NN0"/>
                    <label end="78" start="77" name="CJS-PRP"/>
                    <label end="89" start="80" name="NN2"/>
                    <label end="91" start="91" name="PUN"/>
                </layer>
            </annotationSet>
            <annotationSet cDate="01/07/2003 08:34:11 PST Tue" status="MANUAL" ID="1348546">
                <layer rank="1" name="FE">
                    <label cBy="532" feID="3193" end="75" start="52" name="Items"/>
                </layer>
                <layer rank="1" name="GF">
                    <label end="75" start="52" name="Dep"/>
                </layer>
                <layer rank="1" name="PT">
                    <label end="75" start="52" name="PP"/>
                </layer>
                <layer rank="1" name="Sent"/>
                <layer rank="1" name="Other"/>
                <layer rank="1" name="Target">
                    <label cBy="103" end="50" start="36" name="Target"/>
                </layer>
                <layer rank="1" name="Noun"/>
            </annotationSet>
        </sentence>
        <sentence sentNo="0" aPos="35793695" ID="947435">
            <text>Disagreement has tended to centre upon the issue of responsibility for the evident political incompatibility of left and right and the consequent unworkability of Republican democracy . </text>
            <annotationSet cDate="01/07/2003 08:34:11 PST Tue" status="UNANN" ID="1348549">
                <layer rank="1" name="BNC">
                    <label end="11" start="0" name="NN1-NP0"/>
                    <label end="15" start="13" name="VHZ"/>
                    <label end="22" start="17" name="VVN"/>
                    <label end="25" start="24" name="TO0"/>
                    <label end="32" start="27" name="VVI"/>
                    <label end="37" start="34" name="PRP"/>
                    <label end="41" start="39" name="AT0"/>
                    <label end="47" start="43" name="NN1"/>
                    <label end="50" start="49" name="PRF"/>
                    <label end="65" start="52" name="NN1"/>
                    <label end="69" start="67" name="PRP"/>
                    <label end="73" start="71" name="AT0"/>
                    <label end="81" start="75" name="AJ0"/>
                    <label end="91" start="83" name="AJ0"/>
                    <label end="107" start="93" name="NN1"/>
                    <label end="110" start="109" name="PRF"/>
                    <label end="115" start="112" name="AJ0"/>
                    <label end="119" start="117" name="CJC"/>
                    <label end="125" start="121" name="AJ0-NN1"/>
                    <label end="129" start="127" name="CJC"/>
                    <label end="133" start="131" name="AT0"/>
                    <label end="144" start="135" name="AJ0"/>
                    <label end="158" start="146" name="NN1"/>
                    <label end="161" start="160" name="PRF"/>
                    <label end="172" start="163" name="AJ0-NN1"/>
                    <label end="182" start="174" name="NN1"/>
                    <label end="184" start="184" name="PUN"/>
                </layer>
            </annotationSet>
            <annotationSet cDate="01/07/2003 08:34:11 PST Tue" status="MANUAL" ID="1348550">
                <layer rank="1" name="FE">
                    <label cBy="532" feID="3193" end="125" start="109" name="Items"/>
                </layer>
                <layer rank="1" name="GF">
                    <label end="125" start="109" name="Dep"/>
                </layer>
                <layer rank="1" name="PT">
                    <label end="125" start="109" name="AJP"/>
                </layer>
                <layer rank="1" name="Sent"/>
                <layer rank="1" name="Other"/>
                <layer rank="1" name="Target">
                    <label cBy="103" end="107" start="93" name="Target"/>
                </layer>
                <layer rank="1" name="Noun"/>
            </annotationSet>
        </sentence>
        <sentence sentNo="0" aPos="42184109" ID="947436">
            <text>Perhaps Beccaria was also conscious of the incompatibility of retribution and deterrence as penal aims . </text>
            <annotationSet cDate="01/07/2003 08:34:11 PST Tue" status="UNANN" ID="1348551">
                <layer rank="1" name="BNC">
                    <label end="6" start="0" name="AV0"/>
                    <label end="15" start="8" name="NP0"/>
                    <label end="19" start="17" name="VBD"/>
                    <label end="24" start="21" name="AV0"/>
                    <label end="34" start="26" name="AJ0"/>
                    <label end="37" start="36" name="PRF"/>
                    <label end="41" start="39" name="AT0"/>
                    <label end="57" start="43" name="NN1"/>
                    <label end="60" start="59" name="PRF"/>
                    <label end="72" start="62" name="NN1"/>
                    <label end="76" start="74" name="CJC"/>
                    <label end="87" start="78" name="NN1"/>
                    <label end="90" start="89" name="AV0"/>
                    <label end="96" start="92" name="AJ0"/>
                    <label end="101" start="98" name="NN2"/>
                    <label end="103" start="103" name="PUN"/>
                </layer>
            </annotationSet>
            <annotationSet cDate="01/07/2003 08:34:11 PST Tue" status="MANUAL" ID="1348552">
                <layer rank="1" name="FE">
                    <label cBy="532" feID="3193" end="87" start="59" name="Items"/>
                </layer>
                <layer rank="1" name="GF">
                    <label end="87" start="59" name="Dep"/>
                </layer>
                <layer rank="1" name="PT">
                    <label end="87" start="59" name="PP"/>
                </layer>
                <layer rank="1" name="Sent"/>
                <layer rank="1" name="Other"/>
                <layer rank="1" name="Target">
                    <label cBy="103" end="57" start="43" name="Target"/>
                </layer>
                <layer rank="1" name="Noun"/>
            </annotationSet>
        </sentence>
        <sentence sentNo="0" aPos="48662635" ID="947439">
            <text>The divergence and even the incompatibility of purposes between France and the US had certainly occurred to various officers of the State Department and prompted sarcastic comment . </text>
            <annotationSet cDate="01/07/2003 08:34:12 PST Tue" status="UNANN" ID="1348557">
                <layer rank="1" name="BNC">
                    <label end="2" start="0" name="AT0"/>
                    <label end="13" start="4" name="NN1"/>
                    <label end="17" start="15" name="CJC"/>
                    <label end="22" start="19" name="AV0"/>
                    <label end="26" start="24" name="AT0"/>
                    <label end="42" start="28" name="NN1"/>
                    <label end="45" start="44" name="PRF"/>
                    <label end="54" start="47" name="NN2"/>
                    <label end="62" start="56" name="PRP"/>
                    <label end="69" start="64" name="NP0"/>
                    <label end="73" start="71" name="CJC"/>
                    <label end="77" start="75" name="AT0"/>
                    <label end="80" start="79" name="NP0"/>
                    <label end="84" start="82" name="VHD"/>
                    <label end="94" start="86" name="AV0"/>
                    <label end="103" start="96" name="VVN"/>
                    <label end="106" start="105" name="PRP"/>
                    <label end="114" start="108" name="AJ0"/>
                    <label end="123" start="116" name="NN2"/>
                    <label end="126" start="125" name="PRF"/>
                    <label end="130" start="128" name="AT0"/>
                    <label end="136" start="132" name="NN1"/>
                    <label end="147" start="138" name="NN0"/>
                    <label end="151" start="149" name="CJC"/>
                    <label end="160" start="153" name="VVD"/>
                    <label end="170" start="162" name="AJ0"/>
                    <label end="178" start="172" name="NN1"/>
                    <label end="180" start="180" name="PUN"/>
                </layer>
            </annotationSet>
            <annotationSet cDate="01/07/2003 08:34:12 PST Tue" status="MANUAL" ID="1348558">
                <layer rank="1" name="FE">
                    <label cBy="532" feID="3193" end="80" start="44" name="Items"/>
                </layer>
                <layer rank="1" name="GF">
                    <label end="80" start="44" name="Dep"/>
                </layer>
                <layer rank="1" name="PT">
                    <label end="80" start="44" name="PP"/>
                </layer>
                <layer rank="1" name="Sent"/>
                <layer rank="1" name="Other"/>
                <layer rank="1" name="Target">
                    <label cBy="103" end="42" start="28" name="Target"/>
                </layer>
                <layer rank="1" name="Noun"/>
            </annotationSet>
        </sentence>
        <sentence sentNo="0" aPos="70963548" ID="947442">
            <text>And both of these contradictions of capitalism are built out of a developing incompatibility of bourgeoisie and civil society . </text>
            <annotationSet cDate="01/07/2003 08:34:12 PST Tue" status="UNANN" ID="1348563">
                <layer rank="1" name="BNC">
                    <label end="2" start="0" name="CJC"/>
                    <label end="7" start="4" name="DT0"/>
                    <label end="10" start="9" name="PRF"/>
                    <label end="16" start="12" name="DT0"/>
                    <label end="31" start="18" name="NN2"/>
                    <label end="34" start="33" name="PRF"/>
                    <label end="45" start="36" name="NN1"/>
                    <label end="49" start="47" name="VBB"/>
                    <label end="55" start="51" name="VVN"/>
                    <label end="59" start="57" name="PRP"/>
                    <label end="62" start="61" name="PRP"/>
                    <label end="64" start="64" name="AT0"/>
                    <label end="75" start="66" name="AJ0"/>
                    <label end="91" start="77" name="NN1"/>
                    <label end="94" start="93" name="PRF"/>
                    <label end="106" start="96" name="NN1"/>
                    <label end="110" start="108" name="CJC"/>
                    <label end="116" start="112" name="AJ0"/>
                    <label end="124" start="118" name="NN0"/>
                    <label end="126" start="126" name="PUN"/>
                </layer>
            </annotationSet>
            <annotationSet cDate="01/07/2003 08:34:12 PST Tue" status="MANUAL" ID="1348564">
                <layer rank="1" name="FE">
                    <label cBy="532" feID="3193" end="124" start="93" name="Items"/>
                </layer>
                <layer rank="1" name="GF">
                    <label end="124" start="93" name="Dep"/>
                </layer>
                <layer rank="1" name="PT">
                    <label end="124" start="93" name="PP"/>
                </layer>
                <layer rank="1" name="Sent"/>
                <layer rank="1" name="Other"/>
                <layer rank="1" name="Target">
                    <label cBy="103" end="91" start="77" name="Target"/>
                </layer>
                <layer rank="1" name="Noun"/>
            </annotationSet>
        </sentence>
    </subCorpus>
    <subCorpus name="N-250-s20-ppwith">
        <sentence sentNo="0" aPos="34037558" ID="947448">
            <text>Yet Mannheim 's fundamental views on the problems of ideology and the sociology of knowledge can not be accepted , because of their basic lack of logical and epistemological consistency and their incompatibility with empirical facts . </text>
            <annotationSet cDate="01/07/2003 08:34:13 PST Tue" status="UNANN" ID="1348575">
                <layer rank="1" name="BNC">
                    <label end="2" start="0" name="AV0"/>
                    <label end="11" start="4" name="NP0"/>
                    <label end="14" start="13" name="POS"/>
                    <label end="26" start="16" name="AJ0"/>
                    <label end="32" start="28" name="NN2"/>
                    <label end="35" start="34" name="PRP"/>
                    <label end="39" start="37" name="AT0"/>
                    <label end="48" start="41" name="NN2"/>
                    <label end="51" start="50" name="PRF"/>
                    <label end="60" start="53" name="NN1"/>
                    <label end="64" start="62" name="CJC"/>
                    <label end="68" start="66" name="AT0"/>
                    <label end="78" start="70" name="NN1"/>
                    <label end="81" start="80" name="PRF"/>
                    <label end="91" start="83" name="NN1"/>
                    <label end="95" start="93" name="VM0"/>
                    <label end="99" start="97" name="XX0"/>
                    <label end="102" start="101" name="VBI"/>
                    <label end="111" start="104" name="VVN"/>
                    <label end="113" start="113" name="PUN"/>
                    <label end="121" start="115" name="PRP"/>
                    <label end="124" start="123" name="PRP"/>
                    <label end="130" start="126" name="DPS"/>
                    <label end="136" start="132" name="AJ0"/>
                    <label end="141" start="138" name="NN1"/>
                    <label end="144" start="143" name="PRF"/>
                    <label end="152" start="146" name="AJ0"/>
                    <label end="156" start="154" name="CJC"/>
                    <label end="172" start="158" name="AJ0"/>
                    <label end="184" start="174" name="NN1"/>
                    <label end="188" start="186" name="CJC"/>
                    <label end="194" start="190" name="DPS"/>
                    <label end="210" start="196" name="NN1"/>
                    <label end="215" start="212" name="PRP"/>
                    <label end="225" start="217" name="AJ0"/>
                    <label end="231" start="227" name="NN2"/>
                    <label end="233" start="233" name="PUN"/>
                </layer>
            </annotationSet>
            <annotationSet cDate="01/07/2003 08:34:13 PST Tue" status="MANUAL" ID="1348576">
                <layer rank="1" name="FE">
                    <label cBy="532" feID="3191" end="194" start="190" name="Item_1"/>
                    <label cBy="532" feID="3192" end="231" start="212" name="Item_2"/>
                </layer>
                <layer rank="1" name="GF">
                    <label end="194" start="190" name="Gen"/>
                    <label end="231" start="212" name="Dep"/>
                </layer>
                <layer rank="1" name="PT">
                    <label end="194" start="190" name="Poss"/>
                    <label end="231" start="212" name="PP"/>
                </layer>
                <layer rank="1" name="Sent"/>
                <layer rank="1" name="Other"/>
                <layer rank="1" name="Target">
                    <label cBy="103" end="210" start="196" name="Target"/>
                </layer>
                <layer rank="1" name="Noun"/>
            </annotationSet>
        </sentence>
        <sentence sentNo="0" aPos="39461437" ID="947449">
            <text>One drawback which will remain is the burner 's incompatibility with other types of resealable gas canisters . </text>
            <annotationSet cDate="01/07/2003 08:34:13 PST Tue" status="UNANN" ID="1348577">
                <layer rank="1" name="BNC">
                    <label end="2" start="0" name="CRD"/>
                    <label end="11" start="4" name="NN1"/>
                    <label end="17" start="13" name="DTQ"/>
                    <label end="22" start="19" name="VM0"/>
                    <label end="29" start="24" name="VVI"/>
                    <label end="32" start="31" name="VBZ"/>
                    <label end="36" start="34" name="AT0"/>
                    <label end="43" start="38" name="NN1"/>
                    <label end="46" start="45" name="POS"/>
                    <label end="62" start="48" name="NN1"/>
                    <label end="67" start="64" name="PRP"/>
                    <label end="73" start="69" name="AJ0"/>
                    <label end="79" start="75" name="NN2"/>
                    <label end="82" start="81" name="PRF"/>
                    <label end="93" start="84" name="AJ0"/>
                    <label end="97" start="95" name="NN1"/>
                    <label end="107" start="99" name="NN2"/>
                    <label end="109" start="109" name="PUN"/>
                </layer>
            </annotationSet>
            <annotationSet cDate="01/07/2003 08:34:13 PST Tue" status="MANUAL" ID="1348578">
                <layer rank="1" name="FE">
                    <label cBy="532" feID="3191" end="46" start="34" name="Item_1"/>
                    <label cBy="532" feID="3192" end="107" start="64" name="Item_2"/>
                </layer>
                <layer rank="1" name="GF">
                    <label end="46" start="34" name="Gen"/>
                    <label end="107" start="64" name="Dep"/>
                </layer>
                <layer rank="1" name="PT">
                    <label end="46" start="34" name="Poss"/>
                    <label end="107" start="64" name="PP"/>
                </layer>
                <layer rank="1" name="Sent"/>
                <layer rank="1" name="Other"/>
                <layer rank="1" name="Target">
                    <label cBy="103" end="62" start="48" name="Target"/>
                </layer>
                <layer rank="1" name="Noun"/>
            </annotationSet>
        </sentence>
        <sentence sentNo="0" aPos="39912566" ID="947450">
            <text>Psychoanalysis 's incompatibility with many aspects of feminism has led contemporary western feminists to be selective in their use of it . </text>
            <annotationSet cDate="01/07/2003 08:34:13 PST Tue" status="UNANN" ID="1348579">
                <layer rank="1" name="BNC">
                    <label end="13" start="0" name="NP0"/>
                    <label end="16" start="15" name="POS"/>
                    <label end="32" start="18" name="NN1"/>
                    <label end="37" start="34" name="PRP"/>
                    <label end="42" start="39" name="DT0"/>
                    <label end="50" start="44" name="NN2"/>
                    <label end="53" start="52" name="PRF"/>
                    <label end="62" start="55" name="NN1"/>
                    <label end="66" start="64" name="VHZ"/>
                    <label end="70" start="68" name="VVN"/>
                    <label end="83" start="72" name="AJ0"/>
                    <label end="91" start="85" name="AJ0"/>
                    <label end="101" start="93" name="NN2"/>
                    <label end="104" start="103" name="TO0"/>
                    <label end="107" start="106" name="VBI"/>
                    <label end="117" start="109" name="AJ0"/>
                    <label end="120" start="119" name="PRP"/>
                    <label end="126" start="122" name="DPS"/>
                    <label end="130" start="128" name="NN1"/>
                    <label end="133" start="132" name="PRF"/>
                    <label end="136" start="135" name="PNP"/>
                    <label end="138" start="138" name="PUN"/>
                </layer>
            </annotationSet>
            <annotationSet cDate="01/07/2003 08:34:13 PST Tue" status="MANUAL" ID="1348580">
                <layer rank="1" name="FE">
                    <label cBy="532" feID="3191" end="16" start="0" name="Item_1"/>
                    <label cBy="532" feID="3192" end="62" start="34" name="Item_2"/>
                </layer>
                <layer rank="1" name="GF">
                    <label end="16" start="0" name="Gen"/>
                    <label end="62" start="34" name="Dep"/>
                </layer>
                <layer rank="1" name="PT">
                    <label end="16" start="0" name="Poss"/>
                    <label end="62" start="34" name="PP"/>
                </layer>
                <layer rank="1" name="Sent"/>
                <layer rank="1" name="Other"/>
                <layer rank="1" name="Target">
                    <label cBy="103" end="32" start="18" name="Target"/>
                </layer>
                <layer rank="1" name="Noun"/>
            </annotationSet>
        </sentence>
        <sentence sentNo="0" aPos="84370178" ID="947452">
            <text>The European Court of Justice ( ECJ ) ruled on June 19 that UK courts were empowered to suspend an act of parliament on the grounds of its alleged incompatibility with European Community ( EC ) law . </text>
            <annotationSet cDate="01/07/2003 08:34:14 PST Tue" status="UNANN" ID="1348583">
                <layer rank="1" name="BNC">
                    <label end="2" start="0" name="AT0"/>
                    <label end="11" start="4" name="AJ0"/>
                    <label end="17" start="13" name="NP0"/>
                    <label end="20" start="19" name="PRF"/>
                    <label end="28" start="22" name="NP0"/>
                    <label end="30" start="30" name="PUL"/>
                    <label end="34" start="32" name="NN1-NP0"/>
                    <label end="36" start="36" name="PUR"/>
                    <label end="42" start="38" name="VVD"/>
                    <label end="45" start="44" name="PRP"/>
                    <label end="50" start="47" name="NP0"/>
                    <label end="53" start="52" name="CRD"/>
                    <label end="58" start="55" name="CJT"/>
                    <label end="61" start="60" name="NP0"/>
                    <label end="68" start="63" name="NN2"/>
                    <label end="73" start="70" name="VBD"/>
                    <label end="83" start="75" name="VVN"/>
                    <label end="86" start="85" name="TO0"/>
                    <label end="94" start="88" name="VVI"/>
                    <label end="97" start="96" name="AT0"/>
                    <label end="101" start="99" name="NN1"/>
                    <label end="104" start="103" name="PRF"/>
                    <label end="115" start="106" name="NN1"/>
                    <label end="118" start="117" name="PRP"/>
                    <label end="122" start="120" name="AT0"/>
                    <label end="130" start="124" name="NN2"/>
                    <label end="133" start="132" name="PRF"/>
                    <label end="137" start="135" name="DPS"/>
                    <label end="145" start="139" name="AJ0"/>
                    <label end="161" start="147" name="NN1"/>
                    <label end="166" start="163" name="PRP"/>
                    <label end="175" start="168" name="AJ0"/>
                    <label end="185" start="177" name="NN0"/>
                    <label end="187" start="187" name="PUL"/>
                    <label end="190" start="189" name="NP0"/>
                    <label end="192" start="192" name="PUR"/>
                    <label end="196" start="194" name="NN1"/>
                    <label end="198" start="198" name="PUN"/>
                </layer>
            </annotationSet>
            <annotationSet cDate="01/07/2003 08:34:14 PST Tue" status="MANUAL" ID="1348584">
                <layer rank="1" name="FE">
                    <label cBy="532" feID="3191" end="137" start="135" name="Item_1"/>
                    <label cBy="532" feID="3192" end="196" start="163" name="Item_2"/>
                </layer>
                <layer rank="1" name="GF">
                    <label end="137" start="135" name="Gen"/>
                    <label end="196" start="163" name="Dep"/>
                </layer>
                <layer rank="1" name="PT">
                    <label end="137" start="135" name="Poss"/>
                    <label end="196" start="163" name="PP"/>
                </layer>
                <layer rank="1" name="Sent"/>
                <layer rank="1" name="Other"/>
                <layer rank="1" name="Target">
                    <label cBy="103" end="161" start="147" name="Target"/>
                </layer>
                <layer rank="1" name="Noun"/>
            </annotationSet>
        </sentence>
    </subCorpus>
    <subCorpus name="N-280-s20-poss">
        <sentence sentNo="0" aPos="12721335" ID="947453">
            <text>The marriage had been good , he said , for two or three years and then they drifted towards the rocks until they were agreed on only one thing , their incompatibility . </text>
            <annotationSet cDate="01/07/2003 08:34:14 PST Tue" status="UNANN" ID="1348585">
                <layer rank="1" name="BNC">
                    <label end="2" start="0" name="AT0"/>
                    <label end="11" start="4" name="NN1"/>
                    <label end="15" start="13" name="VHD"/>
                    <label end="20" start="17" name="VBN"/>
                    <label end="25" start="22" name="AJ0"/>
                    <label end="27" start="27" name="PUN"/>
                    <label end="30" start="29" name="PNP"/>
                    <label end="35" start="32" name="VVD"/>
                    <label end="37" start="37" name="PUN"/>
                    <label end="41" start="39" name="PRP"/>
                    <label end="45" start="43" name="CRD"/>
                    <label end="48" start="47" name="CJC"/>
                    <label end="54" start="50" name="CRD"/>
                    <label end="60" start="56" name="NN2"/>
                    <label end="64" start="62" name="CJC"/>
                    <label end="69" start="66" name="AV0"/>
                    <label end="74" start="71" name="PNP"/>
                    <label end="82" start="76" name="VVD"/>
                    <label end="90" start="84" name="PRP"/>
                    <label end="94" start="92" name="AT0"/>
                    <label end="100" start="96" name="NN2"/>
                    <label end="106" start="102" name="CJS"/>
                    <label end="111" start="108" name="PNP"/>
                    <label end="116" start="113" name="VBD"/>
                    <label end="123" start="118" name="VVN"/>
                    <label end="126" start="125" name="AVP-PRP"/>
                    <label end="131" start="128" name="AV0"/>
                    <label end="135" start="133" name="CRD"/>
                    <label end="141" start="137" name="NN1"/>
                    <label end="143" start="143" name="PUN"/>
                    <label end="149" start="145" name="DPS"/>
                    <label end="165" start="151" name="NN1"/>
                    <label end="167" start="167" name="PUN"/>
                </layer>
            </annotationSet>
            <annotationSet cDate="01/07/2003 08:34:14 PST Tue" status="MANUAL" ID="1348586">
                <layer rank="1" name="FE">
                    <label cBy="532" feID="3193" end="149" start="145" name="Items"/>
                </layer>
                <layer rank="1" name="GF">
                    <label end="149" start="145" name="Gen"/>
                </layer>
                <layer rank="1" name="PT">
                    <label end="149" start="145" name="Poss"/>
                </layer>
                <layer rank="1" name="Sent"/>
                <layer rank="1" name="Other"/>
                <layer rank="1" name="Target">
                    <label cBy="103" end="165" start="151" name="Target"/>
                </layer>
                <layer rank="1" name="Noun"/>
            </annotationSet>
        </sentence>
        <sentence sentNo="0" aPos="18587337" ID="947454">
            <text>The best explanation of their incompatibility still seems to be Mommsen 's : divus Marcus is a later gloss . </text>
            <annotationSet cDate="01/07/2003 08:34:14 PST Tue" status="UNANN" ID="1348587">
                <layer rank="1" name="BNC">
                    <label end="2" start="0" name="AT0"/>
                    <label end="7" start="4" name="AJS"/>
                    <label end="19" start="9" name="NN1"/>
                    <label end="22" start="21" name="PRF"/>
                    <label end="28" start="24" name="DPS"/>
                    <label end="44" start="30" name="NN1"/>
                    <label end="50" start="46" name="AV0"/>
                    <label end="56" start="52" name="VVZ"/>
                    <label end="59" start="58" name="TO0"/>
                    <label end="62" start="61" name="VBI"/>
                    <label end="70" start="64" name="NP0"/>
                    <label end="73" start="72" name="POS"/>
                    <label end="75" start="75" name="PUN"/>
                    <label end="81" start="77" name="NN1"/>
                    <label end="88" start="83" name="NP0"/>
                    <label end="91" start="90" name="VBZ"/>
                    <label end="93" start="93" name="AT0"/>
                    <label end="99" start="95" name="AJC"/>
                    <label end="105" start="101" name="NN1"/>
                    <label end="107" start="107" name="PUN"/>
                </layer>
            </annotationSet>
            <annotationSet cDate="01/07/2003 08:34:14 PST Tue" status="MANUAL" ID="1348588">
                <layer rank="1" name="FE">
                    <label cBy="532" feID="3193" end="28" start="24" name="Items"/>
                </layer>
                <layer rank="1" name="GF">
                    <label end="28" start="24" name="Gen"/>
                </layer>
                <layer rank="1" name="PT">
                    <label end="28" start="24" name="Poss"/>
                </layer>
                <layer rank="1" name="Sent"/>
                <layer rank="1" name="Other"/>
                <layer rank="1" name="Target">
                    <label cBy="103" end="44" start="30" name="Target"/>
                </layer>
                <layer rank="1" name="Noun"/>
            </annotationSet>
        </sentence>
    </subCorpus>
    <subCorpus name="N-290-s20-posscmpd"/>
    <subCorpus name="N-300-s20-cmpd"/>
    <subCorpus name="N-330-s20-period">
        <sentence sentNo="0" aPos="14362534" ID="947458">
            <text>Only if this is done can any change be attributed to product instability or product-container incompatibility . </text>
            <annotationSet cDate="01/07/2003 08:34:14 PST Tue" status="UNANN" ID="1348595">
                <layer rank="1" name="BNC">
                    <label end="3" start="0" name="AV0"/>
                    <label end="6" start="5" name="CJS"/>
                    <label end="11" start="8" name="DT0"/>
                    <label end="14" start="13" name="VBZ"/>
                    <label end="19" start="16" name="VDN"/>
                    <label end="23" start="21" name="VM0"/>
                    <label end="27" start="25" name="AV0"/>
                    <label end="34" start="29" name="VVI"/>
                    <label end="37" start="36" name="VBI"/>
                    <label end="48" start="39" name="VVN"/>
                    <label end="51" start="50" name="PRP"/>
                    <label end="59" start="53" name="NN1"/>
                    <label end="71" start="61" name="NN1"/>
                    <label end="74" start="73" name="CJC"/>
                    <label end="92" start="76" name="AJ0"/>
                    <label end="108" start="94" name="NN1"/>
                    <label end="110" start="110" name="PUN"/>
                </layer>
            </annotationSet>
            <annotationSet cDate="01/07/2003 08:34:14 PST Tue" status="MANUAL" ID="1348596">
                <layer rank="1" name="FE">
                    <label cBy="532" feID="3193" end="92" start="76" name="Items"/>
                </layer>
                <layer rank="1" name="GF">
                    <label end="92" start="76" name="Dep"/>
                </layer>
                <layer rank="1" name="PT">
                    <label end="92" start="76" name="A"/>
                </layer>
                <layer rank="1" name="Sent"/>
                <layer rank="1" name="Other"/>
                <layer rank="1" name="Target">
                    <label cBy="103" end="108" start="94" name="Target"/>
                </layer>
                <layer rank="1" name="Noun"/>
            </annotationSet>
        </sentence>
    </subCorpus>
    <subCorpus name="N-340-s20-ppother"/>
    <subCorpus name="N-340a-s20-ppother">
        <sentence sentNo="0" aPos="46412382" ID="947478">
            <text>Hence there is no necessary incompatibility between the size necessary for functional effectiveness and that required for democracy ( Newton 1982:191 ) . </text>
            <annotationSet cDate="01/07/2003 08:34:17 PST Tue" status="UNANN" ID="1348635">
                <layer rank="1" name="BNC">
                    <label end="4" start="0" name="AV0"/>
                    <label end="10" start="6" name="EX0"/>
                    <label end="13" start="12" name="VBZ"/>
                    <label end="16" start="15" name="AT0"/>
                    <label end="26" start="18" name="AJ0"/>
                    <label end="42" start="28" name="NN1"/>
                    <label end="50" start="44" name="PRP"/>
                    <label end="54" start="52" name="AT0"/>
                    <label end="59" start="56" name="NN1"/>
                    <label end="69" start="61" name="AJ0"/>
                    <label end="73" start="71" name="PRP"/>
                    <label end="84" start="75" name="AJ0"/>
                    <label end="98" start="86" name="NN1"/>
                    <label end="102" start="100" name="CJC"/>
                    <label end="107" start="104" name="CJT-DT0"/>
                    <label end="116" start="109" name="VVD-VVN"/>
                    <label end="120" start="118" name="PRP"/>
                    <label end="130" start="122" name="NN1"/>
                    <label end="132" start="132" name="PUL"/>
                    <label end="139" start="134" name="NP0"/>
                    <label end="148" start="141" name="CRD"/>
                    <label end="150" start="150" name="PUR"/>
                    <label end="152" start="152" name="PUN"/>
                </layer>
            </annotationSet>
            <annotationSet cDate="01/07/2003 08:34:17 PST Tue" status="MANUAL" ID="1348636">
                <layer rank="1" name="FE">
                    <label cBy="532" feID="3193" end="130" start="44" name="Items"/>
                </layer>
                <layer rank="1" name="GF">
                    <label end="130" start="44" name="Dep"/>
                </layer>
                <layer rank="1" name="PT">
                    <label end="130" start="44" name="PP"/>
                </layer>
                <layer rank="1" name="Sent"/>
                <layer rank="1" name="Other"/>
                <layer rank="1" name="Target">
                    <label cBy="103" end="42" start="28" name="Target"/>
                </layer>
                <layer rank="1" name="Noun"/>
            </annotationSet>
        </sentence>
        <sentence sentNo="0" aPos="51068756" ID="947481">
            <text>There is almost bound to be incentive incompatibility between principals and agent as a consequence . </text>
            <annotationSet cDate="01/07/2003 08:34:17 PST Tue" status="UNANN" ID="1348641">
                <layer rank="1" name="BNC">
                    <label end="4" start="0" name="EX0"/>
                    <label end="7" start="6" name="VBZ"/>
                    <label end="14" start="9" name="AV0"/>
                    <label end="20" start="16" name="VVN"/>
                    <label end="23" start="22" name="TO0"/>
                    <label end="26" start="25" name="VBI"/>
                    <label end="36" start="28" name="NN1"/>
                    <label end="52" start="38" name="NN1"/>
                    <label end="60" start="54" name="PRP"/>
                    <label end="71" start="62" name="NN2"/>
                    <label end="75" start="73" name="CJC"/>
                    <label end="81" start="77" name="NN1"/>
                    <label end="84" start="83" name="PRP"/>
                    <label end="86" start="86" name="AT0"/>
                    <label end="98" start="88" name="NN1"/>
                    <label end="100" start="100" name="PUN"/>
                </layer>
            </annotationSet>
            <annotationSet cDate="01/07/2003 08:34:17 PST Tue" status="MANUAL" ID="1348642">
                <layer rank="1" name="FE">
                    <label cBy="532" feID="3193" end="81" start="54" name="Items"/>
                </layer>
                <layer rank="1" name="GF">
                    <label end="81" start="54" name="Dep"/>
                </layer>
                <layer rank="1" name="PT">
                    <label end="81" start="54" name="PP"/>
                </layer>
                <layer rank="1" name="Sent"/>
                <layer rank="1" name="Other"/>
                <layer rank="1" name="Target">
                    <label cBy="103" end="52" start="38" name="Target"/>
                </layer>
                <layer rank="1" name="Noun"/>
            </annotationSet>
        </sentence>
        <sentence sentNo="0" aPos="59691212" ID="947484">
            <text>Successful policy implementation depends upon resolving problems of incompatibility between policies over often quite a wide range . </text>
            <annotationSet cDate="01/07/2003 08:34:18 PST Tue" status="UNANN" ID="1348647">
                <layer rank="1" name="BNC">
                    <label end="9" start="0" name="AJ0"/>
                    <label end="16" start="11" name="NN1"/>
                    <label end="31" start="18" name="NN1"/>
                    <label end="39" start="33" name="VVZ"/>
                    <label end="44" start="41" name="PRP"/>
                    <label end="54" start="46" name="AJ0-VVG"/>
                    <label end="63" start="56" name="NN2"/>
                    <label end="66" start="65" name="PRF"/>
                    <label end="82" start="68" name="NN1"/>
                    <label end="90" start="84" name="PRP"/>
                    <label end="99" start="92" name="NN2"/>
                    <label end="104" start="101" name="AV0"/>
                    <label end="110" start="106" name="AV0"/>
                    <label end="116" start="112" name="AV0"/>
                    <label end="118" start="118" name="AT0"/>
                    <label end="123" start="120" name="AJ0"/>
                    <label end="129" start="125" name="NN1"/>
                    <label end="131" start="131" name="PUN"/>
                </layer>
            </annotationSet>
            <annotationSet cDate="01/07/2003 08:34:18 PST Tue" status="MANUAL" ID="1348648">
                <layer rank="1" name="FE">
                    <label cBy="532" feID="3193" end="129" start="84" name="Items"/>
                </layer>
                <layer rank="1" name="GF">
                    <label end="129" start="84" name="Dep"/>
                </layer>
                <layer rank="1" name="PT">
                    <label end="129" start="84" name="PP"/>
                </layer>
                <layer rank="1" name="Sent"/>
                <layer rank="1" name="Other"/>
                <layer rank="1" name="Target">
                    <label cBy="103" end="82" start="68" name="Target"/>
                </layer>
                <layer rank="1" name="Noun"/>
            </annotationSet>
        </sentence>
        <sentence sentNo="0" aPos="81776582" ID="947485">
            <text>There is a slight incompatibility between the arguments that have been advanced . </text>
            <annotationSet cDate="01/07/2003 08:34:18 PST Tue" status="UNANN" ID="1348649">
                <layer rank="1" name="BNC">
                    <label end="4" start="0" name="EX0"/>
                    <label end="7" start="6" name="VBZ"/>
                    <label end="9" start="9" name="AT0"/>
                    <label end="16" start="11" name="AJ0"/>
                    <label end="32" start="18" name="NN1"/>
                    <label end="40" start="34" name="PRP"/>
                    <label end="44" start="42" name="AT0"/>
                    <label end="54" start="46" name="NN2"/>
                    <label end="59" start="56" name="CJT"/>
                    <label end="64" start="61" name="VHB"/>
                    <label end="69" start="66" name="VBN"/>
                    <label end="78" start="71" name="VVN"/>
                    <label end="80" start="80" name="PUN"/>
                </layer>
            </annotationSet>
            <annotationSet cDate="01/07/2003 08:34:18 PST Tue" status="MANUAL" ID="1348650">
                <layer rank="1" name="FE">
                    <label cBy="532" feID="3194" end="16" start="11" name="Degree"/>
                    <label cBy="532" feID="3193" end="78" start="34" name="Items"/>
                </layer>
                <layer rank="1" name="GF">
                    <label end="16" start="11" name="Dep"/>
                    <label end="78" start="34" name="Dep"/>
                </layer>
                <layer rank="1" name="PT">
                    <label end="16" start="11" name="AJP"/>
                    <label end="78" start="34" name="PP"/>
                </layer>
                <layer rank="1" name="Sent"/>
                <layer rank="1" name="Other"/>
                <layer rank="1" name="Target">
                    <label cBy="103" end="32" start="18" name="Target"/>
                </layer>
                <layer rank="1" name="Noun"/>
            </annotationSet>
        </sentence>
        <sentence sentNo="0" aPos="94087152" ID="947486">
            <text>By January 1946 de Gaulle had been brought face to face with the reality that a basic incompatibility of outlook and temperament existed between himself and the members of the assembly . </text>
            <annotationSet cDate="01/07/2003 08:34:19 PST Tue" status="UNANN" ID="1348651">
                <layer rank="1" name="BNC">
                    <label end="1" start="0" name="PRP"/>
                    <label end="9" start="3" name="NP0"/>
                    <label end="14" start="11" name="CRD"/>
                    <label end="17" start="16" name="NP0"/>
                    <label end="24" start="19" name="NP0"/>
                    <label end="28" start="26" name="VHD"/>
                    <label end="33" start="30" name="VBN"/>
                    <label end="41" start="35" name="VVN"/>
                    <label end="46" start="43" name="NN1"/>
                    <label end="49" start="48" name="PRP"/>
                    <label end="54" start="51" name="NN1"/>
                    <label end="59" start="56" name="PRP"/>
                    <label end="63" start="61" name="AT0"/>
                    <label end="71" start="65" name="NN1"/>
                    <label end="76" start="73" name="CJT"/>
                    <label end="78" start="78" name="AT0"/>
                    <label end="84" start="80" name="AJ0"/>
                    <label end="100" start="86" name="NN1"/>
                    <label end="103" start="102" name="PRF"/>
                    <label end="111" start="105" name="NN1"/>
                    <label end="115" start="113" name="CJC"/>
                    <label end="127" start="117" name="NN1"/>
                    <label end="135" start="129" name="VVD-VVN"/>
                    <label end="143" start="137" name="PRP"/>
                    <label end="151" start="145" name="PNX"/>
                    <label end="155" start="153" name="CJC"/>
                    <label end="159" start="157" name="AT0"/>
                    <label end="167" start="161" name="NN2"/>
                    <label end="170" start="169" name="PRF"/>
                    <label end="174" start="172" name="AT0"/>
                    <label end="183" start="176" name="NN1"/>
                    <label end="185" start="185" name="PUN"/>
                </layer>
            </annotationSet>
            <annotationSet cDate="01/07/2003 08:34:19 PST Tue" status="MANUAL" ID="1348652">
                <layer rank="1" name="FE">
                    <label cBy="532" feID="3193" end="183" start="145" name="Items"/>
                </layer>
                <layer rank="1" name="GF">
                    <label end="183" start="145" name="Dep"/>
                </layer>
                <layer rank="1" name="PT">
                    <label end="183" start="145" name="NP"/>
                </layer>
                <layer rank="1" name="Sent"/>
                <layer rank="1" name="Other"/>
                <layer rank="1" name="Target">
                    <label cBy="103" end="100" start="86" name="Target"/>
                </layer>
                <layer rank="1" name="Noun"/>
            </annotationSet>
        </sentence>
        <sentence sentNo="0" aPos="97471577" ID="947487">
            <text>More projected mergers fail to materialise ( even at the eleventh hour ) than are actually completed and the reason will invariably be the discovery of some basic incompatibility between the practices involved or their respective partners . </text>
            <annotationSet cDate="01/07/2003 08:34:19 PST Tue" status="UNANN" ID="1348653">
                <layer rank="1" name="BNC">
                    <label end="3" start="0" name="DT0"/>
                    <label end="13" start="5" name="AJ0"/>
                    <label end="21" start="15" name="NN2"/>
                    <label end="26" start="23" name="VVB"/>
                    <label end="29" start="28" name="TO0"/>
                    <label end="41" start="31" name="VVI"/>
                    <label end="43" start="43" name="PUL"/>
                    <label end="48" start="45" name="AV0"/>
                    <label end="51" start="50" name="PRP"/>
                    <label end="55" start="53" name="AT0"/>
                    <label end="64" start="57" name="ORD"/>
                    <label end="69" start="66" name="NN1"/>
                    <label end="71" start="71" name="PUR"/>
                    <label end="76" start="73" name="CJS"/>
                    <label end="80" start="78" name="VBB"/>
                    <label end="89" start="82" name="AV0"/>
                    <label end="99" start="91" name="VVD-VVN"/>
                    <label end="103" start="101" name="CJC"/>
                    <label end="107" start="105" name="AT0"/>
                    <label end="114" start="109" name="NN1"/>
                    <label end="119" start="116" name="VM0"/>
                    <label end="130" start="121" name="AV0"/>
                    <label end="133" start="132" name="VBI"/>
                    <label end="137" start="135" name="AT0"/>
                    <label end="147" start="139" name="NN1"/>
                    <label end="150" start="149" name="PRF"/>
                    <label end="155" start="152" name="DT0"/>
                    <label end="161" start="157" name="AJ0"/>
                    <label end="177" start="163" name="NN1"/>
                    <label end="185" start="179" name="PRP"/>
                    <label end="189" start="187" name="AT0"/>
                    <label end="199" start="191" name="NN2"/>
                    <label end="208" start="201" name="VVD-VVN"/>
                    <label end="211" start="210" name="CJC"/>
                    <label end="217" start="213" name="DPS"/>
                    <label end="228" start="219" name="AJ0"/>
                    <label end="237" start="230" name="NN2"/>
                    <label end="239" start="239" name="PUN"/>
                </layer>
            </annotationSet>
            <annotationSet cDate="01/07/2003 08:34:19 PST Tue" status="MANUAL" ID="1348654">
                <layer rank="1" name="FE">
                    <label cBy="532" feID="3193" end="237" start="179" name="Items"/>
                </layer>
                <layer rank="1" name="GF">
                    <label end="237" start="179" name="Dep"/>
                </layer>
                <layer rank="1" name="PT">
                    <label end="237" start="179" name="PP"/>
                </layer>
                <layer rank="1" name="Sent"/>
                <layer rank="1" name="Other"/>
                <layer rank="1" name="Target">
                    <label cBy="103" end="177" start="163" name="Target"/>
                </layer>
                <layer rank="1" name="Noun"/>
            </annotationSet>
        </sentence>
    </subCorpus>
    <subCorpus name="N-370-s20-pother">
        <sentence sentNo="0" aPos="5679065" ID="947488">
            <text>There seemed to be no incompatibility between building a welfare state at home and discharging the responsibilities of a great power abroad . </text>
            <annotationSet cDate="01/07/2003 08:34:19 PST Tue" status="UNANN" ID="1348655">
                <layer rank="1" name="BNC">
                    <label end="4" start="0" name="EX0"/>
                    <label end="11" start="6" name="VVD"/>
                    <label end="14" start="13" name="TO0"/>
                    <label end="17" start="16" name="VBI"/>
                    <label end="20" start="19" name="AT0"/>
                    <label end="36" start="22" name="NN1"/>
                    <label end="44" start="38" name="PRP"/>
                    <label end="53" start="46" name="VVG"/>
                    <label end="55" start="55" name="AT0"/>
                    <label end="63" start="57" name="NN1"/>
                    <label end="69" start="65" name="NN1-VVB"/>
                    <label end="72" start="71" name="PRP"/>
                    <label end="77" start="74" name="NN1"/>
                    <label end="81" start="79" name="CJC"/>
                    <label end="93" start="83" name="VVG"/>
                    <label end="97" start="95" name="AT0"/>
                    <label end="114" start="99" name="NN2"/>
                    <label end="117" start="116" name="PRF"/>
                    <label end="119" start="119" name="AT0"/>
                    <label end="125" start="121" name="AJ0"/>
                    <label end="131" start="127" name="NN1"/>
                    <label end="138" start="133" name="AV0"/>
                    <label end="140" start="140" name="PUN"/>
                </layer>
            </annotationSet>
            <annotationSet cDate="01/07/2003 08:34:19 PST Tue" status="MANUAL" ID="1348656">
                <layer rank="1" name="FE">
                    <label cBy="532" feID="3193" end="138" start="38" name="Items"/>
                </layer>
                <layer rank="1" name="GF">
                    <label end="138" start="38" name="Dep"/>
                </layer>
                <layer rank="1" name="PT">
                    <label end="138" start="38" name="PPing"/>
                </layer>
                <layer rank="1" name="Sent"/>
                <layer rank="1" name="Other"/>
                <layer rank="1" name="Target">
                    <label cBy="103" end="36" start="22" name="Target"/>
                </layer>
                <layer rank="1" name="Noun"/>
            </annotationSet>
        </sentence>
        <sentence sentNo="0" aPos="18226750" ID="947489">
            <text>The essential contradiction lay in the incompatibilities of ` command &quot; policies and ` market &quot; practice . </text>
            <annotationSet cDate="01/07/2003 08:34:19 PST Tue" status="UNANN" ID="1348657">
                <layer rank="1" name="BNC">
                    <label end="2" start="0" name="AT0"/>
                    <label end="12" start="4" name="AJ0"/>
                    <label end="26" start="14" name="NN1"/>
                    <label end="30" start="28" name="VVD"/>
                    <label end="33" start="32" name="PRP"/>
                    <label end="37" start="35" name="AT0"/>
                    <label end="55" start="39" name="NN2"/>
                    <label end="58" start="57" name="PRF"/>
                    <label end="60" start="60" name="PUQ"/>
                    <label end="68" start="62" name="NN1"/>
                    <label end="70" start="70" name="PUQ"/>
                    <label end="79" start="72" name="NN2"/>
                    <label end="83" start="81" name="CJC"/>
                    <label end="85" start="85" name="PUQ"/>
                    <label end="92" start="87" name="NN1-VVB"/>
                    <label end="94" start="94" name="PUQ"/>
                    <label end="103" start="96" name="NN1"/>
                    <label end="105" start="105" name="PUN"/>
                </layer>
            </annotationSet>
            <annotationSet cDate="01/07/2003 08:34:19 PST Tue" status="MANUAL" ID="1348658">
                <layer rank="1" name="FE">
                    <label cBy="532" feID="3193" end="103" start="57" name="Items"/>
                </layer>
                <layer rank="1" name="GF">
                    <label end="103" start="57" name="Dep"/>
                </layer>
                <layer rank="1" name="PT">
                    <label end="103" start="57" name="PP"/>
                </layer>
                <layer rank="1" name="Sent"/>
                <layer rank="1" name="Other"/>
                <layer rank="1" name="Target">
                    <label cBy="103" end="55" start="39" name="Target"/>
                </layer>
                <layer rank="1" name="Noun"/>
            </annotationSet>
        </sentence>
    </subCorpus>
    <subCorpus name="N-380-s20-other"/>
    <subCorpus name="N-429-s20-lcoll-mutual"/>
    <subCorpus name="N-429-s20-rcoll-system">
        <sentence sentNo="0" aPos="19148090" ID="947515">
            <text>The chief problem facing the purchaser of video equipment is the incompatibility between different systems . </text>
            <annotationSet cDate="01/07/2003 08:34:22 PST Tue" status="UNANN" ID="1348709">
                <layer rank="1" name="BNC">
                    <label end="2" start="0" name="AT0"/>
                    <label end="8" start="4" name="AJ0"/>
                    <label end="16" start="10" name="NN1"/>
                    <label end="23" start="18" name="VVG"/>
                    <label end="27" start="25" name="AT0"/>
                    <label end="37" start="29" name="NN1"/>
                    <label end="40" start="39" name="PRF"/>
                    <label end="46" start="42" name="NN1"/>
                    <label end="56" start="48" name="NN1"/>
                    <label end="59" start="58" name="VBZ"/>
                    <label end="63" start="61" name="AT0"/>
                    <label end="79" start="65" name="NN1"/>
                    <label end="87" start="81" name="PRP"/>
                    <label end="97" start="89" name="AJ0"/>
                    <label end="105" start="99" name="NN2"/>
                    <label end="107" start="107" name="PUN"/>
                </layer>
            </annotationSet>
            <annotationSet cDate="01/07/2003 08:34:22 PST Tue" status="MANUAL" ID="1348710">
                <layer rank="1" name="FE">
                    <label cBy="532" feID="3193" end="105" start="81" name="Items"/>
                </layer>
                <layer rank="1" name="GF">
                    <label end="105" start="81" name="Dep"/>
                </layer>
                <layer rank="1" name="PT">
                    <label end="105" start="81" name="PP"/>
                </layer>
                <layer rank="1" name="Sent"/>
                <layer rank="1" name="Other"/>
                <layer rank="1" name="Target">
                    <label cBy="103" end="79" start="65" name="Target"/>
                </layer>
                <layer rank="1" name="Noun"/>
            </annotationSet>
        </sentence>
        <sentence sentNo="0" aPos="19153457" ID="947516">
            <text>One of the problems in the use of video-tapes is the lack of standardization and resulting incompatibility between equipment for the different systems . </text>
            <annotationSet cDate="01/07/2003 08:34:23 PST Tue" status="UNANN" ID="1348711">
                <layer rank="1" name="BNC">
                    <label end="2" start="0" name="CRD"/>
                    <label end="5" start="4" name="PRF"/>
                    <label end="9" start="7" name="AT0"/>
                    <label end="18" start="11" name="NN2"/>
                    <label end="21" start="20" name="PRP"/>
                    <label end="25" start="23" name="AT0"/>
                    <label end="29" start="27" name="NN1"/>
                    <label end="32" start="31" name="PRF"/>
                    <label end="44" start="34" name="NN2"/>
                    <label end="47" start="46" name="VBZ"/>
                    <label end="51" start="49" name="AT0"/>
                    <label end="56" start="53" name="NN1"/>
                    <label end="59" start="58" name="PRF"/>
                    <label end="75" start="61" name="NN1"/>
                    <label end="79" start="77" name="CJC"/>
                    <label end="89" start="81" name="AJ0"/>
                    <label end="105" start="91" name="NN1"/>
                    <label end="113" start="107" name="PRP"/>
                    <label end="123" start="115" name="NN1"/>
                    <label end="127" start="125" name="PRP"/>
                    <label end="131" start="129" name="AT0"/>
                    <label end="141" start="133" name="AJ0"/>
                    <label end="149" start="143" name="NN2"/>
                    <label end="151" start="151" name="PUN"/>
                </layer>
            </annotationSet>
            <annotationSet cDate="01/07/2003 08:34:23 PST Tue" status="MANUAL" ID="1348712">
                <layer rank="1" name="FE">
                    <label cBy="532" feID="3193" end="149" start="107" name="Items"/>
                </layer>
                <layer rank="1" name="GF">
                    <label end="149" start="107" name="Dep"/>
                </layer>
                <layer rank="1" name="PT">
                    <label end="149" start="107" name="PP"/>
                </layer>
                <layer rank="1" name="Sent"/>
                <layer rank="1" name="Other"/>
                <layer rank="1" name="Target">
                    <label cBy="103" end="105" start="91" name="Target"/>
                </layer>
                <layer rank="1" name="Noun"/>
            </annotationSet>
        </sentence>
        <sentence sentNo="0" aPos="33055923" ID="947517">
            <text>These , or a hundred other weaknesses or incompatibilities in computer systems , create information bottlenecks at crucial times . </text>
            <annotationSet cDate="01/07/2003 08:34:23 PST Tue" status="UNANN" ID="1348713">
                <layer rank="1" name="BNC">
                    <label end="4" start="0" name="DT0"/>
                    <label end="6" start="6" name="PUN"/>
                    <label end="9" start="8" name="CJC"/>
                    <label end="11" start="11" name="AT0"/>
                    <label end="19" start="13" name="CRD"/>
                    <label end="25" start="21" name="AJ0"/>
                    <label end="36" start="27" name="NN2"/>
                    <label end="39" start="38" name="CJC"/>
                    <label end="57" start="41" name="NN2"/>
                    <label end="60" start="59" name="PRP"/>
                    <label end="69" start="62" name="NN1"/>
                    <label end="77" start="71" name="NN2"/>
                    <label end="79" start="79" name="PUN"/>
                    <label end="86" start="81" name="VVB"/>
                    <label end="98" start="88" name="NN1"/>
                    <label end="110" start="100" name="NN2"/>
                    <label end="113" start="112" name="PRP"/>
                    <label end="121" start="115" name="AJ0"/>
                    <label end="127" start="123" name="NN2"/>
                    <label end="129" start="129" name="PUN"/>
                </layer>
            </annotationSet>
            <annotationSet cDate="01/07/2003 08:34:23 PST Tue" status="MANUAL" ID="1348714">
                <layer rank="1" name="FE">
                    <label cBy="532" feID="3193" end="77" start="59" name="Items"/>
                </layer>
                <layer rank="1" name="GF">
                    <label end="77" start="59" name="Dep"/>
                </layer>
                <layer rank="1" name="PT">
                    <label end="77" start="59" name="PP"/>
                </layer>
                <layer rank="1" name="Sent"/>
                <layer rank="1" name="Other"/>
                <layer rank="1" name="Target">
                    <label cBy="103" end="57" start="41" name="Target"/>
                </layer>
                <layer rank="1" name="Noun"/>
            </annotationSet>
        </sentence>
        <sentence sentNo="0" aPos="75519167" ID="947519">
            <text>Indeed , there is an incompatibility between the British system of democracy and what is emerging in Europe . </text>
            <annotationSet cDate="01/07/2003 08:34:23 PST Tue" status="UNANN" ID="1348717">
                <layer rank="1" name="BNC">
                    <label end="5" start="0" name="AV0"/>
                    <label end="7" start="7" name="PUN"/>
                    <label end="13" start="9" name="EX0"/>
                    <label end="16" start="15" name="VBZ"/>
                    <label end="19" start="18" name="AT0"/>
                    <label end="35" start="21" name="NN1"/>
                    <label end="43" start="37" name="PRP"/>
                    <label end="47" start="45" name="AT0"/>
                    <label end="55" start="49" name="AJ0"/>
                    <label end="62" start="57" name="NN1"/>
                    <label end="65" start="64" name="PRF"/>
                    <label end="75" start="67" name="NN1"/>
                    <label end="79" start="77" name="CJC"/>
                    <label end="84" start="81" name="DTQ"/>
                    <label end="87" start="86" name="VBZ"/>
                    <label end="96" start="89" name="VVG"/>
                    <label end="99" start="98" name="PRP"/>
                    <label end="106" start="101" name="NP0"/>
                    <label end="108" start="108" name="PUN"/>
                </layer>
            </annotationSet>
            <annotationSet cDate="01/07/2003 08:34:23 PST Tue" status="MANUAL" ID="1348718">
                <layer rank="1" name="FE">
                    <label cBy="532" feID="3193" end="106" start="37" name="Items"/>
                </layer>
                <layer rank="1" name="GF">
                    <label end="106" start="37" name="Dep"/>
                </layer>
                <layer rank="1" name="PT">
                    <label end="106" start="37" name="PP"/>
                </layer>
                <layer rank="1" name="Sent"/>
                <layer rank="1" name="Other"/>
                <layer rank="1" name="Target">
                    <label cBy="103" end="35" start="21" name="Target"/>
                </layer>
                <layer rank="1" name="Noun"/>
            </annotationSet>
        </sentence>
    </subCorpus>
</lexUnit>