<?xml version="1.0" encoding="UTF-8" standalone="yes"?>
<?xml-stylesheet type="text/xsl" href="lexUnit.xsl"?>
<lexUnit status="FN1_Sent" POS="V" name="warble.v" ID="620" frame="Communication_noise" frameID="39" totalAnnotated="6" xsi:schemaLocation="../schema/lexUnit.xsd" xmlns="http://framenet.icsi.berkeley.edu" xmlns:xsi="http://www.w3.org/2001/XMLSchema-instance">
    <header>
        <frame>
            <FE fgColor="FFFFFF" bgColor="006400" type="Peripheral" abbrev="Add" name="Addressee"/>
            <FE fgColor="FFFFFF" bgColor="FF69B4" type="Peripheral" abbrev="Degr" name="Degree"/>
            <FE fgColor="FFFFFF" bgColor="9400D3" type="Extra-Thematic" abbrev="Dep" name="Depictive"/>
            <FE fgColor="FFFFFF" bgColor="00BFFF" type="Extra-Thematic" abbrev="ICause" name="Internal_cause"/>
            <FE fgColor="FFFFFF" bgColor="FF00FF" type="Peripheral" abbrev="Manr" name="Manner"/>
            <FE fgColor="FFFFFF" bgColor="0000FF" type="Peripheral" abbrev="Mns" name="Means"/>
            <FE fgColor="FFFFFF" bgColor="9F79EE" type="Peripheral" abbrev="Medium" name="Medium"/>
            <FE fgColor="FFFFFF" bgColor="0000FF" type="Core" abbrev="Msg" name="Message"/>
            <FE fgColor="FFFFFF" bgColor="008000" type="Peripheral" abbrev="" name="Place"/>
            <FE fgColor="FFFFFF" bgColor="800080" type="Peripheral" abbrev="Rsn" name="Reason"/>
            <FE fgColor="FFFFFF" bgColor="FFA500" type="Extra-Thematic" abbrev="Rever" name="Reversive"/>
            <FE fgColor="FFFFFF" bgColor="FF0000" type="Core" abbrev="Spkr" name="Speaker"/>
            <FE fgColor="FFFFFF" bgColor="1E90FF" type="Peripheral" abbrev="Time" name="Time"/>
            <FE fgColor="FFFFFF" bgColor="1E90FF" type="Core" abbrev="Top" name="Topic"/>
            <FE fgColor="FFFFFF" bgColor="00008B" type="Core" abbrev="" name="Voice"/>
        </frame>
    </header>
    <definition>FN: speak in a trilling or quavering voice</definition>
    <lexeme POS="V" name="warble"/>
    <valences>
        <FERealization total="1">
            <FE name="Manner"/>
            <pattern total="1">
                <valenceUnit GF="Dep" PT="AVP" FE="Manner"/>
                <annoSet ID="368817"/>
            </pattern>
        </FERealization>
        <FERealization total="4">
            <FE name="Message"/>
            <pattern total="4">
                <valenceUnit GF="Dep" PT="QUO" FE="Message"/>
                <annoSet ID="368815"/>
                <annoSet ID="368817"/>
                <annoSet ID="368819"/>
                <annoSet ID="368861"/>
            </pattern>
        </FERealization>
        <FERealization total="6">
            <FE name="Speaker"/>
            <pattern total="6">
                <valenceUnit GF="Ext" PT="NP" FE="Speaker"/>
                <annoSet ID="368815"/>
                <annoSet ID="368817"/>
                <annoSet ID="368819"/>
                <annoSet ID="368861"/>
                <annoSet ID="368863"/>
                <annoSet ID="368867"/>
            </pattern>
        </FERealization>
        <FERealization total="2">
            <FE name="Topic"/>
            <pattern total="1">
                <valenceUnit GF="Dep" PT="PP[about]" FE="Topic"/>
                <annoSet ID="368863"/>
            </pattern>
            <pattern total="1">
                <valenceUnit GF="Dep" PT="PPing[about]" FE="Topic"/>
                <annoSet ID="368867"/>
            </pattern>
        </FERealization>
        <FEGroupRealization total="1">
            <FE name="Manner"/>
            <FE name="Message"/>
            <FE name="Speaker"/>
            <pattern total="1">
                <valenceUnit GF="Dep" PT="AVP" FE="Manner"/>
                <valenceUnit GF="Dep" PT="QUO" FE="Message"/>
                <valenceUnit GF="Ext" PT="NP" FE="Speaker"/>
                <annoSet ID="368817"/>
            </pattern>
        </FEGroupRealization>
        <FEGroupRealization total="3">
            <FE name="Message"/>
            <FE name="Speaker"/>
            <pattern total="3">
                <valenceUnit GF="Dep" PT="QUO" FE="Message"/>
                <valenceUnit GF="Ext" PT="NP" FE="Speaker"/>
                <annoSet ID="368815"/>
                <annoSet ID="368819"/>
                <annoSet ID="368861"/>
            </pattern>
        </FEGroupRealization>
        <FEGroupRealization total="2">
            <FE name="Speaker"/>
            <FE name="Topic"/>
            <pattern total="1">
                <valenceUnit GF="Ext" PT="NP" FE="Speaker"/>
                <valenceUnit GF="Dep" PT="PP[about]" FE="Topic"/>
                <annoSet ID="368863"/>
            </pattern>
            <pattern total="1">
                <valenceUnit GF="Ext" PT="NP" FE="Speaker"/>
                <valenceUnit GF="Dep" PT="PPing[about]" FE="Topic"/>
                <annoSet ID="368867"/>
            </pattern>
        </FEGroupRealization>
    </valences>
    <subCorpus name="V-400-quote">
        <sentence sentNo="0" aPos="7287027" ID="363111">
            <text>“ O play to me gypsy , ” ” he warbled . </text>
            <annotationSet cDate="01/07/2003 12:51:19 PST Tue" status="UNANN" ID="368814">
                <layer rank="1" name="BNC">
                    <label end="0" start="0" name="PUQ"/>
                    <label end="2" start="2" name="ITJ"/>
                    <label end="7" start="4" name="NN1-VVB"/>
                    <label end="10" start="9" name="PRP"/>
                    <label end="13" start="12" name="PNP"/>
                    <label end="19" start="15" name="NN1"/>
                    <label end="21" start="21" name="PUN"/>
                    <label end="23" start="23" name="PUQ"/>
                    <label end="25" start="25" name="PUQ"/>
                    <label end="28" start="27" name="PNP"/>
                    <label end="36" start="30" name="VVD"/>
                    <label end="38" start="38" name="PUN"/>
                </layer>
            </annotationSet>
            <annotationSet cDate="01/07/2003 12:51:19 PST Tue" status="MANUAL" ID="368815">
                <layer rank="1" name="FE">
                    <label cBy="103" feID="164" end="23" start="2" name="Message"/>
                    <label cBy="103" feID="162" end="28" start="27" name="Speaker"/>
                </layer>
                <layer rank="1" name="GF">
                    <label end="23" start="2" name="Dep"/>
                    <label end="28" start="27" name="Ext"/>
                </layer>
                <layer rank="1" name="PT">
                    <label end="23" start="2" name="QUO"/>
                    <label end="28" start="27" name="NP"/>
                </layer>
                <layer rank="1" name="Sent">
                    <label end="0" start="0" name="sense1"/>
                </layer>
                <layer rank="1" name="Other"/>
                <layer rank="1" name="Target">
                    <label cBy="103" end="36" start="30" name="Target"/>
                </layer>
                <layer rank="1" name="Verb"/>
            </annotationSet>
        </sentence>
        <sentence sentNo="0" aPos="15429736" ID="363112">
            <text>“ You little fellow , you … you lovely baby , ” he warbled idiotically . </text>
            <annotationSet cDate="01/07/2003 12:51:19 PST Tue" status="UNANN" ID="368816">
                <layer rank="1" name="BNC">
                    <label end="0" start="0" name="PUQ"/>
                    <label end="4" start="2" name="PNP"/>
                    <label end="11" start="6" name="DT0"/>
                    <label end="18" start="13" name="NN1"/>
                    <label end="20" start="20" name="PUN"/>
                    <label end="24" start="22" name="PNP"/>
                    <label end="30" start="28" name="PNP"/>
                    <label end="37" start="32" name="AJ0"/>
                    <label end="42" start="39" name="NN1"/>
                    <label end="44" start="44" name="PUN"/>
                    <label end="46" start="46" name="PUQ"/>
                    <label end="49" start="48" name="PNP"/>
                    <label end="57" start="51" name="VVD"/>
                    <label end="69" start="59" name="AV0"/>
                    <label end="71" start="71" name="PUN"/>
                    <label end="26" start="26" name="PUN"/>
                </layer>
            </annotationSet>
            <annotationSet cDate="01/07/2003 12:51:19 PST Tue" status="MANUAL" ID="368817">
                <layer rank="1" name="FE">
                    <label cBy="103" feID="164" end="46" start="0" name="Message"/>
                    <label cBy="103" feID="162" end="49" start="48" name="Speaker"/>
                    <label cBy="103" feID="1450" end="69" start="59" name="Manner"/>
                </layer>
                <layer rank="1" name="GF">
                    <label end="46" start="0" name="Dep"/>
                    <label end="49" start="48" name="Ext"/>
                    <label end="69" start="59" name="Dep"/>
                </layer>
                <layer rank="1" name="PT">
                    <label end="46" start="0" name="QUO"/>
                    <label end="49" start="48" name="NP"/>
                    <label end="69" start="59" name="AVP"/>
                </layer>
                <layer rank="1" name="Sent">
                    <label end="0" start="0" name="sense1"/>
                </layer>
                <layer rank="1" name="Other"/>
                <layer rank="1" name="Target">
                    <label cBy="103" end="57" start="51" name="Target"/>
                </layer>
                <layer rank="1" name="Verb"/>
            </annotationSet>
        </sentence>
        <sentence sentNo="0" aPos="63922502" ID="363113">
            <text>“ I wish , I wish , I wish in vain , I wish I was a maid again … ” she warbled . </text>
            <annotationSet cDate="01/07/2003 12:51:19 PST Tue" status="UNANN" ID="368818">
                <layer rank="1" name="BNC">
                    <label end="0" start="0" name="PUQ"/>
                    <label end="2" start="2" name="PNP"/>
                    <label end="7" start="4" name="NN1-VVB"/>
                    <label end="9" start="9" name="PUN"/>
                    <label end="11" start="11" name="PNP"/>
                    <label end="16" start="13" name="VVB"/>
                    <label end="18" start="18" name="PUN"/>
                    <label end="20" start="20" name="PNP"/>
                    <label end="25" start="22" name="VVB"/>
                    <label end="28" start="27" name="AV0"/>
                    <label end="33" start="30" name="AV0"/>
                    <label end="35" start="35" name="PUN"/>
                    <label end="37" start="37" name="PNP"/>
                    <label end="42" start="39" name="VVB"/>
                    <label end="44" start="44" name="PNP"/>
                    <label end="48" start="46" name="VBD"/>
                    <label end="50" start="50" name="AT0"/>
                    <label end="55" start="52" name="NN1"/>
                    <label end="61" start="57" name="AV0"/>
                    <label end="65" start="65" name="PUQ"/>
                    <label end="69" start="67" name="PNP"/>
                    <label end="77" start="71" name="VVD"/>
                    <label end="79" start="79" name="PUN"/>
                    <label end="63" start="63" name="PUN"/>
                </layer>
            </annotationSet>
            <annotationSet cDate="01/07/2003 12:51:19 PST Tue" status="MANUAL" ID="368819">
                <layer rank="1" name="FE">
                    <label cBy="103" feID="164" end="65" start="0" name="Message"/>
                    <label cBy="103" feID="162" end="69" start="67" name="Speaker"/>
                </layer>
                <layer rank="1" name="GF">
                    <label end="65" start="0" name="Dep"/>
                    <label end="69" start="67" name="Ext"/>
                </layer>
                <layer rank="1" name="PT">
                    <label end="65" start="0" name="QUO"/>
                    <label end="69" start="67" name="NP"/>
                </layer>
                <layer rank="1" name="Sent">
                    <label end="0" start="0" name="sense1"/>
                </layer>
                <layer rank="1" name="Other"/>
                <layer rank="1" name="Target">
                    <label cBy="103" end="77" start="71" name="Target"/>
                </layer>
                <layer rank="1" name="Verb"/>
            </annotationSet>
        </sentence>
    </subCorpus>
    <subCorpus name="V-430-sfin"/>
    <subCorpus name="V-660-trans-simple"/>
    <subCorpus name="V-690-trans-other"/>
    <subCorpus name="V-730-ppabout"/>
    <subCorpus name="V-780-ppother"/>
    <subCorpus name="V-890-intrans-adverb"/>
    <subCorpus name="V-900-other">
        <sentence sentNo="0" aPos="69096309" ID="363134">
            <text>Fucking whore ! &quot; he had warbled , but no more than that . </text>
            <annotationSet cDate="01/07/2003 12:51:21 PST Tue" status="UNANN" ID="368860">
                <layer rank="1" name="BNC">
                    <label end="6" start="0" name="AJ0"/>
                    <label end="12" start="8" name="NN1"/>
                    <label end="14" start="14" name="PUN"/>
                    <label end="16" start="16" name="PUQ"/>
                    <label end="19" start="18" name="PNP"/>
                    <label end="23" start="21" name="VHD"/>
                    <label end="31" start="25" name="VVN"/>
                    <label end="33" start="33" name="PUN"/>
                    <label end="37" start="35" name="CJC"/>
                    <label end="40" start="39" name="AT0"/>
                    <label end="45" start="42" name="AV0"/>
                    <label end="50" start="47" name="CJS"/>
                    <label end="55" start="52" name="DT0"/>
                    <label end="57" start="57" name="PUN"/>
                </layer>
            </annotationSet>
            <annotationSet cDate="01/07/2003 12:51:21 PST Tue" status="MANUAL" ID="368861">
                <layer rank="1" name="FE">
                    <label cBy="103" feID="164" end="16" start="0" name="Message"/>
                    <label cBy="103" feID="162" end="19" start="18" name="Speaker"/>
                </layer>
                <layer rank="1" name="GF">
                    <label end="16" start="0" name="Dep"/>
                    <label end="19" start="18" name="Ext"/>
                </layer>
                <layer rank="1" name="PT">
                    <label end="16" start="0" name="QUO"/>
                    <label end="19" start="18" name="NP"/>
                </layer>
                <layer rank="1" name="Sent">
                    <label end="0" start="0" name="sense1"/>
                </layer>
                <layer rank="1" name="Other"/>
                <layer rank="1" name="Target">
                    <label cBy="103" end="31" start="25" name="Target"/>
                </layer>
                <layer rank="1" name="Verb"/>
            </annotationSet>
        </sentence>
        <sentence sentNo="0" aPos="79535164" ID="363135">
            <text>Then I let her warble on for a while about the trials of high office , and feign interest in titbits of gossip from the upper echelons . </text>
            <annotationSet cDate="01/07/2003 12:51:22 PST Tue" status="UNANN" ID="368862">
                <layer rank="1" name="BNC">
                    <label end="3" start="0" name="AV0"/>
                    <label end="5" start="5" name="PNP"/>
                    <label end="9" start="7" name="VVB"/>
                    <label end="13" start="11" name="PNP"/>
                    <label end="20" start="15" name="NN1-VVB"/>
                    <label end="23" start="22" name="AVP"/>
                    <label end="27" start="25" name="PRP"/>
                    <label end="29" start="29" name="AT0"/>
                    <label end="35" start="31" name="NN1"/>
                    <label end="41" start="37" name="PRP"/>
                    <label end="45" start="43" name="AT0"/>
                    <label end="52" start="47" name="NN2"/>
                    <label end="55" start="54" name="PRF"/>
                    <label end="60" start="57" name="AJ0"/>
                    <label end="67" start="62" name="NN1"/>
                    <label end="69" start="69" name="PUN"/>
                    <label end="73" start="71" name="CJC"/>
                    <label end="79" start="75" name="NN1-VVB"/>
                    <label end="88" start="81" name="NN1"/>
                    <label end="91" start="90" name="PRP"/>
                    <label end="99" start="93" name="NN2"/>
                    <label end="102" start="101" name="PRF"/>
                    <label end="109" start="104" name="NN1"/>
                    <label end="114" start="111" name="PRP"/>
                    <label end="118" start="116" name="AT0"/>
                    <label end="124" start="120" name="AJ0"/>
                    <label end="133" start="126" name="NN2"/>
                    <label end="135" start="135" name="PUN"/>
                </layer>
            </annotationSet>
            <annotationSet cDate="01/07/2003 12:51:22 PST Tue" status="MANUAL" ID="368863">
                <layer rank="1" name="FE">
                    <label cBy="103" feID="162" end="13" start="11" name="Speaker"/>
                    <label cBy="103" feID="165" end="67" start="37" name="Topic"/>
                </layer>
                <layer rank="1" name="GF">
                    <label end="13" start="11" name="Ext"/>
                    <label end="67" start="37" name="Dep"/>
                </layer>
                <layer rank="1" name="PT">
                    <label end="13" start="11" name="NP"/>
                    <label end="67" start="37" name="PP"/>
                </layer>
                <layer rank="1" name="Sent">
                    <label end="0" start="0" name="sense1"/>
                </layer>
                <layer rank="1" name="Other"/>
                <layer rank="1" name="Target">
                    <label cBy="103" end="20" start="15" name="Target"/>
                </layer>
                <layer rank="1" name="Verb">
                    <label end="23" start="22" name="Asp"/>
                </layer>
            </annotationSet>
        </sentence>
        <sentence sentNo="0" aPos="95973329" ID="363137">
            <text>He warbled on about watching Match Of The Day from behind the sofa that night -- now is that the sort of talk we want coming from the captain of Leeds United AFC ? </text>
            <annotationSet cDate="01/07/2003 12:51:22 PST Tue" status="UNANN" ID="368866">
                <layer rank="1" name="BNC">
                    <label end="1" start="0" name="PNP"/>
                    <label end="9" start="3" name="VVD"/>
                    <label end="12" start="11" name="AVP"/>
                    <label end="18" start="14" name="PRP"/>
                    <label end="27" start="20" name="VVG"/>
                    <label end="33" start="29" name="NN1"/>
                    <label end="36" start="35" name="PRF"/>
                    <label end="40" start="38" name="AT0"/>
                    <label end="44" start="42" name="NN1"/>
                    <label end="49" start="46" name="PRP"/>
                    <label end="56" start="51" name="PRP"/>
                    <label end="60" start="58" name="AT0"/>
                    <label end="65" start="62" name="NN1"/>
                    <label end="70" start="67" name="CJT-DT0"/>
                    <label end="76" start="72" name="NN1"/>
                    <label end="79" start="78" name="PUN"/>
                    <label end="83" start="81" name="AV0"/>
                    <label end="86" start="85" name="VBZ"/>
                    <label end="91" start="88" name="CJT"/>
                    <label end="95" start="93" name="AT0"/>
                    <label end="100" start="97" name="NN1"/>
                    <label end="103" start="102" name="PRF"/>
                    <label end="108" start="105" name="NN1"/>
                    <label end="111" start="110" name="PNP"/>
                    <label end="116" start="113" name="VVB"/>
                    <label end="123" start="118" name="AJ0-VVG"/>
                    <label end="128" start="125" name="PRP"/>
                    <label end="132" start="130" name="AT0"/>
                    <label end="140" start="134" name="NN1"/>
                    <label end="143" start="142" name="PRF"/>
                    <label end="149" start="145" name="NP0"/>
                    <label end="156" start="151" name="AJ0"/>
                    <label end="160" start="158" name="NN1"/>
                    <label end="162" start="162" name="PUN"/>
                </layer>
            </annotationSet>
            <annotationSet cDate="01/07/2003 12:51:22 PST Tue" status="MANUAL" ID="368867">
                <layer rank="1" name="FE">
                    <label cBy="103" feID="162" end="1" start="0" name="Speaker"/>
                    <label cBy="103" feID="165" end="76" start="14" name="Topic"/>
                </layer>
                <layer rank="1" name="GF">
                    <label end="1" start="0" name="Ext"/>
                    <label end="76" start="14" name="Dep"/>
                </layer>
                <layer rank="1" name="PT">
                    <label end="1" start="0" name="NP"/>
                    <label end="76" start="14" name="PPing"/>
                </layer>
                <layer rank="1" name="Sent">
                    <label end="0" start="0" name="sense1"/>
                </layer>
                <layer rank="1" name="Other"/>
                <layer rank="1" name="Target">
                    <label cBy="103" end="9" start="3" name="Target"/>
                </layer>
                <layer rank="1" name="Verb">
                    <label end="12" start="11" name="Asp"/>
                </layer>
            </annotationSet>
        </sentence>
    </subCorpus>
</lexUnit>