<?xml version="1.0" encoding="UTF-8" standalone="yes"?>
<?xml-stylesheet type="text/xsl" href="lexUnit.xsl"?>
<lexUnit status="Created" POS="V" name="choose.v" ID="6270" frame="Choosing" frameID="352" totalAnnotated="1" xsi:schemaLocation="../schema/lexUnit.xsd" xmlns="http://framenet.icsi.berkeley.edu" xmlns:xsi="http://www.w3.org/2001/XMLSchema-instance">
    <header>
        <frame>
            <FE fgColor="FFFFFF" bgColor="0000FF" type="Core" abbrev="Chosen" name="Chosen"/>
            <FE fgColor="FFFFFF" bgColor="FF0000" type="Core" abbrev="Cog" name="Cognizer"/>
            <FE fgColor="000000" bgColor="EEE8AA" type="Extra-Thematic" abbrev="con" name="Contrast"/>
            <FE fgColor="FFFFFF" bgColor="9400D3" type="Extra-Thematic" abbrev="Dep" name="Depictive"/>
            <FE fgColor="FFFFFF" bgColor="9F79EE" type="Extra-Thematic" abbrev="Int" name="Intended_purpose"/>
            <FE fgColor="FFFFFF" bgColor="800080" type="Peripheral" abbrev="L_purp" name="Larger_purpose"/>
            <FE fgColor="FFFFFF" bgColor="FF00FF" type="Peripheral" abbrev="Mnr" name="Manner"/>
            <FE fgColor="FFFFFF" bgColor="A52A2A" type="Peripheral" abbrev="Means" name="Means"/>
            <FE fgColor="FFFFFF" bgColor="008000" type="Peripheral" abbrev="Place" name="Place"/>
            <FE fgColor="FFFFFF" bgColor="00BFFF" type="Core" abbrev="Possib" name="Possibilities"/>
            <FE fgColor="FFFFFF" bgColor="006400" type="Extra-Thematic" abbrev="Reas" name="Reason"/>
            <FE fgColor="FFFFFF" bgColor="FFA500" type="Peripheral" abbrev="Time" name="Time"/>
            <FE fgColor="FFFFFF" bgColor="808080" type="Peripheral" abbrev="Top" name="Topic"/>
        </frame>
    </header>
    <definition>COD: pick out as being the best of two or more alternatives. </definition>
    <lexeme POS="V" name="choose"/>
    <valences>
        <FERealization total="1">
            <FE name="Chosen"/>
            <pattern total="1">
                <valenceUnit GF="Obj" PT="NP" FE="Chosen"/>
                <annoSet ID="1382734"/>
            </pattern>
        </FERealization>
        <FERealization total="1">
            <FE name="Cognizer"/>
            <pattern total="1">
                <valenceUnit GF="Ext" PT="NP" FE="Cognizer"/>
                <annoSet ID="1382734"/>
            </pattern>
        </FERealization>
        <FERealization total="1">
            <FE name="Possibilities"/>
            <pattern total="1">
                <valenceUnit GF="" PT="INI" FE="Possibilities"/>
                <annoSet ID="1382734"/>
            </pattern>
        </FERealization>
        <FEGroupRealization total="1">
            <FE name="Chosen"/>
            <FE name="Cognizer"/>
            <FE name="Possibilities"/>
            <pattern total="1">
                <valenceUnit GF="Obj" PT="NP" FE="Chosen"/>
                <valenceUnit GF="Ext" PT="NP" FE="Cognizer"/>
                <valenceUnit GF="" PT="INI" FE="Possibilities"/>
                <annoSet ID="1382734"/>
            </pattern>
        </FEGroupRealization>
    </valences>
    <subCorpus name="V-420-s20-that-sfin">
        <sentence sentNo="0" aPos="58262602" ID="964931">
            <text>Coincidentally , or maybe not , the storm chose that moment to let off a sheet of dazzling green lightning and an earsplitting crack of thunder . </text>
            <annotationSet cDate="01/07/2003 09:12:10 PST Tue" status="UNANN" ID="1382733">
                <layer rank="1" name="BNC">
                    <label end="13" start="0" name="AV0"/>
                    <label end="15" start="15" name="PUN"/>
                    <label end="18" start="17" name="CJC"/>
                    <label end="24" start="20" name="AV0"/>
                    <label end="28" start="26" name="XX0"/>
                    <label end="30" start="30" name="PUN"/>
                    <label end="34" start="32" name="AT0"/>
                    <label end="40" start="36" name="NN1"/>
                    <label end="46" start="42" name="VVD"/>
                    <label end="51" start="48" name="CJT-DT0"/>
                    <label end="58" start="53" name="NN1"/>
                    <label end="61" start="60" name="TO0"/>
                    <label end="65" start="63" name="VVI"/>
                    <label end="69" start="67" name="AVP-PRP"/>
                    <label end="71" start="71" name="AT0"/>
                    <label end="77" start="73" name="NN1"/>
                    <label end="80" start="79" name="PRF"/>
                    <label end="89" start="82" name="AJ0-VVG"/>
                    <label end="95" start="91" name="AJ0"/>
                    <label end="105" start="97" name="NN1"/>
                    <label end="109" start="107" name="CJC"/>
                    <label end="112" start="111" name="AT0"/>
                    <label end="125" start="114" name="AJ0"/>
                    <label end="131" start="127" name="NN1"/>
                    <label end="134" start="133" name="PRF"/>
                    <label end="142" start="136" name="NN1"/>
                    <label end="144" start="144" name="PUN"/>
                </layer>
            </annotationSet>
            <annotationSet cDate="01/07/2003 09:12:10 PST Tue" status="MANUAL" ID="1382734">
                <layer rank="1" name="FE">
                    <label cBy="532" feID="3106" end="40" start="32" name="Cognizer"/>
                    <label cBy="532" feID="3107" end="58" start="48" name="Chosen"/>
                    <label cBy="296" feID="3163" itype="INI" name="Possibilities"/>
                </layer>
                <layer rank="1" name="GF">
                    <label end="40" start="32" name="Ext"/>
                    <label end="58" start="48" name="Obj"/>
                </layer>
                <layer rank="1" name="PT">
                    <label end="40" start="32" name="NP"/>
                    <label end="58" start="48" name="NP"/>
                </layer>
                <layer rank="1" name="Sent"/>
                <layer rank="1" name="Other"/>
                <layer rank="1" name="Target">
                    <label cBy="103" end="46" start="42" name="Target"/>
                </layer>
                <layer rank="1" name="Verb"/>
            </annotationSet>
        </sentence>
    </subCorpus>
    <subCorpus name="V-429-s20-rcoll-friend"/>
    <subCorpus name="V-429-s20-rcoll-word"/>
    <subCorpus name="V-450-s20-sbse"/>
    <subCorpus name="V-480-s20-swh"/>
    <subCorpus name="V-500-s20-vpto"/>
    <subCorpus name="V-510-s20-vping"/>
    <subCorpus name="V-530-s20-np-vpto"/>
    <subCorpus name="V-550-s20-np-np"/>
    <subCorpus name="V-570-s20-np-ppas"/>
    <subCorpus name="V-570-s20-np-ppbetween"/>
    <subCorpus name="V-570-s20-np-ppfor"/>
    <subCorpus name="V-570-s20-np-ppfrom"/>
    <subCorpus name="V-590-s20-np-pingby"/>
    <subCorpus name="V-620-s20-np-ppother"/>
    <subCorpus name="V-630-s20-np-pingother"/>
    <subCorpus name="V-650-s20-np-pother"/>
    <subCorpus name="V-670-s20-pass-by"/>
    <subCorpus name="V-680-s20-pass"/>
    <subCorpus name="V-730-s20-ppas"/>
    <subCorpus name="V-730-s20-ppbetween"/>
    <subCorpus name="V-730-s20-ppfor"/>
    <subCorpus name="V-730-s20-ppfrom"/>
    <subCorpus name="V-750-s20-pingby"/>
    <subCorpus name="V-780-s20-ppother"/>
    <subCorpus name="V-790-s20-pingother"/>
    <subCorpus name="V-810-s20-pother"/>
    <subCorpus name="V-820-s20-avpout"/>
    <subCorpus name="V-870-s20-avpother"/>
    <subCorpus name="V-880-s20-intrans-simple"/>
    <subCorpus name="V-890-s20-intrans-adverb"/>
    <subCorpus name="V-900-s20-other"/>
</lexUnit>