<?xml version="1.0" encoding="UTF-8" standalone="yes"?>
<?xml-stylesheet type="text/xsl" href="lexUnit.xsl"?>
<lexUnit status="Finished_Initial" POS="A" name="congruent.a" ID="6227" frame="Compatibility" frameID="360" totalAnnotated="11" xsi:schemaLocation="../schema/lexUnit.xsd" xmlns="http://framenet.icsi.berkeley.edu" xmlns:xsi="http://www.w3.org/2001/XMLSchema-instance">
    <header>
        <frame>
            <FE fgColor="FFFFFF" bgColor="FF69B4" type="Peripheral" abbrev="Degr" name="Degree"/>
            <FE fgColor="FFFFFF" bgColor="008000" type="Core" abbrev="Items" name="Items"/>
            <FE fgColor="FFFFFF" bgColor="800080" type="Core" abbrev="Item-1" name="Item_1"/>
            <FE fgColor="FFFFFF" bgColor="0000FF" type="Core" abbrev="Item-2" name="Item_2"/>
            <FE fgColor="FFFFFF" bgColor="FF0000" type="Core" abbrev="Prmtr" name="Parameter"/>
        </frame>
    </header>
    <definition>COD: in agreement or harmony</definition>
    <lexeme POS="A" name="congruent"/>
    <valences>
        <FERealization total="3">
            <FE name="Degree"/>
            <pattern total="3">
                <valenceUnit GF="Dep" PT="AVP" FE="Degree"/>
                <annoSet ID="1351356"/>
                <annoSet ID="1351398"/>
                <annoSet ID="1351412"/>
            </pattern>
        </FERealization>
        <FERealization total="7">
            <FE name="Item_1"/>
            <pattern total="7">
                <valenceUnit GF="Ext" PT="NP" FE="Item_1"/>
                <annoSet ID="1351360"/>
                <annoSet ID="1351374"/>
                <annoSet ID="1351378"/>
                <annoSet ID="1351384"/>
                <annoSet ID="1351386"/>
                <annoSet ID="1351400"/>
                <annoSet ID="1351404"/>
            </pattern>
        </FERealization>
        <FERealization total="7">
            <FE name="Item_2"/>
            <pattern total="7">
                <valenceUnit GF="Dep" PT="PP[with]" FE="Item_2"/>
                <annoSet ID="1351360"/>
                <annoSet ID="1351374"/>
                <annoSet ID="1351378"/>
                <annoSet ID="1351384"/>
                <annoSet ID="1351386"/>
                <annoSet ID="1351400"/>
                <annoSet ID="1351404"/>
            </pattern>
        </FERealization>
        <FERealization total="4">
            <FE name="Items"/>
            <pattern total="3">
                <valenceUnit GF="Ext" PT="NP" FE="Items"/>
                <annoSet ID="1351356"/>
                <annoSet ID="1351398"/>
                <annoSet ID="1351412"/>
            </pattern>
            <pattern total="1">
                <valenceUnit GF="Head" PT="N" FE="Items"/>
                <annoSet ID="1351388"/>
            </pattern>
        </FERealization>
        <FEGroupRealization total="3">
            <FE name="Degree"/>
            <FE name="Items"/>
            <pattern total="3">
                <valenceUnit GF="Dep" PT="AVP" FE="Degree"/>
                <valenceUnit GF="Ext" PT="NP" FE="Items"/>
                <annoSet ID="1351356"/>
                <annoSet ID="1351398"/>
                <annoSet ID="1351412"/>
            </pattern>
        </FEGroupRealization>
        <FEGroupRealization total="7">
            <FE name="Item_1"/>
            <FE name="Item_2"/>
            <pattern total="7">
                <valenceUnit GF="Ext" PT="NP" FE="Item_1"/>
                <valenceUnit GF="Dep" PT="PP[with]" FE="Item_2"/>
                <annoSet ID="1351360"/>
                <annoSet ID="1351374"/>
                <annoSet ID="1351378"/>
                <annoSet ID="1351384"/>
                <annoSet ID="1351386"/>
                <annoSet ID="1351400"/>
                <annoSet ID="1351404"/>
            </pattern>
        </FEGroupRealization>
        <FEGroupRealization total="1">
            <FE name="Items"/>
            <pattern total="1">
                <valenceUnit GF="Head" PT="N" FE="Items"/>
                <annoSet ID="1351388"/>
            </pattern>
        </FEGroupRealization>
    </valences>
    <subCorpus name="A-001-all">
        <sentence sentNo="0" aPos="8376619" ID="948838">
            <text>But the Debussy , wonderfully evoked in a lengthy review by Cardus , demonstrates equally well what can be achieved when music , design , and stage movement are perfectly congruent . </text>
            <annotationSet cDate="01/07/2003 08:37:34 PST Tue" status="UNANN" ID="1351355">
                <layer rank="1" name="BNC">
                    <label end="2" start="0" name="CJC"/>
                    <label end="6" start="4" name="AT0"/>
                    <label end="14" start="8" name="AJ0-NN1"/>
                    <label end="16" start="16" name="PUN"/>
                    <label end="28" start="18" name="AV0"/>
                    <label end="35" start="30" name="VVD-VVN"/>
                    <label end="38" start="37" name="PRP"/>
                    <label end="40" start="40" name="AT0"/>
                    <label end="48" start="42" name="AJ0"/>
                    <label end="55" start="50" name="NN1"/>
                    <label end="58" start="57" name="PRP"/>
                    <label end="65" start="60" name="NN1-NP0"/>
                    <label end="67" start="67" name="PUN"/>
                    <label end="80" start="69" name="NN2-VVZ"/>
                    <label end="88" start="82" name="AV0"/>
                    <label end="93" start="90" name="AV0"/>
                    <label end="98" start="95" name="DTQ"/>
                    <label end="102" start="100" name="VM0"/>
                    <label end="105" start="104" name="VBI"/>
                    <label end="114" start="107" name="VVN"/>
                    <label end="119" start="116" name="AVQ-CJS"/>
                    <label end="125" start="121" name="NN1"/>
                    <label end="127" start="127" name="PUN"/>
                    <label end="134" start="129" name="NN1"/>
                    <label end="136" start="136" name="PUN"/>
                    <label end="140" start="138" name="CJC"/>
                    <label end="146" start="142" name="NN1"/>
                    <label end="155" start="148" name="NN1"/>
                    <label end="159" start="157" name="VBB"/>
                    <label end="169" start="161" name="AV0"/>
                    <label end="179" start="171" name="AJ0"/>
                    <label end="181" start="181" name="PUN"/>
                </layer>
            </annotationSet>
            <annotationSet cDate="01/07/2003 08:37:35 PST Tue" status="MANUAL" ID="1351356">
                <layer rank="1" name="FE">
                    <label cBy="618" feID="3194" end="169" start="161" name="Degree"/>
                    <label cBy="618" feID="3193" end="155" start="121" name="Items"/>
                </layer>
                <layer rank="1" name="GF">
                    <label end="169" start="161" name="Dep"/>
                    <label end="155" start="121" name="Ext"/>
                </layer>
                <layer rank="1" name="PT">
                    <label end="169" start="161" name="AVP"/>
                    <label end="155" start="121" name="NP"/>
                </layer>
                <layer rank="1" name="Sent"/>
                <layer rank="1" name="Other"/>
                <layer rank="1" name="Target">
                    <label cBy="103" end="179" start="171" name="Target"/>
                </layer>
                <layer rank="1" name="Adj">
                    <label end="159" start="157" name="Cop"/>
                </layer>
            </annotationSet>
        </sentence>
        <sentence sentNo="0" aPos="13105548" ID="948840">
            <text>They are congruent with the principal objective of increasing output of one crop ( often for export and consumption in urban areas ) rather than one to enhance the farm system as a whole . </text>
            <annotationSet cDate="01/07/2003 08:37:35 PST Tue" status="UNANN" ID="1351359">
                <layer rank="1" name="BNC">
                    <label end="3" start="0" name="PNP"/>
                    <label end="7" start="5" name="VBB"/>
                    <label end="17" start="9" name="AJ0"/>
                    <label end="22" start="19" name="PRP"/>
                    <label end="26" start="24" name="AT0"/>
                    <label end="36" start="28" name="AJ0-NN1"/>
                    <label end="46" start="38" name="NN1"/>
                    <label end="49" start="48" name="PRF"/>
                    <label end="60" start="51" name="VVG"/>
                    <label end="67" start="62" name="NN1"/>
                    <label end="70" start="69" name="PRF"/>
                    <label end="74" start="72" name="CRD"/>
                    <label end="79" start="76" name="NN1"/>
                    <label end="81" start="81" name="PUL"/>
                    <label end="87" start="83" name="AV0"/>
                    <label end="91" start="89" name="PRP"/>
                    <label end="98" start="93" name="NN1"/>
                    <label end="102" start="100" name="CJC"/>
                    <label end="114" start="104" name="NN1"/>
                    <label end="117" start="116" name="PRP"/>
                    <label end="123" start="119" name="AJ0"/>
                    <label end="129" start="125" name="NN2"/>
                    <label end="131" start="131" name="PUR"/>
                    <label end="138" start="133" name="PRP"/>
                    <label end="143" start="140" name="PRP"/>
                    <label end="147" start="145" name="CRD-PNI"/>
                    <label end="150" start="149" name="TO0"/>
                    <label end="158" start="152" name="VVI"/>
                    <label end="162" start="160" name="AT0"/>
                    <label end="167" start="164" name="NN1"/>
                    <label end="174" start="169" name="NN1"/>
                    <label end="177" start="176" name="AV0"/>
                    <label end="179" start="179" name="AV0"/>
                    <label end="185" start="181" name="AV0"/>
                    <label end="187" start="187" name="PUN"/>
                </layer>
            </annotationSet>
            <annotationSet cDate="01/07/2003 08:37:35 PST Tue" status="MANUAL" ID="1351360">
                <layer rank="1" name="FE">
                    <label cBy="618" feID="3191" end="3" start="0" name="Item_1"/>
                    <label cBy="618" feID="3192" end="185" start="19" name="Item_2"/>
                </layer>
                <layer rank="1" name="GF">
                    <label end="3" start="0" name="Ext"/>
                    <label end="185" start="19" name="Dep"/>
                </layer>
                <layer rank="1" name="PT">
                    <label end="3" start="0" name="NP"/>
                    <label end="185" start="19" name="PP"/>
                </layer>
                <layer rank="1" name="Sent"/>
                <layer rank="1" name="Other"/>
                <layer rank="1" name="Target">
                    <label cBy="103" end="17" start="9" name="Target"/>
                </layer>
                <layer rank="1" name="Adj">
                    <label end="7" start="5" name="Cop"/>
                </layer>
            </annotationSet>
        </sentence>
        <sentence sentNo="0" aPos="35764410" ID="948847">
            <text>Social action among the Piaroa is congruent with their discourse on harmonious existence ; for their evaluative rhetoric is coupled with a social state of extremely peaceful living . </text>
            <annotationSet cDate="01/07/2003 08:37:36 PST Tue" status="UNANN" ID="1351373">
                <layer rank="1" name="BNC">
                    <label end="5" start="0" name="AJ0"/>
                    <label end="12" start="7" name="NN1"/>
                    <label end="18" start="14" name="PRP"/>
                    <label end="22" start="20" name="AT0"/>
                    <label end="29" start="24" name="NN1-NP0"/>
                    <label end="32" start="31" name="VBZ"/>
                    <label end="42" start="34" name="AJ0"/>
                    <label end="47" start="44" name="PRP"/>
                    <label end="53" start="49" name="DPS"/>
                    <label end="63" start="55" name="NN1"/>
                    <label end="66" start="65" name="PRP"/>
                    <label end="77" start="68" name="AJ0"/>
                    <label end="87" start="79" name="NN1"/>
                    <label end="89" start="89" name="PUN"/>
                    <label end="93" start="91" name="PRP"/>
                    <label end="99" start="95" name="DPS"/>
                    <label end="110" start="101" name="AJ0"/>
                    <label end="119" start="112" name="NN1"/>
                    <label end="122" start="121" name="VBZ"/>
                    <label end="130" start="124" name="VVN"/>
                    <label end="135" start="132" name="PRP"/>
                    <label end="137" start="137" name="AT0"/>
                    <label end="144" start="139" name="AJ0"/>
                    <label end="150" start="146" name="NN1"/>
                    <label end="153" start="152" name="PRF"/>
                    <label end="163" start="155" name="AV0"/>
                    <label end="172" start="165" name="AJ0"/>
                    <label end="179" start="174" name="AJ0-NN1"/>
                    <label end="181" start="181" name="PUN"/>
                </layer>
            </annotationSet>
            <annotationSet cDate="01/07/2003 08:37:36 PST Tue" status="MANUAL" ID="1351374">
                <layer rank="1" name="FE">
                    <label cBy="618" feID="3191" end="29" start="0" name="Item_1"/>
                    <label cBy="618" feID="3192" end="87" start="44" name="Item_2"/>
                </layer>
                <layer rank="1" name="GF">
                    <label end="29" start="0" name="Ext"/>
                    <label end="87" start="44" name="Dep"/>
                </layer>
                <layer rank="1" name="PT">
                    <label end="29" start="0" name="NP"/>
                    <label end="87" start="44" name="PP"/>
                </layer>
                <layer rank="1" name="Sent"/>
                <layer rank="1" name="Other"/>
                <layer rank="1" name="Target">
                    <label cBy="103" end="42" start="34" name="Target"/>
                </layer>
                <layer rank="1" name="Adj">
                    <label end="32" start="31" name="Cop"/>
                </layer>
            </annotationSet>
        </sentence>
        <sentence sentNo="0" aPos="39902513" ID="948849">
            <text>It claims that individual growth can take different , nurturance- or achievement-oriented forms for women or men respectively , and offers women minimal growth programmes congruent with this division . </text>
            <annotationSet cDate="01/07/2003 08:37:36 PST Tue" status="UNANN" ID="1351377">
                <layer rank="1" name="BNC">
                    <label end="1" start="0" name="PNP"/>
                    <label end="8" start="3" name="VVZ"/>
                    <label end="13" start="10" name="CJT-DT0"/>
                    <label end="24" start="15" name="AJ0"/>
                    <label end="31" start="26" name="NN1"/>
                    <label end="35" start="33" name="VM0"/>
                    <label end="40" start="37" name="VVI"/>
                    <label end="50" start="42" name="AJ0"/>
                    <label end="52" start="52" name="PUN"/>
                    <label end="64" start="54" name="AJ0-NN1"/>
                    <label end="67" start="66" name="CJC"/>
                    <label end="88" start="69" name="AJ0"/>
                    <label end="94" start="90" name="NN2"/>
                    <label end="98" start="96" name="PRP"/>
                    <label end="104" start="100" name="NN2"/>
                    <label end="107" start="106" name="CJC"/>
                    <label end="111" start="109" name="NN2"/>
                    <label end="124" start="113" name="AV0"/>
                    <label end="126" start="126" name="PUN"/>
                    <label end="130" start="128" name="CJC"/>
                    <label end="137" start="132" name="NN2-VVZ"/>
                    <label end="143" start="139" name="NN2"/>
                    <label end="151" start="145" name="AJ0"/>
                    <label end="158" start="153" name="NN1"/>
                    <label end="169" start="160" name="NN2"/>
                    <label end="179" start="171" name="AJ0"/>
                    <label end="184" start="181" name="PRP"/>
                    <label end="189" start="186" name="DT0"/>
                    <label end="198" start="191" name="NN1"/>
                    <label end="200" start="200" name="PUN"/>
                </layer>
            </annotationSet>
            <annotationSet cDate="01/07/2003 08:37:36 PST Tue" status="MANUAL" ID="1351378">
                <layer rank="1" name="FE">
                    <label cBy="618" feID="3191" end="169" start="145" name="Item_1"/>
                    <label cBy="618" feID="3192" end="198" start="181" name="Item_2"/>
                </layer>
                <layer rank="1" name="GF">
                    <label end="169" start="145" name="Ext"/>
                    <label end="198" start="181" name="Dep"/>
                </layer>
                <layer rank="1" name="PT">
                    <label end="169" start="145" name="NP"/>
                    <label end="198" start="181" name="PP"/>
                </layer>
                <layer rank="1" name="Sent"/>
                <layer rank="1" name="Other"/>
                <layer rank="1" name="Target">
                    <label cBy="103" end="179" start="171" name="Target"/>
                </layer>
                <layer rank="1" name="Adj"/>
            </annotationSet>
        </sentence>
        <sentence sentNo="0" aPos="44801451" ID="948852">
            <text>The conclusion that women participate unequally in their husbands ' status is congruent with empirical data on the social , economic and legal treatment of married women . </text>
            <annotationSet cDate="01/07/2003 08:37:36 PST Tue" status="UNANN" ID="1351383">
                <layer rank="1" name="BNC">
                    <label end="2" start="0" name="AT0"/>
                    <label end="13" start="4" name="NN1"/>
                    <label end="18" start="15" name="CJT"/>
                    <label end="24" start="20" name="NN2"/>
                    <label end="36" start="26" name="VVB"/>
                    <label end="46" start="38" name="AV0"/>
                    <label end="49" start="48" name="PRP"/>
                    <label end="55" start="51" name="DPS"/>
                    <label end="64" start="57" name="NN2"/>
                    <label end="66" start="66" name="POS"/>
                    <label end="73" start="68" name="NN1"/>
                    <label end="76" start="75" name="VBZ"/>
                    <label end="86" start="78" name="AJ0"/>
                    <label end="91" start="88" name="PRP"/>
                    <label end="101" start="93" name="AJ0"/>
                    <label end="106" start="103" name="NN0"/>
                    <label end="109" start="108" name="PRP"/>
                    <label end="113" start="111" name="AT0"/>
                    <label end="120" start="115" name="AJ0"/>
                    <label end="122" start="122" name="PUN"/>
                    <label end="131" start="124" name="AJ0"/>
                    <label end="135" start="133" name="CJC"/>
                    <label end="141" start="137" name="AJ0"/>
                    <label end="151" start="143" name="NN1"/>
                    <label end="154" start="153" name="PRF"/>
                    <label end="162" start="156" name="AJ0"/>
                    <label end="168" start="164" name="NN2"/>
                    <label end="170" start="170" name="PUN"/>
                </layer>
            </annotationSet>
            <annotationSet cDate="01/07/2003 08:37:36 PST Tue" status="MANUAL" ID="1351384">
                <layer rank="1" name="FE">
                    <label cBy="618" feID="3191" end="73" start="0" name="Item_1"/>
                    <label cBy="618" feID="3192" end="168" start="88" name="Item_2"/>
                </layer>
                <layer rank="1" name="GF">
                    <label end="73" start="0" name="Ext"/>
                    <label end="168" start="88" name="Dep"/>
                </layer>
                <layer rank="1" name="PT">
                    <label end="73" start="0" name="NP"/>
                    <label end="168" start="88" name="PP"/>
                </layer>
                <layer rank="1" name="Sent"/>
                <layer rank="1" name="Other"/>
                <layer rank="1" name="Target">
                    <label cBy="103" end="86" start="78" name="Target"/>
                </layer>
                <layer rank="1" name="Adj">
                    <label end="76" start="75" name="Cop"/>
                </layer>
            </annotationSet>
        </sentence>
        <sentence sentNo="0" aPos="44802361" ID="948853">
            <text>He simply asserts that their perceptions are congruent with his own view that the family is the important unit . </text>
            <annotationSet cDate="01/07/2003 08:37:36 PST Tue" status="UNANN" ID="1351385">
                <layer rank="1" name="BNC">
                    <label end="1" start="0" name="PNP"/>
                    <label end="8" start="3" name="AV0"/>
                    <label end="16" start="10" name="VVZ"/>
                    <label end="21" start="18" name="CJT"/>
                    <label end="27" start="23" name="DPS"/>
                    <label end="39" start="29" name="NN2"/>
                    <label end="43" start="41" name="VBB"/>
                    <label end="53" start="45" name="AJ0"/>
                    <label end="58" start="55" name="PRP"/>
                    <label end="62" start="60" name="DPS"/>
                    <label end="66" start="64" name="DT0"/>
                    <label end="71" start="68" name="NN1"/>
                    <label end="76" start="73" name="CJT"/>
                    <label end="80" start="78" name="AT0"/>
                    <label end="87" start="82" name="NN0"/>
                    <label end="90" start="89" name="VBZ"/>
                    <label end="94" start="92" name="AT0"/>
                    <label end="104" start="96" name="AJ0"/>
                    <label end="109" start="106" name="NN1"/>
                    <label end="111" start="111" name="PUN"/>
                </layer>
            </annotationSet>
            <annotationSet cDate="01/07/2003 08:37:36 PST Tue" status="MANUAL" ID="1351386">
                <layer rank="1" name="FE">
                    <label cBy="618" feID="3191" end="39" start="23" name="Item_1"/>
                    <label cBy="618" feID="3192" end="109" start="55" name="Item_2"/>
                </layer>
                <layer rank="1" name="GF">
                    <label end="39" start="23" name="Ext"/>
                    <label end="109" start="55" name="Dep"/>
                </layer>
                <layer rank="1" name="PT">
                    <label end="39" start="23" name="NP"/>
                    <label end="109" start="55" name="PP"/>
                </layer>
                <layer rank="1" name="Sent"/>
                <layer rank="1" name="Other"/>
                <layer rank="1" name="Target">
                    <label cBy="103" end="53" start="45" name="Target"/>
                </layer>
                <layer rank="1" name="Adj">
                    <label end="43" start="41" name="Cop"/>
                </layer>
            </annotationSet>
        </sentence>
        <sentence sentNo="0" aPos="46784415" ID="948854">
            <text>Similarly , the special relationship between Thatcher and Reagan was a meeting of ideologies , which in turn expressed congruent interests within a larger system of forces . </text>
            <annotationSet cDate="01/07/2003 08:37:36 PST Tue" status="UNANN" ID="1351387">
                <layer rank="1" name="BNC">
                    <label end="8" start="0" name="AV0"/>
                    <label end="10" start="10" name="PUN"/>
                    <label end="14" start="12" name="AT0"/>
                    <label end="22" start="16" name="AJ0"/>
                    <label end="35" start="24" name="NN1"/>
                    <label end="43" start="37" name="PRP"/>
                    <label end="52" start="45" name="NP0"/>
                    <label end="56" start="54" name="CJC"/>
                    <label end="63" start="58" name="NP0"/>
                    <label end="67" start="65" name="VBD"/>
                    <label end="69" start="69" name="AT0"/>
                    <label end="77" start="71" name="NN1"/>
                    <label end="80" start="79" name="PRF"/>
                    <label end="91" start="82" name="NN2"/>
                    <label end="93" start="93" name="PUN"/>
                    <label end="99" start="95" name="DTQ"/>
                    <label end="102" start="101" name="PRP"/>
                    <label end="107" start="104" name="NN1"/>
                    <label end="117" start="109" name="VVD-VVN"/>
                    <label end="127" start="119" name="AJ0"/>
                    <label end="137" start="129" name="NN2"/>
                    <label end="144" start="139" name="PRP"/>
                    <label end="146" start="146" name="AT0"/>
                    <label end="153" start="148" name="AJC"/>
                    <label end="160" start="155" name="NN1"/>
                    <label end="163" start="162" name="PRF"/>
                    <label end="170" start="165" name="NN2"/>
                    <label end="172" start="172" name="PUN"/>
                </layer>
            </annotationSet>
            <annotationSet cDate="01/07/2003 08:37:37 PST Tue" status="MANUAL" ID="1351388">
                <layer rank="1" name="FE">
                    <label cBy="618" feID="3193" end="137" start="129" name="Items"/>
                </layer>
                <layer rank="1" name="GF">
                    <label end="137" start="129" name="Head"/>
                </layer>
                <layer rank="1" name="PT">
                    <label end="137" start="129" name="N"/>
                </layer>
                <layer rank="1" name="Sent"/>
                <layer rank="1" name="Other"/>
                <layer rank="1" name="Target">
                    <label cBy="103" end="127" start="119" name="Target"/>
                </layer>
                <layer rank="1" name="Adj"/>
            </annotationSet>
        </sentence>
        <sentence sentNo="0" aPos="62294198" ID="948859">
            <text>Our imperatives or priorities are by no means entirely congruent , but at least they overlap . </text>
            <annotationSet cDate="01/07/2003 08:37:37 PST Tue" status="UNANN" ID="1351397">
                <layer rank="1" name="BNC">
                    <label end="2" start="0" name="DPS"/>
                    <label end="14" start="4" name="NN2"/>
                    <label end="17" start="16" name="CJC"/>
                    <label end="28" start="19" name="NN2"/>
                    <label end="32" start="30" name="VBB"/>
                    <label end="35" start="34" name="AV0"/>
                    <label end="38" start="37" name="AV0"/>
                    <label end="44" start="40" name="AV0"/>
                    <label end="53" start="46" name="AV0"/>
                    <label end="63" start="55" name="AJ0"/>
                    <label end="65" start="65" name="PUN"/>
                    <label end="69" start="67" name="CJC"/>
                    <label end="72" start="71" name="AV0"/>
                    <label end="78" start="74" name="AV0"/>
                    <label end="83" start="80" name="PNP"/>
                    <label end="91" start="85" name="VVB"/>
                    <label end="93" start="93" name="PUN"/>
                </layer>
            </annotationSet>
            <annotationSet cDate="01/07/2003 08:37:37 PST Tue" status="MANUAL" ID="1351398">
                <layer rank="1" name="FE">
                    <label cBy="618" feID="3193" end="28" start="0" name="Items"/>
                    <label cBy="618" feID="3194" end="53" start="46" name="Degree"/>
                </layer>
                <layer rank="1" name="GF">
                    <label end="28" start="0" name="Ext"/>
                    <label end="53" start="46" name="Dep"/>
                </layer>
                <layer rank="1" name="PT">
                    <label end="28" start="0" name="NP"/>
                    <label end="53" start="46" name="AVP"/>
                </layer>
                <layer rank="1" name="Sent"/>
                <layer rank="1" name="Other"/>
                <layer rank="1" name="Target">
                    <label cBy="103" end="63" start="55" name="Target"/>
                </layer>
                <layer rank="1" name="Adj">
                    <label end="32" start="30" name="Cop"/>
                </layer>
            </annotationSet>
        </sentence>
        <sentence sentNo="0" aPos="66918214" ID="948860">
            <text>If this cycle obtains , then it is argued that government is controlled , and public policy is congruent with the wishes of the majority of the electorate for most of the time . </text>
            <annotationSet cDate="01/07/2003 08:37:37 PST Tue" status="UNANN" ID="1351399">
                <layer rank="1" name="BNC">
                    <label end="1" start="0" name="CJS"/>
                    <label end="6" start="3" name="DT0"/>
                    <label end="12" start="8" name="NN1"/>
                    <label end="20" start="14" name="VVZ"/>
                    <label end="22" start="22" name="PUN"/>
                    <label end="27" start="24" name="AV0"/>
                    <label end="30" start="29" name="PNP"/>
                    <label end="33" start="32" name="VBZ"/>
                    <label end="40" start="35" name="VVN"/>
                    <label end="45" start="42" name="CJT-DT0"/>
                    <label end="56" start="47" name="NN0"/>
                    <label end="59" start="58" name="VBZ"/>
                    <label end="70" start="61" name="VVN"/>
                    <label end="72" start="72" name="PUN"/>
                    <label end="76" start="74" name="CJC"/>
                    <label end="83" start="78" name="AJ0"/>
                    <label end="90" start="85" name="NN1"/>
                    <label end="93" start="92" name="VBZ"/>
                    <label end="103" start="95" name="AJ0"/>
                    <label end="108" start="105" name="PRP"/>
                    <label end="112" start="110" name="AT0"/>
                    <label end="119" start="114" name="NN2"/>
                    <label end="122" start="121" name="PRF"/>
                    <label end="126" start="124" name="AT0"/>
                    <label end="135" start="128" name="NN0"/>
                    <label end="138" start="137" name="PRF"/>
                    <label end="142" start="140" name="AT0"/>
                    <label end="153" start="144" name="AJ0-NN1"/>
                    <label end="157" start="155" name="PRP"/>
                    <label end="162" start="159" name="DT0"/>
                    <label end="165" start="164" name="PRF"/>
                    <label end="169" start="167" name="AT0"/>
                    <label end="174" start="171" name="NN1"/>
                    <label end="176" start="176" name="PUN"/>
                </layer>
            </annotationSet>
            <annotationSet cDate="01/07/2003 08:37:37 PST Tue" status="MANUAL" ID="1351400">
                <layer rank="1" name="FE">
                    <label cBy="618" feID="3191" end="90" start="78" name="Item_1"/>
                    <label cBy="618" feID="3192" end="153" start="105" name="Item_2"/>
                </layer>
                <layer rank="1" name="GF">
                    <label end="90" start="78" name="Ext"/>
                    <label end="153" start="105" name="Dep"/>
                </layer>
                <layer rank="1" name="PT">
                    <label end="90" start="78" name="NP"/>
                    <label end="153" start="105" name="PP"/>
                </layer>
                <layer rank="1" name="Sent"/>
                <layer rank="1" name="Other"/>
                <layer rank="1" name="Target">
                    <label cBy="103" end="103" start="95" name="Target"/>
                </layer>
                <layer rank="1" name="Adj">
                    <label end="93" start="92" name="Cop"/>
                </layer>
            </annotationSet>
        </sentence>
        <sentence sentNo="0" aPos="69444328" ID="948862">
            <text>Moreover , female well-being was defined in terms congruent with both women 's reproductive function and ideal feminine behaviour . </text>
            <annotationSet cDate="01/07/2003 08:37:38 PST Tue" status="UNANN" ID="1351403">
                <layer rank="1" name="BNC">
                    <label end="7" start="0" name="AV0"/>
                    <label end="9" start="9" name="PUN"/>
                    <label end="16" start="11" name="AJ0"/>
                    <label end="27" start="18" name="NN1"/>
                    <label end="31" start="29" name="VBD"/>
                    <label end="39" start="33" name="VVN"/>
                    <label end="42" start="41" name="PRP"/>
                    <label end="48" start="44" name="NN2"/>
                    <label end="58" start="50" name="AJ0"/>
                    <label end="63" start="60" name="PRP"/>
                    <label end="68" start="65" name="DT0"/>
                    <label end="74" start="70" name="NN2"/>
                    <label end="77" start="76" name="POS"/>
                    <label end="90" start="79" name="AJ0"/>
                    <label end="99" start="92" name="NN1"/>
                    <label end="103" start="101" name="CJC"/>
                    <label end="109" start="105" name="AJ0"/>
                    <label end="118" start="111" name="AJ0"/>
                    <label end="128" start="120" name="NN1"/>
                    <label end="130" start="130" name="PUN"/>
                </layer>
            </annotationSet>
            <annotationSet cDate="01/07/2003 08:37:38 PST Tue" status="MANUAL" ID="1351404">
                <layer rank="1" name="FE">
                    <label cBy="618" feID="3191" end="48" start="44" name="Item_1"/>
                    <label cBy="618" feID="3192" end="128" start="60" name="Item_2"/>
                </layer>
                <layer rank="1" name="GF">
                    <label end="48" start="44" name="Ext"/>
                    <label end="128" start="60" name="Dep"/>
                </layer>
                <layer rank="1" name="PT">
                    <label end="48" start="44" name="NP"/>
                    <label end="128" start="60" name="PP"/>
                </layer>
                <layer rank="1" name="Sent"/>
                <layer rank="1" name="Other"/>
                <layer rank="1" name="Target">
                    <label cBy="103" end="58" start="50" name="Target"/>
                </layer>
                <layer rank="1" name="Adj"/>
            </annotationSet>
        </sentence>
        <sentence sentNo="0" aPos="95716385" ID="948866">
            <text>The seasonal and geographical differences in orchids on the one hand and bees on the other are incompletely congruent . </text>
            <annotationSet cDate="01/07/2003 08:37:38 PST Tue" status="UNANN" ID="1351411">
                <layer rank="1" name="BNC">
                    <label end="2" start="0" name="AT0"/>
                    <label end="11" start="4" name="AJ0"/>
                    <label end="15" start="13" name="CJC"/>
                    <label end="28" start="17" name="AJ0"/>
                    <label end="40" start="30" name="NN2"/>
                    <label end="43" start="42" name="PRP"/>
                    <label end="51" start="45" name="NN2"/>
                    <label end="54" start="53" name="PRP"/>
                    <label end="58" start="56" name="AT0"/>
                    <label end="62" start="60" name="CRD"/>
                    <label end="67" start="64" name="NN1"/>
                    <label end="71" start="69" name="CJC"/>
                    <label end="76" start="73" name="NN2"/>
                    <label end="79" start="78" name="PRP"/>
                    <label end="83" start="81" name="AT0"/>
                    <label end="89" start="85" name="AJ0-NN1"/>
                    <label end="93" start="91" name="VBB"/>
                    <label end="106" start="95" name="AV0"/>
                    <label end="116" start="108" name="AJ0"/>
                    <label end="118" start="118" name="PUN"/>
                </layer>
            </annotationSet>
            <annotationSet cDate="01/07/2003 08:37:38 PST Tue" status="MANUAL" ID="1351412">
                <layer rank="1" name="FE">
                    <label cBy="618" feID="3194" end="106" start="95" name="Degree"/>
                    <label cBy="618" feID="3193" end="89" start="0" name="Items"/>
                </layer>
                <layer rank="1" name="GF">
                    <label end="106" start="95" name="Dep"/>
                    <label end="89" start="0" name="Ext"/>
                </layer>
                <layer rank="1" name="PT">
                    <label end="106" start="95" name="AVP"/>
                    <label end="89" start="0" name="NP"/>
                </layer>
                <layer rank="1" name="Sent"/>
                <layer rank="1" name="Other"/>
                <layer rank="1" name="Target">
                    <label cBy="103" end="116" start="108" name="Target"/>
                </layer>
                <layer rank="1" name="Adj">
                    <label end="93" start="91" name="Cop"/>
                </layer>
            </annotationSet>
        </sentence>
    </subCorpus>
</lexUnit>