<?xml version="1.0" encoding="UTF-8" standalone="yes"?>
<?xml-stylesheet type="text/xsl" href="lexUnit.xsl"?>
<lexUnit status="Finished_Initial" POS="V" name="rhyme.v" ID="6248" frame="Compatibility" frameID="360" totalAnnotated="7" xsi:schemaLocation="../schema/lexUnit.xsd" xmlns="http://framenet.icsi.berkeley.edu" xmlns:xsi="http://www.w3.org/2001/XMLSchema-instance">
    <header>
        <frame>
            <FE fgColor="FFFFFF" bgColor="FF69B4" type="Peripheral" abbrev="Degr" name="Degree"/>
            <FE fgColor="FFFFFF" bgColor="008000" type="Core" abbrev="Items" name="Items"/>
            <FE fgColor="FFFFFF" bgColor="800080" type="Core" abbrev="Item-1" name="Item_1"/>
            <FE fgColor="FFFFFF" bgColor="0000FF" type="Core" abbrev="Item-2" name="Item_2"/>
            <FE fgColor="FFFFFF" bgColor="FF0000" type="Core" abbrev="Prmtr" name="Parameter"/>
        </frame>
    </header>
    <definition>COD: of a word, syllable, or line) have or end with a sound that corresponds to another. </definition>
    <lexeme POS="V" name="rhyme"/>
    <valences>
        <FERealization total="6">
            <FE name="Item_1"/>
            <pattern total="3">
                <valenceUnit GF="" PT="CNI" FE="Item_1"/>
                <annoSet ID="1351738"/>
                <annoSet ID="1351756"/>
                <annoSet ID="1351760"/>
            </pattern>
            <pattern total="3">
                <valenceUnit GF="Ext" PT="NP" FE="Item_1"/>
                <annoSet ID="1351726"/>
                <annoSet ID="1351740"/>
                <annoSet ID="1351744"/>
            </pattern>
        </FERealization>
        <FERealization total="6">
            <FE name="Item_2"/>
            <pattern total="6">
                <valenceUnit GF="Dep" PT="PP[with]" FE="Item_2"/>
                <annoSet ID="1351726"/>
                <annoSet ID="1351738"/>
                <annoSet ID="1351740"/>
                <annoSet ID="1351744"/>
                <annoSet ID="1351756"/>
                <annoSet ID="1351760"/>
            </pattern>
        </FERealization>
        <FERealization total="1">
            <FE name="Items"/>
            <pattern total="1">
                <valenceUnit GF="Ext" PT="NP" FE="Items"/>
                <annoSet ID="1351764"/>
            </pattern>
        </FERealization>
        <FERealization total="7">
            <FE name="Parameter"/>
            <pattern total="7">
                <valenceUnit GF="" PT="INI" FE="Parameter"/>
                <annoSet ID="1351726"/>
                <annoSet ID="1351738"/>
                <annoSet ID="1351740"/>
                <annoSet ID="1351744"/>
                <annoSet ID="1351756"/>
                <annoSet ID="1351760"/>
                <annoSet ID="1351764"/>
            </pattern>
        </FERealization>
        <FEGroupRealization total="6">
            <FE name="Item_1"/>
            <FE name="Item_2"/>
            <FE name="Parameter"/>
            <pattern total="3">
                <valenceUnit GF="" PT="CNI" FE="Item_1"/>
                <valenceUnit GF="Dep" PT="PP[with]" FE="Item_2"/>
                <valenceUnit GF="" PT="INI" FE="Parameter"/>
                <annoSet ID="1351738"/>
                <annoSet ID="1351756"/>
                <annoSet ID="1351760"/>
            </pattern>
            <pattern total="3">
                <valenceUnit GF="Ext" PT="NP" FE="Item_1"/>
                <valenceUnit GF="Dep" PT="PP[with]" FE="Item_2"/>
                <valenceUnit GF="" PT="INI" FE="Parameter"/>
                <annoSet ID="1351726"/>
                <annoSet ID="1351740"/>
                <annoSet ID="1351744"/>
            </pattern>
        </FEGroupRealization>
        <FEGroupRealization total="1">
            <FE name="Items"/>
            <FE name="Parameter"/>
            <pattern total="1">
                <valenceUnit GF="Ext" PT="NP" FE="Items"/>
                <valenceUnit GF="" PT="INI" FE="Parameter"/>
                <annoSet ID="1351764"/>
            </pattern>
        </FEGroupRealization>
    </valences>
    <subCorpus name="V-429-s20-lcoll-verse"/>
    <subCorpus name="V-429-s20-lcoll-word">
        <sentence sentNo="0" aPos="62950979" ID="949023">
            <text>She made it sound French , pronouncing the word so that it rhymed with ` Vaseline &quot; . </text>
            <annotationSet cDate="01/07/2003 08:38:01 PST Tue" status="UNANN" ID="1351725">
                <layer rank="1" name="BNC">
                    <label end="2" start="0" name="PNP"/>
                    <label end="7" start="4" name="VVD"/>
                    <label end="10" start="9" name="PNP"/>
                    <label end="16" start="12" name="VVI"/>
                    <label end="23" start="18" name="AJ0-NN1"/>
                    <label end="25" start="25" name="PUN"/>
                    <label end="37" start="27" name="VVG"/>
                    <label end="41" start="39" name="AT0"/>
                    <label end="46" start="43" name="NN1"/>
                    <label end="49" start="48" name="CJS"/>
                    <label end="54" start="51" name="CJS"/>
                    <label end="57" start="56" name="PNP"/>
                    <label end="64" start="59" name="VVD"/>
                    <label end="69" start="66" name="PRP"/>
                    <label end="71" start="71" name="PUQ"/>
                    <label end="80" start="73" name="NP0"/>
                    <label end="82" start="82" name="PUQ"/>
                    <label end="84" start="84" name="PUN"/>
                </layer>
            </annotationSet>
            <annotationSet cDate="01/07/2003 08:38:01 PST Tue" status="MANUAL" ID="1351726">
                <layer rank="1" name="FE">
                    <label cBy="532" feID="3191" end="57" start="56" name="Item_1"/>
                    <label cBy="532" feID="3192" end="80" start="66" name="Item_2"/>
                    <label cBy="153" feID="3195" itype="INI" name="Parameter"/>
                </layer>
                <layer rank="1" name="GF">
                    <label end="57" start="56" name="Ext"/>
                    <label end="80" start="66" name="Dep"/>
                </layer>
                <layer rank="1" name="PT">
                    <label end="57" start="56" name="NP"/>
                    <label end="80" start="66" name="PP"/>
                </layer>
                <layer rank="1" name="Sent"/>
                <layer rank="1" name="Other"/>
                <layer rank="1" name="Target">
                    <label cBy="103" end="64" start="59" name="Target"/>
                </layer>
                <layer rank="1" name="Verb"/>
            </annotationSet>
        </sentence>
    </subCorpus>
    <subCorpus name="V-680-s20-pass"/>
    <subCorpus name="V-730-s65-ppwith">
        <sentence sentNo="0" aPos="73273373" ID="949029">
            <text>The word quark is supposed to be pronounced like quart , but with a k at the end instead of a t , but is usually pronounced to rhyme with lark . </text>
            <annotationSet cDate="01/07/2003 08:38:02 PST Tue" status="UNANN" ID="1351737">
                <layer rank="1" name="BNC">
                    <label end="2" start="0" name="AT0"/>
                    <label end="7" start="4" name="NN1"/>
                    <label end="13" start="9" name="NN1"/>
                    <label end="16" start="15" name="VBZ"/>
                    <label end="25" start="18" name="AJ0"/>
                    <label end="28" start="27" name="TO0"/>
                    <label end="31" start="30" name="VBI"/>
                    <label end="42" start="33" name="VVN"/>
                    <label end="47" start="44" name="PRP"/>
                    <label end="53" start="49" name="NN1"/>
                    <label end="55" start="55" name="PUN"/>
                    <label end="59" start="57" name="CJC"/>
                    <label end="64" start="61" name="PRP"/>
                    <label end="66" start="66" name="AT0"/>
                    <label end="68" start="68" name="ZZ0"/>
                    <label end="71" start="70" name="PRP"/>
                    <label end="75" start="73" name="AT0"/>
                    <label end="79" start="77" name="NN1"/>
                    <label end="87" start="81" name="PRP"/>
                    <label end="90" start="89" name="PRP"/>
                    <label end="92" start="92" name="AT0"/>
                    <label end="94" start="94" name="ZZ0"/>
                    <label end="96" start="96" name="PUN"/>
                    <label end="100" start="98" name="CJC"/>
                    <label end="103" start="102" name="VBZ"/>
                    <label end="111" start="105" name="AV0"/>
                    <label end="122" start="113" name="VVN"/>
                    <label end="125" start="124" name="TO0"/>
                    <label end="131" start="127" name="VVI"/>
                    <label end="136" start="133" name="PRP"/>
                    <label end="141" start="138" name="NN1"/>
                    <label end="143" start="143" name="PUN"/>
                </layer>
            </annotationSet>
            <annotationSet cDate="01/07/2003 08:38:02 PST Tue" status="MANUAL" ID="1351738">
                <layer rank="1" name="FE">
                    <label cBy="532" feID="3192" end="141" start="133" name="Item_2"/>
                    <label cBy="532" feID="3191" itype="CNI" name="Item_1"/>
                    <label cBy="153" feID="3195" itype="INI" name="Parameter"/>
                </layer>
                <layer rank="1" name="GF">
                    <label end="141" start="133" name="Dep"/>
                </layer>
                <layer rank="1" name="PT">
                    <label end="141" start="133" name="PP"/>
                </layer>
                <layer rank="1" name="Sent"/>
                <layer rank="1" name="Other"/>
                <layer rank="1" name="Target">
                    <label cBy="103" end="131" start="127" name="Target"/>
                </layer>
                <layer rank="1" name="Verb"/>
            </annotationSet>
        </sentence>
        <sentence sentNo="0" aPos="91504071" ID="949030">
            <text>The first three lines of the song all purposely rhyme with lead -- the correct one Act 3 , Scene 2 , lines 63-65 ) </text>
            <annotationSet cDate="01/07/2003 08:38:02 PST Tue" status="UNANN" ID="1351739">
                <layer rank="1" name="BNC">
                    <label end="2" start="0" name="AT0"/>
                    <label end="8" start="4" name="ORD"/>
                    <label end="14" start="10" name="CRD"/>
                    <label end="20" start="16" name="NN2"/>
                    <label end="23" start="22" name="PRF"/>
                    <label end="27" start="25" name="AT0"/>
                    <label end="32" start="29" name="NN1"/>
                    <label end="36" start="34" name="AV0"/>
                    <label end="46" start="38" name="AV0"/>
                    <label end="52" start="48" name="VVB"/>
                    <label end="57" start="54" name="PRP"/>
                    <label end="62" start="59" name="NN1"/>
                    <label end="65" start="64" name="PUN"/>
                    <label end="69" start="67" name="AT0"/>
                    <label end="77" start="71" name="AJ0"/>
                    <label end="81" start="79" name="PNI"/>
                    <label end="85" start="83" name="NN1"/>
                    <label end="87" start="87" name="CRD"/>
                    <label end="89" start="89" name="PUN"/>
                    <label end="95" start="91" name="NN1"/>
                    <label end="97" start="97" name="CRD"/>
                    <label end="99" start="99" name="PUN"/>
                    <label end="105" start="101" name="NN2"/>
                    <label end="111" start="107" name="CRD"/>
                    <label end="113" start="113" name="PUR"/>
                </layer>
            </annotationSet>
            <annotationSet cDate="01/07/2003 08:38:02 PST Tue" status="MANUAL" ID="1351740">
                <layer rank="1" name="FE">
                    <label cBy="532" feID="3191" end="36" start="0" name="Item_1"/>
                    <label cBy="532" feID="3192" end="62" start="54" name="Item_2"/>
                    <label cBy="153" feID="3195" itype="INI" name="Parameter"/>
                </layer>
                <layer rank="1" name="GF">
                    <label end="36" start="0" name="Ext"/>
                    <label end="62" start="54" name="Dep"/>
                </layer>
                <layer rank="1" name="PT">
                    <label end="36" start="0" name="NP"/>
                    <label end="62" start="54" name="PP"/>
                </layer>
                <layer rank="1" name="Sent"/>
                <layer rank="1" name="Other"/>
                <layer rank="1" name="Target">
                    <label cBy="103" end="52" start="48" name="Target"/>
                </layer>
                <layer rank="1" name="Verb"/>
            </annotationSet>
        </sentence>
        <sentence sentNo="0" aPos="26035465" ID="949032">
            <text>G : When you need something to rhyme with Sandra Dee . </text>
            <annotationSet cDate="01/07/2003 08:38:02 PST Tue" status="UNANN" ID="1351743">
                <layer rank="1" name="BNC">
                    <label end="0" start="0" name="NP0"/>
                    <label end="2" start="2" name="PUN"/>
                    <label end="7" start="4" name="AVQ-CJS"/>
                    <label end="11" start="9" name="PNP"/>
                    <label end="16" start="13" name="VVB"/>
                    <label end="26" start="18" name="PNI"/>
                    <label end="29" start="28" name="TO0"/>
                    <label end="35" start="31" name="VVI"/>
                    <label end="40" start="37" name="PRP"/>
                    <label end="47" start="42" name="NP0"/>
                    <label end="51" start="49" name="UNC"/>
                    <label end="53" start="53" name="PUN"/>
                </layer>
            </annotationSet>
            <annotationSet cDate="01/07/2003 08:38:02 PST Tue" status="MANUAL" ID="1351744">
                <layer rank="1" name="FE">
                    <label cBy="532" feID="3191" end="26" start="18" name="Item_1"/>
                    <label cBy="532" feID="3192" end="51" start="37" name="Item_2"/>
                    <label cBy="153" feID="3195" itype="INI" name="Parameter"/>
                </layer>
                <layer rank="1" name="GF">
                    <label end="26" start="18" name="Ext"/>
                    <label end="51" start="37" name="Dep"/>
                </layer>
                <layer rank="1" name="PT">
                    <label end="26" start="18" name="NP"/>
                    <label end="51" start="37" name="PP"/>
                </layer>
                <layer rank="1" name="Sent"/>
                <layer rank="1" name="Other"/>
                <layer rank="1" name="Target">
                    <label cBy="103" end="35" start="31" name="Target"/>
                </layer>
                <layer rank="1" name="Verb"/>
            </annotationSet>
        </sentence>
    </subCorpus>
    <subCorpus name="V-780-s20-ppother"/>
    <subCorpus name="V-810-s20-pother">
        <sentence sentNo="0" aPos="14187859" ID="949038">
            <text>It should be pronounced to rhyme with ` cream &quot; . </text>
            <annotationSet cDate="01/07/2003 08:38:03 PST Tue" status="UNANN" ID="1351755">
                <layer rank="1" name="BNC">
                    <label end="1" start="0" name="PNP"/>
                    <label end="8" start="3" name="VM0"/>
                    <label end="11" start="10" name="VBI"/>
                    <label end="22" start="13" name="VVN"/>
                    <label end="25" start="24" name="TO0"/>
                    <label end="31" start="27" name="VVI"/>
                    <label end="36" start="33" name="PRP"/>
                    <label end="38" start="38" name="PUQ"/>
                    <label end="44" start="40" name="NN1"/>
                    <label end="46" start="46" name="PUQ"/>
                    <label end="48" start="48" name="PUN"/>
                </layer>
            </annotationSet>
            <annotationSet cDate="01/07/2003 08:38:03 PST Tue" status="MANUAL" ID="1351756">
                <layer rank="1" name="FE">
                    <label cBy="532" feID="3192" end="44" start="33" name="Item_2"/>
                    <label cBy="532" feID="3191" itype="CNI" name="Item_1"/>
                    <label cBy="153" feID="3195" itype="INI" name="Parameter"/>
                </layer>
                <layer rank="1" name="GF">
                    <label end="44" start="33" name="Dep"/>
                </layer>
                <layer rank="1" name="PT">
                    <label end="44" start="33" name="PP"/>
                </layer>
                <layer rank="1" name="Sent"/>
                <layer rank="1" name="Other"/>
                <layer rank="1" name="Target">
                    <label cBy="103" end="31" start="27" name="Target"/>
                </layer>
                <layer rank="1" name="Verb"/>
            </annotationSet>
        </sentence>
        <sentence sentNo="0" aPos="47223971" ID="949040">
            <text>( The name should be pronounced to rhyme with ` turkeys &quot; . ) </text>
            <annotationSet cDate="01/07/2003 08:38:03 PST Tue" status="UNANN" ID="1351759">
                <layer rank="1" name="BNC">
                    <label end="0" start="0" name="PUL"/>
                    <label end="4" start="2" name="AT0"/>
                    <label end="9" start="6" name="NN1"/>
                    <label end="16" start="11" name="VM0"/>
                    <label end="19" start="18" name="VBI"/>
                    <label end="30" start="21" name="VVN"/>
                    <label end="33" start="32" name="TO0"/>
                    <label end="39" start="35" name="VVI"/>
                    <label end="44" start="41" name="PRP"/>
                    <label end="46" start="46" name="PUQ"/>
                    <label end="54" start="48" name="NN2"/>
                    <label end="56" start="56" name="PUQ"/>
                    <label end="58" start="58" name="PUN"/>
                    <label end="60" start="60" name="PUR"/>
                </layer>
            </annotationSet>
            <annotationSet cDate="01/07/2003 08:38:03 PST Tue" status="MANUAL" ID="1351760">
                <layer rank="1" name="FE">
                    <label cBy="532" feID="3192" end="54" start="41" name="Item_2"/>
                    <label cBy="532" feID="3191" itype="CNI" name="Item_1"/>
                    <label cBy="153" feID="3195" itype="INI" name="Parameter"/>
                </layer>
                <layer rank="1" name="GF">
                    <label end="54" start="41" name="Dep"/>
                </layer>
                <layer rank="1" name="PT">
                    <label end="54" start="41" name="PP"/>
                </layer>
                <layer rank="1" name="Sent"/>
                <layer rank="1" name="Other"/>
                <layer rank="1" name="Target">
                    <label cBy="103" end="39" start="35" name="Target"/>
                </layer>
                <layer rank="1" name="Verb"/>
            </annotationSet>
        </sentence>
    </subCorpus>
    <subCorpus name="V-880-s20-intrans-simple">
        <sentence sentNo="0" aPos="103998" ID="949042">
            <text>These lines are short and do not rhyme . </text>
            <annotationSet cDate="01/07/2003 08:38:03 PST Tue" status="UNANN" ID="1351763">
                <layer rank="1" name="BNC">
                    <label end="4" start="0" name="DT0"/>
                    <label end="10" start="6" name="NN2"/>
                    <label end="14" start="12" name="VBB"/>
                    <label end="20" start="16" name="AJ0"/>
                    <label end="24" start="22" name="CJC"/>
                    <label end="27" start="26" name="VDB"/>
                    <label end="31" start="29" name="XX0"/>
                    <label end="37" start="33" name="VVI"/>
                    <label end="39" start="39" name="PUN"/>
                </layer>
            </annotationSet>
            <annotationSet cDate="01/07/2003 08:38:03 PST Tue" status="MANUAL" ID="1351764">
                <layer rank="1" name="FE">
                    <label cBy="532" feID="3193" end="10" start="0" name="Items"/>
                    <label cBy="153" feID="3195" itype="INI" name="Parameter"/>
                </layer>
                <layer rank="1" name="GF">
                    <label end="10" start="0" name="Ext"/>
                </layer>
                <layer rank="1" name="PT">
                    <label end="10" start="0" name="NP"/>
                </layer>
                <layer rank="1" name="Sent"/>
                <layer rank="1" name="Other"/>
                <layer rank="1" name="Target">
                    <label cBy="103" end="37" start="33" name="Target"/>
                </layer>
                <layer rank="1" name="Verb"/>
            </annotationSet>
        </sentence>
    </subCorpus>
    <subCorpus name="V-900-s20-other"/>
</lexUnit>