<?xml version="1.0" encoding="UTF-8" standalone="yes"?>
<?xml-stylesheet type="text/xsl" href="lexUnit.xsl"?>
<lexUnit status="Finished_Initial" POS="A" name="flaked.a" ID="6201" frame="Ground_up" frameID="357" totalAnnotated="9" xsi:schemaLocation="../schema/lexUnit.xsd" xmlns="http://framenet.icsi.berkeley.edu" xmlns:xsi="http://www.w3.org/2001/XMLSchema-instance">
    <header>
        <frame>
            <FE fgColor="FFFFFF" bgColor="9400D3" type="Extra-Thematic" abbrev="Result" name="Result"/>
            <FE fgColor="FFFFFF" bgColor="0000FF" type="Core" abbrev="Und" name="Undergoer"/>
        </frame>
    </header>
    <definition>FN: having been split into flakes</definition>
    <lexeme POS="A" name="flaked"/>
    <valences>
        <FERealization total="9">
            <FE name="Undergoer"/>
            <pattern total="9">
                <valenceUnit GF="Head" PT="N" FE="Undergoer"/>
                <annoSet ID="1331963"/>
                <annoSet ID="1331965"/>
                <annoSet ID="1331971"/>
                <annoSet ID="1331981"/>
                <annoSet ID="1331987"/>
                <annoSet ID="1331991"/>
                <annoSet ID="1331993"/>
                <annoSet ID="1331997"/>
                <annoSet ID="1332013"/>
            </pattern>
        </FERealization>
        <FEGroupRealization total="9">
            <FE name="Undergoer"/>
            <pattern total="9">
                <valenceUnit GF="Head" PT="N" FE="Undergoer"/>
                <annoSet ID="1331963"/>
                <annoSet ID="1331965"/>
                <annoSet ID="1331971"/>
                <annoSet ID="1331981"/>
                <annoSet ID="1331987"/>
                <annoSet ID="1331991"/>
                <annoSet ID="1331993"/>
                <annoSet ID="1331997"/>
                <annoSet ID="1332013"/>
            </pattern>
        </FEGroupRealization>
    </valences>
    <subCorpus name="A-001-all">
        <sentence sentNo="0" aPos="4164231" ID="939117">
            <text>Stir together the flour , ground cinnamon , grated suet , flaked almonds and orange zest . </text>
            <annotationSet cDate="01/07/2003 08:15:07 PST Tue" status="UNANN" ID="1331962">
                <layer rank="1" name="BNC">
                    <label end="3" start="0" name="VVB"/>
                    <label end="12" start="5" name="AV0"/>
                    <label end="16" start="14" name="AT0"/>
                    <label end="22" start="18" name="NN1"/>
                    <label end="24" start="24" name="PUN"/>
                    <label end="31" start="26" name="AJ0-NN1"/>
                    <label end="40" start="33" name="NN1"/>
                    <label end="42" start="42" name="PUN"/>
                    <label end="49" start="44" name="AJ0-VVD"/>
                    <label end="54" start="51" name="NN1"/>
                    <label end="56" start="56" name="PUN"/>
                    <label end="63" start="58" name="AJ0-VVD"/>
                    <label end="71" start="65" name="NN2"/>
                    <label end="75" start="73" name="CJC"/>
                    <label end="82" start="77" name="AJ0"/>
                    <label end="87" start="84" name="NN1"/>
                    <label end="89" start="89" name="PUN"/>
                </layer>
            </annotationSet>
            <annotationSet cDate="01/07/2003 08:15:07 PST Tue" status="MANUAL" ID="1331963">
                <layer rank="1" name="FE">
                    <label cBy="865" feID="3104" end="71" start="65" name="Undergoer"/>
                </layer>
                <layer rank="1" name="GF">
                    <label end="71" start="65" name="Head"/>
                </layer>
                <layer rank="1" name="PT">
                    <label end="71" start="65" name="N"/>
                </layer>
                <layer rank="1" name="Sent"/>
                <layer rank="1" name="Other"/>
                <layer rank="1" name="Target">
                    <label cBy="103" end="63" start="58" name="Target"/>
                </layer>
                <layer rank="1" name="Adj"/>
            </annotationSet>
        </sentence>
        <sentence sentNo="0" aPos="5718697" ID="939118">
            <text>Serve the salad on a plate with the flaked tuna arranged on top of the beans . </text>
            <annotationSet cDate="01/07/2003 08:15:07 PST Tue" status="UNANN" ID="1331964">
                <layer rank="1" name="BNC">
                    <label end="4" start="0" name="VVB"/>
                    <label end="8" start="6" name="AT0"/>
                    <label end="14" start="10" name="NN1"/>
                    <label end="17" start="16" name="PRP"/>
                    <label end="19" start="19" name="AT0"/>
                    <label end="25" start="21" name="NN1"/>
                    <label end="30" start="27" name="PRP"/>
                    <label end="34" start="32" name="AT0"/>
                    <label end="41" start="36" name="AJ0"/>
                    <label end="46" start="43" name="NN0"/>
                    <label end="55" start="48" name="VVD-VVN"/>
                    <label end="58" start="57" name="PRP"/>
                    <label end="62" start="60" name="PRP"/>
                    <label end="65" start="64" name="PRP"/>
                    <label end="69" start="67" name="AT0"/>
                    <label end="75" start="71" name="NN2"/>
                    <label end="77" start="77" name="PUN"/>
                </layer>
            </annotationSet>
            <annotationSet cDate="01/07/2003 08:15:07 PST Tue" status="MANUAL" ID="1331965">
                <layer rank="1" name="FE">
                    <label cBy="865" feID="3104" end="46" start="43" name="Undergoer"/>
                </layer>
                <layer rank="1" name="GF">
                    <label end="46" start="43" name="Head"/>
                </layer>
                <layer rank="1" name="PT">
                    <label end="46" start="43" name="N"/>
                </layer>
                <layer rank="1" name="Sent"/>
                <layer rank="1" name="Other"/>
                <layer rank="1" name="Target">
                    <label cBy="103" end="41" start="36" name="Target"/>
                </layer>
                <layer rank="1" name="Adj"/>
            </annotationSet>
        </sentence>
        <sentence sentNo="0" aPos="14890990" ID="939121">
            <text>Traditionally , we relied on cereals such as oats , barley , bran and flaked maize , with occasional succulents and mashes . </text>
            <annotationSet cDate="01/07/2003 08:15:07 PST Tue" status="UNANN" ID="1331970">
                <layer rank="1" name="BNC">
                    <label end="12" start="0" name="AV0"/>
                    <label end="14" start="14" name="PUN"/>
                    <label end="17" start="16" name="PNP"/>
                    <label end="24" start="19" name="VVD"/>
                    <label end="27" start="26" name="PRP"/>
                    <label end="35" start="29" name="NN2"/>
                    <label end="40" start="37" name="PRP"/>
                    <label end="43" start="42" name="PRP"/>
                    <label end="48" start="45" name="NN1"/>
                    <label end="50" start="50" name="PUN"/>
                    <label end="57" start="52" name="NN1"/>
                    <label end="59" start="59" name="PUN"/>
                    <label end="64" start="61" name="NN1"/>
                    <label end="68" start="66" name="CJC"/>
                    <label end="75" start="70" name="AJ0-VVD"/>
                    <label end="81" start="77" name="NN1"/>
                    <label end="83" start="83" name="PUN"/>
                    <label end="88" start="85" name="PRP"/>
                    <label end="99" start="90" name="AJ0"/>
                    <label end="110" start="101" name="NN2"/>
                    <label end="114" start="112" name="CJC"/>
                    <label end="121" start="116" name="NN2"/>
                    <label end="123" start="123" name="PUN"/>
                </layer>
            </annotationSet>
            <annotationSet cDate="01/07/2003 08:15:08 PST Tue" status="MANUAL" ID="1331971">
                <layer rank="1" name="FE">
                    <label cBy="865" feID="3104" end="81" start="77" name="Undergoer"/>
                </layer>
                <layer rank="1" name="GF">
                    <label end="81" start="77" name="Head"/>
                </layer>
                <layer rank="1" name="PT">
                    <label end="81" start="77" name="N"/>
                </layer>
                <layer rank="1" name="Sent"/>
                <layer rank="1" name="Other"/>
                <layer rank="1" name="Target">
                    <label cBy="103" end="75" start="70" name="Target"/>
                </layer>
                <layer rank="1" name="Adj"/>
            </annotationSet>
        </sentence>
        <sentence sentNo="0" aPos="23228730" ID="939126">
            <text>Combine all salad ingredients with the flaked tuna . </text>
            <annotationSet cDate="01/07/2003 08:15:08 PST Tue" status="UNANN" ID="1331980">
                <layer rank="1" name="BNC">
                    <label end="6" start="0" name="VVB"/>
                    <label end="10" start="8" name="DT0"/>
                    <label end="16" start="12" name="NN1"/>
                    <label end="28" start="18" name="NN2"/>
                    <label end="33" start="30" name="PRP"/>
                    <label end="37" start="35" name="AT0"/>
                    <label end="44" start="39" name="AJ0"/>
                    <label end="49" start="46" name="NN0"/>
                    <label end="51" start="51" name="PUN"/>
                </layer>
            </annotationSet>
            <annotationSet cDate="01/07/2003 08:15:08 PST Tue" status="MANUAL" ID="1331981">
                <layer rank="1" name="FE">
                    <label cBy="865" feID="3104" end="49" start="46" name="Undergoer"/>
                </layer>
                <layer rank="1" name="GF">
                    <label end="49" start="46" name="Head"/>
                </layer>
                <layer rank="1" name="PT">
                    <label end="49" start="46" name="N"/>
                </layer>
                <layer rank="1" name="Sent"/>
                <layer rank="1" name="Other"/>
                <layer rank="1" name="Target">
                    <label cBy="103" end="44" start="39" name="Target"/>
                </layer>
                <layer rank="1" name="Adj"/>
            </annotationSet>
        </sentence>
        <sentence sentNo="0" aPos="23233148" ID="939129">
            <text>Add the flaked tuna and salt and pepper , then mix with the tortiglioni . </text>
            <annotationSet cDate="01/07/2003 08:15:08 PST Tue" status="UNANN" ID="1331986">
                <layer rank="1" name="BNC">
                    <label end="2" start="0" name="VVB"/>
                    <label end="6" start="4" name="AT0"/>
                    <label end="13" start="8" name="AJ0"/>
                    <label end="18" start="15" name="NN0"/>
                    <label end="22" start="20" name="CJC"/>
                    <label end="27" start="24" name="NN1"/>
                    <label end="31" start="29" name="CJC"/>
                    <label end="38" start="33" name="NN1"/>
                    <label end="40" start="40" name="PUN"/>
                    <label end="45" start="42" name="AV0"/>
                    <label end="49" start="47" name="VVB"/>
                    <label end="54" start="51" name="PRP"/>
                    <label end="58" start="56" name="AT0"/>
                    <label end="70" start="60" name="NN2"/>
                    <label end="72" start="72" name="PUN"/>
                </layer>
            </annotationSet>
            <annotationSet cDate="01/07/2003 08:15:08 PST Tue" status="MANUAL" ID="1331987">
                <layer rank="1" name="FE">
                    <label cBy="865" feID="3104" end="18" start="15" name="Undergoer"/>
                </layer>
                <layer rank="1" name="GF">
                    <label end="18" start="15" name="Head"/>
                </layer>
                <layer rank="1" name="PT">
                    <label end="18" start="15" name="N"/>
                </layer>
                <layer rank="1" name="Sent"/>
                <layer rank="1" name="Other"/>
                <layer rank="1" name="Target">
                    <label cBy="103" end="13" start="8" name="Target"/>
                </layer>
                <layer rank="1" name="Adj"/>
            </annotationSet>
        </sentence>
        <sentence sentNo="0" aPos="24507904" ID="939131">
            <text>The adults take flaked food and live for about six years . </text>
            <annotationSet cDate="01/07/2003 08:15:08 PST Tue" status="UNANN" ID="1331990">
                <layer rank="1" name="BNC">
                    <label end="2" start="0" name="AT0"/>
                    <label end="9" start="4" name="NN2"/>
                    <label end="14" start="11" name="VVB"/>
                    <label end="21" start="16" name="AJ0"/>
                    <label end="26" start="23" name="NN1"/>
                    <label end="30" start="28" name="CJC"/>
                    <label end="35" start="32" name="VVB"/>
                    <label end="39" start="37" name="PRP"/>
                    <label end="45" start="41" name="AV0"/>
                    <label end="49" start="47" name="CRD"/>
                    <label end="55" start="51" name="NN2"/>
                    <label end="57" start="57" name="PUN"/>
                </layer>
            </annotationSet>
            <annotationSet cDate="01/07/2003 08:15:08 PST Tue" status="MANUAL" ID="1331991">
                <layer rank="1" name="FE">
                    <label cBy="865" feID="3104" end="26" start="23" name="Undergoer"/>
                </layer>
                <layer rank="1" name="GF">
                    <label end="26" start="23" name="Head"/>
                </layer>
                <layer rank="1" name="PT">
                    <label end="26" start="23" name="N"/>
                </layer>
                <layer rank="1" name="Sent"/>
                <layer rank="1" name="Other"/>
                <layer rank="1" name="Target">
                    <label cBy="103" end="21" start="16" name="Target"/>
                </layer>
                <layer rank="1" name="Adj"/>
            </annotationSet>
        </sentence>
        <sentence sentNo="0" aPos="24509226" ID="939132">
            <text>Synodontis eupterus , the Feather Fin catfish , grows to 8″ , eats chopped worms , shrimps and bloodworm and enjoys a good quality flaked food . </text>
            <annotationSet cDate="01/07/2003 08:15:08 PST Tue" status="UNANN" ID="1331992">
                <layer rank="1" name="BNC">
                    <label end="9" start="0" name="NN1-NP0"/>
                    <label end="18" start="11" name="NN1"/>
                    <label end="20" start="20" name="PUN"/>
                    <label end="24" start="22" name="AT0"/>
                    <label end="32" start="26" name="NN1-NP0"/>
                    <label end="36" start="34" name="NN1-NP0"/>
                    <label end="44" start="38" name="NN0"/>
                    <label end="46" start="46" name="PUN"/>
                    <label end="52" start="48" name="VVZ"/>
                    <label end="55" start="54" name="PRP"/>
                    <label end="58" start="57" name="UNC"/>
                    <label end="60" start="60" name="PUN"/>
                    <label end="65" start="62" name="VVZ"/>
                    <label end="73" start="67" name="AJ0"/>
                    <label end="79" start="75" name="NN2"/>
                    <label end="81" start="81" name="PUN"/>
                    <label end="89" start="83" name="NN2-VVZ"/>
                    <label end="93" start="91" name="CJC"/>
                    <label end="103" start="95" name="NN1-VVB"/>
                    <label end="107" start="105" name="CJC"/>
                    <label end="114" start="109" name="VVZ"/>
                    <label end="116" start="116" name="AT0"/>
                    <label end="121" start="118" name="AJ0"/>
                    <label end="129" start="123" name="NN1"/>
                    <label end="136" start="131" name="AJ0-VVD"/>
                    <label end="141" start="138" name="NN1"/>
                    <label end="143" start="143" name="PUN"/>
                </layer>
            </annotationSet>
            <annotationSet cDate="01/07/2003 08:15:09 PST Tue" status="MANUAL" ID="1331993">
                <layer rank="1" name="FE">
                    <label cBy="865" feID="3104" end="141" start="138" name="Undergoer"/>
                </layer>
                <layer rank="1" name="GF">
                    <label end="141" start="138" name="Head"/>
                </layer>
                <layer rank="1" name="PT">
                    <label end="141" start="138" name="N"/>
                </layer>
                <layer rank="1" name="Sent"/>
                <layer rank="1" name="Other"/>
                <layer rank="1" name="Target">
                    <label cBy="103" end="136" start="131" name="Target"/>
                </layer>
                <layer rank="1" name="Adj"/>
            </annotationSet>
        </sentence>
        <sentence sentNo="0" aPos="32567743" ID="939134">
            <text>Sprinkle with flaked chocolate and leave in a cool place to set . </text>
            <annotationSet cDate="01/07/2003 08:15:09 PST Tue" status="UNANN" ID="1331996">
                <layer rank="1" name="BNC">
                    <label end="7" start="0" name="NN1-VVB"/>
                    <label end="12" start="9" name="PRP"/>
                    <label end="19" start="14" name="AJ0"/>
                    <label end="29" start="21" name="NN1"/>
                    <label end="33" start="31" name="CJC"/>
                    <label end="39" start="35" name="VVB"/>
                    <label end="42" start="41" name="PRP"/>
                    <label end="44" start="44" name="AT0"/>
                    <label end="49" start="46" name="AJ0"/>
                    <label end="55" start="51" name="NN1"/>
                    <label end="58" start="57" name="TO0"/>
                    <label end="62" start="60" name="VVI"/>
                    <label end="64" start="64" name="PUN"/>
                </layer>
            </annotationSet>
            <annotationSet cDate="01/07/2003 08:15:09 PST Tue" status="MANUAL" ID="1331997">
                <layer rank="1" name="FE">
                    <label cBy="865" feID="3104" end="29" start="21" name="Undergoer"/>
                </layer>
                <layer rank="1" name="GF">
                    <label end="29" start="21" name="Head"/>
                </layer>
                <layer rank="1" name="PT">
                    <label end="29" start="21" name="N"/>
                </layer>
                <layer rank="1" name="Sent"/>
                <layer rank="1" name="Other"/>
                <layer rank="1" name="Target">
                    <label cBy="103" end="19" start="14" name="Target"/>
                </layer>
                <layer rank="1" name="Adj"/>
            </annotationSet>
        </sentence>
        <sentence sentNo="0" aPos="46384480" ID="939142">
            <text>Meanwhile , grill the flaked almonds until golden ; cool and roughly chop . </text>
            <annotationSet cDate="01/07/2003 08:15:09 PST Tue" status="UNANN" ID="1332012">
                <layer rank="1" name="BNC">
                    <label end="8" start="0" name="AV0"/>
                    <label end="10" start="10" name="PUN"/>
                    <label end="16" start="12" name="VVB"/>
                    <label end="20" start="18" name="AT0"/>
                    <label end="27" start="22" name="AJ0"/>
                    <label end="35" start="29" name="NN2"/>
                    <label end="41" start="37" name="CJS-PRP"/>
                    <label end="48" start="43" name="AJ0"/>
                    <label end="50" start="50" name="PUN"/>
                    <label end="55" start="52" name="AJ0-AV0"/>
                    <label end="59" start="57" name="CJC"/>
                    <label end="67" start="61" name="AV0"/>
                    <label end="72" start="69" name="NN1-VVB"/>
                    <label end="74" start="74" name="PUN"/>
                </layer>
            </annotationSet>
            <annotationSet cDate="01/07/2003 08:15:10 PST Tue" status="MANUAL" ID="1332013">
                <layer rank="1" name="FE">
                    <label cBy="865" feID="3104" end="35" start="29" name="Undergoer"/>
                </layer>
                <layer rank="1" name="GF">
                    <label end="35" start="29" name="Head"/>
                </layer>
                <layer rank="1" name="PT">
                    <label end="35" start="29" name="N"/>
                </layer>
                <layer rank="1" name="Sent"/>
                <layer rank="1" name="Other"/>
                <layer rank="1" name="Target">
                    <label cBy="103" end="27" start="22" name="Target"/>
                </layer>
                <layer rank="1" name="Adj"/>
            </annotationSet>
        </sentence>
    </subCorpus>
</lexUnit>