<?xml version="1.0" encoding="UTF-8" standalone="yes"?>
<?xml-stylesheet type="text/xsl" href="lexUnit.xsl"?>
<lexUnit status="Finished_Initial" POS="V" name="soar.v" ID="6265" frame="Motion" frameID="7" totalAnnotated="8" xsi:schemaLocation="../schema/lexUnit.xsd" xmlns="http://framenet.icsi.berkeley.edu" xmlns:xsi="http://www.w3.org/2001/XMLSchema-instance">
    <header>
        <frame>
            <FE fgColor="FFFFFF" bgColor="A52A2A" type="Core" abbrev="Area" name="Area"/>
            <FE fgColor="FFFFFF" bgColor="00008B" type="Extra-Thematic" abbrev="Car" name="Carrier"/>
            <FE fgColor="000000" bgColor="9F79EE" type="Extra-Thematic" abbrev="con" name="Containing_event"/>
            <FE fgColor="FFFFFF" bgColor="FF69B4" type="Extra-Thematic" abbrev="Degr" name="Degree"/>
            <FE fgColor="FFFFFF" bgColor="9400D3" type="Extra-Thematic" abbrev="Dep" name="Depictive"/>
            <FE fgColor="FFFFFF" bgColor="A9A9A9" type="Core" abbrev="" name="Direction"/>
            <FE fgColor="FFFFFF" bgColor="808080" type="Core" abbrev="Dist" name="Distance"/>
            <FE fgColor="FFFFFF" bgColor="2E8B57" type="Peripheral" abbrev="Dur" name="Duration"/>
            <FE fgColor="000000" bgColor="EEE8AA" type="Extra-Thematic" abbrev="" name="Frequency"/>
            <FE fgColor="FFFFFF" bgColor="FF0000" type="Core" abbrev="Goal" name="Goal"/>
            <FE fgColor="00008B" bgColor="FFFF00" type="Extra-Thematic" abbrev="" name="Iteration"/>
            <FE fgColor="FFFFFF" bgColor="FF00FF" type="Peripheral" abbrev="Manr" name="Manner"/>
            <FE fgColor="FFFFFF" bgColor="0000FF" type="Core" abbrev="Path" name="Path"/>
            <FE fgColor="000000" bgColor="00BFFF" type="Extra-Thematic" abbrev="sha" name="Path_shape"/>
            <FE fgColor="FFFFFF" bgColor="008000" type="Peripheral" abbrev="" name="Place"/>
            <FE fgColor="FFFFFF" bgColor="7CCD7C" type="Extra-Thematic" abbrev="pur" name="Purpose"/>
            <FE fgColor="FFFFFF" bgColor="9F79EE" type="Extra-Thematic" abbrev="Result" name="Result"/>
            <FE fgColor="FFFFFF" bgColor="1E90FF" type="Core" abbrev="Src" name="Source"/>
            <FE fgColor="FFFFFF" bgColor="00BFFF" type="Peripheral" abbrev="Spd" name="Speed"/>
            <FE fgColor="FFFFFF" bgColor="800080" type="Core" abbrev="Thm" name="Theme"/>
            <FE fgColor="FFFFFF" bgColor="FFA500" type="Peripheral" abbrev="Time" name="Time"/>
        </frame>
    </header>
    <definition>COD: glide high in the air. </definition>
    <lexeme POS="V" name="soar"/>
    <valences>
        <FERealization total="1">
            <FE name="Area"/>
            <pattern total="1">
                <valenceUnit GF="Dep" PT="AVP" FE="Area"/>
                <annoSet ID="1375308"/>
            </pattern>
        </FERealization>
        <FERealization total="2">
            <FE name="Depictive"/>
            <pattern total="2">
                <valenceUnit GF="Dep" PT="AVP" FE="Depictive"/>
                <annoSet ID="1375296"/>
                <annoSet ID="1375298"/>
            </pattern>
        </FERealization>
        <FERealization total="3">
            <FE name="Goal"/>
            <pattern total="3">
                <valenceUnit GF="Dep" PT="PP[into]" FE="Goal"/>
                <annoSet ID="1375090"/>
                <annoSet ID="1375092"/>
                <annoSet ID="1375096"/>
            </pattern>
        </FERealization>
        <FERealization total="1">
            <FE name="Manner"/>
            <pattern total="1">
                <valenceUnit GF="Dep" PT="PP[like]" FE="Manner"/>
                <annoSet ID="1374998"/>
            </pattern>
        </FERealization>
        <FERealization total="4">
            <FE name="Path"/>
            <pattern total="2">
                <valenceUnit GF="" PT="INI" FE="Path"/>
                <annoSet ID="1375296"/>
                <annoSet ID="1375298"/>
            </pattern>
            <pattern total="1">
                <valenceUnit GF="Obj" PT="NP" FE="Path"/>
                <annoSet ID="1374998"/>
            </pattern>
            <pattern total="1">
                <valenceUnit GF="Dep" PT="AVP" FE="Path"/>
                <annoSet ID="1375302"/>
            </pattern>
        </FERealization>
        <FERealization total="8">
            <FE name="Theme"/>
            <pattern total="8">
                <valenceUnit GF="Ext" PT="NP" FE="Theme"/>
                <annoSet ID="1374998"/>
                <annoSet ID="1375090"/>
                <annoSet ID="1375092"/>
                <annoSet ID="1375096"/>
                <annoSet ID="1375296"/>
                <annoSet ID="1375298"/>
                <annoSet ID="1375302"/>
                <annoSet ID="1375308"/>
            </pattern>
        </FERealization>
        <FEGroupRealization total="1">
            <FE name="Area"/>
            <FE name="Theme"/>
            <pattern total="1">
                <valenceUnit GF="Dep" PT="AVP" FE="Area"/>
                <valenceUnit GF="Ext" PT="NP" FE="Theme"/>
                <annoSet ID="1375308"/>
            </pattern>
        </FEGroupRealization>
        <FEGroupRealization total="2">
            <FE name="Depictive"/>
            <FE name="Path"/>
            <FE name="Theme"/>
            <pattern total="2">
                <valenceUnit GF="Dep" PT="AVP" FE="Depictive"/>
                <valenceUnit GF="" PT="INI" FE="Path"/>
                <valenceUnit GF="Ext" PT="NP" FE="Theme"/>
                <annoSet ID="1375296"/>
                <annoSet ID="1375298"/>
            </pattern>
        </FEGroupRealization>
        <FEGroupRealization total="3">
            <FE name="Goal"/>
            <FE name="Theme"/>
            <pattern total="3">
                <valenceUnit GF="Dep" PT="PP[into]" FE="Goal"/>
                <valenceUnit GF="Ext" PT="NP" FE="Theme"/>
                <annoSet ID="1375090"/>
                <annoSet ID="1375092"/>
                <annoSet ID="1375096"/>
            </pattern>
        </FEGroupRealization>
        <FEGroupRealization total="1">
            <FE name="Manner"/>
            <FE name="Path"/>
            <FE name="Theme"/>
            <pattern total="1">
                <valenceUnit GF="Dep" PT="PP[like]" FE="Manner"/>
                <valenceUnit GF="Obj" PT="NP" FE="Path"/>
                <valenceUnit GF="Ext" PT="NP" FE="Theme"/>
                <annoSet ID="1374998"/>
            </pattern>
        </FEGroupRealization>
        <FEGroupRealization total="1">
            <FE name="Path"/>
            <FE name="Theme"/>
            <pattern total="1">
                <valenceUnit GF="Dep" PT="AVP" FE="Path"/>
                <valenceUnit GF="Ext" PT="NP" FE="Theme"/>
                <annoSet ID="1375302"/>
            </pattern>
        </FEGroupRealization>
    </valences>
    <subCorpus name="V-680-s20-pass"/>
    <subCorpus name="V-710-s20-adverbupward">
        <sentence sentNo="0" aPos="16287014" ID="961063">
            <text>The broomstick dipped its twiggy end and soared upward like a rocket . </text>
            <annotationSet cDate="01/07/2003 09:03:48 PST Tue" status="UNANN" ID="1374997">
                <layer rank="1" name="BNC">
                    <label end="2" start="0" name="AT0"/>
                    <label end="13" start="4" name="NN1"/>
                    <label end="20" start="15" name="VVD"/>
                    <label end="24" start="22" name="DPS"/>
                    <label end="31" start="26" name="AJ0"/>
                    <label end="35" start="33" name="NN1"/>
                    <label end="39" start="37" name="CJC"/>
                    <label end="46" start="41" name="VVD"/>
                    <label end="53" start="48" name="AJ0-AV0"/>
                    <label end="58" start="55" name="PRP"/>
                    <label end="60" start="60" name="AT0"/>
                    <label end="67" start="62" name="NN1"/>
                    <label end="69" start="69" name="PUN"/>
                </layer>
            </annotationSet>
            <annotationSet cDate="01/07/2003 09:03:48 PST Tue" status="MANUAL" ID="1374998">
                <layer rank="1" name="FE">
                    <label cBy="618" feID="26" end="13" start="0" name="Theme"/>
                    <label cBy="618" feID="28" end="53" start="48" name="Path"/>
                    <label cBy="618" feID="3092" end="67" start="55" name="Manner"/>
                </layer>
                <layer rank="1" name="GF">
                    <label end="13" start="0" name="Ext"/>
                    <label end="53" start="48" name="Obj"/>
                    <label end="67" start="55" name="Dep"/>
                </layer>
                <layer rank="1" name="PT">
                    <label end="13" start="0" name="NP"/>
                    <label end="53" start="48" name="NP"/>
                    <label end="67" start="55" name="PP"/>
                </layer>
                <layer rank="1" name="Sent"/>
                <layer rank="1" name="Other"/>
                <layer rank="1" name="Target">
                    <label cBy="103" end="46" start="41" name="Target"/>
                </layer>
                <layer rank="1" name="Verb"/>
            </annotationSet>
        </sentence>
    </subCorpus>
    <subCorpus name="V-730-s20-ppabove"/>
    <subCorpus name="V-730-s20-ppin"/>
    <subCorpus name="V-730-s20-ppinto">
        <sentence sentNo="0" aPos="65596708" ID="961109">
            <text>Thwack -- the ball soared into the air and dropped into the nearest empty hole . </text>
            <annotationSet cDate="01/07/2003 09:03:54 PST Tue" status="UNANN" ID="1375089">
                <layer rank="1" name="BNC">
                    <label end="5" start="0" name="NN1-NP0"/>
                    <label end="8" start="7" name="PUN"/>
                    <label end="12" start="10" name="AT0"/>
                    <label end="17" start="14" name="NN1"/>
                    <label end="24" start="19" name="VVD-VVN"/>
                    <label end="29" start="26" name="PRP"/>
                    <label end="33" start="31" name="AT0"/>
                    <label end="37" start="35" name="NN1"/>
                    <label end="41" start="39" name="CJC"/>
                    <label end="49" start="43" name="VVD-VVN"/>
                    <label end="54" start="51" name="PRP"/>
                    <label end="58" start="56" name="AT0"/>
                    <label end="66" start="60" name="AJS"/>
                    <label end="72" start="68" name="AJ0"/>
                    <label end="77" start="74" name="NN1"/>
                    <label end="79" start="79" name="PUN"/>
                </layer>
            </annotationSet>
            <annotationSet cDate="01/07/2003 09:03:54 PST Tue" status="MANUAL" ID="1375090">
                <layer rank="1" name="FE">
                    <label cBy="618" feID="26" end="17" start="10" name="Theme"/>
                    <label cBy="618" feID="29" end="37" start="26" name="Goal"/>
                </layer>
                <layer rank="1" name="GF">
                    <label end="17" start="10" name="Ext"/>
                    <label end="37" start="26" name="Dep"/>
                </layer>
                <layer rank="1" name="PT">
                    <label end="17" start="10" name="NP"/>
                    <label end="37" start="26" name="PP"/>
                </layer>
                <layer rank="1" name="Sent"/>
                <layer rank="1" name="Other"/>
                <layer rank="1" name="Target">
                    <label cBy="103" end="24" start="19" name="Target"/>
                </layer>
                <layer rank="1" name="Verb"/>
            </annotationSet>
        </sentence>
        <sentence sentNo="0" aPos="33449057" ID="961110">
            <text>It soared into the air . </text>
            <annotationSet cDate="01/07/2003 09:03:54 PST Tue" status="UNANN" ID="1375091">
                <layer rank="1" name="BNC">
                    <label end="1" start="0" name="PNP"/>
                    <label end="8" start="3" name="VVD"/>
                    <label end="13" start="10" name="PRP"/>
                    <label end="17" start="15" name="AT0"/>
                    <label end="21" start="19" name="NN1"/>
                    <label end="23" start="23" name="PUN"/>
                </layer>
            </annotationSet>
            <annotationSet cDate="01/07/2003 09:03:54 PST Tue" status="MANUAL" ID="1375092">
                <layer rank="1" name="FE">
                    <label cBy="618" feID="26" end="1" start="0" name="Theme"/>
                    <label cBy="618" feID="29" end="21" start="10" name="Goal"/>
                </layer>
                <layer rank="1" name="GF">
                    <label end="1" start="0" name="Ext"/>
                    <label end="21" start="10" name="Dep"/>
                </layer>
                <layer rank="1" name="PT">
                    <label end="1" start="0" name="NP"/>
                    <label end="21" start="10" name="PP"/>
                </layer>
                <layer rank="1" name="Sent"/>
                <layer rank="1" name="Other"/>
                <layer rank="1" name="Target">
                    <label cBy="103" end="8" start="3" name="Target"/>
                </layer>
                <layer rank="1" name="Verb"/>
            </annotationSet>
        </sentence>
        <sentence sentNo="0" aPos="90767581" ID="961112">
            <text>As Blake lay on the floor , he watched the arrows soaring into the air , about a hundred yards away , and then falling towards their target . </text>
            <annotationSet cDate="01/07/2003 09:03:55 PST Tue" status="UNANN" ID="1375095">
                <layer rank="1" name="BNC">
                    <label end="1" start="0" name="CJS"/>
                    <label end="7" start="3" name="NP0"/>
                    <label end="11" start="9" name="VVD"/>
                    <label end="14" start="13" name="PRP"/>
                    <label end="18" start="16" name="AT0"/>
                    <label end="24" start="20" name="NN1"/>
                    <label end="26" start="26" name="PUN"/>
                    <label end="29" start="28" name="PNP"/>
                    <label end="37" start="31" name="VVD"/>
                    <label end="41" start="39" name="AT0"/>
                    <label end="48" start="43" name="NN2"/>
                    <label end="56" start="50" name="VVG"/>
                    <label end="61" start="58" name="PRP"/>
                    <label end="65" start="63" name="AT0"/>
                    <label end="69" start="67" name="NN1"/>
                    <label end="71" start="71" name="PUN"/>
                    <label end="77" start="73" name="AV0"/>
                    <label end="79" start="79" name="AT0"/>
                    <label end="87" start="81" name="CRD"/>
                    <label end="93" start="89" name="NN2"/>
                    <label end="98" start="95" name="AV0"/>
                    <label end="100" start="100" name="PUN"/>
                    <label end="104" start="102" name="CJC"/>
                    <label end="109" start="106" name="AV0"/>
                    <label end="117" start="111" name="VVG"/>
                    <label end="125" start="119" name="PRP"/>
                    <label end="131" start="127" name="DPS"/>
                    <label end="138" start="133" name="NN1"/>
                    <label end="140" start="140" name="PUN"/>
                </layer>
            </annotationSet>
            <annotationSet cDate="01/07/2003 09:03:55 PST Tue" status="MANUAL" ID="1375096">
                <layer rank="1" name="FE">
                    <label cBy="618" feID="26" end="48" start="39" name="Theme"/>
                    <label cBy="618" feID="29" end="69" start="58" name="Goal"/>
                </layer>
                <layer rank="1" name="GF">
                    <label end="48" start="39" name="Ext"/>
                    <label end="69" start="58" name="Dep"/>
                </layer>
                <layer rank="1" name="PT">
                    <label end="48" start="39" name="NP"/>
                    <label end="69" start="58" name="PP"/>
                </layer>
                <layer rank="1" name="Sent"/>
                <layer rank="1" name="Other"/>
                <layer rank="1" name="Target">
                    <label cBy="103" end="56" start="50" name="Target"/>
                </layer>
                <layer rank="1" name="Verb"/>
            </annotationSet>
        </sentence>
    </subCorpus>
    <subCorpus name="V-730-s20-ppover"/>
    <subCorpus name="V-730-s20-ppthrough"/>
    <subCorpus name="V-730-s20-ppto"/>
    <subCorpus name="V-780-s20-ppother"/>
    <subCorpus name="V-810-s20-pother"/>
    <subCorpus name="V-880-s20-intrans-simple"/>
    <subCorpus name="V-890-s20-intrans-adverb">
        <sentence sentNo="0" aPos="83674952" ID="961212">
            <text>The hooked missile soared aloft , the rope snaking after it as the loose coils flicked rapidly from Grant 's left hand . </text>
            <annotationSet cDate="01/07/2003 09:04:08 PST Tue" status="UNANN" ID="1375295">
                <layer rank="1" name="BNC">
                    <label end="2" start="0" name="AT0"/>
                    <label end="9" start="4" name="AJ0"/>
                    <label end="17" start="11" name="NN1"/>
                    <label end="24" start="19" name="VVD"/>
                    <label end="30" start="26" name="AV0"/>
                    <label end="32" start="32" name="PUN"/>
                    <label end="36" start="34" name="AT0"/>
                    <label end="41" start="38" name="NN1"/>
                    <label end="49" start="43" name="VVG"/>
                    <label end="55" start="51" name="CJS"/>
                    <label end="58" start="57" name="PNP"/>
                    <label end="61" start="60" name="CJS-PRP"/>
                    <label end="65" start="63" name="AT0"/>
                    <label end="71" start="67" name="AJ0"/>
                    <label end="77" start="73" name="NN2"/>
                    <label end="85" start="79" name="VVD"/>
                    <label end="93" start="87" name="AV0"/>
                    <label end="98" start="95" name="PRP"/>
                    <label end="104" start="100" name="NP0"/>
                    <label end="107" start="106" name="POS"/>
                    <label end="112" start="109" name="AJ0"/>
                    <label end="117" start="114" name="NN1"/>
                    <label end="119" start="119" name="PUN"/>
                </layer>
            </annotationSet>
            <annotationSet cDate="01/07/2003 09:04:08 PST Tue" status="MANUAL" ID="1375296">
                <layer rank="1" name="FE">
                    <label cBy="618" feID="26" end="17" start="0" name="Theme"/>
                    <label cBy="618" feID="3317" end="30" start="26" name="Depictive"/>
                    <label cBy="296" feID="28" itype="INI" name="Path"/>
                </layer>
                <layer rank="1" name="GF">
                    <label end="17" start="0" name="Ext"/>
                    <label end="30" start="26" name="Dep"/>
                </layer>
                <layer rank="1" name="PT">
                    <label end="17" start="0" name="NP"/>
                    <label end="30" start="26" name="AVP"/>
                </layer>
                <layer rank="1" name="Sent"/>
                <layer rank="1" name="Other"/>
                <layer rank="1" name="Target">
                    <label cBy="103" end="24" start="19" name="Target"/>
                </layer>
                <layer rank="1" name="Verb"/>
            </annotationSet>
        </sentence>
        <sentence sentNo="0" aPos="25483873" ID="961213">
            <text>If all is well , the flyer is rewarded with an upward , arcing sweep of the kite through 60 degrees of line angle , and joy begins as it soars aloft , dancing with the elements . </text>
            <annotationSet cDate="01/07/2003 09:04:08 PST Tue" status="UNANN" ID="1375297">
                <layer rank="1" name="BNC">
                    <label end="1" start="0" name="CJS"/>
                    <label end="5" start="3" name="DT0"/>
                    <label end="8" start="7" name="VBZ"/>
                    <label end="13" start="10" name="AV0"/>
                    <label end="15" start="15" name="PUN"/>
                    <label end="19" start="17" name="AT0"/>
                    <label end="25" start="21" name="NN1"/>
                    <label end="28" start="27" name="VBZ"/>
                    <label end="37" start="30" name="VVN"/>
                    <label end="42" start="39" name="PRP"/>
                    <label end="45" start="44" name="AT0"/>
                    <label end="52" start="47" name="AJ0"/>
                    <label end="54" start="54" name="PUN"/>
                    <label end="61" start="56" name="AJ0-VVG"/>
                    <label end="67" start="63" name="NN1"/>
                    <label end="70" start="69" name="PRF"/>
                    <label end="74" start="72" name="AT0"/>
                    <label end="79" start="76" name="NN1"/>
                    <label end="87" start="81" name="PRP"/>
                    <label end="90" start="89" name="CRD"/>
                    <label end="98" start="92" name="NN2"/>
                    <label end="101" start="100" name="PRF"/>
                    <label end="106" start="103" name="NN1"/>
                    <label end="112" start="108" name="NN1"/>
                    <label end="114" start="114" name="PUN"/>
                    <label end="118" start="116" name="CJC"/>
                    <label end="122" start="120" name="NN1"/>
                    <label end="129" start="124" name="VVZ"/>
                    <label end="132" start="131" name="CJS"/>
                    <label end="135" start="134" name="PNP"/>
                    <label end="141" start="137" name="VVZ"/>
                    <label end="147" start="143" name="AV0"/>
                    <label end="149" start="149" name="PUN"/>
                    <label end="157" start="151" name="VVG"/>
                    <label end="162" start="159" name="PRP"/>
                    <label end="166" start="164" name="AT0"/>
                    <label end="175" start="168" name="NN2"/>
                    <label end="177" start="177" name="PUN"/>
                </layer>
            </annotationSet>
            <annotationSet cDate="01/07/2003 09:04:08 PST Tue" status="MANUAL" ID="1375298">
                <layer rank="1" name="FE">
                    <label cBy="618" feID="26" end="135" start="134" name="Theme"/>
                    <label cBy="618" feID="3317" end="147" start="143" name="Depictive"/>
                    <label cBy="296" feID="28" itype="INI" name="Path"/>
                </layer>
                <layer rank="1" name="GF">
                    <label end="135" start="134" name="Ext"/>
                    <label end="147" start="143" name="Dep"/>
                </layer>
                <layer rank="1" name="PT">
                    <label end="135" start="134" name="NP"/>
                    <label end="147" start="143" name="AVP"/>
                </layer>
                <layer rank="1" name="Sent"/>
                <layer rank="1" name="Other"/>
                <layer rank="1" name="Target">
                    <label cBy="103" end="141" start="137" name="Target"/>
                </layer>
                <layer rank="1" name="Verb"/>
            </annotationSet>
        </sentence>
        <sentence sentNo="0" aPos="104720594" ID="961215">
            <text>Strangely , as they soar ever upwards , the balloons take on a mushroom-shape as if there 's been a nuclear explosion beneath . </text>
            <annotationSet cDate="01/07/2003 09:04:08 PST Tue" status="UNANN" ID="1375301">
                <layer rank="1" name="BNC">
                    <label end="8" start="0" name="AV0"/>
                    <label end="10" start="10" name="PUN"/>
                    <label end="13" start="12" name="CJS"/>
                    <label end="18" start="15" name="PNP"/>
                    <label end="23" start="20" name="VVB"/>
                    <label end="28" start="25" name="AV0"/>
                    <label end="36" start="30" name="AV0"/>
                    <label end="38" start="38" name="PUN"/>
                    <label end="42" start="40" name="AT0"/>
                    <label end="51" start="44" name="NN2"/>
                    <label end="56" start="53" name="VVB"/>
                    <label end="59" start="58" name="PRP"/>
                    <label end="61" start="61" name="AT0"/>
                    <label end="76" start="63" name="AJ0-NN1"/>
                    <label end="79" start="78" name="CJS"/>
                    <label end="82" start="81" name="CJS"/>
                    <label end="88" start="84" name="EX0"/>
                    <label end="91" start="90" name="VHZ"/>
                    <label end="96" start="93" name="VBN"/>
                    <label end="98" start="98" name="AT0"/>
                    <label end="106" start="100" name="AJ0"/>
                    <label end="116" start="108" name="NN1"/>
                    <label end="124" start="118" name="PRP"/>
                    <label end="126" start="126" name="PUN"/>
                </layer>
            </annotationSet>
            <annotationSet cDate="01/07/2003 09:04:08 PST Tue" status="MANUAL" ID="1375302">
                <layer rank="1" name="FE">
                    <label cBy="618" feID="26" end="18" start="15" name="Theme"/>
                    <label cBy="618" feID="28" end="36" start="25" name="Path"/>
                </layer>
                <layer rank="1" name="GF">
                    <label end="18" start="15" name="Ext"/>
                    <label end="36" start="25" name="Dep"/>
                </layer>
                <layer rank="1" name="PT">
                    <label end="18" start="15" name="NP"/>
                    <label end="36" start="25" name="AVP"/>
                </layer>
                <layer rank="1" name="Sent"/>
                <layer rank="1" name="Other"/>
                <layer rank="1" name="Target">
                    <label cBy="103" end="23" start="20" name="Target"/>
                </layer>
                <layer rank="1" name="Verb"/>
            </annotationSet>
        </sentence>
        <sentence sentNo="0" aPos="25497417" ID="961218">
            <text>Our preference is to have the lines so matched that , when the two handles are held together , the stunt kite soars overhead and is as stable as a single line kite . </text>
            <annotationSet cDate="01/07/2003 09:04:09 PST Tue" status="UNANN" ID="1375307">
                <layer rank="1" name="BNC">
                    <label end="2" start="0" name="DPS"/>
                    <label end="13" start="4" name="NN1"/>
                    <label end="16" start="15" name="VBZ"/>
                    <label end="19" start="18" name="TO0"/>
                    <label end="24" start="21" name="VHI"/>
                    <label end="28" start="26" name="AT0"/>
                    <label end="34" start="30" name="NN2"/>
                    <label end="37" start="36" name="AV0"/>
                    <label end="45" start="39" name="VVD-VVN"/>
                    <label end="50" start="47" name="CJT-DT0"/>
                    <label end="52" start="52" name="PUN"/>
                    <label end="57" start="54" name="AVQ-CJS"/>
                    <label end="61" start="59" name="AT0"/>
                    <label end="65" start="63" name="CRD"/>
                    <label end="73" start="67" name="NN2"/>
                    <label end="77" start="75" name="VBB"/>
                    <label end="82" start="79" name="VVN"/>
                    <label end="91" start="84" name="AV0"/>
                    <label end="93" start="93" name="PUN"/>
                    <label end="97" start="95" name="AT0"/>
                    <label end="103" start="99" name="NN1"/>
                    <label end="108" start="105" name="NN1"/>
                    <label end="114" start="110" name="VVZ"/>
                    <label end="123" start="116" name="AJ0-AV0"/>
                    <label end="127" start="125" name="CJC"/>
                    <label end="130" start="129" name="VBZ"/>
                    <label end="133" start="132" name="AV0"/>
                    <label end="140" start="135" name="AJ0"/>
                    <label end="143" start="142" name="CJS"/>
                    <label end="145" start="145" name="AT0"/>
                    <label end="152" start="147" name="AJ0"/>
                    <label end="157" start="154" name="NN1"/>
                    <label end="162" start="159" name="NN1"/>
                    <label end="164" start="164" name="PUN"/>
                </layer>
            </annotationSet>
            <annotationSet cDate="01/07/2003 09:04:09 PST Tue" status="MANUAL" ID="1375308">
                <layer rank="1" name="FE">
                    <label cBy="618" feID="26" end="108" start="95" name="Theme"/>
                    <label cBy="618" feID="30" end="123" start="116" name="Area"/>
                </layer>
                <layer rank="1" name="GF">
                    <label end="108" start="95" name="Ext"/>
                    <label end="123" start="116" name="Dep"/>
                </layer>
                <layer rank="1" name="PT">
                    <label end="108" start="95" name="NP"/>
                    <label end="123" start="116" name="AVP"/>
                </layer>
                <layer rank="1" name="Sent"/>
                <layer rank="1" name="Other"/>
                <layer rank="1" name="Target">
                    <label cBy="103" end="114" start="110" name="Target"/>
                </layer>
                <layer rank="1" name="Verb"/>
            </annotationSet>
        </sentence>
    </subCorpus>
    <subCorpus name="V-900-s20-other"/>
</lexUnit>