<?xml version="1.0" encoding="UTF-8" standalone="yes"?>
<?xml-stylesheet type="text/xsl" href="lexUnit.xsl"?>
<lexUnit status="Finished_Initial" POS="V" name="issue.v" ID="6245" frame="Emanating" frameID="361" totalAnnotated="14" xsi:schemaLocation="../schema/lexUnit.xsd" xmlns="http://framenet.icsi.berkeley.edu" xmlns:xsi="http://www.w3.org/2001/XMLSchema-instance">
    <header>
        <frame>
            <FE fgColor="FFFFFF" bgColor="7CCD73" type="Peripheral" abbrev="Area" name="Area"/>
            <FE fgColor="FFFFFF" bgColor="00008B" type="Peripheral" abbrev="Car" name="Carrier"/>
            <FE fgColor="FFFFFF" bgColor="FF69B4" type="Peripheral" abbrev="Degr" name="Degree"/>
            <FE fgColor="FF0000" bgColor="EEE8AA" type="Extra-Thematic" abbrev="Dep" name="Depictive"/>
            <FE fgColor="006400" bgColor="FFFF00" type="Peripheral" abbrev="Dist" name="Distance"/>
            <FE fgColor="FFFFFF" bgColor="A52A2A" type="Peripheral" abbrev="Dur" name="Duration"/>
            <FE fgColor="FFFFFF" bgColor="0000FF" type="Core" abbrev="Emission" name="Emission"/>
            <FE fgColor="FFFFFF" bgColor="9400D3" type="Extra-Thematic" abbrev="Form" name="Form"/>
            <FE fgColor="FFFFFF" bgColor="00BFFF" type="Peripheral" abbrev="Goal" name="Goal"/>
            <FE fgColor="FFFFFF" bgColor="FF00FF" type="Peripheral" abbrev="Mnr" name="Manner"/>
            <FE fgColor="FFFFFF" bgColor="1E90FF" type="Peripheral" abbrev="Path" name="Path"/>
            <FE fgColor="FFFFFF" bgColor="9F79EE" type="Extra-Thematic" abbrev="Result" name="Result"/>
            <FE fgColor="FFFFFF" bgColor="006400" type="Core" abbrev="Src" name="Source"/>
            <FE fgColor="FFFFFF" bgColor="800080" type="Peripheral" abbrev="Spd" name="Speed"/>
            <FE fgColor="FFFFFF" bgColor="FFA500" type="Peripheral" abbrev="Time" name="Time"/>
        </frame>
    </header>
    <definition>COD:  flow out from. </definition>
    <lexeme POS="V" name="issue"/>
    <valences>
        <FERealization total="14">
            <FE name="Emission"/>
            <pattern total="14">
                <valenceUnit GF="Ext" PT="NP" FE="Emission"/>
                <annoSet ID="1349526"/>
                <annoSet ID="1349530"/>
                <annoSet ID="1349536"/>
                <annoSet ID="1349648"/>
                <annoSet ID="1349656"/>
                <annoSet ID="1349698"/>
                <annoSet ID="1349700"/>
                <annoSet ID="1349710"/>
                <annoSet ID="1349720"/>
                <annoSet ID="1349738"/>
                <annoSet ID="1349744"/>
                <annoSet ID="1349756"/>
                <annoSet ID="1349766"/>
                <annoSet ID="1349824"/>
            </pattern>
        </FERealization>
        <FERealization total="2">
            <FE name="Form"/>
            <pattern total="2">
                <valenceUnit GF="Dep" PT="PP[in]" FE="Form"/>
                <annoSet ID="1349648"/>
                <annoSet ID="1349656"/>
            </pattern>
        </FERealization>
        <FERealization total="1">
            <FE name="Manner"/>
            <pattern total="1">
                <valenceUnit GF="Dep" PT="PP[like]" FE="Manner"/>
                <annoSet ID="1349744"/>
            </pattern>
        </FERealization>
        <FERealization total="14">
            <FE name="Source"/>
            <pattern total="12">
                <valenceUnit GF="Dep" PT="PP[from]" FE="Source"/>
                <annoSet ID="1349526"/>
                <annoSet ID="1349530"/>
                <annoSet ID="1349536"/>
                <annoSet ID="1349698"/>
                <annoSet ID="1349700"/>
                <annoSet ID="1349710"/>
                <annoSet ID="1349720"/>
                <annoSet ID="1349738"/>
                <annoSet ID="1349744"/>
                <annoSet ID="1349756"/>
                <annoSet ID="1349766"/>
                <annoSet ID="1349824"/>
            </pattern>
            <pattern total="2">
                <valenceUnit GF="Dep" PT="AVP" FE="Source"/>
                <annoSet ID="1349656"/>
                <annoSet ID="1349756"/>
            </pattern>
            <pattern total="1">
                <valenceUnit GF="" PT="DNI" FE="Source"/>
                <annoSet ID="1349648"/>
            </pattern>
        </FERealization>
        <FERealization total="2">
            <FE name="Time"/>
            <pattern total="1">
                <valenceUnit GF="Dep" PT="AVP" FE="Time"/>
                <annoSet ID="1349756"/>
            </pattern>
            <pattern total="1">
                <valenceUnit GF="Dep" PT="Sinterrog" FE="Time"/>
                <annoSet ID="1349824"/>
            </pattern>
        </FERealization>
        <FEGroupRealization total="1">
            <FE name="Emission"/>
            <FE name="Emission"/>
            <FE name="Source"/>
            <pattern total="1">
                <valenceUnit GF="Ext" PT="NP" FE="Emission"/>
                <valenceUnit GF="Ext" PT="NP" FE="Emission"/>
                <valenceUnit GF="Dep" PT="PP[from]" FE="Source"/>
                <annoSet ID="1349720"/>
            </pattern>
        </FEGroupRealization>
        <FEGroupRealization total="2">
            <FE name="Emission"/>
            <FE name="Form"/>
            <FE name="Source"/>
            <pattern total="1">
                <valenceUnit GF="Ext" PT="NP" FE="Emission"/>
                <valenceUnit GF="Dep" PT="PP[in]" FE="Form"/>
                <valenceUnit GF="Dep" PT="AVP" FE="Source"/>
                <annoSet ID="1349656"/>
            </pattern>
            <pattern total="1">
                <valenceUnit GF="Ext" PT="NP" FE="Emission"/>
                <valenceUnit GF="Dep" PT="PP[in]" FE="Form"/>
                <valenceUnit GF="" PT="DNI" FE="Source"/>
                <annoSet ID="1349648"/>
            </pattern>
        </FEGroupRealization>
        <FEGroupRealization total="1">
            <FE name="Emission"/>
            <FE name="Manner"/>
            <FE name="Source"/>
            <pattern total="1">
                <valenceUnit GF="Ext" PT="NP" FE="Emission"/>
                <valenceUnit GF="Dep" PT="PP[like]" FE="Manner"/>
                <valenceUnit GF="Dep" PT="PP[from]" FE="Source"/>
                <annoSet ID="1349744"/>
            </pattern>
        </FEGroupRealization>
        <FEGroupRealization total="8">
            <FE name="Emission"/>
            <FE name="Source"/>
            <pattern total="8">
                <valenceUnit GF="Ext" PT="NP" FE="Emission"/>
                <valenceUnit GF="Dep" PT="PP[from]" FE="Source"/>
                <annoSet ID="1349526"/>
                <annoSet ID="1349530"/>
                <annoSet ID="1349536"/>
                <annoSet ID="1349698"/>
                <annoSet ID="1349700"/>
                <annoSet ID="1349710"/>
                <annoSet ID="1349738"/>
                <annoSet ID="1349766"/>
            </pattern>
        </FEGroupRealization>
        <FEGroupRealization total="1">
            <FE name="Emission"/>
            <FE name="Source"/>
            <FE name="Source"/>
            <FE name="Time"/>
            <pattern total="1">
                <valenceUnit GF="Ext" PT="NP" FE="Emission"/>
                <valenceUnit GF="Dep" PT="AVP" FE="Source"/>
                <valenceUnit GF="Dep" PT="PP[from]" FE="Source"/>
                <valenceUnit GF="Dep" PT="AVP" FE="Time"/>
                <annoSet ID="1349756"/>
            </pattern>
        </FEGroupRealization>
        <FEGroupRealization total="1">
            <FE name="Emission"/>
            <FE name="Source"/>
            <FE name="Time"/>
            <pattern total="1">
                <valenceUnit GF="Ext" PT="NP" FE="Emission"/>
                <valenceUnit GF="Dep" PT="PP[from]" FE="Source"/>
                <valenceUnit GF="Dep" PT="Sinterrog" FE="Time"/>
                <annoSet ID="1349824"/>
            </pattern>
        </FEGroupRealization>
    </valences>
    <subCorpus name="V-429-s20-lcoll-steam">
        <sentence sentNo="0" aPos="15007169" ID="947923">
            <text>Steam issued from the shower room . </text>
            <annotationSet cDate="01/07/2003 08:35:23 PST Tue" status="UNANN" ID="1349525">
                <layer rank="1" name="BNC">
                    <label end="4" start="0" name="NN1-NP0"/>
                    <label end="11" start="6" name="VVD-VVN"/>
                    <label end="16" start="13" name="PRP"/>
                    <label end="20" start="18" name="AT0"/>
                    <label end="27" start="22" name="NN1"/>
                    <label end="32" start="29" name="NN1"/>
                    <label end="34" start="34" name="PUN"/>
                </layer>
            </annotationSet>
            <annotationSet cDate="01/07/2003 08:35:23 PST Tue" status="MANUAL" ID="1349526">
                <layer rank="1" name="FE">
                    <label cBy="618" feID="3178" end="4" start="0" name="Emission"/>
                    <label cBy="618" feID="3190" end="32" start="13" name="Source"/>
                </layer>
                <layer rank="1" name="GF">
                    <label end="4" start="0" name="Ext"/>
                    <label end="32" start="13" name="Dep"/>
                </layer>
                <layer rank="1" name="PT">
                    <label end="4" start="0" name="NP"/>
                    <label end="32" start="13" name="PP"/>
                </layer>
                <layer rank="1" name="Sent"/>
                <layer rank="1" name="Other"/>
                <layer rank="1" name="Target">
                    <label cBy="103" end="11" start="6" name="Target"/>
                </layer>
                <layer rank="1" name="Verb"/>
            </annotationSet>
        </sentence>
        <sentence sentNo="0" aPos="26582734" ID="947925">
            <text>Fly around this area even without landing there , and you can still look at unbelievably-coloured lakes , watch steam issuing from cliffs , see silica terraces , sulphur mines and geothermal power plants . </text>
            <annotationSet cDate="01/07/2003 08:35:23 PST Tue" status="UNANN" ID="1349529">
                <layer rank="1" name="BNC">
                    <label end="2" start="0" name="NN1-VVB"/>
                    <label end="9" start="4" name="AVP-PRP"/>
                    <label end="14" start="11" name="DT0"/>
                    <label end="19" start="16" name="NN1"/>
                    <label end="24" start="21" name="AV0"/>
                    <label end="32" start="26" name="PRP"/>
                    <label end="40" start="34" name="NN1-VVG"/>
                    <label end="46" start="42" name="AV0"/>
                    <label end="48" start="48" name="PUN"/>
                    <label end="52" start="50" name="CJC"/>
                    <label end="56" start="54" name="PNP"/>
                    <label end="60" start="58" name="VM0"/>
                    <label end="66" start="62" name="AV0"/>
                    <label end="71" start="68" name="VVI"/>
                    <label end="74" start="73" name="PRP"/>
                    <label end="96" start="76" name="AJ0"/>
                    <label end="102" start="98" name="NN2"/>
                    <label end="104" start="104" name="PUN"/>
                    <label end="110" start="106" name="NN1-VVB"/>
                    <label end="116" start="112" name="NN1-VVB"/>
                    <label end="124" start="118" name="VVG"/>
                    <label end="129" start="126" name="PRP"/>
                    <label end="136" start="131" name="NN2"/>
                    <label end="138" start="138" name="PUN"/>
                    <label end="142" start="140" name="VVB"/>
                    <label end="149" start="144" name="NN1"/>
                    <label end="158" start="151" name="NN2"/>
                    <label end="160" start="160" name="PUN"/>
                    <label end="168" start="162" name="NN1"/>
                    <label end="174" start="170" name="NN2"/>
                    <label end="178" start="176" name="CJC"/>
                    <label end="189" start="180" name="AJ0"/>
                    <label end="195" start="191" name="NN1"/>
                    <label end="202" start="197" name="NN2"/>
                    <label end="204" start="204" name="PUN"/>
                </layer>
            </annotationSet>
            <annotationSet cDate="01/07/2003 08:35:23 PST Tue" status="MANUAL" ID="1349530">
                <layer rank="1" name="FE">
                    <label cBy="618" feID="3178" end="116" start="112" name="Emission"/>
                    <label cBy="618" feID="3190" end="136" start="126" name="Source"/>
                </layer>
                <layer rank="1" name="GF">
                    <label end="116" start="112" name="Ext"/>
                    <label end="136" start="126" name="Dep"/>
                </layer>
                <layer rank="1" name="PT">
                    <label end="116" start="112" name="NP"/>
                    <label end="136" start="126" name="PP"/>
                </layer>
                <layer rank="1" name="Sent"/>
                <layer rank="1" name="Other"/>
                <layer rank="1" name="Target">
                    <label cBy="103" end="124" start="118" name="Target"/>
                </layer>
                <layer rank="1" name="Verb"/>
            </annotationSet>
        </sentence>
        <sentence sentNo="0" aPos="92823747" ID="947928">
            <text>The taxi rattled to the side of the road , steam issuing from its bonnet regions . </text>
            <annotationSet cDate="01/07/2003 08:35:24 PST Tue" status="UNANN" ID="1349535">
                <layer rank="1" name="BNC">
                    <label end="2" start="0" name="AT0"/>
                    <label end="7" start="4" name="NN1"/>
                    <label end="15" start="9" name="VVD-VVN"/>
                    <label end="18" start="17" name="PRP"/>
                    <label end="22" start="20" name="AT0"/>
                    <label end="27" start="24" name="NN1"/>
                    <label end="30" start="29" name="PRF"/>
                    <label end="34" start="32" name="AT0"/>
                    <label end="39" start="36" name="NN1"/>
                    <label end="41" start="41" name="PUN"/>
                    <label end="47" start="43" name="NN1-VVB"/>
                    <label end="55" start="49" name="VVG"/>
                    <label end="60" start="57" name="PRP"/>
                    <label end="64" start="62" name="DPS"/>
                    <label end="71" start="66" name="NN1"/>
                    <label end="79" start="73" name="NN2"/>
                    <label end="81" start="81" name="PUN"/>
                </layer>
            </annotationSet>
            <annotationSet cDate="01/07/2003 08:35:24 PST Tue" status="MANUAL" ID="1349536">
                <layer rank="1" name="FE">
                    <label cBy="618" feID="3178" end="47" start="43" name="Emission"/>
                    <label cBy="618" feID="3190" end="79" start="57" name="Source"/>
                </layer>
                <layer rank="1" name="GF">
                    <label end="47" start="43" name="Ext"/>
                    <label end="79" start="57" name="Dep"/>
                </layer>
                <layer rank="1" name="PT">
                    <label end="47" start="43" name="NP"/>
                    <label end="79" start="57" name="PP"/>
                </layer>
                <layer rank="1" name="Sent"/>
                <layer rank="1" name="Other"/>
                <layer rank="1" name="Target">
                    <label cBy="103" end="55" start="49" name="Target"/>
                </layer>
                <layer rank="1" name="Verb"/>
            </annotationSet>
        </sentence>
    </subCorpus>
    <subCorpus name="V-670-s20-pass-by"/>
    <subCorpus name="V-680-s20-pass"/>
    <subCorpus name="V-730-s20-ppin">
        <sentence sentNo="0" aPos="71007241" ID="947984">
            <text>Therefore , most of those scientists who believe that the infill is lava believe that it issued in a series of sheets , each a few tens of metres thick . </text>
            <annotationSet cDate="01/07/2003 08:35:32 PST Tue" status="UNANN" ID="1349647">
                <layer rank="1" name="BNC">
                    <label end="8" start="0" name="AV0"/>
                    <label end="10" start="10" name="PUN"/>
                    <label end="15" start="12" name="DT0"/>
                    <label end="18" start="17" name="PRF"/>
                    <label end="24" start="20" name="DT0"/>
                    <label end="35" start="26" name="NN2"/>
                    <label end="39" start="37" name="PNQ"/>
                    <label end="47" start="41" name="VVB"/>
                    <label end="52" start="49" name="CJT"/>
                    <label end="56" start="54" name="AT0"/>
                    <label end="63" start="58" name="NN1"/>
                    <label end="66" start="65" name="VBZ"/>
                    <label end="71" start="68" name="NN1"/>
                    <label end="79" start="73" name="VVB"/>
                    <label end="84" start="81" name="CJT"/>
                    <label end="87" start="86" name="PNP"/>
                    <label end="94" start="89" name="VVD"/>
                    <label end="97" start="96" name="PRP"/>
                    <label end="99" start="99" name="AT0"/>
                    <label end="106" start="101" name="NN0"/>
                    <label end="109" start="108" name="PRF"/>
                    <label end="116" start="111" name="NN2"/>
                    <label end="118" start="118" name="PUN"/>
                    <label end="123" start="120" name="DT0"/>
                    <label end="125" start="125" name="DT0"/>
                    <label end="129" start="127" name="DT0"/>
                    <label end="134" start="131" name="CRD"/>
                    <label end="137" start="136" name="PRF"/>
                    <label end="144" start="139" name="NN2"/>
                    <label end="150" start="146" name="AJ0-AV0"/>
                    <label end="152" start="152" name="PUN"/>
                </layer>
            </annotationSet>
            <annotationSet cDate="01/07/2003 08:35:32 PST Tue" status="MANUAL" ID="1349648">
                <layer rank="1" name="FE">
                    <label cBy="618" feID="3178" end="87" start="86" name="Emission"/>
                    <label cBy="618" feID="3243" end="150" start="96" name="Form"/>
                    <label cBy="618" feID="3190" itype="DNI" name="Source"/>
                </layer>
                <layer rank="1" name="GF">
                    <label end="87" start="86" name="Ext"/>
                    <label end="150" start="96" name="Dep"/>
                </layer>
                <layer rank="1" name="PT">
                    <label end="87" start="86" name="NP"/>
                    <label end="150" start="96" name="PP"/>
                </layer>
                <layer rank="1" name="Sent"/>
                <layer rank="1" name="Other"/>
                <layer rank="1" name="Target">
                    <label cBy="103" end="94" start="89" name="Target"/>
                </layer>
                <layer rank="1" name="Verb"/>
            </annotationSet>
        </sentence>
        <sentence sentNo="0" aPos="35757990" ID="947988">
            <text>Buid describe these feelings in terms of the soul rising up from the chest into the neck and issuing forth in bitter words or even violence if not held in check by the mind . </text>
            <annotationSet cDate="01/07/2003 08:35:33 PST Tue" status="UNANN" ID="1349655">
                <layer rank="1" name="BNC">
                    <label end="3" start="0" name="NN1-NP0"/>
                    <label end="12" start="5" name="VVB"/>
                    <label end="18" start="14" name="DT0"/>
                    <label end="27" start="20" name="NN2"/>
                    <label end="30" start="29" name="PRP"/>
                    <label end="36" start="32" name="PRP"/>
                    <label end="39" start="38" name="PRP"/>
                    <label end="43" start="41" name="AT0"/>
                    <label end="48" start="45" name="NN1"/>
                    <label end="55" start="50" name="VVG"/>
                    <label end="58" start="57" name="AVP"/>
                    <label end="63" start="60" name="PRP"/>
                    <label end="67" start="65" name="AT0"/>
                    <label end="73" start="69" name="NN1"/>
                    <label end="78" start="75" name="PRP"/>
                    <label end="82" start="80" name="AT0"/>
                    <label end="87" start="84" name="NN1"/>
                    <label end="91" start="89" name="CJC"/>
                    <label end="99" start="93" name="VVG"/>
                    <label end="105" start="101" name="AV0"/>
                    <label end="108" start="107" name="PRP"/>
                    <label end="115" start="110" name="AJ0"/>
                    <label end="121" start="117" name="NN2"/>
                    <label end="124" start="123" name="CJC"/>
                    <label end="129" start="126" name="AJ0-AV0"/>
                    <label end="138" start="131" name="NN1"/>
                    <label end="141" start="140" name="CJS"/>
                    <label end="145" start="143" name="XX0"/>
                    <label end="150" start="147" name="VVN"/>
                    <label end="153" start="152" name="PRP"/>
                    <label end="159" start="155" name="NN1"/>
                    <label end="162" start="161" name="PRP"/>
                    <label end="166" start="164" name="AT0"/>
                    <label end="171" start="168" name="NN1"/>
                    <label end="173" start="173" name="PUN"/>
                </layer>
            </annotationSet>
            <annotationSet cDate="01/07/2003 08:35:33 PST Tue" status="MANUAL" ID="1349656">
                <layer rank="1" name="FE">
                    <label cBy="618" feID="3190" end="105" start="101" name="Source"/>
                    <label cBy="618" feID="3243" end="138" start="107" name="Form"/>
                    <label cBy="618" feID="3178" end="48" start="41" name="Emission"/>
                </layer>
                <layer rank="1" name="GF">
                    <label end="105" start="101" name="Dep"/>
                    <label end="138" start="107" name="Dep"/>
                    <label end="48" start="41" name="Ext"/>
                </layer>
                <layer rank="1" name="PT">
                    <label end="105" start="101" name="AVP"/>
                    <label end="138" start="107" name="PP"/>
                    <label end="48" start="41" name="NP"/>
                </layer>
                <layer rank="1" name="Sent">
                    <label end="0" start="0" name="Metaphor"/>
                </layer>
                <layer rank="1" name="Other"/>
                <layer rank="1" name="Target">
                    <label cBy="103" end="99" start="93" name="Target"/>
                </layer>
                <layer rank="1" name="Verb"/>
            </annotationSet>
        </sentence>
    </subCorpus>
    <subCorpus name="V-730-s20-ppto"/>
    <subCorpus name="V-730-s40-ppfrom">
        <sentence sentNo="0" aPos="58773516" ID="948009">
            <text>Wave after wave of brilliantly coloured cloth issued from the basket , threatening to engulf her , but she struggled manfully against it , her fingers as fast as light . </text>
            <annotationSet cDate="01/07/2003 08:35:35 PST Tue" status="UNANN" ID="1349697">
                <layer rank="1" name="BNC">
                    <label end="3" start="0" name="NN1-VVB"/>
                    <label end="9" start="5" name="PRP"/>
                    <label end="14" start="11" name="NN1"/>
                    <label end="17" start="16" name="PRF"/>
                    <label end="29" start="19" name="AV0"/>
                    <label end="38" start="31" name="AJ0"/>
                    <label end="44" start="40" name="NN1"/>
                    <label end="51" start="46" name="VVD-VVN"/>
                    <label end="56" start="53" name="PRP"/>
                    <label end="60" start="58" name="AT0"/>
                    <label end="67" start="62" name="NN1"/>
                    <label end="69" start="69" name="PUN"/>
                    <label end="81" start="71" name="VVG"/>
                    <label end="84" start="83" name="TO0"/>
                    <label end="91" start="86" name="VVI"/>
                    <label end="95" start="93" name="PNP"/>
                    <label end="97" start="97" name="PUN"/>
                    <label end="101" start="99" name="CJC"/>
                    <label end="105" start="103" name="PNP"/>
                    <label end="115" start="107" name="VVD"/>
                    <label end="124" start="117" name="AV0"/>
                    <label end="132" start="126" name="PRP"/>
                    <label end="135" start="134" name="PNP"/>
                    <label end="137" start="137" name="PUN"/>
                    <label end="141" start="139" name="DPS"/>
                    <label end="149" start="143" name="NN2"/>
                    <label end="152" start="151" name="AV0"/>
                    <label end="157" start="154" name="AV0"/>
                    <label end="160" start="159" name="CJS"/>
                    <label end="166" start="162" name="AJ0-NN1"/>
                    <label end="168" start="168" name="PUN"/>
                </layer>
            </annotationSet>
            <annotationSet cDate="01/07/2003 08:35:35 PST Tue" status="MANUAL" ID="1349698">
                <layer rank="1" name="FE">
                    <label cBy="618" feID="3178" end="44" start="0" name="Emission"/>
                    <label cBy="618" feID="3190" end="67" start="53" name="Source"/>
                </layer>
                <layer rank="1" name="GF">
                    <label end="44" start="0" name="Ext"/>
                    <label end="67" start="53" name="Dep"/>
                </layer>
                <layer rank="1" name="PT">
                    <label end="44" start="0" name="NP"/>
                    <label end="67" start="53" name="PP"/>
                </layer>
                <layer rank="1" name="Sent"/>
                <layer rank="1" name="Other"/>
                <layer rank="1" name="Target">
                    <label cBy="103" end="51" start="46" name="Target"/>
                </layer>
                <layer rank="1" name="Verb"/>
            </annotationSet>
        </sentence>
        <sentence sentNo="0" aPos="65075699" ID="948010">
            <text>For before any sound could issue from Bella 's mouth , her face seemed to slip sideways and ripple like a melting wax mask . </text>
            <annotationSet cDate="01/07/2003 08:35:35 PST Tue" status="UNANN" ID="1349699">
                <layer rank="1" name="BNC">
                    <label end="2" start="0" name="CJS-PRP"/>
                    <label end="9" start="4" name="CJS-PRP"/>
                    <label end="13" start="11" name="DT0"/>
                    <label end="19" start="15" name="NN1"/>
                    <label end="25" start="21" name="VM0"/>
                    <label end="31" start="27" name="VVI"/>
                    <label end="36" start="33" name="PRP"/>
                    <label end="42" start="38" name="NP0"/>
                    <label end="45" start="44" name="POS"/>
                    <label end="51" start="47" name="NN1"/>
                    <label end="53" start="53" name="PUN"/>
                    <label end="57" start="55" name="DPS"/>
                    <label end="62" start="59" name="NN1"/>
                    <label end="69" start="64" name="VVD-VVN"/>
                    <label end="72" start="71" name="TO0"/>
                    <label end="77" start="74" name="VVI"/>
                    <label end="86" start="79" name="AV0"/>
                    <label end="90" start="88" name="CJC"/>
                    <label end="97" start="92" name="VVI"/>
                    <label end="102" start="99" name="PRP"/>
                    <label end="104" start="104" name="AT0"/>
                    <label end="112" start="106" name="AJ0"/>
                    <label end="116" start="114" name="NN1"/>
                    <label end="121" start="118" name="NN1"/>
                    <label end="123" start="123" name="PUN"/>
                </layer>
            </annotationSet>
            <annotationSet cDate="01/07/2003 08:35:35 PST Tue" status="MANUAL" ID="1349700">
                <layer rank="1" name="FE">
                    <label cBy="618" feID="3178" end="19" start="11" name="Emission"/>
                    <label cBy="618" feID="3190" end="51" start="33" name="Source"/>
                </layer>
                <layer rank="1" name="GF">
                    <label end="19" start="11" name="Ext"/>
                    <label end="51" start="33" name="Dep"/>
                </layer>
                <layer rank="1" name="PT">
                    <label end="19" start="11" name="NP"/>
                    <label end="51" start="33" name="PP"/>
                </layer>
                <layer rank="1" name="Sent"/>
                <layer rank="1" name="Other"/>
                <layer rank="1" name="Target">
                    <label cBy="103" end="31" start="27" name="Target"/>
                </layer>
                <layer rank="1" name="Verb"/>
            </annotationSet>
        </sentence>
        <sentence sentNo="0" aPos="19220098" ID="948015">
            <text>Very often in the evening one could hear mysterious melodies issuing from some hidden corner of a hangar or a deserted office -- Sheila and Matthew having a flute practice . </text>
            <annotationSet cDate="01/07/2003 08:35:36 PST Tue" status="UNANN" ID="1349709">
                <layer rank="1" name="BNC">
                    <label end="3" start="0" name="AV0"/>
                    <label end="9" start="5" name="AV0"/>
                    <label end="12" start="11" name="PRP"/>
                    <label end="16" start="14" name="AT0"/>
                    <label end="24" start="18" name="NN1"/>
                    <label end="28" start="26" name="CRD-PNI"/>
                    <label end="34" start="30" name="VM0"/>
                    <label end="39" start="36" name="VVI"/>
                    <label end="50" start="41" name="AJ0"/>
                    <label end="59" start="52" name="NN2"/>
                    <label end="67" start="61" name="VVG"/>
                    <label end="72" start="69" name="PRP"/>
                    <label end="77" start="74" name="DT0"/>
                    <label end="84" start="79" name="AJ0"/>
                    <label end="91" start="86" name="NN1"/>
                    <label end="94" start="93" name="PRF"/>
                    <label end="96" start="96" name="AT0"/>
                    <label end="103" start="98" name="NN1"/>
                    <label end="106" start="105" name="CJC"/>
                    <label end="108" start="108" name="AT0"/>
                    <label end="117" start="110" name="AJ0"/>
                    <label end="124" start="119" name="NN1"/>
                    <label end="127" start="126" name="PUN"/>
                    <label end="134" start="129" name="NP0"/>
                    <label end="138" start="136" name="CJC"/>
                    <label end="146" start="140" name="NP0"/>
                    <label end="153" start="148" name="VHG"/>
                    <label end="155" start="155" name="AT0"/>
                    <label end="161" start="157" name="NN1"/>
                    <label end="170" start="163" name="NN1"/>
                    <label end="172" start="172" name="PUN"/>
                </layer>
            </annotationSet>
            <annotationSet cDate="01/07/2003 08:35:36 PST Tue" status="MANUAL" ID="1349710">
                <layer rank="1" name="FE">
                    <label cBy="618" feID="3178" end="59" start="41" name="Emission"/>
                    <label cBy="618" feID="3190" end="124" start="69" name="Source"/>
                </layer>
                <layer rank="1" name="GF">
                    <label end="59" start="41" name="Ext"/>
                    <label end="124" start="69" name="Dep"/>
                </layer>
                <layer rank="1" name="PT">
                    <label end="59" start="41" name="NP"/>
                    <label end="124" start="69" name="PP"/>
                </layer>
                <layer rank="1" name="Sent"/>
                <layer rank="1" name="Other"/>
                <layer rank="1" name="Target">
                    <label cBy="103" end="67" start="61" name="Target"/>
                </layer>
                <layer rank="1" name="Verb"/>
            </annotationSet>
        </sentence>
        <sentence sentNo="0" aPos="52535791" ID="948020">
            <text>The androids ignored the few bursts that issued from his gun and carved smoking scars in the wall . </text>
            <annotationSet cDate="01/07/2003 08:35:37 PST Tue" status="UNANN" ID="1349719">
                <layer rank="1" name="BNC">
                    <label end="2" start="0" name="AT0"/>
                    <label end="11" start="4" name="NN2"/>
                    <label end="19" start="13" name="VVD"/>
                    <label end="23" start="21" name="AT0"/>
                    <label end="27" start="25" name="DT0"/>
                    <label end="34" start="29" name="NN2-VVZ"/>
                    <label end="39" start="36" name="CJT"/>
                    <label end="46" start="41" name="VVD-VVN"/>
                    <label end="51" start="48" name="PRP"/>
                    <label end="55" start="53" name="DPS"/>
                    <label end="59" start="57" name="NN1"/>
                    <label end="63" start="61" name="CJC"/>
                    <label end="70" start="65" name="VVD"/>
                    <label end="78" start="72" name="AJ0-VVG"/>
                    <label end="84" start="80" name="NN2"/>
                    <label end="87" start="86" name="PRP"/>
                    <label end="91" start="89" name="AT0"/>
                    <label end="96" start="93" name="NN1"/>
                    <label end="98" start="98" name="PUN"/>
                </layer>
            </annotationSet>
            <annotationSet cDate="01/07/2003 08:35:37 PST Tue" status="MANUAL" ID="1349720">
                <layer rank="1" name="FE">
                    <label cBy="618" feID="3178" end="34" start="21" name="Emission"/>
                    <label cBy="618" feID="3190" end="59" start="48" name="Source"/>
                    <label cBy="309" feID="3178" end="39" start="36" name="Emission"/>
                </layer>
                <layer rank="1" name="GF">
                    <label end="34" start="21" name="Ext"/>
                    <label end="59" start="48" name="Dep"/>
                    <label end="39" start="36" name="Ext"/>
                </layer>
                <layer rank="1" name="PT">
                    <label end="34" start="21" name="NP"/>
                    <label end="59" start="48" name="PP"/>
                    <label end="39" start="36" name="NP"/>
                </layer>
                <layer rank="1" name="Sent"/>
                <layer rank="1" name="Other">
                    <label end="34" start="21" name="Ant"/>
                    <label end="39" start="36" name="Rel"/>
                </layer>
                <layer rank="1" name="Target">
                    <label cBy="103" end="46" start="41" name="Target"/>
                </layer>
                <layer rank="1" name="Verb"/>
            </annotationSet>
        </sentence>
        <sentence sentNo="0" aPos="67129584" ID="948029">
            <text>We finished our drinks and Siegfried immersed himself in the Veterinary Record as savoury smells began to issue from the kitchen . </text>
            <annotationSet cDate="01/07/2003 08:35:38 PST Tue" status="UNANN" ID="1349737">
                <layer rank="1" name="BNC">
                    <label end="1" start="0" name="PNP"/>
                    <label end="10" start="3" name="VVD"/>
                    <label end="14" start="12" name="DPS"/>
                    <label end="21" start="16" name="NN2"/>
                    <label end="25" start="23" name="CJC"/>
                    <label end="35" start="27" name="NP0"/>
                    <label end="44" start="37" name="VVD"/>
                    <label end="52" start="46" name="PNX"/>
                    <label end="55" start="54" name="PRP"/>
                    <label end="59" start="57" name="AT0"/>
                    <label end="70" start="61" name="AJ0"/>
                    <label end="77" start="72" name="NN1"/>
                    <label end="80" start="79" name="AV0"/>
                    <label end="88" start="82" name="AJ0"/>
                    <label end="95" start="90" name="NN2"/>
                    <label end="101" start="97" name="VVD"/>
                    <label end="104" start="103" name="TO0"/>
                    <label end="110" start="106" name="VVI"/>
                    <label end="115" start="112" name="PRP"/>
                    <label end="119" start="117" name="AT0"/>
                    <label end="127" start="121" name="NN1"/>
                    <label end="129" start="129" name="PUN"/>
                </layer>
            </annotationSet>
            <annotationSet cDate="01/07/2003 08:35:38 PST Tue" status="MANUAL" ID="1349738">
                <layer rank="1" name="FE">
                    <label cBy="618" feID="3178" end="95" start="82" name="Emission"/>
                    <label cBy="618" feID="3190" end="127" start="112" name="Source"/>
                </layer>
                <layer rank="1" name="GF">
                    <label end="95" start="82" name="Ext"/>
                    <label end="127" start="112" name="Dep"/>
                </layer>
                <layer rank="1" name="PT">
                    <label end="95" start="82" name="NP"/>
                    <label end="127" start="112" name="PP"/>
                </layer>
                <layer rank="1" name="Sent"/>
                <layer rank="1" name="Other"/>
                <layer rank="1" name="Target">
                    <label cBy="103" end="110" start="106" name="Target"/>
                </layer>
                <layer rank="1" name="Verb"/>
            </annotationSet>
        </sentence>
        <sentence sentNo="0" aPos="75699282" ID="948032">
            <text>The protest issued from her lips like a cry of despair . </text>
            <annotationSet cDate="01/07/2003 08:35:38 PST Tue" status="UNANN" ID="1349743">
                <layer rank="1" name="BNC">
                    <label end="2" start="0" name="AT0"/>
                    <label end="10" start="4" name="NN1"/>
                    <label end="17" start="12" name="VVD-VVN"/>
                    <label end="22" start="19" name="PRP"/>
                    <label end="26" start="24" name="DPS"/>
                    <label end="31" start="28" name="NN2"/>
                    <label end="36" start="33" name="PRP"/>
                    <label end="38" start="38" name="AT0"/>
                    <label end="42" start="40" name="NN1"/>
                    <label end="45" start="44" name="PRF"/>
                    <label end="53" start="47" name="NN1"/>
                    <label end="55" start="55" name="PUN"/>
                </layer>
            </annotationSet>
            <annotationSet cDate="01/07/2003 08:35:38 PST Tue" status="MANUAL" ID="1349744">
                <layer rank="1" name="FE">
                    <label cBy="618" feID="3178" end="10" start="0" name="Emission"/>
                    <label cBy="618" feID="3190" end="31" start="19" name="Source"/>
                    <label cBy="618" feID="3180" end="53" start="33" name="Manner"/>
                </layer>
                <layer rank="1" name="GF">
                    <label end="10" start="0" name="Ext"/>
                    <label end="31" start="19" name="Dep"/>
                    <label end="53" start="33" name="Dep"/>
                </layer>
                <layer rank="1" name="PT">
                    <label end="10" start="0" name="NP"/>
                    <label end="31" start="19" name="PP"/>
                    <label end="53" start="33" name="PP"/>
                </layer>
                <layer rank="1" name="Sent">
                    <label end="0" start="0" name="Metaphor"/>
                </layer>
                <layer rank="1" name="Other"/>
                <layer rank="1" name="Target">
                    <label cBy="103" end="17" start="12" name="Target"/>
                </layer>
                <layer rank="1" name="Verb"/>
            </annotationSet>
        </sentence>
        <sentence sentNo="0" aPos="19778224" ID="948038">
            <text>Cheap electricity would soon be issuing forth from reactors fed by an inexhaustible resource -- seawater . </text>
            <annotationSet cDate="01/07/2003 08:35:39 PST Tue" status="UNANN" ID="1349755">
                <layer rank="1" name="BNC">
                    <label end="4" start="0" name="AJ0"/>
                    <label end="16" start="6" name="NN1"/>
                    <label end="22" start="18" name="VM0"/>
                    <label end="27" start="24" name="AV0"/>
                    <label end="30" start="29" name="VBI"/>
                    <label end="38" start="32" name="VVG"/>
                    <label end="44" start="40" name="AV0"/>
                    <label end="49" start="46" name="PRP"/>
                    <label end="58" start="51" name="NN2"/>
                    <label end="62" start="60" name="VVD-VVN"/>
                    <label end="65" start="64" name="PRP"/>
                    <label end="68" start="67" name="AT0"/>
                    <label end="82" start="70" name="AJ0"/>
                    <label end="91" start="84" name="NN1"/>
                    <label end="94" start="93" name="PUN"/>
                    <label end="103" start="96" name="AJC"/>
                    <label end="105" start="105" name="PUN"/>
                </layer>
            </annotationSet>
            <annotationSet cDate="01/07/2003 08:35:39 PST Tue" status="MANUAL" ID="1349756">
                <layer rank="1" name="FE">
                    <label cBy="618" feID="3178" end="16" start="0" name="Emission"/>
                    <label cBy="618" feID="3188" end="27" start="24" name="Time"/>
                    <label cBy="618" feID="3190" end="44" start="40" name="Source"/>
                    <label cBy="618" feID="3190" end="103" start="46" name="Source"/>
                </layer>
                <layer rank="1" name="GF">
                    <label end="16" start="0" name="Ext"/>
                    <label end="27" start="24" name="Dep"/>
                    <label end="44" start="40" name="Dep"/>
                    <label end="103" start="46" name="Dep"/>
                </layer>
                <layer rank="1" name="PT">
                    <label end="16" start="0" name="NP"/>
                    <label end="27" start="24" name="AVP"/>
                    <label end="44" start="40" name="AVP"/>
                    <label end="103" start="46" name="PP"/>
                </layer>
                <layer rank="1" name="Sent"/>
                <layer rank="1" name="Other"/>
                <layer rank="1" name="Target">
                    <label cBy="103" end="38" start="32" name="Target"/>
                </layer>
                <layer rank="1" name="Verb"/>
            </annotationSet>
        </sentence>
        <sentence sentNo="0" aPos="92819715" ID="948043">
            <text>The sound of an explosion issued from the street . </text>
            <annotationSet cDate="01/07/2003 08:35:39 PST Tue" status="UNANN" ID="1349765">
                <layer rank="1" name="BNC">
                    <label end="2" start="0" name="AT0"/>
                    <label end="8" start="4" name="NN1"/>
                    <label end="11" start="10" name="PRF"/>
                    <label end="14" start="13" name="AT0"/>
                    <label end="24" start="16" name="NN1"/>
                    <label end="31" start="26" name="VVD-VVN"/>
                    <label end="36" start="33" name="PRP"/>
                    <label end="40" start="38" name="AT0"/>
                    <label end="47" start="42" name="NN1"/>
                    <label end="49" start="49" name="PUN"/>
                </layer>
            </annotationSet>
            <annotationSet cDate="01/07/2003 08:35:39 PST Tue" status="MANUAL" ID="1349766">
                <layer rank="1" name="FE">
                    <label cBy="618" feID="3178" end="24" start="0" name="Emission"/>
                    <label cBy="618" feID="3190" end="47" start="33" name="Source"/>
                </layer>
                <layer rank="1" name="GF">
                    <label end="24" start="0" name="Ext"/>
                    <label end="47" start="33" name="Dep"/>
                </layer>
                <layer rank="1" name="PT">
                    <label end="24" start="0" name="NP"/>
                    <label end="47" start="33" name="PP"/>
                </layer>
                <layer rank="1" name="Sent"/>
                <layer rank="1" name="Other"/>
                <layer rank="1" name="Target">
                    <label cBy="103" end="31" start="26" name="Target"/>
                </layer>
                <layer rank="1" name="Verb"/>
            </annotationSet>
        </sentence>
    </subCorpus>
    <subCorpus name="V-780-s20-ppother"/>
    <subCorpus name="V-810-s20-pother">
        <sentence sentNo="0" aPos="3835927" ID="948072">
            <text>When he emerged from the bathroom the dog was still howling and pop music was issuing from behind Sheila 's door . </text>
            <annotationSet cDate="01/07/2003 08:35:43 PST Tue" status="UNANN" ID="1349823">
                <layer rank="1" name="BNC">
                    <label end="3" start="0" name="AVQ-CJS"/>
                    <label end="6" start="5" name="PNP"/>
                    <label end="14" start="8" name="VVD"/>
                    <label end="19" start="16" name="PRP"/>
                    <label end="23" start="21" name="AT0"/>
                    <label end="32" start="25" name="NN1"/>
                    <label end="36" start="34" name="AT0"/>
                    <label end="40" start="38" name="NN1"/>
                    <label end="44" start="42" name="VBD"/>
                    <label end="50" start="46" name="AV0"/>
                    <label end="58" start="52" name="AJ0-VVG"/>
                    <label end="62" start="60" name="CJC"/>
                    <label end="66" start="64" name="NN1-VVB"/>
                    <label end="72" start="68" name="NN1"/>
                    <label end="76" start="74" name="VBD"/>
                    <label end="84" start="78" name="VVG"/>
                    <label end="89" start="86" name="PRP"/>
                    <label end="96" start="91" name="PRP"/>
                    <label end="103" start="98" name="NP0"/>
                    <label end="106" start="105" name="POS"/>
                    <label end="111" start="108" name="NN1"/>
                    <label end="113" start="113" name="PUN"/>
                </layer>
            </annotationSet>
            <annotationSet cDate="01/07/2003 08:35:43 PST Tue" status="MANUAL" ID="1349824">
                <layer rank="1" name="FE">
                    <label cBy="618" feID="3178" end="72" start="64" name="Emission"/>
                    <label cBy="618" feID="3190" end="111" start="86" name="Source"/>
                    <label cBy="618" feID="3188" end="32" start="0" name="Time"/>
                </layer>
                <layer rank="1" name="GF">
                    <label end="72" start="64" name="Ext"/>
                    <label end="111" start="86" name="Dep"/>
                    <label end="32" start="0" name="Dep"/>
                </layer>
                <layer rank="1" name="PT">
                    <label end="72" start="64" name="NP"/>
                    <label end="111" start="86" name="PP"/>
                    <label end="32" start="0" name="Sinterrog"/>
                </layer>
                <layer rank="1" name="Sent"/>
                <layer rank="1" name="Other"/>
                <layer rank="1" name="Target">
                    <label cBy="103" end="84" start="78" name="Target"/>
                </layer>
                <layer rank="1" name="Verb"/>
            </annotationSet>
        </sentence>
    </subCorpus>
    <subCorpus name="V-880-s20-intrans-simple"/>
    <subCorpus name="V-890-s20-intrans-adverb"/>
    <subCorpus name="V-900-s20-other"/>
</lexUnit>