<?xml version="1.0" encoding="UTF-8" standalone="yes"?>
<?xml-stylesheet type="text/xsl" href="lexUnit.xsl"?>
<lexUnit status="Created" POS="V" name="elect.v" ID="6276" frame="Choosing" frameID="352" totalAnnotated="0" xsi:schemaLocation="../schema/lexUnit.xsd" xmlns="http://framenet.icsi.berkeley.edu" xmlns:xsi="http://www.w3.org/2001/XMLSchema-instance">
    <header>
        <frame>
            <FE fgColor="FFFFFF" bgColor="0000FF" type="Core" abbrev="Chosen" name="Chosen"/>
            <FE fgColor="FFFFFF" bgColor="FF0000" type="Core" abbrev="Cog" name="Cognizer"/>
            <FE fgColor="000000" bgColor="EEE8AA" type="Extra-Thematic" abbrev="con" name="Contrast"/>
            <FE fgColor="FFFFFF" bgColor="9400D3" type="Extra-Thematic" abbrev="Dep" name="Depictive"/>
            <FE fgColor="FFFFFF" bgColor="9F79EE" type="Extra-Thematic" abbrev="Int" name="Intended_purpose"/>
            <FE fgColor="FFFFFF" bgColor="800080" type="Peripheral" abbrev="L_purp" name="Larger_purpose"/>
            <FE fgColor="FFFFFF" bgColor="FF00FF" type="Peripheral" abbrev="Mnr" name="Manner"/>
            <FE fgColor="FFFFFF" bgColor="A52A2A" type="Peripheral" abbrev="Means" name="Means"/>
            <FE fgColor="FFFFFF" bgColor="008000" type="Peripheral" abbrev="Place" name="Place"/>
            <FE fgColor="FFFFFF" bgColor="00BFFF" type="Core" abbrev="Possib" name="Possibilities"/>
            <FE fgColor="FFFFFF" bgColor="006400" type="Extra-Thematic" abbrev="Reas" name="Reason"/>
            <FE fgColor="FFFFFF" bgColor="FFA500" type="Peripheral" abbrev="Time" name="Time"/>
            <FE fgColor="FFFFFF" bgColor="808080" type="Peripheral" abbrev="Top" name="Topic"/>
        </frame>
    </header>
    <definition>COD: opt for or choose to do something. </definition>
    <lexeme POS="V" name="elect"/>
    <valences/>
</lexUnit>