<?xml version="1.0" encoding="UTF-8" standalone="yes"?>
<?xml-stylesheet type="text/xsl" href="lexUnit.xsl"?>
<lexUnit status="Finished_Initial" POS="V" name="better.v" ID="6217" frame="Surpassing" frameID="358" totalAnnotated="6" xsi:schemaLocation="../schema/lexUnit.xsd" xmlns="http://framenet.icsi.berkeley.edu" xmlns:xsi="http://www.w3.org/2001/XMLSchema-instance">
    <header>
        <frame>
            <FE fgColor="FFFFFF" bgColor="0000FF" type="Core" abbrev="Attr" name="Attribute"/>
            <FE fgColor="000000" bgColor="FFFF00" type="Extra-Thematic" abbrev="" name="Circumstances"/>
            <FE fgColor="FFFFFF" bgColor="A52A2A" type="Extra-Thematic" abbrev="Comp_set" name="Comparison_set"/>
            <FE fgColor="FFFFFF" bgColor="FF0000" type="Peripheral" abbrev="Extent" name="Extent"/>
            <FE fgColor="000000" bgColor="d0d0d0" type="Extra-Thematic" abbrev="" name="Iteration"/>
            <FE fgColor="FFFFFF" bgColor="00BFFF" type="Core" abbrev="V_item" name="Profiled_attribute"/>
            <FE fgColor="FFFFFF" bgColor="800080" type="Core" abbrev="Item" name="Profiled_item"/>
            <FE fgColor="FFFFFF" bgColor="00008B" type="Core" abbrev="V_standard" name="Standard_attribute"/>
            <FE fgColor="FFFFFF" bgColor="006400" type="Core" abbrev="Standard" name="Standard_item"/>
            <FE fgColor="FFFFFF" bgColor="FFA500" type="Peripheral" abbrev="Time" name="Time"/>
        </frame>
    </header>
    <definition>COD: improve on or surpass. </definition>
    <lexeme POS="V" name="better"/>
    <valences>
        <FERealization total="3">
            <FE name="Attribute"/>
            <pattern total="2">
                <valenceUnit GF="" PT="INI" FE="Attribute"/>
                <annoSet ID="1334599"/>
                <annoSet ID="1334643"/>
            </pattern>
            <pattern total="1">
                <valenceUnit GF="Dep" PT="PP[at]" FE="Attribute"/>
                <annoSet ID="1334605"/>
            </pattern>
        </FERealization>
        <FERealization total="2">
            <FE name="Extent"/>
            <pattern total="1">
                <valenceUnit GF="Dep" PT="PP[with]" FE="Extent"/>
                <annoSet ID="1334643"/>
            </pattern>
            <pattern total="1">
                <valenceUnit GF="Dep" PT="AVP" FE="Extent"/>
                <annoSet ID="1334605"/>
            </pattern>
        </FERealization>
        <FERealization total="1">
            <FE name="Iteration"/>
            <pattern total="1">
                <valenceUnit GF="Dep" PT="AVP" FE="Iteration"/>
                <annoSet ID="1334587"/>
            </pattern>
        </FERealization>
        <FERealization total="1">
            <FE name="Profiled_attribute"/>
            <pattern total="1">
                <valenceUnit GF="" PT="CNI" FE="Profiled_attribute"/>
                <annoSet ID="1334553"/>
            </pattern>
        </FERealization>
        <FERealization total="6">
            <FE name="Profiled_item"/>
            <pattern total="4">
                <valenceUnit GF="Ext" PT="NP" FE="Profiled_item"/>
                <annoSet ID="1334537"/>
                <annoSet ID="1334599"/>
                <annoSet ID="1334605"/>
                <annoSet ID="1334643"/>
            </pattern>
            <pattern total="2">
                <valenceUnit GF="" PT="2nd" FE="Profiled_item"/>
                <annoSet ID="1334553"/>
                <annoSet ID="1334587"/>
            </pattern>
        </FERealization>
        <FERealization total="2">
            <FE name="Standard_attribute"/>
            <pattern total="1">
                <valenceUnit GF="Ext" PT="NP" FE="Standard_attribute"/>
                <annoSet ID="1334553"/>
            </pattern>
            <pattern total="1">
                <valenceUnit GF="Obj" PT="NP" FE="Standard_attribute"/>
                <annoSet ID="1334537"/>
            </pattern>
        </FERealization>
        <FERealization total="5">
            <FE name="Standard_item"/>
            <pattern total="3">
                <valenceUnit GF="Obj" PT="NP" FE="Standard_item"/>
                <annoSet ID="1334599"/>
                <annoSet ID="1334605"/>
                <annoSet ID="1334643"/>
            </pattern>
            <pattern total="1">
                <valenceUnit GF="Ext" PT="NP" FE="Standard_item"/>
                <annoSet ID="1334587"/>
            </pattern>
            <pattern total="1">
                <valenceUnit GF="" PT="2nd" FE="Standard_item"/>
                <annoSet ID="1334553"/>
            </pattern>
        </FERealization>
        <FERealization total="2">
            <FE name="Time"/>
            <pattern total="1">
                <valenceUnit GF="Dep" PT="AVP" FE="Time"/>
                <annoSet ID="1334587"/>
            </pattern>
            <pattern total="1">
                <valenceUnit GF="Dep" PT="Sub" FE="Time"/>
                <annoSet ID="1334587"/>
            </pattern>
            <pattern total="1">
                <valenceUnit GF="Dep" PT="PP[on]" FE="Time"/>
                <annoSet ID="1334553"/>
            </pattern>
        </FERealization>
        <FEGroupRealization total="2">
            <FE name="Attribute"/>
            <FE name="Extent"/>
            <FE name="Profiled_item"/>
            <FE name="Standard_item"/>
            <pattern total="1">
                <valenceUnit GF="" PT="INI" FE="Attribute"/>
                <valenceUnit GF="Dep" PT="PP[with]" FE="Extent"/>
                <valenceUnit GF="Ext" PT="NP" FE="Profiled_item"/>
                <valenceUnit GF="Obj" PT="NP" FE="Standard_item"/>
                <annoSet ID="1334643"/>
            </pattern>
            <pattern total="1">
                <valenceUnit GF="Dep" PT="PP[at]" FE="Attribute"/>
                <valenceUnit GF="Dep" PT="AVP" FE="Extent"/>
                <valenceUnit GF="Ext" PT="NP" FE="Profiled_item"/>
                <valenceUnit GF="Obj" PT="NP" FE="Standard_item"/>
                <annoSet ID="1334605"/>
            </pattern>
        </FEGroupRealization>
        <FEGroupRealization total="1">
            <FE name="Attribute"/>
            <FE name="Profiled_item"/>
            <FE name="Standard_item"/>
            <pattern total="1">
                <valenceUnit GF="" PT="INI" FE="Attribute"/>
                <valenceUnit GF="Ext" PT="NP" FE="Profiled_item"/>
                <valenceUnit GF="Obj" PT="NP" FE="Standard_item"/>
                <annoSet ID="1334599"/>
            </pattern>
        </FEGroupRealization>
        <FEGroupRealization total="1">
            <FE name="Iteration"/>
            <FE name="Profiled_item"/>
            <FE name="Standard_item"/>
            <FE name="Time"/>
            <FE name="Time"/>
            <pattern total="1">
                <valenceUnit GF="Dep" PT="AVP" FE="Iteration"/>
                <valenceUnit GF="" PT="2nd" FE="Profiled_item"/>
                <valenceUnit GF="Ext" PT="NP" FE="Standard_item"/>
                <valenceUnit GF="Dep" PT="AVP" FE="Time"/>
                <valenceUnit GF="Dep" PT="Sub" FE="Time"/>
                <annoSet ID="1334587"/>
            </pattern>
        </FEGroupRealization>
        <FEGroupRealization total="1">
            <FE name="Profiled_attribute"/>
            <FE name="Profiled_item"/>
            <FE name="Standard_attribute"/>
            <FE name="Standard_item"/>
            <FE name="Time"/>
            <pattern total="1">
                <valenceUnit GF="" PT="CNI" FE="Profiled_attribute"/>
                <valenceUnit GF="" PT="2nd" FE="Profiled_item"/>
                <valenceUnit GF="Ext" PT="NP" FE="Standard_attribute"/>
                <valenceUnit GF="" PT="2nd" FE="Standard_item"/>
                <valenceUnit GF="Dep" PT="PP[on]" FE="Time"/>
                <annoSet ID="1334553"/>
            </pattern>
        </FEGroupRealization>
        <FEGroupRealization total="1">
            <FE name="Profiled_item"/>
            <FE name="Standard_attribute"/>
            <pattern total="1">
                <valenceUnit GF="Ext" PT="NP" FE="Profiled_item"/>
                <valenceUnit GF="Obj" PT="NP" FE="Standard_attribute"/>
                <annoSet ID="1334537"/>
            </pattern>
        </FEGroupRealization>
    </valences>
    <subCorpus name="V-001-all">
        <sentence sentNo="0" aPos="2552264" ID="940404">
            <text>Only Sandy Lyle , who was 17 under in the 1983 Swiss Open , has bettered that half-way score on the PGA tour . </text>
            <annotationSet cDate="01/07/2003 08:17:59 PST Tue" status="UNANN" ID="1334536">
                <layer rank="1" name="BNC">
                    <label end="3" start="0" name="AJ0-AV0"/>
                    <label end="9" start="5" name="NP0"/>
                    <label end="14" start="11" name="NP0"/>
                    <label end="16" start="16" name="PUN"/>
                    <label end="20" start="18" name="PNQ"/>
                    <label end="24" start="22" name="VBD"/>
                    <label end="27" start="26" name="CRD"/>
                    <label end="33" start="29" name="AVP"/>
                    <label end="36" start="35" name="PRP"/>
                    <label end="40" start="38" name="AT0"/>
                    <label end="45" start="42" name="CRD"/>
                    <label end="51" start="47" name="NN2"/>
                    <label end="56" start="53" name="VVB"/>
                    <label end="58" start="58" name="PUN"/>
                    <label end="62" start="60" name="VHZ"/>
                    <label end="71" start="64" name="VVN"/>
                    <label end="76" start="73" name="CJT"/>
                    <label end="85" start="78" name="AJ0-AV0"/>
                    <label end="91" start="87" name="NN1-VVB"/>
                    <label end="94" start="93" name="PRP"/>
                    <label end="98" start="96" name="AT0"/>
                    <label end="102" start="100" name="NN1"/>
                    <label end="107" start="104" name="NN1"/>
                    <label end="109" start="109" name="PUN"/>
                </layer>
            </annotationSet>
            <annotationSet cDate="01/07/2003 08:17:59 PST Tue" status="MANUAL" ID="1334537">
                <layer rank="1" name="FE">
                    <label cBy="618" feID="3115" end="56" start="0" name="Profiled_item"/>
                    <label cBy="618" feID="3253" end="107" start="73" name="Standard_attribute"/>
                </layer>
                <layer rank="1" name="GF">
                    <label end="56" start="0" name="Ext"/>
                    <label end="107" start="73" name="Obj"/>
                </layer>
                <layer rank="1" name="PT">
                    <label end="56" start="0" name="NP"/>
                    <label end="107" start="73" name="NP"/>
                </layer>
                <layer rank="1" name="Sent"/>
                <layer rank="1" name="Other"/>
                <layer rank="1" name="Target">
                    <label cBy="103" end="71" start="64" name="Target"/>
                </layer>
                <layer rank="1" name="Verb"/>
            </annotationSet>
        </sentence>
        <sentence sentNo="0" aPos="15314384" ID="940412">
            <text>Allison feels the single 's production was bettered on later records . </text>
            <annotationSet cDate="01/07/2003 08:18:00 PST Tue" status="UNANN" ID="1334552">
                <layer rank="1" name="BNC">
                    <label end="6" start="0" name="NN1-NP0"/>
                    <label end="12" start="8" name="VVZ"/>
                    <label end="16" start="14" name="AT0"/>
                    <label end="23" start="18" name="NN1"/>
                    <label end="26" start="25" name="POS"/>
                    <label end="37" start="28" name="NN1"/>
                    <label end="41" start="39" name="VBD"/>
                    <label end="50" start="43" name="VVN"/>
                    <label end="53" start="52" name="PRP"/>
                    <label end="59" start="55" name="AJC"/>
                    <label end="67" start="61" name="NN2"/>
                    <label end="69" start="69" name="PUN"/>
                </layer>
            </annotationSet>
            <annotationSet cDate="01/07/2003 08:18:00 PST Tue" status="MANUAL" ID="1334553">
                <layer rank="1" name="FE">
                    <label cBy="532" feID="3253" end="37" start="14" name="Standard_attribute"/>
                    <label cBy="532" feID="3118" end="67" start="52" name="Time"/>
                    <label cBy="664" feID="3254" itype="CNI" name="Profiled_attribute"/>
                </layer>
                <layer rank="1" name="GF">
                    <label end="37" start="14" name="Ext"/>
                    <label end="67" start="52" name="Dep"/>
                </layer>
                <layer rank="1" name="PT">
                    <label end="37" start="14" name="NP"/>
                    <label end="67" start="52" name="PP"/>
                </layer>
                <layer rank="1" name="Sent"/>
                <layer rank="1" name="Other"/>
                <layer rank="1" name="Target">
                    <label cBy="103" end="50" start="43" name="Target"/>
                </layer>
                <layer rank="1" name="Verb"/>
                <layer rank="2" name="FE">
                    <label cBy="664" feID="3115" end="67" start="55" name="Profiled_item"/>
                    <label cBy="664" feID="3114" end="23" start="14" name="Standard_item"/>
                </layer>
            </annotationSet>
        </sentence>
        <sentence sentNo="0" aPos="35842686" ID="940429">
            <text>The eight-mile round trip has only been bettered once before when the loco ran 15 miles for railway celebrations in Sacramento . </text>
            <annotationSet cDate="01/07/2003 08:18:02 PST Tue" status="UNANN" ID="1334586">
                <layer rank="1" name="BNC">
                    <label end="2" start="0" name="AT0"/>
                    <label end="13" start="4" name="AJ0-NN1"/>
                    <label end="19" start="15" name="AJ0"/>
                    <label end="24" start="21" name="NN1"/>
                    <label end="28" start="26" name="VHZ"/>
                    <label end="33" start="30" name="AV0"/>
                    <label end="38" start="35" name="VBN"/>
                    <label end="47" start="40" name="VVN"/>
                    <label end="52" start="49" name="AV0"/>
                    <label end="59" start="54" name="CJS"/>
                    <label end="64" start="61" name="AVQ-CJS"/>
                    <label end="68" start="66" name="AT0"/>
                    <label end="73" start="70" name="NN1"/>
                    <label end="77" start="75" name="VVD"/>
                    <label end="80" start="79" name="CRD"/>
                    <label end="86" start="82" name="NN2"/>
                    <label end="90" start="88" name="PRP"/>
                    <label end="98" start="92" name="NN1"/>
                    <label end="111" start="100" name="NN2"/>
                    <label end="114" start="113" name="PRP"/>
                    <label end="125" start="116" name="NP0"/>
                    <label end="127" start="127" name="PUN"/>
                </layer>
            </annotationSet>
            <annotationSet cDate="01/07/2003 08:18:02 PST Tue" status="MANUAL" ID="1334587">
                <layer rank="1" name="FE">
                    <label cBy="618" feID="3114" end="24" start="0" name="Standard_item"/>
                    <label cBy="618" feID="3118" end="125" start="61" name="Time"/>
                    <label cBy="618" feID="3118" end="59" start="54" name="Time"/>
                    <label cBy="664" feID="10066" end="52" start="49" name="Iteration"/>
                </layer>
                <layer rank="1" name="GF">
                    <label end="24" start="0" name="Ext"/>
                    <label end="125" start="61" name="Dep"/>
                    <label end="59" start="54" name="Dep"/>
                    <label end="52" start="49" name="Dep"/>
                </layer>
                <layer rank="1" name="PT">
                    <label end="24" start="0" name="NP"/>
                    <label end="125" start="61" name="Sub"/>
                    <label end="59" start="54" name="AVP"/>
                    <label end="52" start="49" name="AVP"/>
                </layer>
                <layer rank="1" name="Sent"/>
                <layer rank="1" name="Other"/>
                <layer rank="1" name="Target">
                    <label cBy="103" end="47" start="40" name="Target"/>
                </layer>
                <layer rank="1" name="Verb"/>
                <layer rank="2" name="FE">
                    <label cBy="664" feID="3115" end="125" start="66" name="Profiled_item"/>
                </layer>
            </annotationSet>
        </sentence>
        <sentence sentNo="0" aPos="44899493" ID="940435">
            <text>The ` Greek Slave &quot; drew world attention to America for being able to produce an artist capable of equalling and even bettering his international rivals . </text>
            <annotationSet cDate="01/07/2003 08:18:02 PST Tue" status="UNANN" ID="1334598">
                <layer rank="1" name="BNC">
                    <label end="2" start="0" name="AT0"/>
                    <label end="4" start="4" name="PUQ"/>
                    <label end="10" start="6" name="AJ0"/>
                    <label end="16" start="12" name="NN1"/>
                    <label end="18" start="18" name="PUQ"/>
                    <label end="23" start="20" name="VVD"/>
                    <label end="29" start="25" name="NN1"/>
                    <label end="39" start="31" name="NN1"/>
                    <label end="42" start="41" name="PRP"/>
                    <label end="50" start="44" name="NP0"/>
                    <label end="54" start="52" name="PRP"/>
                    <label end="60" start="56" name="VBG"/>
                    <label end="65" start="62" name="AJ0"/>
                    <label end="68" start="67" name="TO0"/>
                    <label end="76" start="70" name="VVI"/>
                    <label end="79" start="78" name="AT0"/>
                    <label end="86" start="81" name="NN1"/>
                    <label end="94" start="88" name="AJ0"/>
                    <label end="97" start="96" name="PRF"/>
                    <label end="107" start="99" name="NN1-VVG"/>
                    <label end="111" start="109" name="CJC"/>
                    <label end="116" start="113" name="AV0"/>
                    <label end="126" start="118" name="VVG"/>
                    <label end="130" start="128" name="DPS"/>
                    <label end="144" start="132" name="AJ0"/>
                    <label end="151" start="146" name="NN2"/>
                    <label end="153" start="153" name="PUN"/>
                </layer>
            </annotationSet>
            <annotationSet cDate="01/07/2003 08:18:02 PST Tue" status="MANUAL" ID="1334599">
                <layer rank="1" name="FE">
                    <label cBy="532" feID="3115" end="86" start="78" name="Profiled_item"/>
                    <label cBy="532" feID="3114" end="151" start="128" name="Standard_item"/>
                    <label cBy="153" feID="3116" itype="INI" name="Attribute"/>
                </layer>
                <layer rank="1" name="GF">
                    <label end="86" start="78" name="Ext"/>
                    <label end="151" start="128" name="Obj"/>
                </layer>
                <layer rank="1" name="PT">
                    <label end="86" start="78" name="NP"/>
                    <label end="151" start="128" name="NP"/>
                </layer>
                <layer rank="1" name="Sent"/>
                <layer rank="1" name="Other"/>
                <layer rank="1" name="Target">
                    <label cBy="103" end="126" start="118" name="Target"/>
                </layer>
                <layer rank="1" name="Verb"/>
            </annotationSet>
        </sentence>
        <sentence sentNo="0" aPos="58881790" ID="940438">
            <text>Like Han Ch'in that time , when she had almost bettered him at archery …</text>
            <annotationSet cDate="01/07/2003 08:18:03 PST Tue" status="UNANN" ID="1334604">
                <layer rank="1" name="BNC">
                    <label end="3" start="0" name="PRP"/>
                    <label end="7" start="5" name="NP0"/>
                    <label end="13" start="9" name="NN1-NP0"/>
                    <label end="18" start="15" name="CJT-DT0"/>
                    <label end="23" start="20" name="NN1"/>
                    <label end="25" start="25" name="PUN"/>
                    <label end="30" start="27" name="AVQ"/>
                    <label end="34" start="32" name="PNP"/>
                    <label end="38" start="36" name="VHD"/>
                    <label end="45" start="40" name="AV0"/>
                    <label end="54" start="47" name="VVN"/>
                    <label end="58" start="56" name="PNP"/>
                    <label end="61" start="60" name="PRP"/>
                    <label end="69" start="63" name="NN1"/>
                    <label end="71" start="71" name="PUN"/>
                </layer>
            </annotationSet>
            <annotationSet cDate="01/07/2003 08:18:03 PST Tue" status="MANUAL" ID="1334605">
                <layer rank="1" name="FE">
                    <label cBy="618" feID="3115" end="34" start="32" name="Profiled_item"/>
                    <label cBy="618" feID="3114" end="58" start="56" name="Standard_item"/>
                    <label cBy="618" feID="3116" end="69" start="60" name="Attribute"/>
                    <label cBy="618" feID="3117" end="45" start="40" name="Extent"/>
                </layer>
                <layer rank="1" name="GF">
                    <label end="34" start="32" name="Ext"/>
                    <label end="58" start="56" name="Obj"/>
                    <label end="69" start="60" name="Dep"/>
                    <label end="45" start="40" name="Dep"/>
                </layer>
                <layer rank="1" name="PT">
                    <label end="34" start="32" name="NP"/>
                    <label end="58" start="56" name="NP"/>
                    <label end="69" start="60" name="PP"/>
                    <label end="45" start="40" name="AVP"/>
                </layer>
                <layer rank="1" name="Sent"/>
                <layer rank="1" name="Other"/>
                <layer rank="1" name="Target">
                    <label cBy="103" end="54" start="47" name="Target"/>
                </layer>
                <layer rank="1" name="Verb"/>
            </annotationSet>
        </sentence>
        <sentence sentNo="0" aPos="108386369" ID="940457">
            <text>On official tests , the Turbo Diesel betters the normally aspirated ZX Diesel with 65.7mpg as compared with 64.2mpg at a constant 56mph . </text>
            <annotationSet cDate="01/07/2003 08:18:05 PST Tue" status="UNANN" ID="1334642">
                <layer rank="1" name="BNC">
                    <label end="1" start="0" name="PRP"/>
                    <label end="10" start="3" name="AJ0"/>
                    <label end="16" start="12" name="NN2"/>
                    <label end="18" start="18" name="PUN"/>
                    <label end="22" start="20" name="AT0"/>
                    <label end="28" start="24" name="NN1"/>
                    <label end="35" start="30" name="NN1"/>
                    <label end="43" start="37" name="VVZ"/>
                    <label end="47" start="45" name="AT0"/>
                    <label end="56" start="49" name="AV0"/>
                    <label end="66" start="58" name="VVD"/>
                    <label end="69" start="68" name="NP0"/>
                    <label end="76" start="71" name="NN1"/>
                    <label end="81" start="78" name="PRP"/>
                    <label end="89" start="83" name="UNC"/>
                    <label end="92" start="91" name="CJS"/>
                    <label end="101" start="94" name="VVN"/>
                    <label end="106" start="103" name="PRP"/>
                    <label end="114" start="108" name="UNC"/>
                    <label end="117" start="116" name="PRP"/>
                    <label end="119" start="119" name="AT0"/>
                    <label end="128" start="121" name="AJ0"/>
                    <label end="134" start="130" name="NN0"/>
                    <label end="136" start="136" name="PUN"/>
                </layer>
            </annotationSet>
            <annotationSet cDate="01/07/2003 08:18:05 PST Tue" status="MANUAL" ID="1334643">
                <layer rank="1" name="FE">
                    <label cBy="532" feID="3115" end="35" start="20" name="Profiled_item"/>
                    <label cBy="532" feID="3114" end="76" start="45" name="Standard_item"/>
                    <label cBy="532" feID="3117" end="134" start="78" name="Extent"/>
                    <label cBy="153" feID="3116" itype="INI" name="Attribute"/>
                </layer>
                <layer rank="1" name="GF">
                    <label end="35" start="20" name="Ext"/>
                    <label end="76" start="45" name="Obj"/>
                    <label end="134" start="78" name="Dep"/>
                </layer>
                <layer rank="1" name="PT">
                    <label end="35" start="20" name="NP"/>
                    <label end="76" start="45" name="NP"/>
                    <label end="134" start="78" name="PP"/>
                </layer>
                <layer rank="1" name="Sent"/>
                <layer rank="1" name="Other"/>
                <layer rank="1" name="Target">
                    <label cBy="103" end="43" start="37" name="Target"/>
                </layer>
                <layer rank="1" name="Verb"/>
            </annotationSet>
        </sentence>
    </subCorpus>
    <subCorpus name="manually-added"/>
</lexUnit>