<?xml version="1.0" encoding="UTF-8" standalone="yes"?>
<?xml-stylesheet type="text/xsl" href="lexUnit.xsl"?>
<lexUnit status="Finished_Initial" POS="V" name="dovetail.v" ID="6230" frame="Compatibility" frameID="360" totalAnnotated="7" xsi:schemaLocation="../schema/lexUnit.xsd" xmlns="http://framenet.icsi.berkeley.edu" xmlns:xsi="http://www.w3.org/2001/XMLSchema-instance">
    <header>
        <frame>
            <FE fgColor="FFFFFF" bgColor="FF69B4" type="Peripheral" abbrev="Degr" name="Degree"/>
            <FE fgColor="FFFFFF" bgColor="008000" type="Core" abbrev="Items" name="Items"/>
            <FE fgColor="FFFFFF" bgColor="800080" type="Core" abbrev="Item-1" name="Item_1"/>
            <FE fgColor="FFFFFF" bgColor="0000FF" type="Core" abbrev="Item-2" name="Item_2"/>
            <FE fgColor="FFFFFF" bgColor="FF0000" type="Core" abbrev="Prmtr" name="Parameter"/>
        </frame>
    </header>
    <definition>COD: fit together easily or conveniently. </definition>
    <lexeme POS="V" name="dovetail"/>
    <valences>
        <FERealization total="3">
            <FE name="Degree"/>
            <pattern total="3">
                <valenceUnit GF="Dep" PT="AVP" FE="Degree"/>
                <annoSet ID="1347936"/>
                <annoSet ID="1347944"/>
                <annoSet ID="1347946"/>
            </pattern>
        </FERealization>
        <FERealization total="6">
            <FE name="Item_1"/>
            <pattern total="6">
                <valenceUnit GF="Ext" PT="NP" FE="Item_1"/>
                <annoSet ID="1347914"/>
                <annoSet ID="1347916"/>
                <annoSet ID="1347924"/>
                <annoSet ID="1347938"/>
                <annoSet ID="1347944"/>
                <annoSet ID="1347946"/>
            </pattern>
        </FERealization>
        <FERealization total="6">
            <FE name="Item_2"/>
            <pattern total="5">
                <valenceUnit GF="Dep" PT="PP[with]" FE="Item_2"/>
                <annoSet ID="1347914"/>
                <annoSet ID="1347924"/>
                <annoSet ID="1347938"/>
                <annoSet ID="1347944"/>
                <annoSet ID="1347946"/>
            </pattern>
            <pattern total="1">
                <valenceUnit GF="Dep" PT="PP[into]" FE="Item_2"/>
                <annoSet ID="1347916"/>
            </pattern>
        </FERealization>
        <FERealization total="1">
            <FE name="Items"/>
            <pattern total="1">
                <valenceUnit GF="Ext" PT="NP" FE="Items"/>
                <annoSet ID="1347936"/>
            </pattern>
        </FERealization>
        <FERealization total="7">
            <FE name="Parameter"/>
            <pattern total="6">
                <valenceUnit GF="" PT="INI" FE="Parameter"/>
                <annoSet ID="1347914"/>
                <annoSet ID="1347924"/>
                <annoSet ID="1347936"/>
                <annoSet ID="1347938"/>
                <annoSet ID="1347944"/>
                <annoSet ID="1347946"/>
            </pattern>
            <pattern total="1">
                <valenceUnit GF="Dep" PT="PP[at]" FE="Parameter"/>
                <annoSet ID="1347916"/>
            </pattern>
        </FERealization>
        <FEGroupRealization total="2">
            <FE name="Degree"/>
            <FE name="Item_1"/>
            <FE name="Item_2"/>
            <FE name="Parameter"/>
            <pattern total="2">
                <valenceUnit GF="Dep" PT="AVP" FE="Degree"/>
                <valenceUnit GF="Ext" PT="NP" FE="Item_1"/>
                <valenceUnit GF="Dep" PT="PP[with]" FE="Item_2"/>
                <valenceUnit GF="" PT="INI" FE="Parameter"/>
                <annoSet ID="1347944"/>
                <annoSet ID="1347946"/>
            </pattern>
        </FEGroupRealization>
        <FEGroupRealization total="1">
            <FE name="Degree"/>
            <FE name="Items"/>
            <FE name="Parameter"/>
            <pattern total="1">
                <valenceUnit GF="Dep" PT="AVP" FE="Degree"/>
                <valenceUnit GF="Ext" PT="NP" FE="Items"/>
                <valenceUnit GF="" PT="INI" FE="Parameter"/>
                <annoSet ID="1347936"/>
            </pattern>
        </FEGroupRealization>
        <FEGroupRealization total="4">
            <FE name="Item_1"/>
            <FE name="Item_2"/>
            <FE name="Parameter"/>
            <pattern total="1">
                <valenceUnit GF="Ext" PT="NP" FE="Item_1"/>
                <valenceUnit GF="Dep" PT="PP[into]" FE="Item_2"/>
                <valenceUnit GF="Dep" PT="PP[at]" FE="Parameter"/>
                <annoSet ID="1347916"/>
            </pattern>
            <pattern total="3">
                <valenceUnit GF="Ext" PT="NP" FE="Item_1"/>
                <valenceUnit GF="Dep" PT="PP[with]" FE="Item_2"/>
                <valenceUnit GF="" PT="INI" FE="Parameter"/>
                <annoSet ID="1347914"/>
                <annoSet ID="1347924"/>
                <annoSet ID="1347938"/>
            </pattern>
        </FEGroupRealization>
    </valences>
    <subCorpus name="V-001-all">
        <sentence sentNo="0" aPos="1472529" ID="947117">
            <text>According to Mr Baker , Thorn 's ground-based radar activities would dovetail with Ferranti 's airborne radar and result in a formidable force in European defence electronics . </text>
            <annotationSet cDate="01/07/2003 08:33:25 PST Tue" status="UNANN" ID="1347913">
                <layer rank="1" name="BNC">
                    <label end="8" start="0" name="PRP"/>
                    <label end="11" start="10" name="PRP"/>
                    <label end="14" start="13" name="NP0"/>
                    <label end="20" start="16" name="NP0"/>
                    <label end="22" start="22" name="PUN"/>
                    <label end="28" start="24" name="NP0"/>
                    <label end="31" start="30" name="POS"/>
                    <label end="44" start="33" name="AJ0-NN1"/>
                    <label end="50" start="46" name="NN1"/>
                    <label end="61" start="52" name="NN2"/>
                    <label end="67" start="63" name="VM0"/>
                    <label end="76" start="69" name="VVI"/>
                    <label end="81" start="78" name="PRP"/>
                    <label end="90" start="83" name="NP0"/>
                    <label end="93" start="92" name="POS"/>
                    <label end="102" start="95" name="AJ0"/>
                    <label end="108" start="104" name="NN1"/>
                    <label end="112" start="110" name="CJC"/>
                    <label end="119" start="114" name="NN1-VVB"/>
                    <label end="122" start="121" name="PRP"/>
                    <label end="124" start="124" name="AT0"/>
                    <label end="135" start="126" name="AJ0"/>
                    <label end="141" start="137" name="NN1"/>
                    <label end="144" start="143" name="PRP"/>
                    <label end="153" start="146" name="AJ0"/>
                    <label end="161" start="155" name="NN1"/>
                    <label end="173" start="163" name="NN1"/>
                    <label end="175" start="175" name="PUN"/>
                </layer>
            </annotationSet>
            <annotationSet cDate="01/07/2003 08:33:25 PST Tue" status="MANUAL" ID="1347914">
                <layer rank="1" name="FE">
                    <label cBy="618" feID="3191" end="61" start="24" name="Item_1"/>
                    <label cBy="618" feID="3192" end="108" start="78" name="Item_2"/>
                    <label cBy="153" feID="3195" itype="INI" name="Parameter"/>
                </layer>
                <layer rank="1" name="GF">
                    <label end="61" start="24" name="Ext"/>
                    <label end="108" start="78" name="Dep"/>
                </layer>
                <layer rank="1" name="PT">
                    <label end="61" start="24" name="NP"/>
                    <label end="108" start="78" name="PP"/>
                </layer>
                <layer rank="1" name="Sent"/>
                <layer rank="1" name="Other"/>
                <layer rank="1" name="Target">
                    <label cBy="103" end="76" start="69" name="Target"/>
                </layer>
                <layer rank="1" name="Verb"/>
            </annotationSet>
        </sentence>
        <sentence sentNo="0" aPos="17707026" ID="947118">
            <text>Their skills are unlikely to dovetail into demands of major financial institutions , except at the catering and cleaning level . </text>
            <annotationSet cDate="01/07/2003 08:33:26 PST Tue" status="UNANN" ID="1347915">
                <layer rank="1" name="BNC">
                    <label end="4" start="0" name="DPS"/>
                    <label end="11" start="6" name="NN2"/>
                    <label end="15" start="13" name="VBB"/>
                    <label end="24" start="17" name="AJ0"/>
                    <label end="27" start="26" name="TO0"/>
                    <label end="36" start="29" name="VVI"/>
                    <label end="41" start="38" name="PRP"/>
                    <label end="49" start="43" name="NN2"/>
                    <label end="52" start="51" name="PRF"/>
                    <label end="58" start="54" name="AJ0"/>
                    <label end="68" start="60" name="AJ0"/>
                    <label end="81" start="70" name="NN2"/>
                    <label end="83" start="83" name="PUN"/>
                    <label end="90" start="85" name="CJS"/>
                    <label end="93" start="92" name="PRP"/>
                    <label end="97" start="95" name="AT0"/>
                    <label end="106" start="99" name="AJ0-NN1"/>
                    <label end="110" start="108" name="CJC"/>
                    <label end="119" start="112" name="AJ0-VVG"/>
                    <label end="125" start="121" name="AJ0-NN1"/>
                    <label end="127" start="127" name="PUN"/>
                </layer>
            </annotationSet>
            <annotationSet cDate="01/07/2003 08:33:26 PST Tue" status="MANUAL" ID="1347916">
                <layer rank="1" name="FE">
                    <label cBy="618" feID="3191" end="11" start="0" name="Item_1"/>
                    <label cBy="618" feID="3192" end="81" start="38" name="Item_2"/>
                    <label cBy="618" feID="3195" end="125" start="85" name="Parameter"/>
                </layer>
                <layer rank="1" name="GF">
                    <label end="11" start="0" name="Ext"/>
                    <label end="81" start="38" name="Dep"/>
                    <label end="125" start="85" name="Dep"/>
                </layer>
                <layer rank="1" name="PT">
                    <label end="11" start="0" name="NP"/>
                    <label end="81" start="38" name="PP"/>
                    <label end="125" start="85" name="PP"/>
                </layer>
                <layer rank="1" name="Sent"/>
                <layer rank="1" name="Other"/>
                <layer rank="1" name="Target">
                    <label cBy="103" end="36" start="29" name="Target"/>
                </layer>
                <layer rank="1" name="Verb"/>
            </annotationSet>
        </sentence>
        <sentence sentNo="0" aPos="20573112" ID="947122">
            <text>Any future extension would dovetail with the present scheme to extend pastoral care into the community . </text>
            <annotationSet cDate="01/07/2003 08:33:26 PST Tue" status="UNANN" ID="1347923">
                <layer rank="1" name="BNC">
                    <label end="2" start="0" name="DT0"/>
                    <label end="9" start="4" name="AJ0"/>
                    <label end="19" start="11" name="NN1"/>
                    <label end="25" start="21" name="VM0"/>
                    <label end="34" start="27" name="VVI"/>
                    <label end="39" start="36" name="PRP"/>
                    <label end="43" start="41" name="AT0"/>
                    <label end="51" start="45" name="AJ0"/>
                    <label end="58" start="53" name="NN1"/>
                    <label end="61" start="60" name="TO0"/>
                    <label end="68" start="63" name="VVI"/>
                    <label end="77" start="70" name="AJ0"/>
                    <label end="82" start="79" name="NN1"/>
                    <label end="87" start="84" name="PRP"/>
                    <label end="91" start="89" name="AT0"/>
                    <label end="101" start="93" name="NN0"/>
                    <label end="103" start="103" name="PUN"/>
                </layer>
            </annotationSet>
            <annotationSet cDate="01/07/2003 08:33:26 PST Tue" status="MANUAL" ID="1347924">
                <layer rank="1" name="FE">
                    <label cBy="618" feID="3191" end="19" start="0" name="Item_1"/>
                    <label cBy="618" feID="3192" end="101" start="36" name="Item_2"/>
                    <label cBy="153" feID="3195" itype="INI" name="Parameter"/>
                </layer>
                <layer rank="1" name="GF">
                    <label end="19" start="0" name="Ext"/>
                    <label end="101" start="36" name="Dep"/>
                </layer>
                <layer rank="1" name="PT">
                    <label end="19" start="0" name="NP"/>
                    <label end="101" start="36" name="PP"/>
                </layer>
                <layer rank="1" name="Sent"/>
                <layer rank="1" name="Other"/>
                <layer rank="1" name="Target">
                    <label cBy="103" end="34" start="27" name="Target"/>
                </layer>
                <layer rank="1" name="Verb"/>
            </annotationSet>
        </sentence>
        <sentence sentNo="0" aPos="53793830" ID="947128">
            <text>And topocide is even easier when the policies of planners , politicians , and industrialists dovetail so precisely . </text>
            <annotationSet cDate="01/07/2003 08:33:27 PST Tue" status="UNANN" ID="1347935">
                <layer rank="1" name="BNC">
                    <label end="2" start="0" name="CJC"/>
                    <label end="11" start="4" name="NN1"/>
                    <label end="14" start="13" name="VBZ"/>
                    <label end="19" start="16" name="AV0"/>
                    <label end="26" start="21" name="AJC"/>
                    <label end="31" start="28" name="CJS"/>
                    <label end="35" start="33" name="AT0"/>
                    <label end="44" start="37" name="NN2"/>
                    <label end="47" start="46" name="PRF"/>
                    <label end="56" start="49" name="NN2"/>
                    <label end="58" start="58" name="PUN"/>
                    <label end="70" start="60" name="NN2"/>
                    <label end="72" start="72" name="PUN"/>
                    <label end="76" start="74" name="CJC"/>
                    <label end="91" start="78" name="NN2"/>
                    <label end="100" start="93" name="VVB"/>
                    <label end="103" start="102" name="AV0"/>
                    <label end="113" start="105" name="AV0"/>
                    <label end="115" start="115" name="PUN"/>
                </layer>
            </annotationSet>
            <annotationSet cDate="01/07/2003 08:33:27 PST Tue" status="MANUAL" ID="1347936">
                <layer rank="1" name="FE">
                    <label cBy="618" feID="3194" end="113" start="102" name="Degree"/>
                    <label cBy="618" feID="3193" end="91" start="33" name="Items"/>
                    <label cBy="153" feID="3195" itype="INI" name="Parameter"/>
                </layer>
                <layer rank="1" name="GF">
                    <label end="113" start="102" name="Dep"/>
                    <label end="91" start="33" name="Ext"/>
                </layer>
                <layer rank="1" name="PT">
                    <label end="113" start="102" name="AVP"/>
                    <label end="91" start="33" name="NP"/>
                </layer>
                <layer rank="1" name="Sent"/>
                <layer rank="1" name="Other"/>
                <layer rank="1" name="Target">
                    <label cBy="103" end="100" start="93" name="Target"/>
                </layer>
                <layer rank="1" name="Verb"/>
            </annotationSet>
        </sentence>
        <sentence sentNo="0" aPos="54510895" ID="947129">
            <text>At times the self image presented by these women in their paintings seemed to dovetail with Surrealist expectations . </text>
            <annotationSet cDate="01/07/2003 08:33:27 PST Tue" status="UNANN" ID="1347937">
                <layer rank="1" name="BNC">
                    <label end="1" start="0" name="PRP"/>
                    <label end="7" start="3" name="NN2"/>
                    <label end="11" start="9" name="AT0"/>
                    <label end="16" start="13" name="NN1"/>
                    <label end="22" start="18" name="NN1"/>
                    <label end="32" start="24" name="VVN"/>
                    <label end="35" start="34" name="PRP"/>
                    <label end="41" start="37" name="DT0"/>
                    <label end="47" start="43" name="NN2"/>
                    <label end="50" start="49" name="PRP"/>
                    <label end="56" start="52" name="DPS"/>
                    <label end="66" start="58" name="NN2"/>
                    <label end="73" start="68" name="VVD"/>
                    <label end="76" start="75" name="TO0"/>
                    <label end="85" start="78" name="VVI"/>
                    <label end="90" start="87" name="PRP"/>
                    <label end="101" start="92" name="AJ0"/>
                    <label end="114" start="103" name="NN2"/>
                    <label end="116" start="116" name="PUN"/>
                </layer>
            </annotationSet>
            <annotationSet cDate="01/07/2003 08:33:27 PST Tue" status="MANUAL" ID="1347938">
                <layer rank="1" name="FE">
                    <label cBy="618" feID="3191" end="66" start="9" name="Item_1"/>
                    <label cBy="618" feID="3192" end="114" start="87" name="Item_2"/>
                    <label cBy="153" feID="3195" itype="INI" name="Parameter"/>
                </layer>
                <layer rank="1" name="GF">
                    <label end="66" start="9" name="Ext"/>
                    <label end="114" start="87" name="Dep"/>
                </layer>
                <layer rank="1" name="PT">
                    <label end="66" start="9" name="NP"/>
                    <label end="114" start="87" name="PP"/>
                </layer>
                <layer rank="1" name="Sent"/>
                <layer rank="1" name="Other"/>
                <layer rank="1" name="Target">
                    <label cBy="103" end="85" start="78" name="Target"/>
                </layer>
                <layer rank="1" name="Verb"/>
            </annotationSet>
        </sentence>
        <sentence sentNo="0" aPos="91427293" ID="947132">
            <text>It is anticipated that this company will dovetail well with the division 's existing areas of expertise in the oil field sector , allowing the development of new international markets . </text>
            <annotationSet cDate="01/07/2003 08:33:27 PST Tue" status="UNANN" ID="1347943">
                <layer rank="1" name="BNC">
                    <label end="1" start="0" name="PNP"/>
                    <label end="4" start="3" name="VBZ"/>
                    <label end="16" start="6" name="VVN"/>
                    <label end="21" start="18" name="CJT"/>
                    <label end="26" start="23" name="DT0"/>
                    <label end="34" start="28" name="NN1"/>
                    <label end="39" start="36" name="VM0"/>
                    <label end="48" start="41" name="VVI"/>
                    <label end="53" start="50" name="AV0"/>
                    <label end="58" start="55" name="PRP"/>
                    <label end="62" start="60" name="AT0"/>
                    <label end="71" start="64" name="NN0"/>
                    <label end="74" start="73" name="POS"/>
                    <label end="83" start="76" name="AJ0"/>
                    <label end="89" start="85" name="NN2"/>
                    <label end="92" start="91" name="PRF"/>
                    <label end="102" start="94" name="NN1"/>
                    <label end="105" start="104" name="PRP"/>
                    <label end="109" start="107" name="AT0"/>
                    <label end="113" start="111" name="NN1"/>
                    <label end="119" start="115" name="NN1"/>
                    <label end="126" start="121" name="NN1"/>
                    <label end="128" start="128" name="PUN"/>
                    <label end="137" start="130" name="VVG"/>
                    <label end="141" start="139" name="AT0"/>
                    <label end="153" start="143" name="NN1"/>
                    <label end="156" start="155" name="PRF"/>
                    <label end="160" start="158" name="AJ0"/>
                    <label end="174" start="162" name="AJ0"/>
                    <label end="182" start="176" name="NN2"/>
                    <label end="184" start="184" name="PUN"/>
                </layer>
            </annotationSet>
            <annotationSet cDate="01/07/2003 08:33:27 PST Tue" status="MANUAL" ID="1347944">
                <layer rank="1" name="FE">
                    <label cBy="618" feID="3191" end="34" start="23" name="Item_1"/>
                    <label cBy="618" feID="3194" end="53" start="50" name="Degree"/>
                    <label cBy="618" feID="3192" end="113" start="55" name="Item_2"/>
                    <label cBy="153" feID="3195" itype="INI" name="Parameter"/>
                </layer>
                <layer rank="1" name="GF">
                    <label end="34" start="23" name="Ext"/>
                    <label end="53" start="50" name="Dep"/>
                    <label end="113" start="55" name="Dep"/>
                </layer>
                <layer rank="1" name="PT">
                    <label end="34" start="23" name="NP"/>
                    <label end="53" start="50" name="AVP"/>
                    <label end="113" start="55" name="PP"/>
                </layer>
                <layer rank="1" name="Sent"/>
                <layer rank="1" name="Other"/>
                <layer rank="1" name="Target">
                    <label cBy="103" end="48" start="41" name="Target"/>
                </layer>
                <layer rank="1" name="Verb"/>
            </annotationSet>
        </sentence>
        <sentence sentNo="0" aPos="105525643" ID="947133">
            <text>The £6.5m scheme will dovetail nicely with the revamp that Broken Banks , the nearby slumped River Wear river bank , is undergoing . </text>
            <annotationSet cDate="01/07/2003 08:33:27 PST Tue" status="UNANN" ID="1347945">
                <layer rank="1" name="BNC">
                    <label end="2" start="0" name="AT0"/>
                    <label end="8" start="4" name="NN0"/>
                    <label end="15" start="10" name="NN1"/>
                    <label end="20" start="17" name="VM0"/>
                    <label end="29" start="22" name="VVI"/>
                    <label end="36" start="31" name="AV0"/>
                    <label end="41" start="38" name="PRP"/>
                    <label end="45" start="43" name="AT0"/>
                    <label end="52" start="47" name="NN1"/>
                    <label end="57" start="54" name="CJT-DT0"/>
                    <label end="64" start="59" name="AJ0"/>
                    <label end="70" start="66" name="NN2"/>
                    <label end="72" start="72" name="PUN"/>
                    <label end="76" start="74" name="AT0"/>
                    <label end="83" start="78" name="AV0"/>
                    <label end="91" start="85" name="AJ0-VVD"/>
                    <label end="97" start="93" name="NP0"/>
                    <label end="102" start="99" name="NP0"/>
                    <label end="108" start="104" name="NN1"/>
                    <label end="113" start="110" name="NN1"/>
                    <label end="115" start="115" name="PUN"/>
                    <label end="118" start="117" name="VBZ"/>
                    <label end="129" start="120" name="VVG"/>
                    <label end="131" start="131" name="PUN"/>
                </layer>
            </annotationSet>
            <annotationSet cDate="01/07/2003 08:33:27 PST Tue" status="MANUAL" ID="1347946">
                <layer rank="1" name="FE">
                    <label cBy="618" feID="3191" end="15" start="0" name="Item_1"/>
                    <label cBy="618" feID="3194" end="36" start="31" name="Degree"/>
                    <label cBy="618" feID="3192" end="129" start="38" name="Item_2"/>
                    <label cBy="153" feID="3195" itype="INI" name="Parameter"/>
                </layer>
                <layer rank="1" name="GF">
                    <label end="15" start="0" name="Ext"/>
                    <label end="36" start="31" name="Dep"/>
                    <label end="129" start="38" name="Dep"/>
                </layer>
                <layer rank="1" name="PT">
                    <label end="15" start="0" name="NP"/>
                    <label end="36" start="31" name="AVP"/>
                    <label end="129" start="38" name="PP"/>
                </layer>
                <layer rank="1" name="Sent"/>
                <layer rank="1" name="Other"/>
                <layer rank="1" name="Target">
                    <label cBy="103" end="29" start="22" name="Target"/>
                </layer>
                <layer rank="1" name="Verb"/>
            </annotationSet>
        </sentence>
    </subCorpus>
</lexUnit>