<?xml version="1.0" encoding="UTF-8" standalone="yes"?>
<?xml-stylesheet type="text/xsl" href="lexUnit.xsl"?>
<lexUnit status="Finished_Initial" POS="V" name="exhale.v" ID="6239" frame="Emitting" frameID="359" totalAnnotated="15" xsi:schemaLocation="../schema/lexUnit.xsd" xmlns="http://framenet.icsi.berkeley.edu" xmlns:xsi="http://www.w3.org/2001/XMLSchema-instance">
    <header>
        <frame>
            <FE fgColor="FF0000" bgColor="FFD700" type="Peripheral" abbrev="Area" name="Area"/>
            <FE fgColor="FFFFFF" bgColor="008000" type="Peripheral" abbrev="Car" name="Carrier"/>
            <FE fgColor="FFFFFF" bgColor="FF69B4" type="Peripheral" abbrev="Degr" name="Degree"/>
            <FE fgColor="FF0000" bgColor="EEE8AA" type="Extra-Thematic" abbrev="Dep" name="Depictive"/>
            <FE fgColor="006400" bgColor="FFFF00" type="Peripheral" abbrev="Dist" name="Distance"/>
            <FE fgColor="000000" bgColor="FFFF00" type="Peripheral" abbrev="Dur" name="Duration"/>
            <FE fgColor="FFFFFF" bgColor="00008B" type="Core" abbrev="Emission" name="Emission"/>
            <FE fgColor="FFFFFF" bgColor="9400D3" type="Extra-Thematic" abbrev="Form" name="Form"/>
            <FE fgColor="FFFFFF" bgColor="00BFFF" type="Peripheral" abbrev="Goal" name="Goal"/>
            <FE fgColor="FFFFFF" bgColor="FF00FF" type="Peripheral" abbrev="Mnr" name="Manner"/>
            <FE fgColor="FFFFFF" bgColor="A9A9A9" type="Peripheral" abbrev="Mns" name="Means"/>
            <FE fgColor="FFFFFF" bgColor="0000FF" type="Peripheral" abbrev="Path" name="Path"/>
            <FE fgColor="FFFFFF" bgColor="800080" type="Extra-Thematic" abbrev="Reas" name="Reason"/>
            <FE fgColor="FFFFFF" bgColor="FF0000" type="Core" abbrev="Source_e" name="Source_emitter"/>
            <FE fgColor="FFFFFF" bgColor="00BFFF" type="Peripheral" abbrev="Spd" name="Speed"/>
            <FE fgColor="FFFFFF" bgColor="A52A2A" type="Extra-Thematic" abbrev="" name="Sub_source"/>
            <FE fgColor="FFFFFF" bgColor="FFA500" type="Peripheral" abbrev="Time" name="Time"/>
        </frame>
    </header>
    <definition>COD: give off (vapour or fumes).</definition>
    <lexeme POS="V" name="exhale"/>
    <valences>
        <FERealization total="15">
            <FE name="Emission"/>
            <pattern total="2">
                <valenceUnit GF="" PT="CNI" FE="Emission"/>
                <annoSet ID="1346906"/>
                <annoSet ID="1346922"/>
            </pattern>
            <pattern total="4">
                <valenceUnit GF="Ext" PT="NP" FE="Emission"/>
                <annoSet ID="1346908"/>
                <annoSet ID="1346930"/>
                <annoSet ID="1346952"/>
                <annoSet ID="1347032"/>
            </pattern>
            <pattern total="9">
                <valenceUnit GF="Obj" PT="NP" FE="Emission"/>
                <annoSet ID="1346912"/>
                <annoSet ID="1346938"/>
                <annoSet ID="1346940"/>
                <annoSet ID="1346942"/>
                <annoSet ID="1346960"/>
                <annoSet ID="1346972"/>
                <annoSet ID="1347006"/>
                <annoSet ID="1347016"/>
                <annoSet ID="1347062"/>
            </pattern>
        </FERealization>
        <FERealization total="2">
            <FE name="Goal"/>
            <pattern total="2">
                <valenceUnit GF="Dep" PT="PP[towards]" FE="Goal"/>
                <annoSet ID="1346942"/>
                <annoSet ID="1346960"/>
            </pattern>
        </FERealization>
        <FERealization total="4">
            <FE name="Manner"/>
            <pattern total="1">
                <valenceUnit GF="Dep" PT="AVP" FE="Manner"/>
                <annoSet ID="1346922"/>
            </pattern>
            <pattern total="1">
                <valenceUnit GF="Dep" PT="PPing[without]" FE="Manner"/>
                <annoSet ID="1346908"/>
            </pattern>
            <pattern total="1">
                <valenceUnit GF="Dep" PT="PP[in]" FE="Manner"/>
                <annoSet ID="1347062"/>
            </pattern>
            <pattern total="1">
                <valenceUnit GF="Dep" PT="PP[with]" FE="Manner"/>
                <annoSet ID="1347016"/>
            </pattern>
        </FERealization>
        <FERealization total="2">
            <FE name="Path"/>
            <pattern total="1">
                <valenceUnit GF="Dep" PT="PP[through]" FE="Path"/>
                <annoSet ID="1346906"/>
            </pattern>
            <pattern total="1">
                <valenceUnit GF="Dep" PT="PP[across]" FE="Path"/>
                <annoSet ID="1346972"/>
            </pattern>
        </FERealization>
        <FERealization total="15">
            <FE name="Source_emitter"/>
            <pattern total="11">
                <valenceUnit GF="Ext" PT="NP" FE="Source_emitter"/>
                <annoSet ID="1346906"/>
                <annoSet ID="1346912"/>
                <annoSet ID="1346922"/>
                <annoSet ID="1346938"/>
                <annoSet ID="1346940"/>
                <annoSet ID="1346942"/>
                <annoSet ID="1346960"/>
                <annoSet ID="1346972"/>
                <annoSet ID="1347006"/>
                <annoSet ID="1347016"/>
                <annoSet ID="1347062"/>
            </pattern>
            <pattern total="1">
                <valenceUnit GF="Dep" PT="PP[by]" FE="Source_emitter"/>
                <annoSet ID="1346952"/>
            </pattern>
            <pattern total="2">
                <valenceUnit GF="" PT="CNI" FE="Source_emitter"/>
                <annoSet ID="1346908"/>
                <annoSet ID="1346930"/>
            </pattern>
            <pattern total="1">
                <valenceUnit GF="Obj" PT="NP" FE="Source_emitter"/>
                <annoSet ID="1347032"/>
            </pattern>
        </FERealization>
        <FERealization total="1">
            <FE name="Sub_source"/>
            <pattern total="1">
                <valenceUnit GF="Dep" PT="PP[from]" FE="Sub_source"/>
                <annoSet ID="1347006"/>
            </pattern>
        </FERealization>
        <FEGroupRealization total="1">
            <FE name="Emission"/>
            <FE name="Emission"/>
            <FE name="Source_emitter"/>
            <pattern total="1">
                <valenceUnit GF="Ext" PT="NP" FE="Emission"/>
                <valenceUnit GF="Ext" PT="NP" FE="Emission"/>
                <valenceUnit GF="Dep" PT="PP[by]" FE="Source_emitter"/>
                <annoSet ID="1346952"/>
            </pattern>
        </FEGroupRealization>
        <FEGroupRealization total="2">
            <FE name="Emission"/>
            <FE name="Goal"/>
            <FE name="Source_emitter"/>
            <pattern total="2">
                <valenceUnit GF="Obj" PT="NP" FE="Emission"/>
                <valenceUnit GF="Dep" PT="PP[towards]" FE="Goal"/>
                <valenceUnit GF="Ext" PT="NP" FE="Source_emitter"/>
                <annoSet ID="1346942"/>
                <annoSet ID="1346960"/>
            </pattern>
        </FEGroupRealization>
        <FEGroupRealization total="4">
            <FE name="Emission"/>
            <FE name="Manner"/>
            <FE name="Source_emitter"/>
            <pattern total="1">
                <valenceUnit GF="" PT="CNI" FE="Emission"/>
                <valenceUnit GF="Dep" PT="AVP" FE="Manner"/>
                <valenceUnit GF="Ext" PT="NP" FE="Source_emitter"/>
                <annoSet ID="1346922"/>
            </pattern>
            <pattern total="1">
                <valenceUnit GF="Ext" PT="NP" FE="Emission"/>
                <valenceUnit GF="Dep" PT="PPing[without]" FE="Manner"/>
                <valenceUnit GF="" PT="CNI" FE="Source_emitter"/>
                <annoSet ID="1346908"/>
            </pattern>
            <pattern total="1">
                <valenceUnit GF="Obj" PT="NP" FE="Emission"/>
                <valenceUnit GF="Dep" PT="PP[in]" FE="Manner"/>
                <valenceUnit GF="Ext" PT="NP" FE="Source_emitter"/>
                <annoSet ID="1347062"/>
            </pattern>
            <pattern total="1">
                <valenceUnit GF="Obj" PT="NP" FE="Emission"/>
                <valenceUnit GF="Dep" PT="PP[with]" FE="Manner"/>
                <valenceUnit GF="Ext" PT="NP" FE="Source_emitter"/>
                <annoSet ID="1347016"/>
            </pattern>
        </FEGroupRealization>
        <FEGroupRealization total="2">
            <FE name="Emission"/>
            <FE name="Path"/>
            <FE name="Source_emitter"/>
            <pattern total="1">
                <valenceUnit GF="" PT="CNI" FE="Emission"/>
                <valenceUnit GF="Dep" PT="PP[through]" FE="Path"/>
                <valenceUnit GF="Ext" PT="NP" FE="Source_emitter"/>
                <annoSet ID="1346906"/>
            </pattern>
            <pattern total="1">
                <valenceUnit GF="Obj" PT="NP" FE="Emission"/>
                <valenceUnit GF="Dep" PT="PP[across]" FE="Path"/>
                <valenceUnit GF="Ext" PT="NP" FE="Source_emitter"/>
                <annoSet ID="1346972"/>
            </pattern>
        </FEGroupRealization>
        <FEGroupRealization total="5">
            <FE name="Emission"/>
            <FE name="Source_emitter"/>
            <pattern total="1">
                <valenceUnit GF="Ext" PT="NP" FE="Emission"/>
                <valenceUnit GF="" PT="CNI" FE="Source_emitter"/>
                <annoSet ID="1346930"/>
            </pattern>
            <pattern total="1">
                <valenceUnit GF="Ext" PT="NP" FE="Emission"/>
                <valenceUnit GF="Obj" PT="NP" FE="Source_emitter"/>
                <annoSet ID="1347032"/>
            </pattern>
            <pattern total="3">
                <valenceUnit GF="Obj" PT="NP" FE="Emission"/>
                <valenceUnit GF="Ext" PT="NP" FE="Source_emitter"/>
                <annoSet ID="1346912"/>
                <annoSet ID="1346938"/>
                <annoSet ID="1346940"/>
            </pattern>
        </FEGroupRealization>
        <FEGroupRealization total="1">
            <FE name="Emission"/>
            <FE name="Source_emitter"/>
            <FE name="Sub_source"/>
            <pattern total="1">
                <valenceUnit GF="Obj" PT="NP" FE="Emission"/>
                <valenceUnit GF="Ext" PT="NP" FE="Source_emitter"/>
                <valenceUnit GF="Dep" PT="PP[from]" FE="Sub_source"/>
                <annoSet ID="1347006"/>
            </pattern>
        </FEGroupRealization>
    </valences>
    <subCorpus name="V-001-all">
        <sentence sentNo="0" aPos="4285773" ID="946613">
            <text>She drew in deeply and exhaled through her nose , then snapped the cigarette briskly from her mouth and pointed it at him with a flourish . </text>
            <annotationSet cDate="01/07/2003 08:32:14 PST Tue" status="UNANN" ID="1346905">
                <layer rank="1" name="BNC">
                    <label end="2" start="0" name="PNP"/>
                    <label end="7" start="4" name="VVD"/>
                    <label end="10" start="9" name="AVP-PRP"/>
                    <label end="17" start="12" name="AV0"/>
                    <label end="21" start="19" name="CJC"/>
                    <label end="29" start="23" name="VVD"/>
                    <label end="37" start="31" name="PRP"/>
                    <label end="41" start="39" name="DPS"/>
                    <label end="46" start="43" name="NN1"/>
                    <label end="48" start="48" name="PUN"/>
                    <label end="53" start="50" name="AV0"/>
                    <label end="61" start="55" name="VVD"/>
                    <label end="65" start="63" name="AT0"/>
                    <label end="75" start="67" name="NN1"/>
                    <label end="83" start="77" name="AV0"/>
                    <label end="88" start="85" name="PRP"/>
                    <label end="92" start="90" name="DPS"/>
                    <label end="98" start="94" name="NN1"/>
                    <label end="102" start="100" name="CJC"/>
                    <label end="110" start="104" name="VVD-VVN"/>
                    <label end="113" start="112" name="PNP"/>
                    <label end="116" start="115" name="PRP"/>
                    <label end="120" start="118" name="PNP"/>
                    <label end="125" start="122" name="PRP"/>
                    <label end="127" start="127" name="AT0"/>
                    <label end="136" start="129" name="NN1"/>
                    <label end="138" start="138" name="PUN"/>
                </layer>
            </annotationSet>
            <annotationSet cDate="01/07/2003 08:32:14 PST Tue" status="MANUAL" ID="1346906">
                <layer rank="1" name="FE">
                    <label cBy="532" feID="3138" end="2" start="0" name="Source_emitter"/>
                    <label cBy="532" feID="3146" end="46" start="31" name="Path"/>
                    <label cBy="532" feID="3139" itype="CNI" name="Emission"/>
                </layer>
                <layer rank="1" name="GF">
                    <label end="2" start="0" name="Ext"/>
                    <label end="46" start="31" name="Dep"/>
                </layer>
                <layer rank="1" name="PT">
                    <label end="2" start="0" name="NP"/>
                    <label end="46" start="31" name="PP"/>
                </layer>
                <layer rank="1" name="Sent"/>
                <layer rank="1" name="Other"/>
                <layer rank="1" name="Target">
                    <label cBy="103" end="29" start="23" name="Target"/>
                </layer>
                <layer rank="1" name="Verb"/>
            </annotationSet>
        </sentence>
        <sentence sentNo="0" aPos="5923351" ID="946614">
            <text>The aerosol droplets have to be just the right size : too big and they may get trapped in noses , too small and they tend to be exhaled without staying in the lungs . </text>
            <annotationSet cDate="01/07/2003 08:32:14 PST Tue" status="UNANN" ID="1346907">
                <layer rank="1" name="BNC">
                    <label end="2" start="0" name="AT0"/>
                    <label end="10" start="4" name="NN1"/>
                    <label end="19" start="12" name="NN2"/>
                    <label end="24" start="21" name="VHB"/>
                    <label end="27" start="26" name="TO0"/>
                    <label end="30" start="29" name="VBI"/>
                    <label end="35" start="32" name="AV0"/>
                    <label end="39" start="37" name="AT0"/>
                    <label end="45" start="41" name="AJ0"/>
                    <label end="50" start="47" name="NN1"/>
                    <label end="52" start="52" name="PUN"/>
                    <label end="56" start="54" name="AV0"/>
                    <label end="60" start="58" name="AJ0"/>
                    <label end="64" start="62" name="CJC"/>
                    <label end="69" start="66" name="PNP"/>
                    <label end="73" start="71" name="VM0"/>
                    <label end="77" start="75" name="VVI"/>
                    <label end="85" start="79" name="AJ0-VVN"/>
                    <label end="88" start="87" name="PRP"/>
                    <label end="94" start="90" name="NN2"/>
                    <label end="96" start="96" name="PUN"/>
                    <label end="100" start="98" name="AV0"/>
                    <label end="106" start="102" name="AJ0"/>
                    <label end="110" start="108" name="CJC"/>
                    <label end="115" start="112" name="PNP"/>
                    <label end="120" start="117" name="VVB"/>
                    <label end="123" start="122" name="TO0"/>
                    <label end="126" start="125" name="VBI"/>
                    <label end="134" start="128" name="VVN"/>
                    <label end="142" start="136" name="PRP"/>
                    <label end="150" start="144" name="VVG"/>
                    <label end="153" start="152" name="PRP"/>
                    <label end="157" start="155" name="AT0"/>
                    <label end="163" start="159" name="NN2"/>
                    <label end="165" start="165" name="PUN"/>
                </layer>
            </annotationSet>
            <annotationSet cDate="01/07/2003 08:32:14 PST Tue" status="MANUAL" ID="1346908">
                <layer rank="1" name="FE">
                    <label cBy="532" feID="3139" end="115" start="112" name="Emission"/>
                    <label cBy="532" feID="3135" end="163" start="136" name="Manner"/>
                    <label cBy="532" feID="3138" itype="CNI" name="Source_emitter"/>
                </layer>
                <layer rank="1" name="GF">
                    <label end="115" start="112" name="Ext"/>
                    <label end="163" start="136" name="Dep"/>
                </layer>
                <layer rank="1" name="PT">
                    <label end="115" start="112" name="NP"/>
                    <label end="163" start="136" name="PPing"/>
                </layer>
                <layer rank="1" name="Sent"/>
                <layer rank="1" name="Other"/>
                <layer rank="1" name="Target">
                    <label cBy="103" end="134" start="128" name="Target"/>
                </layer>
                <layer rank="1" name="Verb"/>
            </annotationSet>
        </sentence>
        <sentence sentNo="0" aPos="7900693" ID="946616">
            <text>` Zambia exhaled a plume of smoke , tossed hir head and extended a hand . </text>
            <annotationSet cDate="01/07/2003 08:32:14 PST Tue" status="UNANN" ID="1346911">
                <layer rank="1" name="BNC">
                    <label end="0" start="0" name="PUQ"/>
                    <label end="7" start="2" name="NN1-NP0"/>
                    <label end="15" start="9" name="VVD"/>
                    <label end="17" start="17" name="AT0"/>
                    <label end="23" start="19" name="NN1"/>
                    <label end="26" start="25" name="PRF"/>
                    <label end="32" start="28" name="NN1"/>
                    <label end="34" start="34" name="PUN"/>
                    <label end="41" start="36" name="AJ0-VVD"/>
                    <label end="45" start="43" name="NN1"/>
                    <label end="50" start="47" name="NN1"/>
                    <label end="54" start="52" name="CJC"/>
                    <label end="63" start="56" name="VVD-VVN"/>
                    <label end="65" start="65" name="AT0"/>
                    <label end="70" start="67" name="NN1"/>
                    <label end="72" start="72" name="PUN"/>
                </layer>
            </annotationSet>
            <annotationSet cDate="01/07/2003 08:32:14 PST Tue" status="MANUAL" ID="1346912">
                <layer rank="1" name="FE">
                    <label cBy="532" feID="3138" end="7" start="2" name="Source_emitter"/>
                    <label cBy="532" feID="3139" end="32" start="17" name="Emission"/>
                </layer>
                <layer rank="1" name="GF">
                    <label end="7" start="2" name="Ext"/>
                    <label end="32" start="17" name="Obj"/>
                </layer>
                <layer rank="1" name="PT">
                    <label end="7" start="2" name="NP"/>
                    <label end="32" start="17" name="NP"/>
                </layer>
                <layer rank="1" name="Sent"/>
                <layer rank="1" name="Other"/>
                <layer rank="1" name="Target">
                    <label cBy="103" end="15" start="9" name="Target"/>
                </layer>
                <layer rank="1" name="Verb"/>
            </annotationSet>
        </sentence>
        <sentence sentNo="0" aPos="21709223" ID="946621">
            <text>He took smoke into his lungs and exhaled slowly . </text>
            <annotationSet cDate="01/07/2003 08:32:15 PST Tue" status="UNANN" ID="1346921">
                <layer rank="1" name="BNC">
                    <label end="1" start="0" name="PNP"/>
                    <label end="6" start="3" name="VVD"/>
                    <label end="12" start="8" name="NN1-VVB"/>
                    <label end="17" start="14" name="PRP"/>
                    <label end="21" start="19" name="DPS"/>
                    <label end="27" start="23" name="NN2"/>
                    <label end="31" start="29" name="CJC"/>
                    <label end="39" start="33" name="VVD"/>
                    <label end="46" start="41" name="AV0"/>
                    <label end="48" start="48" name="PUN"/>
                </layer>
            </annotationSet>
            <annotationSet cDate="01/07/2003 08:32:15 PST Tue" status="MANUAL" ID="1346922">
                <layer rank="1" name="FE">
                    <label cBy="532" feID="3138" end="1" start="0" name="Source_emitter"/>
                    <label cBy="532" feID="3135" end="46" start="41" name="Manner"/>
                    <label cBy="532" feID="3139" itype="CNI" name="Emission"/>
                </layer>
                <layer rank="1" name="GF">
                    <label end="1" start="0" name="Ext"/>
                    <label end="46" start="41" name="Dep"/>
                </layer>
                <layer rank="1" name="PT">
                    <label end="1" start="0" name="NP"/>
                    <label end="46" start="41" name="AVP"/>
                </layer>
                <layer rank="1" name="Sent"/>
                <layer rank="1" name="Other"/>
                <layer rank="1" name="Target">
                    <label cBy="103" end="39" start="33" name="Target"/>
                </layer>
                <layer rank="1" name="Verb"/>
            </annotationSet>
        </sentence>
        <sentence sentNo="0" aPos="27237143" ID="946625">
            <text>When they are exhaled they are filtered through the white crystals of soda lime , and a bacterial filter . </text>
            <annotationSet cDate="01/07/2003 08:32:15 PST Tue" status="UNANN" ID="1346929">
                <layer rank="1" name="BNC">
                    <label end="3" start="0" name="AVQ-CJS"/>
                    <label end="8" start="5" name="PNP"/>
                    <label end="12" start="10" name="VBB"/>
                    <label end="20" start="14" name="VVN"/>
                    <label end="25" start="22" name="PNP"/>
                    <label end="29" start="27" name="VBB"/>
                    <label end="38" start="31" name="VVN"/>
                    <label end="46" start="40" name="PRP"/>
                    <label end="50" start="48" name="AT0"/>
                    <label end="56" start="52" name="AJ0"/>
                    <label end="65" start="58" name="NN2"/>
                    <label end="68" start="67" name="PRF"/>
                    <label end="73" start="70" name="NN1"/>
                    <label end="78" start="75" name="NN1"/>
                    <label end="80" start="80" name="PUN"/>
                    <label end="84" start="82" name="CJC"/>
                    <label end="86" start="86" name="AT0"/>
                    <label end="96" start="88" name="AJ0"/>
                    <label end="103" start="98" name="NN1"/>
                    <label end="105" start="105" name="PUN"/>
                </layer>
            </annotationSet>
            <annotationSet cDate="01/07/2003 08:32:16 PST Tue" status="MANUAL" ID="1346930">
                <layer rank="1" name="FE">
                    <label cBy="532" feID="3139" end="8" start="5" name="Emission"/>
                    <label cBy="532" feID="3138" itype="CNI" name="Source_emitter"/>
                </layer>
                <layer rank="1" name="GF">
                    <label end="8" start="5" name="Ext"/>
                </layer>
                <layer rank="1" name="PT">
                    <label end="8" start="5" name="NP"/>
                </layer>
                <layer rank="1" name="Sent"/>
                <layer rank="1" name="Other"/>
                <layer rank="1" name="Target">
                    <label cBy="103" end="20" start="14" name="Target"/>
                </layer>
                <layer rank="1" name="Verb"/>
            </annotationSet>
        </sentence>
        <sentence sentNo="0" aPos="36212207" ID="946629">
            <text>Not for Lexandro those thronged elephantine courtyards and grim vaulted catacombs to which glass cables delivered only a diluted memory of distant sunshine , and where ventilator gargoyles exhaled stale breath which had been refiltered fifty times already . </text>
            <annotationSet cDate="01/07/2003 08:32:16 PST Tue" status="UNANN" ID="1346937">
                <layer rank="1" name="BNC">
                    <label end="2" start="0" name="XX0"/>
                    <label end="6" start="4" name="PRP"/>
                    <label end="15" start="8" name="NN1-NP0"/>
                    <label end="21" start="17" name="DT0"/>
                    <label end="30" start="23" name="AJ0-VVD"/>
                    <label end="42" start="32" name="AJ0-NN1"/>
                    <label end="53" start="44" name="NN2"/>
                    <label end="57" start="55" name="CJC"/>
                    <label end="62" start="59" name="AJ0"/>
                    <label end="70" start="64" name="AJ0"/>
                    <label end="80" start="72" name="NN2"/>
                    <label end="83" start="82" name="PRP"/>
                    <label end="89" start="85" name="DTQ"/>
                    <label end="95" start="91" name="NN1"/>
                    <label end="102" start="97" name="NN2"/>
                    <label end="112" start="104" name="VVD"/>
                    <label end="117" start="114" name="AV0"/>
                    <label end="119" start="119" name="AT0"/>
                    <label end="127" start="121" name="AJ0"/>
                    <label end="134" start="129" name="NN1"/>
                    <label end="137" start="136" name="PRF"/>
                    <label end="145" start="139" name="AJ0"/>
                    <label end="154" start="147" name="NN1"/>
                    <label end="156" start="156" name="PUN"/>
                    <label end="160" start="158" name="CJC"/>
                    <label end="166" start="162" name="AVQ-CJS"/>
                    <label end="177" start="168" name="NN1"/>
                    <label end="187" start="179" name="NN2"/>
                    <label end="195" start="189" name="VVD"/>
                    <label end="201" start="197" name="AJ0"/>
                    <label end="208" start="203" name="NN1"/>
                    <label end="214" start="210" name="DTQ"/>
                    <label end="218" start="216" name="VHD"/>
                    <label end="223" start="220" name="VBN"/>
                    <label end="234" start="225" name="VVN"/>
                    <label end="240" start="236" name="CRD"/>
                    <label end="246" start="242" name="NN2"/>
                    <label end="254" start="248" name="AV0"/>
                    <label end="256" start="256" name="PUN"/>
                </layer>
            </annotationSet>
            <annotationSet cDate="01/07/2003 08:32:16 PST Tue" status="MANUAL" ID="1346938">
                <layer rank="1" name="FE">
                    <label cBy="532" feID="3138" end="187" start="168" name="Source_emitter"/>
                    <label cBy="532" feID="3139" end="254" start="197" name="Emission"/>
                </layer>
                <layer rank="1" name="GF">
                    <label end="187" start="168" name="Ext"/>
                    <label end="254" start="197" name="Obj"/>
                </layer>
                <layer rank="1" name="PT">
                    <label end="187" start="168" name="NP"/>
                    <label end="254" start="197" name="NP"/>
                </layer>
                <layer rank="1" name="Sent"/>
                <layer rank="1" name="Other"/>
                <layer rank="1" name="Target">
                    <label cBy="103" end="195" start="189" name="Target"/>
                </layer>
                <layer rank="1" name="Verb"/>
            </annotationSet>
        </sentence>
        <sentence sentNo="0" aPos="36225305" ID="946630">
            <text>A gloomy , whale-ribbed corridor led after half a kilometre to a moist cloacal side-passage aglow with lichen where ventilator gargoyles exhaled dazing smouldery fumes . </text>
            <annotationSet cDate="01/07/2003 08:32:16 PST Tue" status="UNANN" ID="1346939">
                <layer rank="1" name="BNC">
                    <label end="0" start="0" name="AT0"/>
                    <label end="7" start="2" name="AJ0"/>
                    <label end="9" start="9" name="PUN"/>
                    <label end="22" start="11" name="AJ0"/>
                    <label end="31" start="24" name="NN1"/>
                    <label end="35" start="33" name="VVD-VVN"/>
                    <label end="41" start="37" name="PRP"/>
                    <label end="46" start="43" name="DT0"/>
                    <label end="48" start="48" name="AT0"/>
                    <label end="58" start="50" name="NN1"/>
                    <label end="61" start="60" name="PRP"/>
                    <label end="63" start="63" name="AT0"/>
                    <label end="69" start="65" name="AJ0"/>
                    <label end="77" start="71" name="AJ0"/>
                    <label end="90" start="79" name="AJ0-NN1"/>
                    <label end="96" start="92" name="AJ0"/>
                    <label end="101" start="98" name="PRP"/>
                    <label end="108" start="103" name="NN1"/>
                    <label end="114" start="110" name="AVQ-CJS"/>
                    <label end="125" start="116" name="NN1"/>
                    <label end="135" start="127" name="NN2"/>
                    <label end="143" start="137" name="VVD"/>
                    <label end="150" start="145" name="AJ0-VVG"/>
                    <label end="160" start="152" name="AJ0"/>
                    <label end="166" start="162" name="NN2"/>
                    <label end="168" start="168" name="PUN"/>
                </layer>
            </annotationSet>
            <annotationSet cDate="01/07/2003 08:32:16 PST Tue" status="MANUAL" ID="1346940">
                <layer rank="1" name="FE">
                    <label cBy="532" feID="3138" end="135" start="116" name="Source_emitter"/>
                    <label cBy="532" feID="3139" end="166" start="145" name="Emission"/>
                </layer>
                <layer rank="1" name="GF">
                    <label end="135" start="116" name="Ext"/>
                    <label end="166" start="145" name="Obj"/>
                </layer>
                <layer rank="1" name="PT">
                    <label end="135" start="116" name="NP"/>
                    <label end="166" start="145" name="NP"/>
                </layer>
                <layer rank="1" name="Sent"/>
                <layer rank="1" name="Other"/>
                <layer rank="1" name="Target">
                    <label cBy="103" end="143" start="137" name="Target"/>
                </layer>
                <layer rank="1" name="Verb"/>
            </annotationSet>
        </sentence>
        <sentence sentNo="0" aPos="36930769" ID="946631">
            <text>Enrique lit another cigarette , exhaling pungent blue smoke towards the stained ceiling . </text>
            <annotationSet cDate="01/07/2003 08:32:16 PST Tue" status="UNANN" ID="1346941">
                <layer rank="1" name="BNC">
                    <label end="6" start="0" name="NN1-NP0"/>
                    <label end="10" start="8" name="VVD"/>
                    <label end="18" start="12" name="DT0"/>
                    <label end="28" start="20" name="NN1"/>
                    <label end="30" start="30" name="PUN"/>
                    <label end="39" start="32" name="VVG"/>
                    <label end="47" start="41" name="AJ0"/>
                    <label end="52" start="49" name="AJ0"/>
                    <label end="58" start="54" name="NN1"/>
                    <label end="66" start="60" name="PRP"/>
                    <label end="70" start="68" name="AT0"/>
                    <label end="78" start="72" name="AJ0"/>
                    <label end="86" start="80" name="NN1"/>
                    <label end="88" start="88" name="PUN"/>
                </layer>
            </annotationSet>
            <annotationSet cDate="01/07/2003 08:32:16 PST Tue" status="MANUAL" ID="1346942">
                <layer rank="1" name="FE">
                    <label cBy="532" feID="3138" end="6" start="0" name="Source_emitter"/>
                    <label cBy="532" feID="3139" end="58" start="41" name="Emission"/>
                    <label cBy="532" feID="3144" end="86" start="60" name="Goal"/>
                </layer>
                <layer rank="1" name="GF">
                    <label end="6" start="0" name="Ext"/>
                    <label end="58" start="41" name="Obj"/>
                    <label end="86" start="60" name="Dep"/>
                </layer>
                <layer rank="1" name="PT">
                    <label end="6" start="0" name="NP"/>
                    <label end="58" start="41" name="NP"/>
                    <label end="86" start="60" name="PP"/>
                </layer>
                <layer rank="1" name="Sent"/>
                <layer rank="1" name="Other"/>
                <layer rank="1" name="Target">
                    <label cBy="103" end="39" start="32" name="Target"/>
                </layer>
                <layer rank="1" name="Verb"/>
            </annotationSet>
        </sentence>
        <sentence sentNo="0" aPos="45261777" ID="946636">
            <text>The nonsmoker breathes ` sidestream &quot; smoke from the burning tip of the cigarette and ` mainstream &quot; smoke that has been inhaled and then exhaled by the smoker . </text>
            <annotationSet cDate="01/07/2003 08:32:17 PST Tue" status="UNANN" ID="1346951">
                <layer rank="1" name="BNC">
                    <label end="2" start="0" name="AT0"/>
                    <label end="12" start="4" name="NN1"/>
                    <label end="21" start="14" name="VVZ"/>
                    <label end="23" start="23" name="PUQ"/>
                    <label end="34" start="25" name="NN1"/>
                    <label end="36" start="36" name="PUQ"/>
                    <label end="42" start="38" name="NN1-VVB"/>
                    <label end="47" start="44" name="PRP"/>
                    <label end="51" start="49" name="AT0"/>
                    <label end="59" start="53" name="AJ0"/>
                    <label end="63" start="61" name="NN1"/>
                    <label end="66" start="65" name="PRF"/>
                    <label end="70" start="68" name="AT0"/>
                    <label end="80" start="72" name="NN1"/>
                    <label end="84" start="82" name="CJC"/>
                    <label end="86" start="86" name="PUQ"/>
                    <label end="97" start="88" name="NN1-VVB"/>
                    <label end="99" start="99" name="PUQ"/>
                    <label end="105" start="101" name="NN1-VVB"/>
                    <label end="110" start="107" name="CJT"/>
                    <label end="114" start="112" name="VHZ"/>
                    <label end="119" start="116" name="VBN"/>
                    <label end="127" start="121" name="VVN"/>
                    <label end="131" start="129" name="CJC"/>
                    <label end="136" start="133" name="AV0"/>
                    <label end="144" start="138" name="VVD-VVN"/>
                    <label end="147" start="146" name="PRP"/>
                    <label end="151" start="149" name="AT0"/>
                    <label end="158" start="153" name="NN1"/>
                    <label end="160" start="160" name="PUN"/>
                </layer>
            </annotationSet>
            <annotationSet cDate="01/07/2003 08:32:17 PST Tue" status="MANUAL" ID="1346952">
                <layer rank="1" name="FE">
                    <label cBy="532" feID="3139" end="105" start="86" name="Emission"/>
                    <label cBy="532" feID="3138" end="158" start="146" name="Source_emitter"/>
                    <label cBy="309" feID="3139" end="110" start="107" name="Emission"/>
                </layer>
                <layer rank="1" name="GF">
                    <label end="105" start="86" name="Ext"/>
                    <label end="158" start="146" name="Dep"/>
                    <label end="110" start="107" name="Ext"/>
                </layer>
                <layer rank="1" name="PT">
                    <label end="105" start="86" name="NP"/>
                    <label end="158" start="146" name="PP"/>
                    <label end="110" start="107" name="NP"/>
                </layer>
                <layer rank="1" name="Sent"/>
                <layer rank="1" name="Other">
                    <label end="105" start="86" name="Ant"/>
                    <label end="110" start="107" name="Rel"/>
                </layer>
                <layer rank="1" name="Target">
                    <label cBy="103" end="144" start="138" name="Target"/>
                </layer>
                <layer rank="1" name="Verb"/>
            </annotationSet>
        </sentence>
        <sentence sentNo="0" aPos="48332300" ID="946640">
            <text>Bailey lit the cigar and exhaled the smoke towards the ceiling . </text>
            <annotationSet cDate="01/07/2003 08:32:17 PST Tue" status="UNANN" ID="1346959">
                <layer rank="1" name="BNC">
                    <label end="5" start="0" name="NN1-NP0"/>
                    <label end="9" start="7" name="VVD"/>
                    <label end="13" start="11" name="AT0"/>
                    <label end="19" start="15" name="NN1"/>
                    <label end="23" start="21" name="CJC"/>
                    <label end="31" start="25" name="VVD"/>
                    <label end="35" start="33" name="AT0"/>
                    <label end="41" start="37" name="NN1"/>
                    <label end="49" start="43" name="PRP"/>
                    <label end="53" start="51" name="AT0"/>
                    <label end="61" start="55" name="NN1"/>
                    <label end="63" start="63" name="PUN"/>
                </layer>
            </annotationSet>
            <annotationSet cDate="01/07/2003 08:32:17 PST Tue" status="MANUAL" ID="1346960">
                <layer rank="1" name="FE">
                    <label cBy="532" feID="3138" end="5" start="0" name="Source_emitter"/>
                    <label cBy="532" feID="3139" end="41" start="33" name="Emission"/>
                    <label cBy="532" feID="3144" end="61" start="43" name="Goal"/>
                </layer>
                <layer rank="1" name="GF">
                    <label end="5" start="0" name="Ext"/>
                    <label end="41" start="33" name="Obj"/>
                    <label end="61" start="43" name="Dep"/>
                </layer>
                <layer rank="1" name="PT">
                    <label end="5" start="0" name="NP"/>
                    <label end="41" start="33" name="NP"/>
                    <label end="61" start="43" name="PP"/>
                </layer>
                <layer rank="1" name="Sent"/>
                <layer rank="1" name="Other"/>
                <layer rank="1" name="Target">
                    <label cBy="103" end="31" start="25" name="Target"/>
                </layer>
                <layer rank="1" name="Verb"/>
            </annotationSet>
        </sentence>
        <sentence sentNo="0" aPos="53563015" ID="946646">
            <text>He chuckled as he exhaled cigarette smoke across the space between us . </text>
            <annotationSet cDate="01/07/2003 08:32:18 PST Tue" status="UNANN" ID="1346971">
                <layer rank="1" name="BNC">
                    <label end="1" start="0" name="PNP"/>
                    <label end="10" start="3" name="VVD"/>
                    <label end="13" start="12" name="CJS"/>
                    <label end="16" start="15" name="PNP"/>
                    <label end="24" start="18" name="VVD"/>
                    <label end="34" start="26" name="NN1"/>
                    <label end="40" start="36" name="NN1-VVB"/>
                    <label end="47" start="42" name="PRP"/>
                    <label end="51" start="49" name="AT0"/>
                    <label end="57" start="53" name="NN1"/>
                    <label end="65" start="59" name="PRP"/>
                    <label end="68" start="67" name="PNP"/>
                    <label end="70" start="70" name="PUN"/>
                </layer>
            </annotationSet>
            <annotationSet cDate="01/07/2003 08:32:18 PST Tue" status="MANUAL" ID="1346972">
                <layer rank="1" name="FE">
                    <label cBy="532" feID="3138" end="16" start="15" name="Source_emitter"/>
                    <label cBy="532" feID="3139" end="40" start="26" name="Emission"/>
                    <label cBy="532" feID="3146" end="68" start="42" name="Path"/>
                </layer>
                <layer rank="1" name="GF">
                    <label end="16" start="15" name="Ext"/>
                    <label end="40" start="26" name="Obj"/>
                    <label end="68" start="42" name="Dep"/>
                </layer>
                <layer rank="1" name="PT">
                    <label end="16" start="15" name="NP"/>
                    <label end="40" start="26" name="NP"/>
                    <label end="68" start="42" name="PP"/>
                </layer>
                <layer rank="1" name="Sent"/>
                <layer rank="1" name="Other"/>
                <layer rank="1" name="Target">
                    <label cBy="103" end="24" start="18" name="Target"/>
                </layer>
                <layer rank="1" name="Verb"/>
            </annotationSet>
        </sentence>
        <sentence sentNo="0" aPos="64203085" ID="946663">
            <text>All the time they stroked their nicotine stained moustaches and exhaled noxious fumes from their foam-flecked lips . </text>
            <annotationSet cDate="01/07/2003 08:32:19 PST Tue" status="UNANN" ID="1347005">
                <layer rank="1" name="BNC">
                    <label end="2" start="0" name="DT0"/>
                    <label end="6" start="4" name="AT0"/>
                    <label end="11" start="8" name="NN1"/>
                    <label end="16" start="13" name="PNP"/>
                    <label end="24" start="18" name="VVD"/>
                    <label end="30" start="26" name="DPS"/>
                    <label end="39" start="32" name="NN1"/>
                    <label end="47" start="41" name="AJ0-VVD"/>
                    <label end="58" start="49" name="NN2"/>
                    <label end="62" start="60" name="CJC"/>
                    <label end="70" start="64" name="VVD"/>
                    <label end="78" start="72" name="AJ0"/>
                    <label end="84" start="80" name="NN2"/>
                    <label end="89" start="86" name="PRP"/>
                    <label end="95" start="91" name="DPS"/>
                    <label end="108" start="97" name="AJ0"/>
                    <label end="113" start="110" name="NN2"/>
                    <label end="115" start="115" name="PUN"/>
                </layer>
            </annotationSet>
            <annotationSet cDate="01/07/2003 08:32:19 PST Tue" status="MANUAL" ID="1347006">
                <layer rank="1" name="FE">
                    <label cBy="532" feID="3138" end="16" start="13" name="Source_emitter"/>
                    <label cBy="532" feID="3139" end="84" start="72" name="Emission"/>
                    <label cBy="532" feID="3166" end="113" start="86" name="Sub_source"/>
                </layer>
                <layer rank="1" name="GF">
                    <label end="16" start="13" name="Ext"/>
                    <label end="84" start="72" name="Obj"/>
                    <label end="113" start="86" name="Dep"/>
                </layer>
                <layer rank="1" name="PT">
                    <label end="16" start="13" name="NP"/>
                    <label end="84" start="72" name="NP"/>
                    <label end="113" start="86" name="PP"/>
                </layer>
                <layer rank="1" name="Sent"/>
                <layer rank="1" name="Other"/>
                <layer rank="1" name="Target">
                    <label cBy="103" end="70" start="64" name="Target"/>
                </layer>
                <layer rank="1" name="Verb"/>
            </annotationSet>
        </sentence>
        <sentence sentNo="0" aPos="69164483" ID="946668">
            <text>Dexter exhaled smoke with a snort of discontent . </text>
            <annotationSet cDate="01/07/2003 08:32:20 PST Tue" status="UNANN" ID="1347015">
                <layer rank="1" name="BNC">
                    <label end="5" start="0" name="NP0"/>
                    <label end="13" start="7" name="VVD"/>
                    <label end="19" start="15" name="NN1"/>
                    <label end="24" start="21" name="PRP"/>
                    <label end="26" start="26" name="AT0"/>
                    <label end="32" start="28" name="NN1"/>
                    <label end="35" start="34" name="PRF"/>
                    <label end="46" start="37" name="NN1"/>
                    <label end="48" start="48" name="PUN"/>
                </layer>
            </annotationSet>
            <annotationSet cDate="01/07/2003 08:32:20 PST Tue" status="MANUAL" ID="1347016">
                <layer rank="1" name="FE">
                    <label cBy="532" feID="3138" end="5" start="0" name="Source_emitter"/>
                    <label cBy="532" feID="3139" end="19" start="15" name="Emission"/>
                    <label cBy="532" feID="3135" end="46" start="21" name="Manner"/>
                </layer>
                <layer rank="1" name="GF">
                    <label end="5" start="0" name="Ext"/>
                    <label end="19" start="15" name="Obj"/>
                    <label end="46" start="21" name="Dep"/>
                </layer>
                <layer rank="1" name="PT">
                    <label end="5" start="0" name="NP"/>
                    <label end="19" start="15" name="NP"/>
                    <label end="46" start="21" name="PP"/>
                </layer>
                <layer rank="1" name="Sent"/>
                <layer rank="1" name="Other"/>
                <layer rank="1" name="Target">
                    <label cBy="103" end="13" start="7" name="Target"/>
                </layer>
                <layer rank="1" name="Verb"/>
            </annotationSet>
        </sentence>
        <sentence sentNo="0" aPos="75177937" ID="946676">
            <text>The way she smiled as she exhaled a first lungful of smoke suggested she fully intended her remark to be ambiguous . </text>
            <annotationSet cDate="01/07/2003 08:32:21 PST Tue" status="UNANN" ID="1347031">
                <layer rank="1" name="BNC">
                    <label end="2" start="0" name="AT0"/>
                    <label end="6" start="4" name="NN1"/>
                    <label end="10" start="8" name="PNP"/>
                    <label end="17" start="12" name="VVD"/>
                    <label end="20" start="19" name="CJS"/>
                    <label end="24" start="22" name="PNP"/>
                    <label end="32" start="26" name="VVD"/>
                    <label end="34" start="34" name="AT0"/>
                    <label end="40" start="36" name="ORD"/>
                    <label end="48" start="42" name="NN1"/>
                    <label end="51" start="50" name="PRF"/>
                    <label end="57" start="53" name="NN1"/>
                    <label end="67" start="59" name="VVD-VVN"/>
                    <label end="71" start="69" name="PNP"/>
                    <label end="77" start="73" name="AV0"/>
                    <label end="86" start="79" name="VVD-VVN"/>
                    <label end="90" start="88" name="PNP"/>
                    <label end="97" start="92" name="NN1-VVB"/>
                    <label end="100" start="99" name="TO0"/>
                    <label end="103" start="102" name="VBI"/>
                    <label end="113" start="105" name="AJ0"/>
                    <label end="115" start="115" name="PUN"/>
                </layer>
            </annotationSet>
            <annotationSet cDate="01/07/2003 08:32:21 PST Tue" status="MANUAL" ID="1347032">
                <layer rank="1" name="FE">
                    <label cBy="532" feID="3139" end="24" start="22" name="Emission"/>
                    <label cBy="532" feID="3138" end="57" start="34" name="Source_emitter"/>
                </layer>
                <layer rank="1" name="GF">
                    <label end="24" start="22" name="Ext"/>
                    <label end="57" start="34" name="Obj"/>
                </layer>
                <layer rank="1" name="PT">
                    <label end="24" start="22" name="NP"/>
                    <label end="57" start="34" name="NP"/>
                </layer>
                <layer rank="1" name="Sent"/>
                <layer rank="1" name="Other"/>
                <layer rank="1" name="Target">
                    <label cBy="103" end="32" start="26" name="Target"/>
                </layer>
                <layer rank="1" name="Verb"/>
            </annotationSet>
        </sentence>
        <sentence sentNo="0" aPos="95080194" ID="946691">
            <text>Teresa drew in a long puff of smoke , and exhaled it in a long jet . </text>
            <annotationSet cDate="01/07/2003 08:32:22 PST Tue" status="UNANN" ID="1347061">
                <layer rank="1" name="BNC">
                    <label end="5" start="0" name="NP0"/>
                    <label end="10" start="7" name="VVD"/>
                    <label end="13" start="12" name="PRP"/>
                    <label end="15" start="15" name="AT0"/>
                    <label end="20" start="17" name="AJ0"/>
                    <label end="25" start="22" name="NN1"/>
                    <label end="28" start="27" name="PRF"/>
                    <label end="34" start="30" name="NN1"/>
                    <label end="36" start="36" name="PUN"/>
                    <label end="40" start="38" name="CJC"/>
                    <label end="48" start="42" name="VVD"/>
                    <label end="51" start="50" name="PNP"/>
                    <label end="54" start="53" name="PRP"/>
                    <label end="56" start="56" name="AT0"/>
                    <label end="61" start="58" name="AJ0"/>
                    <label end="65" start="63" name="NN1"/>
                    <label end="67" start="67" name="PUN"/>
                </layer>
            </annotationSet>
            <annotationSet cDate="01/07/2003 08:32:22 PST Tue" status="MANUAL" ID="1347062">
                <layer rank="1" name="FE">
                    <label cBy="532" feID="3138" end="5" start="0" name="Source_emitter"/>
                    <label cBy="532" feID="3139" end="51" start="50" name="Emission"/>
                    <label cBy="532" feID="3135" end="65" start="53" name="Manner"/>
                </layer>
                <layer rank="1" name="GF">
                    <label end="5" start="0" name="Ext"/>
                    <label end="51" start="50" name="Obj"/>
                    <label end="65" start="53" name="Dep"/>
                </layer>
                <layer rank="1" name="PT">
                    <label end="5" start="0" name="NP"/>
                    <label end="51" start="50" name="NP"/>
                    <label end="65" start="53" name="PP"/>
                </layer>
                <layer rank="1" name="Sent"/>
                <layer rank="1" name="Other"/>
                <layer rank="1" name="Target">
                    <label cBy="103" end="48" start="42" name="Target"/>
                </layer>
                <layer rank="1" name="Verb"/>
            </annotationSet>
        </sentence>
    </subCorpus>
</lexUnit>