<?xml version="1.0" encoding="UTF-8" standalone="yes"?>
<?xml-stylesheet type="text/xsl" href="lexUnit.xsl"?>
<lexUnit status="FN1_Sent" POS="V" name="wheeze.v" ID="621" frame="Communication_noise" frameID="39" totalAnnotated="9" xsi:schemaLocation="../schema/lexUnit.xsd" xmlns="http://framenet.icsi.berkeley.edu" xmlns:xsi="http://www.w3.org/2001/XMLSchema-instance">
    <header>
        <frame>
            <FE fgColor="FFFFFF" bgColor="006400" type="Peripheral" abbrev="Add" name="Addressee"/>
            <FE fgColor="FFFFFF" bgColor="FF69B4" type="Peripheral" abbrev="Degr" name="Degree"/>
            <FE fgColor="FFFFFF" bgColor="9400D3" type="Extra-Thematic" abbrev="Dep" name="Depictive"/>
            <FE fgColor="FFFFFF" bgColor="00BFFF" type="Extra-Thematic" abbrev="ICause" name="Internal_cause"/>
            <FE fgColor="FFFFFF" bgColor="FF00FF" type="Peripheral" abbrev="Manr" name="Manner"/>
            <FE fgColor="FFFFFF" bgColor="0000FF" type="Peripheral" abbrev="Mns" name="Means"/>
            <FE fgColor="FFFFFF" bgColor="9F79EE" type="Peripheral" abbrev="Medium" name="Medium"/>
            <FE fgColor="FFFFFF" bgColor="0000FF" type="Core" abbrev="Msg" name="Message"/>
            <FE fgColor="FFFFFF" bgColor="008000" type="Peripheral" abbrev="" name="Place"/>
            <FE fgColor="FFFFFF" bgColor="800080" type="Peripheral" abbrev="Rsn" name="Reason"/>
            <FE fgColor="FFFFFF" bgColor="FFA500" type="Extra-Thematic" abbrev="Rever" name="Reversive"/>
            <FE fgColor="FFFFFF" bgColor="FF0000" type="Core" abbrev="Spkr" name="Speaker"/>
            <FE fgColor="FFFFFF" bgColor="1E90FF" type="Peripheral" abbrev="Time" name="Time"/>
            <FE fgColor="FFFFFF" bgColor="1E90FF" type="Core" abbrev="Top" name="Topic"/>
            <FE fgColor="FFFFFF" bgColor="00008B" type="Core" abbrev="" name="Voice"/>
        </frame>
    </header>
    <definition>FN: speak with a whistling or rattling sound in the chest</definition>
    <lexeme POS="V" name="wheeze"/>
    <valences>
        <FERealization total="9">
            <FE name="Message"/>
            <pattern total="1">
                <valenceUnit GF="Obj" PT="NP" FE="Message"/>
                <annoSet ID="368919"/>
            </pattern>
            <pattern total="8">
                <valenceUnit GF="Dep" PT="QUO" FE="Message"/>
                <annoSet ID="368871"/>
                <annoSet ID="368873"/>
                <annoSet ID="368877"/>
                <annoSet ID="368879"/>
                <annoSet ID="368885"/>
                <annoSet ID="368891"/>
                <annoSet ID="368893"/>
                <annoSet ID="369003"/>
            </pattern>
        </FERealization>
        <FERealization total="9">
            <FE name="Speaker"/>
            <pattern total="9">
                <valenceUnit GF="Ext" PT="NP" FE="Speaker"/>
                <annoSet ID="368871"/>
                <annoSet ID="368873"/>
                <annoSet ID="368877"/>
                <annoSet ID="368879"/>
                <annoSet ID="368885"/>
                <annoSet ID="368891"/>
                <annoSet ID="368893"/>
                <annoSet ID="368919"/>
                <annoSet ID="369003"/>
            </pattern>
        </FERealization>
        <FEGroupRealization total="3">
            <FE name="Message"/>
            <FE name="Message"/>
            <FE name="Speaker"/>
            <pattern total="3">
                <valenceUnit GF="Dep" PT="QUO" FE="Message"/>
                <valenceUnit GF="Dep" PT="QUO" FE="Message"/>
                <valenceUnit GF="Ext" PT="NP" FE="Speaker"/>
                <annoSet ID="368873"/>
                <annoSet ID="368877"/>
                <annoSet ID="368885"/>
            </pattern>
        </FEGroupRealization>
        <FEGroupRealization total="6">
            <FE name="Message"/>
            <FE name="Speaker"/>
            <pattern total="1">
                <valenceUnit GF="Obj" PT="NP" FE="Message"/>
                <valenceUnit GF="Ext" PT="NP" FE="Speaker"/>
                <annoSet ID="368919"/>
            </pattern>
            <pattern total="5">
                <valenceUnit GF="Dep" PT="QUO" FE="Message"/>
                <valenceUnit GF="Ext" PT="NP" FE="Speaker"/>
                <annoSet ID="368871"/>
                <annoSet ID="368879"/>
                <annoSet ID="368891"/>
                <annoSet ID="368893"/>
                <annoSet ID="369003"/>
            </pattern>
        </FEGroupRealization>
    </valences>
    <subCorpus name="V-400-quote">
        <sentence sentNo="0" aPos="32323496" ID="363139">
            <text>` It 's no good , &quot; he wheezed . </text>
            <annotationSet cDate="01/07/2003 12:51:22 PST Tue" status="UNANN" ID="368870">
                <layer rank="1" name="BNC">
                    <label end="0" start="0" name="PUQ"/>
                    <label end="3" start="2" name="PNP"/>
                    <label end="6" start="5" name="VBZ"/>
                    <label end="9" start="8" name="AT0"/>
                    <label end="14" start="11" name="AJ0"/>
                    <label end="16" start="16" name="PUN"/>
                    <label end="18" start="18" name="PUQ"/>
                    <label end="21" start="20" name="PNP"/>
                    <label end="29" start="23" name="VVD"/>
                    <label end="31" start="31" name="PUN"/>
                </layer>
            </annotationSet>
            <annotationSet cDate="01/07/2003 12:51:22 PST Tue" status="MANUAL" ID="368871">
                <layer rank="1" name="FE">
                    <label cBy="103" feID="164" end="18" start="0" name="Message"/>
                    <label cBy="103" feID="162" end="21" start="20" name="Speaker"/>
                </layer>
                <layer rank="1" name="GF">
                    <label end="18" start="0" name="Dep"/>
                    <label end="21" start="20" name="Ext"/>
                </layer>
                <layer rank="1" name="PT">
                    <label end="18" start="0" name="QUO"/>
                    <label end="21" start="20" name="NP"/>
                </layer>
                <layer rank="1" name="Sent">
                    <label end="0" start="0" name="sense1"/>
                </layer>
                <layer rank="1" name="Other"/>
                <layer rank="1" name="Target">
                    <label cBy="103" end="29" start="23" name="Target"/>
                </layer>
                <layer rank="1" name="Verb"/>
            </annotationSet>
        </sentence>
        <sentence sentNo="0" aPos="32792635" ID="363140">
            <text>` Splendid , &quot; he wheezed , ` I -- PUFF ! -- made it just in -- HUFF , PUFF ! -- time . </text>
            <annotationSet cDate="01/07/2003 12:51:22 PST Tue" status="UNANN" ID="368872">
                <layer rank="1" name="BNC">
                    <label end="0" start="0" name="PUQ"/>
                    <label end="9" start="2" name="AJ0"/>
                    <label end="11" start="11" name="PUN"/>
                    <label end="13" start="13" name="PUQ"/>
                    <label end="16" start="15" name="PNP"/>
                    <label end="24" start="18" name="VVD"/>
                    <label end="26" start="26" name="PUN"/>
                    <label end="28" start="28" name="PUQ"/>
                    <label end="30" start="30" name="PNP"/>
                    <label end="33" start="32" name="PUN"/>
                    <label end="38" start="35" name="NN1"/>
                    <label end="40" start="40" name="PUN"/>
                    <label end="43" start="42" name="PUN"/>
                    <label end="48" start="45" name="VVD-VVN"/>
                    <label end="51" start="50" name="PNP"/>
                    <label end="56" start="53" name="AV0"/>
                    <label end="59" start="58" name="AVP-PRP"/>
                    <label end="62" start="61" name="PUN"/>
                    <label end="67" start="64" name="NN1-VVB"/>
                    <label end="69" start="69" name="PUN"/>
                    <label end="74" start="71" name="NN1"/>
                    <label end="76" start="76" name="PUN"/>
                    <label end="79" start="78" name="PUN"/>
                    <label end="84" start="81" name="NN1"/>
                    <label end="86" start="86" name="PUN"/>
                </layer>
            </annotationSet>
            <annotationSet cDate="01/07/2003 12:51:22 PST Tue" status="MANUAL" ID="368873">
                <layer rank="1" name="FE">
                    <label cBy="103" feID="164" end="13" start="0" name="Message"/>
                    <label cBy="103" feID="162" end="16" start="15" name="Speaker"/>
                    <label cBy="103" feID="164" end="86" start="28" name="Message"/>
                </layer>
                <layer rank="1" name="GF">
                    <label end="13" start="0" name="Dep"/>
                    <label end="16" start="15" name="Ext"/>
                    <label end="86" start="28" name="Dep"/>
                </layer>
                <layer rank="1" name="PT">
                    <label end="13" start="0" name="QUO"/>
                    <label end="16" start="15" name="NP"/>
                    <label end="86" start="28" name="QUO"/>
                </layer>
                <layer rank="1" name="Sent">
                    <label end="0" start="0" name="sense1"/>
                </layer>
                <layer rank="1" name="Other"/>
                <layer rank="1" name="Target">
                    <label cBy="103" end="24" start="18" name="Target"/>
                </layer>
                <layer rank="1" name="Verb"/>
            </annotationSet>
        </sentence>
        <sentence sentNo="0" aPos="58293985" ID="363142">
            <text>“ My ashes , ” he wheezed , “ scatter them over the plains of Narazel , where I was born , and frolicked through the blackberry fields … ” </text>
            <annotationSet cDate="01/07/2003 12:51:22 PST Tue" status="UNANN" ID="368876">
                <layer rank="1" name="BNC">
                    <label end="0" start="0" name="PUQ"/>
                    <label end="3" start="2" name="DPS"/>
                    <label end="9" start="5" name="NN2"/>
                    <label end="11" start="11" name="PUN"/>
                    <label end="13" start="13" name="PUQ"/>
                    <label end="16" start="15" name="PNP"/>
                    <label end="24" start="18" name="VVD"/>
                    <label end="26" start="26" name="PUN"/>
                    <label end="28" start="28" name="PUQ"/>
                    <label end="36" start="30" name="VVB"/>
                    <label end="41" start="38" name="PNP"/>
                    <label end="46" start="43" name="AVP-PRP"/>
                    <label end="50" start="48" name="AT0"/>
                    <label end="57" start="52" name="NN2"/>
                    <label end="60" start="59" name="PRF"/>
                    <label end="68" start="62" name="NP0"/>
                    <label end="70" start="70" name="PUN"/>
                    <label end="76" start="72" name="AVQ-CJS"/>
                    <label end="78" start="78" name="PNP"/>
                    <label end="82" start="80" name="VBD"/>
                    <label end="87" start="84" name="VVN"/>
                    <label end="89" start="89" name="PUN"/>
                    <label end="93" start="91" name="CJC"/>
                    <label end="103" start="95" name="VVD"/>
                    <label end="111" start="105" name="PRP"/>
                    <label end="115" start="113" name="AT0"/>
                    <label end="126" start="117" name="NN1"/>
                    <label end="133" start="128" name="NN2"/>
                    <label end="137" start="137" name="PUQ"/>
                    <label end="135" start="135" name="PUN"/>
                </layer>
            </annotationSet>
            <annotationSet cDate="01/07/2003 12:51:22 PST Tue" status="MANUAL" ID="368877">
                <layer rank="1" name="FE">
                    <label cBy="103" feID="164" end="13" start="0" name="Message"/>
                    <label cBy="103" feID="162" end="16" start="15" name="Speaker"/>
                    <label cBy="103" feID="164" end="137" start="28" name="Message"/>
                </layer>
                <layer rank="1" name="GF">
                    <label end="13" start="0" name="Dep"/>
                    <label end="16" start="15" name="Ext"/>
                    <label end="137" start="28" name="Dep"/>
                </layer>
                <layer rank="1" name="PT">
                    <label end="13" start="0" name="QUO"/>
                    <label end="16" start="15" name="NP"/>
                    <label end="137" start="28" name="QUO"/>
                </layer>
                <layer rank="1" name="Sent">
                    <label end="0" start="0" name="sense1"/>
                </layer>
                <layer rank="1" name="Other"/>
                <layer rank="1" name="Target">
                    <label cBy="103" end="24" start="18" name="Target"/>
                </layer>
                <layer rank="1" name="Verb"/>
            </annotationSet>
        </sentence>
        <sentence sentNo="0" aPos="66771063" ID="363143">
            <text>&quot; How interesting , I 'm sure , &quot; he wheezed at last . </text>
            <annotationSet cDate="01/07/2003 12:51:23 PST Tue" status="UNANN" ID="368878">
                <layer rank="1" name="BNC">
                    <label end="0" start="0" name="PUQ"/>
                    <label end="4" start="2" name="AVQ"/>
                    <label end="16" start="6" name="AJ0"/>
                    <label end="18" start="18" name="PUN"/>
                    <label end="20" start="20" name="PNP"/>
                    <label end="23" start="22" name="VBB"/>
                    <label end="28" start="25" name="AJ0"/>
                    <label end="30" start="30" name="PUN"/>
                    <label end="32" start="32" name="PUQ"/>
                    <label end="35" start="34" name="PNP"/>
                    <label end="43" start="37" name="VVD"/>
                    <label end="46" start="45" name="AV0"/>
                    <label end="51" start="48" name="AV0"/>
                    <label end="53" start="53" name="PUN"/>
                </layer>
            </annotationSet>
            <annotationSet cDate="01/07/2003 12:51:23 PST Tue" status="MANUAL" ID="368879">
                <layer rank="1" name="FE">
                    <label cBy="103" feID="164" end="32" start="0" name="Message"/>
                    <label cBy="103" feID="162" end="35" start="34" name="Speaker"/>
                </layer>
                <layer rank="1" name="GF">
                    <label end="32" start="0" name="Dep"/>
                    <label end="35" start="34" name="Ext"/>
                </layer>
                <layer rank="1" name="PT">
                    <label end="32" start="0" name="QUO"/>
                    <label end="35" start="34" name="NP"/>
                </layer>
                <layer rank="1" name="Sent">
                    <label end="0" start="0" name="sense1"/>
                </layer>
                <layer rank="1" name="Other"/>
                <layer rank="1" name="Target">
                    <label cBy="103" end="43" start="37" name="Target"/>
                </layer>
                <layer rank="1" name="Verb"/>
            </annotationSet>
        </sentence>
        <sentence sentNo="0" aPos="83623410" ID="363146">
            <text>` Hello dear , &quot; she wheezes , ` And how are you today ? &quot; </text>
            <annotationSet cDate="01/07/2003 12:51:23 PST Tue" status="UNANN" ID="368884">
                <layer rank="1" name="BNC">
                    <label end="0" start="0" name="PUQ"/>
                    <label end="6" start="2" name="ITJ"/>
                    <label end="11" start="8" name="ITJ"/>
                    <label end="13" start="13" name="PUN"/>
                    <label end="15" start="15" name="PUQ"/>
                    <label end="19" start="17" name="PNP"/>
                    <label end="27" start="21" name="VVZ"/>
                    <label end="29" start="29" name="PUN"/>
                    <label end="31" start="31" name="PUQ"/>
                    <label end="35" start="33" name="CJC"/>
                    <label end="39" start="37" name="AVQ"/>
                    <label end="43" start="41" name="VBB"/>
                    <label end="47" start="45" name="PNP"/>
                    <label end="53" start="49" name="AV0"/>
                    <label end="55" start="55" name="PUN"/>
                    <label end="57" start="57" name="PUQ"/>
                </layer>
            </annotationSet>
            <annotationSet cDate="01/07/2003 12:51:23 PST Tue" status="MANUAL" ID="368885">
                <layer rank="1" name="FE">
                    <label cBy="103" feID="164" end="15" start="0" name="Message"/>
                    <label cBy="103" feID="162" end="19" start="17" name="Speaker"/>
                    <label cBy="103" feID="164" end="57" start="31" name="Message"/>
                </layer>
                <layer rank="1" name="GF">
                    <label end="15" start="0" name="Dep"/>
                    <label end="19" start="17" name="Ext"/>
                    <label end="57" start="31" name="Dep"/>
                </layer>
                <layer rank="1" name="PT">
                    <label end="15" start="0" name="QUO"/>
                    <label end="19" start="17" name="NP"/>
                    <label end="57" start="31" name="QUO"/>
                </layer>
                <layer rank="1" name="Sent">
                    <label end="0" start="0" name="sense1"/>
                </layer>
                <layer rank="1" name="Other"/>
                <layer rank="1" name="Target">
                    <label cBy="103" end="27" start="21" name="Target"/>
                </layer>
                <layer rank="1" name="Verb"/>
            </annotationSet>
        </sentence>
        <sentence sentNo="0" aPos="91471035" ID="363149">
            <text>` Do n't worry son , &quot; he wheezed , ` I saw it all . &quot; </text>
            <annotationSet cDate="01/07/2003 12:51:23 PST Tue" status="UNANN" ID="368890">
                <layer rank="1" name="BNC">
                    <label end="0" start="0" name="PUQ"/>
                    <label end="3" start="2" name="VDB"/>
                    <label end="7" start="5" name="XX0"/>
                    <label end="13" start="9" name="VVI"/>
                    <label end="17" start="15" name="NN1"/>
                    <label end="19" start="19" name="PUN"/>
                    <label end="21" start="21" name="PUQ"/>
                    <label end="24" start="23" name="PNP"/>
                    <label end="32" start="26" name="VVD"/>
                    <label end="34" start="34" name="PUN"/>
                    <label end="36" start="36" name="PUQ"/>
                    <label end="38" start="38" name="PNP"/>
                    <label end="42" start="40" name="VVD"/>
                    <label end="45" start="44" name="PNP"/>
                    <label end="49" start="47" name="DT0"/>
                    <label end="51" start="51" name="PUN"/>
                    <label end="53" start="53" name="PUQ"/>
                </layer>
            </annotationSet>
            <annotationSet cDate="01/07/2003 12:51:23 PST Tue" status="MANUAL" ID="368891">
                <layer rank="1" name="FE">
                    <label cBy="103" feID="164" end="21" start="0" name="Message"/>
                    <label cBy="103" feID="162" end="24" start="23" name="Speaker"/>
                </layer>
                <layer rank="1" name="GF">
                    <label end="21" start="0" name="Dep"/>
                    <label end="24" start="23" name="Ext"/>
                </layer>
                <layer rank="1" name="PT">
                    <label end="21" start="0" name="QUO"/>
                    <label end="24" start="23" name="NP"/>
                </layer>
                <layer rank="1" name="Sent">
                    <label end="0" start="0" name="sense1"/>
                </layer>
                <layer rank="1" name="Other"/>
                <layer rank="1" name="Target">
                    <label cBy="103" end="32" start="26" name="Target"/>
                </layer>
                <layer rank="1" name="Verb"/>
            </annotationSet>
        </sentence>
    </subCorpus>
    <subCorpus name="V-410-invertquote">
        <sentence sentNo="0" aPos="21465394" ID="363150">
            <text>` Wot a night ! &quot; wheezed an old farmer , with a guffaw that shook the raindrops from his whiskers . </text>
            <annotationSet cDate="01/07/2003 12:51:23 PST Tue" status="UNANN" ID="368892">
                <layer rank="1" name="BNC">
                    <label end="0" start="0" name="PUQ"/>
                    <label end="4" start="2" name="VVB"/>
                    <label end="6" start="6" name="AT0"/>
                    <label end="12" start="8" name="NN1"/>
                    <label end="14" start="14" name="PUN"/>
                    <label end="16" start="16" name="PUQ"/>
                    <label end="24" start="18" name="VVD"/>
                    <label end="27" start="26" name="AT0"/>
                    <label end="31" start="29" name="AJ0"/>
                    <label end="38" start="33" name="NN1"/>
                    <label end="40" start="40" name="PUN"/>
                    <label end="45" start="42" name="PRP"/>
                    <label end="47" start="47" name="AT0"/>
                    <label end="54" start="49" name="NN1"/>
                    <label end="59" start="56" name="CJT"/>
                    <label end="65" start="61" name="VVD"/>
                    <label end="69" start="67" name="AT0"/>
                    <label end="79" start="71" name="NN2"/>
                    <label end="84" start="81" name="PRP"/>
                    <label end="88" start="86" name="DPS"/>
                    <label end="97" start="90" name="NN2"/>
                    <label end="99" start="99" name="PUN"/>
                </layer>
            </annotationSet>
            <annotationSet cDate="01/07/2003 12:51:23 PST Tue" status="MANUAL" ID="368893">
                <layer rank="1" name="FE">
                    <label cBy="103" feID="164" end="16" start="0" name="Message"/>
                    <label cBy="103" feID="162" end="38" start="26" name="Speaker"/>
                </layer>
                <layer rank="1" name="GF">
                    <label end="16" start="0" name="Dep"/>
                    <label end="38" start="26" name="Ext"/>
                </layer>
                <layer rank="1" name="PT">
                    <label end="16" start="0" name="QUO"/>
                    <label end="38" start="26" name="NP"/>
                </layer>
                <layer rank="1" name="Sent">
                    <label end="0" start="0" name="sense1"/>
                </layer>
                <layer rank="1" name="Other"/>
                <layer rank="1" name="Target">
                    <label cBy="103" end="24" start="18" name="Target"/>
                </layer>
                <layer rank="1" name="Verb"/>
            </annotationSet>
        </sentence>
    </subCorpus>
    <subCorpus name="V-430-sfin"/>
    <subCorpus name="V-660-trans-simple"/>
    <subCorpus name="V-690-trans-other">
        <sentence sentNo="0" aPos="56881618" ID="363163">
            <text>The major wheezed his farewells and Stephen found himself the possessor of a shiny belt , new boots and a deferential batman . </text>
            <annotationSet cDate="01/07/2003 12:51:25 PST Tue" status="UNANN" ID="368918">
                <layer rank="1" name="BNC">
                    <label end="2" start="0" name="AT0"/>
                    <label end="8" start="4" name="NN1"/>
                    <label end="16" start="10" name="VVD"/>
                    <label end="20" start="18" name="DPS"/>
                    <label end="30" start="22" name="NN2"/>
                    <label end="34" start="32" name="CJC"/>
                    <label end="42" start="36" name="NP0"/>
                    <label end="48" start="44" name="VVD"/>
                    <label end="56" start="50" name="PNX"/>
                    <label end="60" start="58" name="AT0"/>
                    <label end="70" start="62" name="NN1"/>
                    <label end="73" start="72" name="PRF"/>
                    <label end="75" start="75" name="AT0"/>
                    <label end="81" start="77" name="AJ0"/>
                    <label end="86" start="83" name="NN1"/>
                    <label end="88" start="88" name="PUN"/>
                    <label end="92" start="90" name="AJ0"/>
                    <label end="98" start="94" name="NN2"/>
                    <label end="102" start="100" name="CJC"/>
                    <label end="104" start="104" name="AT0"/>
                    <label end="116" start="106" name="AJ0"/>
                    <label end="123" start="118" name="NN1"/>
                    <label end="125" start="125" name="PUN"/>
                </layer>
            </annotationSet>
            <annotationSet cDate="01/07/2003 12:51:25 PST Tue" status="MANUAL" ID="368919">
                <layer rank="1" name="FE">
                    <label cBy="103" feID="162" end="8" start="0" name="Speaker"/>
                    <label cBy="103" feID="164" end="30" start="18" name="Message"/>
                </layer>
                <layer rank="1" name="GF">
                    <label end="8" start="0" name="Ext"/>
                    <label end="30" start="18" name="Obj"/>
                </layer>
                <layer rank="1" name="PT">
                    <label end="8" start="0" name="NP"/>
                    <label end="30" start="18" name="NP"/>
                </layer>
                <layer rank="1" name="Sent">
                    <label end="0" start="0" name="sense1"/>
                </layer>
                <layer rank="1" name="Other"/>
                <layer rank="1" name="Target">
                    <label cBy="103" end="16" start="10" name="Target"/>
                </layer>
                <layer rank="1" name="Verb"/>
            </annotationSet>
        </sentence>
    </subCorpus>
    <subCorpus name="V-730-pplike"/>
    <subCorpus name="V-780-ppother"/>
    <subCorpus name="V-890-intrans-adverb"/>
    <subCorpus name="V-900-other">
        <sentence sentNo="0" aPos="30548789" ID="363205">
            <text>` It 's some high school kid called Henry Stych , &quot; he finally wheezed down the telephone . </text>
            <annotationSet cDate="01/07/2003 12:51:33 PST Tue" status="UNANN" ID="369002">
                <layer rank="1" name="BNC">
                    <label end="0" start="0" name="PUQ"/>
                    <label end="3" start="2" name="PNP"/>
                    <label end="6" start="5" name="VBZ"/>
                    <label end="11" start="8" name="DT0"/>
                    <label end="16" start="13" name="AJ0"/>
                    <label end="23" start="18" name="NN1"/>
                    <label end="27" start="25" name="NN1"/>
                    <label end="34" start="29" name="VVD-VVN"/>
                    <label end="40" start="36" name="NP0"/>
                    <label end="46" start="42" name="NN1-NP0"/>
                    <label end="48" start="48" name="PUN"/>
                    <label end="50" start="50" name="PUQ"/>
                    <label end="53" start="52" name="PNP"/>
                    <label end="61" start="55" name="AV0"/>
                    <label end="69" start="63" name="VVD-VVN"/>
                    <label end="74" start="71" name="AVP"/>
                    <label end="78" start="76" name="AT0"/>
                    <label end="88" start="80" name="NN1"/>
                    <label end="90" start="90" name="PUN"/>
                </layer>
            </annotationSet>
            <annotationSet cDate="01/07/2003 12:51:33 PST Tue" status="MANUAL" ID="369003">
                <layer rank="1" name="FE">
                    <label cBy="103" feID="164" end="50" start="0" name="Message"/>
                    <label cBy="103" feID="162" end="53" start="52" name="Speaker"/>
                </layer>
                <layer rank="1" name="GF">
                    <label end="50" start="0" name="Dep"/>
                    <label end="53" start="52" name="Ext"/>
                </layer>
                <layer rank="1" name="PT">
                    <label end="50" start="0" name="QUO"/>
                    <label end="53" start="52" name="NP"/>
                </layer>
                <layer rank="1" name="Sent">
                    <label end="0" start="0" name="sense1"/>
                </layer>
                <layer rank="1" name="Other"/>
                <layer rank="1" name="Target">
                    <label cBy="103" end="69" start="63" name="Target"/>
                </layer>
                <layer rank="1" name="Verb"/>
            </annotationSet>
        </sentence>
    </subCorpus>
</lexUnit>