<?xml version="1.0" encoding="UTF-8" standalone="yes"?>
<?xml-stylesheet type="text/xsl" href="lexUnit.xsl"?>
<lexUnit status="Finished_Initial" POS="A" name="third-rate.a" ID="6297" frame="Desirability" frameID="354" totalAnnotated="6" xsi:schemaLocation="../schema/lexUnit.xsd" xmlns="http://framenet.icsi.berkeley.edu" xmlns:xsi="http://www.w3.org/2001/XMLSchema-instance">
    <header>
        <frame>
            <FE fgColor="FFFFFF" bgColor="00008B" type="Extra-Thematic" abbrev="Affected_p" name="Affected_party"/>
            <FE fgColor="FFFFFF" bgColor="FF0000" type="Extra-Thematic" abbrev="Circumstances" name="Circumstances"/>
            <FE fgColor="FFFFFF" bgColor="FF00FF" type="Extra-Thematic" abbrev="" name="Comparison_set"/>
            <FE fgColor="FFFFFF" bgColor="FF69B4" type="Peripheral" abbrev="Degree" name="Degree"/>
            <FE fgColor="FFFFFF" bgColor="9400D3" type="Extra-Thematic" abbrev="Depictive" name="Depictive"/>
            <FE fgColor="FFFFFF" bgColor="9F79EE" type="Core" abbrev="Evaluee" name="Evaluee"/>
            <FE fgColor="FFFFFF" bgColor="1E90FF" type="Core-Unexpressed" abbrev="Parameter" name="Parameter"/>
        </frame>
    </header>
    <definition>COD: of inferior or very poor quality.</definition>
    <lexeme POS="A" name="third-rate"/>
    <valences>
        <FERealization total="1">
            <FE name="Degree"/>
            <pattern total="1">
                <valenceUnit GF="Dep" PT="AVP" FE="Degree"/>
                <annoSet ID="1377882"/>
            </pattern>
        </FERealization>
        <FERealization total="6">
            <FE name="Evaluee"/>
            <pattern total="6">
                <valenceUnit GF="Head" PT="N" FE="Evaluee"/>
                <annoSet ID="1377846"/>
                <annoSet ID="1377854"/>
                <annoSet ID="1377856"/>
                <annoSet ID="1377858"/>
                <annoSet ID="1377862"/>
                <annoSet ID="1377882"/>
            </pattern>
        </FERealization>
        <FEGroupRealization total="1">
            <FE name="Degree"/>
            <FE name="Evaluee"/>
            <pattern total="1">
                <valenceUnit GF="Dep" PT="AVP" FE="Degree"/>
                <valenceUnit GF="Head" PT="N" FE="Evaluee"/>
                <annoSet ID="1377882"/>
            </pattern>
        </FEGroupRealization>
        <FEGroupRealization total="5">
            <FE name="Evaluee"/>
            <pattern total="5">
                <valenceUnit GF="Head" PT="N" FE="Evaluee"/>
                <annoSet ID="1377846"/>
                <annoSet ID="1377854"/>
                <annoSet ID="1377856"/>
                <annoSet ID="1377858"/>
                <annoSet ID="1377862"/>
            </pattern>
        </FEGroupRealization>
    </valences>
    <subCorpus name="rate-A-001-all">
        <sentence sentNo="0" aPos="1098006" ID="962487">
            <text>They were being overcharged for third-rate beer , much of it brewed from cheap and inferior ingredients . </text>
            <annotationSet cDate="01/07/2003 09:06:56 PST Tue" status="UNANN" ID="1377845">
                <layer rank="1" name="BNC">
                    <label end="3" start="0" name="PNP"/>
                    <label end="8" start="5" name="VBD"/>
                    <label end="14" start="10" name="VBG"/>
                    <label end="26" start="16" name="VVN"/>
                    <label end="30" start="28" name="PRP"/>
                    <label end="41" start="32" name="AJ0"/>
                    <label end="46" start="43" name="NN1"/>
                    <label end="48" start="48" name="PUN"/>
                    <label end="53" start="50" name="DT0"/>
                    <label end="56" start="55" name="PRF"/>
                    <label end="59" start="58" name="PNP"/>
                    <label end="66" start="61" name="VVN"/>
                    <label end="71" start="68" name="PRP"/>
                    <label end="77" start="73" name="AJ0"/>
                    <label end="81" start="79" name="CJC"/>
                    <label end="90" start="83" name="AJ0"/>
                    <label end="102" start="92" name="NN2"/>
                    <label end="104" start="104" name="PUN"/>
                </layer>
            </annotationSet>
            <annotationSet cDate="01/07/2003 09:06:56 PST Tue" status="MANUAL" ID="1377846">
                <layer rank="1" name="FE">
                    <label cBy="618" feID="3153" end="46" start="43" name="Evaluee"/>
                </layer>
                <layer rank="1" name="GF">
                    <label end="46" start="43" name="Head"/>
                </layer>
                <layer rank="1" name="PT">
                    <label end="46" start="43" name="N"/>
                </layer>
                <layer rank="1" name="Sent"/>
                <layer rank="1" name="Other"/>
                <layer rank="1" name="Target">
                    <label cBy="103" end="41" start="32" name="Target"/>
                </layer>
                <layer rank="1" name="Adj"/>
            </annotationSet>
        </sentence>
        <sentence sentNo="0" aPos="20418936" ID="962491">
            <text>The picture , so beloved of third-rate politicians , of schools following inappropriate and European-centred syllabuses ( hence not ` delivering the goods &quot; ) is , and always was , a false one . </text>
            <annotationSet cDate="01/07/2003 09:06:57 PST Tue" status="UNANN" ID="1377853">
                <layer rank="1" name="BNC">
                    <label end="2" start="0" name="AT0"/>
                    <label end="10" start="4" name="NN1"/>
                    <label end="12" start="12" name="PUN"/>
                    <label end="15" start="14" name="AV0"/>
                    <label end="23" start="17" name="AJ0-NN1"/>
                    <label end="26" start="25" name="PRF"/>
                    <label end="37" start="28" name="AJ0-NN1"/>
                    <label end="49" start="39" name="NN2"/>
                    <label end="51" start="51" name="PUN"/>
                    <label end="54" start="53" name="PRF"/>
                    <label end="62" start="56" name="NN2"/>
                    <label end="72" start="64" name="VVG"/>
                    <label end="86" start="74" name="AJ0"/>
                    <label end="90" start="88" name="CJC"/>
                    <label end="107" start="92" name="AJ0"/>
                    <label end="118" start="109" name="NN2"/>
                    <label end="120" start="120" name="PUL"/>
                    <label end="126" start="122" name="AV0"/>
                    <label end="130" start="128" name="XX0"/>
                    <label end="132" start="132" name="PUQ"/>
                    <label end="143" start="134" name="VVG"/>
                    <label end="147" start="145" name="AT0"/>
                    <label end="153" start="149" name="NN2"/>
                    <label end="155" start="155" name="PUQ"/>
                    <label end="157" start="157" name="PUR"/>
                    <label end="160" start="159" name="VBZ"/>
                    <label end="162" start="162" name="PUN"/>
                    <label end="166" start="164" name="CJC"/>
                    <label end="173" start="168" name="AV0"/>
                    <label end="177" start="175" name="VBD"/>
                    <label end="179" start="179" name="PUN"/>
                    <label end="181" start="181" name="AT0"/>
                    <label end="187" start="183" name="AJ0-AV0"/>
                    <label end="191" start="189" name="PNI"/>
                    <label end="193" start="193" name="PUN"/>
                </layer>
            </annotationSet>
            <annotationSet cDate="01/07/2003 09:06:57 PST Tue" status="MANUAL" ID="1377854">
                <layer rank="1" name="FE">
                    <label cBy="618" feID="3153" end="49" start="39" name="Evaluee"/>
                </layer>
                <layer rank="1" name="GF">
                    <label end="49" start="39" name="Head"/>
                </layer>
                <layer rank="1" name="PT">
                    <label end="49" start="39" name="N"/>
                </layer>
                <layer rank="1" name="Sent"/>
                <layer rank="1" name="Other"/>
                <layer rank="1" name="Target">
                    <label cBy="103" end="37" start="28" name="Target"/>
                </layer>
                <layer rank="1" name="Adj"/>
            </annotationSet>
        </sentence>
        <sentence sentNo="0" aPos="23444646" ID="962492">
            <text>Ocean should be thoroughly ashamed of themselves for releasing this third-rate rubbish . </text>
            <annotationSet cDate="01/07/2003 09:06:57 PST Tue" status="UNANN" ID="1377855">
                <layer rank="1" name="BNC">
                    <label end="4" start="0" name="NN1-NP0"/>
                    <label end="11" start="6" name="VM0"/>
                    <label end="14" start="13" name="VBI"/>
                    <label end="25" start="16" name="AV0"/>
                    <label end="33" start="27" name="AJ0"/>
                    <label end="36" start="35" name="PRF"/>
                    <label end="47" start="38" name="PNX"/>
                    <label end="51" start="49" name="PRP"/>
                    <label end="61" start="53" name="VVG"/>
                    <label end="66" start="63" name="DT0"/>
                    <label end="77" start="68" name="AJ0"/>
                    <label end="85" start="79" name="NN1"/>
                    <label end="87" start="87" name="PUN"/>
                </layer>
            </annotationSet>
            <annotationSet cDate="01/07/2003 09:06:57 PST Tue" status="MANUAL" ID="1377856">
                <layer rank="1" name="FE">
                    <label cBy="618" feID="3153" end="85" start="79" name="Evaluee"/>
                </layer>
                <layer rank="1" name="GF">
                    <label end="85" start="79" name="Head"/>
                </layer>
                <layer rank="1" name="PT">
                    <label end="85" start="79" name="N"/>
                </layer>
                <layer rank="1" name="Sent"/>
                <layer rank="1" name="Other"/>
                <layer rank="1" name="Target">
                    <label cBy="103" end="77" start="68" name="Target"/>
                </layer>
                <layer rank="1" name="Adj"/>
            </annotationSet>
        </sentence>
        <sentence sentNo="0" aPos="23703552" ID="962493">
            <text>Every third-rate actor , assistant film director , weekend writer , part-time producer and their friends , if they had friends , slid on to our premises . </text>
            <annotationSet cDate="01/07/2003 09:06:57 PST Tue" status="UNANN" ID="1377857">
                <layer rank="1" name="BNC">
                    <label end="4" start="0" name="AT0"/>
                    <label end="15" start="6" name="AJ0-NN1"/>
                    <label end="21" start="17" name="NN1"/>
                    <label end="23" start="23" name="PUN"/>
                    <label end="33" start="25" name="AJ0"/>
                    <label end="38" start="35" name="NN1"/>
                    <label end="47" start="40" name="NN1"/>
                    <label end="49" start="49" name="PUN"/>
                    <label end="57" start="51" name="NN1"/>
                    <label end="64" start="59" name="NN1"/>
                    <label end="66" start="66" name="PUN"/>
                    <label end="76" start="68" name="AJ0"/>
                    <label end="85" start="78" name="NN1"/>
                    <label end="89" start="87" name="CJC"/>
                    <label end="95" start="91" name="DPS"/>
                    <label end="103" start="97" name="NN2"/>
                    <label end="105" start="105" name="PUN"/>
                    <label end="108" start="107" name="CJS"/>
                    <label end="113" start="110" name="PNP"/>
                    <label end="117" start="115" name="VHD"/>
                    <label end="125" start="119" name="NN2"/>
                    <label end="127" start="127" name="PUN"/>
                    <label end="132" start="129" name="VVD"/>
                    <label end="135" start="134" name="AVP"/>
                    <label end="138" start="137" name="PRP"/>
                    <label end="142" start="140" name="DPS"/>
                    <label end="151" start="144" name="NN2"/>
                    <label end="153" start="153" name="PUN"/>
                </layer>
            </annotationSet>
            <annotationSet cDate="01/07/2003 09:06:57 PST Tue" status="MANUAL" ID="1377858">
                <layer rank="1" name="FE">
                    <label cBy="618" feID="3153" end="103" start="17" name="Evaluee"/>
                </layer>
                <layer rank="1" name="GF">
                    <label end="103" start="17" name="Head"/>
                </layer>
                <layer rank="1" name="PT">
                    <label end="103" start="17" name="N"/>
                </layer>
                <layer rank="1" name="Sent"/>
                <layer rank="1" name="Other"/>
                <layer rank="1" name="Target">
                    <label cBy="103" end="15" start="6" name="Target"/>
                </layer>
                <layer rank="1" name="Adj"/>
            </annotationSet>
        </sentence>
        <sentence sentNo="0" aPos="35663254" ID="962495">
            <text>We are a third-rate rugby nation at present , but that does n't mean we have to stay third-rate &quot; . </text>
            <annotationSet cDate="01/07/2003 09:06:57 PST Tue" status="UNANN" ID="1377861">
                <layer rank="1" name="BNC">
                    <label end="1" start="0" name="PNP"/>
                    <label end="5" start="3" name="VBB"/>
                    <label end="7" start="7" name="AT0"/>
                    <label end="18" start="9" name="AJ0"/>
                    <label end="24" start="20" name="NN1"/>
                    <label end="31" start="26" name="NN1"/>
                    <label end="34" start="33" name="AV0"/>
                    <label end="42" start="36" name="AV0"/>
                    <label end="44" start="44" name="PUN"/>
                    <label end="48" start="46" name="CJC"/>
                    <label end="53" start="50" name="CJT-DT0"/>
                    <label end="58" start="55" name="VDZ"/>
                    <label end="62" start="60" name="XX0"/>
                    <label end="67" start="64" name="VVI"/>
                    <label end="70" start="69" name="PNP"/>
                    <label end="75" start="72" name="VHB"/>
                    <label end="78" start="77" name="TO0"/>
                    <label end="83" start="80" name="VVI"/>
                    <label end="94" start="85" name="AJ0-NN1"/>
                    <label end="96" start="96" name="PUQ"/>
                    <label end="98" start="98" name="PUN"/>
                </layer>
            </annotationSet>
            <annotationSet cDate="01/07/2003 09:06:57 PST Tue" status="MANUAL" ID="1377862">
                <layer rank="1" name="FE">
                    <label cBy="618" feID="3153" end="31" start="20" name="Evaluee"/>
                </layer>
                <layer rank="1" name="GF">
                    <label end="31" start="20" name="Head"/>
                </layer>
                <layer rank="1" name="PT">
                    <label end="31" start="20" name="N"/>
                </layer>
                <layer rank="1" name="Sent"/>
                <layer rank="1" name="Other"/>
                <layer rank="1" name="Target">
                    <label cBy="103" end="18" start="9" name="Target"/>
                </layer>
                <layer rank="1" name="Adj"/>
            </annotationSet>
        </sentence>
        <sentence sentNo="0" aPos="88495236" ID="962505">
            <text>That makes you a very third-rate citizen indeed but that 's how they think of Canadians anyway . </text>
            <annotationSet cDate="01/07/2003 09:06:58 PST Tue" status="UNANN" ID="1377881">
                <layer rank="1" name="BNC">
                    <label end="3" start="0" name="DT0"/>
                    <label end="9" start="5" name="VVZ"/>
                    <label end="13" start="11" name="PNP"/>
                    <label end="15" start="15" name="AT0"/>
                    <label end="20" start="17" name="AV0"/>
                    <label end="31" start="22" name="AJ0"/>
                    <label end="39" start="33" name="NN1"/>
                    <label end="46" start="41" name="AV0"/>
                    <label end="50" start="48" name="CJC"/>
                    <label end="55" start="52" name="DT0"/>
                    <label end="58" start="57" name="VBZ"/>
                    <label end="62" start="60" name="AVQ"/>
                    <label end="67" start="64" name="PNP"/>
                    <label end="73" start="69" name="VVB"/>
                    <label end="76" start="75" name="PRF"/>
                    <label end="86" start="78" name="NN2"/>
                    <label end="93" start="88" name="AV0"/>
                    <label end="95" start="95" name="PUN"/>
                </layer>
            </annotationSet>
            <annotationSet cDate="01/07/2003 09:06:58 PST Tue" status="MANUAL" ID="1377882">
                <layer rank="1" name="FE">
                    <label cBy="618" feID="3155" end="20" start="17" name="Degree"/>
                    <label cBy="618" feID="3153" end="39" start="33" name="Evaluee"/>
                </layer>
                <layer rank="1" name="GF">
                    <label end="20" start="17" name="Dep"/>
                    <label end="39" start="33" name="Head"/>
                </layer>
                <layer rank="1" name="PT">
                    <label end="20" start="17" name="AVP"/>
                    <label end="39" start="33" name="N"/>
                </layer>
                <layer rank="1" name="Sent"/>
                <layer rank="1" name="Other"/>
                <layer rank="1" name="Target">
                    <label cBy="103" end="31" start="22" name="Target"/>
                </layer>
                <layer rank="1" name="Adj"/>
            </annotationSet>
        </sentence>
    </subCorpus>
</lexUnit>