<?xml version="1.0" encoding="UTF-8" standalone="yes"?>
<?xml-stylesheet type="text/xsl" href="lexUnit.xsl"?>
<lexUnit status="Finished_Initial" POS="N" name="christening.n" ID="6236" frame="Rite" frameID="301" totalAnnotated="11" xsi:schemaLocation="../schema/lexUnit.xsd" xmlns="http://framenet.icsi.berkeley.edu" xmlns:xsi="http://www.w3.org/2001/XMLSchema-instance">
    <header>
        <frame>
            <FE fgColor="FFFFFF" bgColor="800080" type="Core" abbrev="DesS" name="Desired_state"/>
            <FE fgColor="FFFFFF" bgColor="00BFFF" type="Core" abbrev="G_member" name="Guardian"/>
            <FE fgColor="FFFFFF" bgColor="808080" type="Core" abbrev="Ins" name="Instrument"/>
            <FE fgColor="FFFFFF" bgColor="FF0000" type="Core" abbrev="Ldr" name="Leader"/>
            <FE fgColor="FFFFFF" bgColor="FF00FF" type="Peripheral" abbrev="Manr" name="Manner"/>
            <FE fgColor="FFFFFF" bgColor="0000FF" type="Peripheral" abbrev="Mns" name="Means"/>
            <FE fgColor="FFFFFF" bgColor="0000FF" type="Core" abbrev="Mbr" name="Member"/>
            <FE fgColor="FFFFFF" bgColor="9F79EE" type="Core" abbrev="NStat" name="New_Status"/>
            <FE fgColor="FFFFFF" bgColor="00008B" type="Core" abbrev="Obj" name="Object"/>
            <FE fgColor="FFFFFF" bgColor="1E90FF" type="Core" abbrev="Org" name="Organization"/>
            <FE fgColor="FFFFFF" bgColor="008000" type="Peripheral" abbrev="Place" name="Place"/>
            <FE fgColor="FFFFFF" bgColor="FFA500" type="Peripheral" abbrev="Time" name="Time"/>
            <FE fgColor="FFFFFF" bgColor="9400D3" type="Core" abbrev="Type" name="Type"/>
        </frame>
    </header>
    <definition>FN: the ritual of giving a name at baptism in a Christian Church</definition>
    <lexeme POS="N" name="christening"/>
    <valences>
        <governor type="Gov" lemma="attend">
            <annoSet ID="1345674"/>
        </governor>
        <governor type="Gov" lemma="celebrate">
            <annoSet ID="1345780"/>
            <annoSet ID="1345782"/>
        </governor>
        <FERealization total="10">
            <FE name="Member"/>
            <pattern total="2">
                <valenceUnit GF="Dep" PT="N" FE="Member"/>
                <annoSet ID="1345774"/>
                <annoSet ID="1345778"/>
            </pattern>
            <pattern total="6">
                <valenceUnit GF="Dep" PT="PP[of]" FE="Member"/>
                <annoSet ID="1345676"/>
                <annoSet ID="1345680"/>
                <annoSet ID="1345718"/>
                <annoSet ID="1345724"/>
                <annoSet ID="1345780"/>
                <annoSet ID="1345782"/>
            </pattern>
            <pattern total="2">
                <valenceUnit GF="Gen" PT="Poss" FE="Member"/>
                <annoSet ID="1345674"/>
                <annoSet ID="1345688"/>
            </pattern>
        </FERealization>
        <FERealization total="1">
            <FE name="Place"/>
            <pattern total="1">
                <valenceUnit GF="Dep" PT="PP[at]" FE="Place"/>
                <annoSet ID="1345672"/>
            </pattern>
        </FERealization>
        <FEGroupRealization total="10">
            <FE name="Member"/>
            <pattern total="2">
                <valenceUnit GF="Dep" PT="N" FE="Member"/>
                <annoSet ID="1345774"/>
                <annoSet ID="1345778"/>
            </pattern>
            <pattern total="6">
                <valenceUnit GF="Dep" PT="PP[of]" FE="Member"/>
                <annoSet ID="1345676"/>
                <annoSet ID="1345680"/>
                <annoSet ID="1345718"/>
                <annoSet ID="1345724"/>
                <annoSet ID="1345780"/>
                <annoSet ID="1345782"/>
            </pattern>
            <pattern total="2">
                <valenceUnit GF="Gen" PT="Poss" FE="Member"/>
                <annoSet ID="1345674"/>
                <annoSet ID="1345688"/>
            </pattern>
        </FEGroupRealization>
        <FEGroupRealization total="1">
            <FE name="Place"/>
            <pattern total="1">
                <valenceUnit GF="Dep" PT="PP[at]" FE="Place"/>
                <annoSet ID="1345672"/>
            </pattern>
        </FEGroupRealization>
    </valences>
    <subCorpus name="N-250-s20-ppat">
        <sentence sentNo="0" aPos="30253605" ID="945971">
            <text>Harriet also said that she would like to arrange a private christening at the little chapel on the top of the cliffs on the other side of the bay . </text>
            <annotationSet cDate="01/07/2003 08:30:42 PST Tue" status="UNANN" ID="1345671">
                <layer rank="1" name="BNC">
                    <label end="6" start="0" name="NP0"/>
                    <label end="11" start="8" name="AV0"/>
                    <label end="16" start="13" name="VVD-VVN"/>
                    <label end="21" start="18" name="CJT"/>
                    <label end="25" start="23" name="PNP"/>
                    <label end="31" start="27" name="VM0"/>
                    <label end="36" start="33" name="VVI"/>
                    <label end="39" start="38" name="TO0"/>
                    <label end="47" start="41" name="VVI"/>
                    <label end="49" start="49" name="AT0"/>
                    <label end="57" start="51" name="AJ0-NN1"/>
                    <label end="69" start="59" name="NN1-VVG"/>
                    <label end="72" start="71" name="PRP"/>
                    <label end="76" start="74" name="AT0"/>
                    <label end="83" start="78" name="AJ0"/>
                    <label end="90" start="85" name="NN1"/>
                    <label end="93" start="92" name="PRP"/>
                    <label end="97" start="95" name="AT0"/>
                    <label end="101" start="99" name="NN1"/>
                    <label end="104" start="103" name="PRF"/>
                    <label end="108" start="106" name="AT0"/>
                    <label end="115" start="110" name="NN2"/>
                    <label end="118" start="117" name="PRP"/>
                    <label end="122" start="120" name="AT0"/>
                    <label end="128" start="124" name="AJ0"/>
                    <label end="133" start="130" name="NN1"/>
                    <label end="136" start="135" name="PRF"/>
                    <label end="140" start="138" name="AT0"/>
                    <label end="144" start="142" name="NN1"/>
                    <label end="146" start="146" name="PUN"/>
                </layer>
            </annotationSet>
            <annotationSet cDate="01/07/2003 08:30:42 PST Tue" status="MANUAL" ID="1345672">
                <layer rank="1" name="FE">
                    <label cBy="865" feID="2600" end="144" start="71" name="Place"/>
                </layer>
                <layer rank="1" name="GF">
                    <label end="144" start="71" name="Dep"/>
                </layer>
                <layer rank="1" name="PT">
                    <label end="144" start="71" name="PP"/>
                </layer>
                <layer rank="1" name="Sent"/>
                <layer rank="1" name="Other"/>
                <layer rank="1" name="Target">
                    <label cBy="103" end="69" start="59" name="Target"/>
                </layer>
                <layer rank="1" name="Noun"/>
            </annotationSet>
        </sentence>
        <sentence sentNo="0" aPos="48386365" ID="945972">
            <text>Darnley had not attended his son 's christening at Stirling . </text>
            <annotationSet cDate="01/07/2003 08:30:42 PST Tue" status="UNANN" ID="1345673">
                <layer rank="1" name="BNC">
                    <label end="6" start="0" name="NN1-NP0"/>
                    <label end="10" start="8" name="VHD"/>
                    <label end="14" start="12" name="XX0"/>
                    <label end="23" start="16" name="VVN"/>
                    <label end="27" start="25" name="DPS"/>
                    <label end="31" start="29" name="NN1"/>
                    <label end="34" start="33" name="POS"/>
                    <label end="46" start="36" name="NN1"/>
                    <label end="49" start="48" name="PRP"/>
                    <label end="58" start="51" name="NP0"/>
                    <label end="60" start="60" name="PUN"/>
                </layer>
            </annotationSet>
            <annotationSet cDate="01/07/2003 08:30:42 PST Tue" status="MANUAL" ID="1345674">
                <layer rank="1" name="FE">
                    <label cBy="865" feID="2595" end="34" start="25" name="Member"/>
                </layer>
                <layer rank="1" name="GF">
                    <label end="34" start="25" name="Gen"/>
                </layer>
                <layer rank="1" name="PT">
                    <label end="34" start="25" name="Poss"/>
                </layer>
                <layer rank="1" name="Sent"/>
                <layer rank="1" name="Other"/>
                <layer rank="1" name="Target">
                    <label cBy="103" end="46" start="36" name="Target"/>
                </layer>
                <layer rank="1" name="Noun">
                    <label end="23" start="16" name="Gov"/>
                    <label end="46" start="25" name="X"/>
                </layer>
            </annotationSet>
        </sentence>
    </subCorpus>
    <subCorpus name="N-250-s20-ppof">
        <sentence sentNo="0" aPos="28033991" ID="945973">
            <text>The chapel register records the birth , registration and christening of six-year old Elizabeth Titford , “ … daughter of Benjamin and Elizabeth Titford of St George 's in the East , Middlesex ” . </text>
            <annotationSet cDate="01/07/2003 08:30:42 PST Tue" status="UNANN" ID="1345675">
                <layer rank="1" name="BNC">
                    <label end="2" start="0" name="AT0"/>
                    <label end="9" start="4" name="NN1"/>
                    <label end="18" start="11" name="NN1"/>
                    <label end="26" start="20" name="NN2-VVZ"/>
                    <label end="30" start="28" name="AT0"/>
                    <label end="36" start="32" name="NN1"/>
                    <label end="38" start="38" name="PUN"/>
                    <label end="51" start="40" name="NN1"/>
                    <label end="55" start="53" name="CJC"/>
                    <label end="67" start="57" name="NN1"/>
                    <label end="70" start="69" name="PRF"/>
                    <label end="79" start="72" name="AJ0"/>
                    <label end="83" start="81" name="AJ0"/>
                    <label end="93" start="85" name="NP0"/>
                    <label end="101" start="95" name="NP0"/>
                    <label end="103" start="103" name="PUN"/>
                    <label end="105" start="105" name="PUQ"/>
                    <label end="116" start="109" name="NN1"/>
                    <label end="119" start="118" name="PRF"/>
                    <label end="128" start="121" name="NP0"/>
                    <label end="132" start="130" name="CJC"/>
                    <label end="142" start="134" name="NP0"/>
                    <label end="150" start="144" name="NP0"/>
                    <label end="153" start="152" name="PRF"/>
                    <label end="156" start="155" name="NP0"/>
                    <label end="163" start="158" name="NP0"/>
                    <label end="166" start="165" name="POS"/>
                    <label end="169" start="168" name="PRP"/>
                    <label end="173" start="171" name="AT0"/>
                    <label end="178" start="175" name="NN1-NP0"/>
                    <label end="180" start="180" name="PUN"/>
                    <label end="190" start="182" name="NP0"/>
                    <label end="192" start="192" name="PUQ"/>
                    <label end="194" start="194" name="PUN"/>
                    <label end="107" start="107" name="PUN"/>
                </layer>
            </annotationSet>
            <annotationSet cDate="01/07/2003 08:30:42 PST Tue" status="MANUAL" ID="1345676">
                <layer rank="1" name="FE">
                    <label cBy="865" feID="2595" end="192" start="69" name="Member"/>
                </layer>
                <layer rank="1" name="GF">
                    <label end="192" start="69" name="Dep"/>
                </layer>
                <layer rank="1" name="PT">
                    <label end="192" start="69" name="PP"/>
                </layer>
                <layer rank="1" name="Sent"/>
                <layer rank="1" name="Other"/>
                <layer rank="1" name="Target">
                    <label cBy="103" end="67" start="57" name="Target"/>
                </layer>
                <layer rank="1" name="Noun"/>
            </annotationSet>
        </sentence>
        <sentence sentNo="0" aPos="39193631" ID="945975">
            <text>That year she had flown from Paris to London for the christening of her sister Pauline 's third child , something she would not normally have done , for she disliked formal family occasions . </text>
            <annotationSet cDate="01/07/2003 08:30:43 PST Tue" status="UNANN" ID="1345679">
                <layer rank="1" name="BNC">
                    <label end="3" start="0" name="DT0"/>
                    <label end="8" start="5" name="NN1"/>
                    <label end="12" start="10" name="PNP"/>
                    <label end="16" start="14" name="VHD"/>
                    <label end="22" start="18" name="VVN"/>
                    <label end="27" start="24" name="PRP"/>
                    <label end="33" start="29" name="NP0"/>
                    <label end="36" start="35" name="PRP"/>
                    <label end="43" start="38" name="NP0"/>
                    <label end="47" start="45" name="PRP"/>
                    <label end="51" start="49" name="AT0"/>
                    <label end="63" start="53" name="NN1"/>
                    <label end="66" start="65" name="PRF"/>
                    <label end="70" start="68" name="DPS"/>
                    <label end="77" start="72" name="NN1"/>
                    <label end="85" start="79" name="NP0"/>
                    <label end="88" start="87" name="POS"/>
                    <label end="94" start="90" name="ORD"/>
                    <label end="100" start="96" name="NN1"/>
                    <label end="102" start="102" name="PUN"/>
                    <label end="112" start="104" name="PNI"/>
                    <label end="116" start="114" name="PNP"/>
                    <label end="122" start="118" name="VM0"/>
                    <label end="126" start="124" name="XX0"/>
                    <label end="135" start="128" name="AV0"/>
                    <label end="140" start="137" name="VHI"/>
                    <label end="145" start="142" name="VDN"/>
                    <label end="147" start="147" name="PUN"/>
                    <label end="151" start="149" name="CJS"/>
                    <label end="155" start="153" name="PNP"/>
                    <label end="164" start="157" name="VVD"/>
                    <label end="171" start="166" name="AJ0"/>
                    <label end="178" start="173" name="NN0"/>
                    <label end="188" start="180" name="NN2"/>
                    <label end="190" start="190" name="PUN"/>
                </layer>
            </annotationSet>
            <annotationSet cDate="01/07/2003 08:30:43 PST Tue" status="MANUAL" ID="1345680">
                <layer rank="1" name="FE">
                    <label cBy="865" feID="2595" end="100" start="65" name="Member"/>
                </layer>
                <layer rank="1" name="GF">
                    <label end="100" start="65" name="Dep"/>
                </layer>
                <layer rank="1" name="PT">
                    <label end="100" start="65" name="PP"/>
                </layer>
                <layer rank="1" name="Sent"/>
                <layer rank="1" name="Other"/>
                <layer rank="1" name="Target">
                    <label cBy="103" end="63" start="53" name="Target"/>
                </layer>
                <layer rank="1" name="Noun"/>
            </annotationSet>
        </sentence>
    </subCorpus>
    <subCorpus name="N-280-s20-poss">
        <sentence sentNo="0" aPos="31077691" ID="945979">
            <text>` This is Chrissie seven years ago , at Nick 's christening . </text>
            <annotationSet cDate="01/07/2003 08:30:43 PST Tue" status="UNANN" ID="1345687">
                <layer rank="1" name="BNC">
                    <label end="0" start="0" name="PUQ"/>
                    <label end="5" start="2" name="DT0"/>
                    <label end="8" start="7" name="VBZ"/>
                    <label end="17" start="10" name="NP0"/>
                    <label end="23" start="19" name="CRD"/>
                    <label end="29" start="25" name="NN2"/>
                    <label end="33" start="31" name="AV0"/>
                    <label end="35" start="35" name="PUN"/>
                    <label end="38" start="37" name="PRP"/>
                    <label end="43" start="40" name="NP0"/>
                    <label end="46" start="45" name="POS"/>
                    <label end="58" start="48" name="NN1"/>
                    <label end="60" start="60" name="PUN"/>
                </layer>
            </annotationSet>
            <annotationSet cDate="01/07/2003 08:30:43 PST Tue" status="MANUAL" ID="1345688">
                <layer rank="1" name="FE">
                    <label cBy="865" feID="2595" end="46" start="40" name="Member"/>
                </layer>
                <layer rank="1" name="GF">
                    <label end="46" start="40" name="Gen"/>
                </layer>
                <layer rank="1" name="PT">
                    <label end="46" start="40" name="Poss"/>
                </layer>
                <layer rank="1" name="Sent"/>
                <layer rank="1" name="Other"/>
                <layer rank="1" name="Target">
                    <label cBy="103" end="58" start="48" name="Target"/>
                </layer>
                <layer rank="1" name="Noun"/>
            </annotationSet>
        </sentence>
    </subCorpus>
    <subCorpus name="N-300-s20-cmpd"/>
    <subCorpus name="N-330-s20-period"/>
    <subCorpus name="N-340-s20-ppother"/>
    <subCorpus name="N-340a-s20-ppother">
        <sentence sentNo="0" aPos="28033991" ID="945994">
            <text>The chapel register records the birth , registration and christening of six-year old Elizabeth Titford , “ … daughter of Benjamin and Elizabeth Titford of St George 's in the East , Middlesex ” . </text>
            <annotationSet cDate="01/07/2003 08:30:47 PST Tue" status="UNANN" ID="1345717">
                <layer rank="1" name="BNC">
                    <label end="2" start="0" name="AT0"/>
                    <label end="9" start="4" name="NN1"/>
                    <label end="18" start="11" name="NN1"/>
                    <label end="26" start="20" name="NN2-VVZ"/>
                    <label end="30" start="28" name="AT0"/>
                    <label end="36" start="32" name="NN1"/>
                    <label end="38" start="38" name="PUN"/>
                    <label end="51" start="40" name="NN1"/>
                    <label end="55" start="53" name="CJC"/>
                    <label end="67" start="57" name="NN1"/>
                    <label end="70" start="69" name="PRF"/>
                    <label end="79" start="72" name="AJ0"/>
                    <label end="83" start="81" name="AJ0"/>
                    <label end="93" start="85" name="NP0"/>
                    <label end="101" start="95" name="NP0"/>
                    <label end="103" start="103" name="PUN"/>
                    <label end="105" start="105" name="PUQ"/>
                    <label end="116" start="109" name="NN1"/>
                    <label end="119" start="118" name="PRF"/>
                    <label end="128" start="121" name="NP0"/>
                    <label end="132" start="130" name="CJC"/>
                    <label end="142" start="134" name="NP0"/>
                    <label end="150" start="144" name="NP0"/>
                    <label end="153" start="152" name="PRF"/>
                    <label end="156" start="155" name="NP0"/>
                    <label end="163" start="158" name="NP0"/>
                    <label end="166" start="165" name="POS"/>
                    <label end="169" start="168" name="PRP"/>
                    <label end="173" start="171" name="AT0"/>
                    <label end="178" start="175" name="NN1-NP0"/>
                    <label end="180" start="180" name="PUN"/>
                    <label end="190" start="182" name="NP0"/>
                    <label end="192" start="192" name="PUQ"/>
                    <label end="194" start="194" name="PUN"/>
                    <label end="107" start="107" name="PUN"/>
                </layer>
            </annotationSet>
            <annotationSet cDate="01/07/2003 08:30:47 PST Tue" status="MANUAL" ID="1345718">
                <layer rank="1" name="FE">
                    <label cBy="865" feID="2595" end="192" start="69" name="Member"/>
                </layer>
                <layer rank="1" name="GF">
                    <label end="192" start="69" name="Dep"/>
                </layer>
                <layer rank="1" name="PT">
                    <label end="192" start="69" name="PP"/>
                </layer>
                <layer rank="1" name="Sent"/>
                <layer rank="1" name="Other"/>
                <layer rank="1" name="Target">
                    <label cBy="103" end="67" start="57" name="Target"/>
                </layer>
                <layer rank="1" name="Noun"/>
            </annotationSet>
        </sentence>
        <sentence sentNo="0" aPos="39193631" ID="945997">
            <text>That year she had flown from Paris to London for the christening of her sister Pauline 's third child , something she would not normally have done , for she disliked formal family occasions . </text>
            <annotationSet cDate="01/07/2003 08:30:47 PST Tue" status="UNANN" ID="1345723">
                <layer rank="1" name="BNC">
                    <label end="3" start="0" name="DT0"/>
                    <label end="8" start="5" name="NN1"/>
                    <label end="12" start="10" name="PNP"/>
                    <label end="16" start="14" name="VHD"/>
                    <label end="22" start="18" name="VVN"/>
                    <label end="27" start="24" name="PRP"/>
                    <label end="33" start="29" name="NP0"/>
                    <label end="36" start="35" name="PRP"/>
                    <label end="43" start="38" name="NP0"/>
                    <label end="47" start="45" name="PRP"/>
                    <label end="51" start="49" name="AT0"/>
                    <label end="63" start="53" name="NN1"/>
                    <label end="66" start="65" name="PRF"/>
                    <label end="70" start="68" name="DPS"/>
                    <label end="77" start="72" name="NN1"/>
                    <label end="85" start="79" name="NP0"/>
                    <label end="88" start="87" name="POS"/>
                    <label end="94" start="90" name="ORD"/>
                    <label end="100" start="96" name="NN1"/>
                    <label end="102" start="102" name="PUN"/>
                    <label end="112" start="104" name="PNI"/>
                    <label end="116" start="114" name="PNP"/>
                    <label end="122" start="118" name="VM0"/>
                    <label end="126" start="124" name="XX0"/>
                    <label end="135" start="128" name="AV0"/>
                    <label end="140" start="137" name="VHI"/>
                    <label end="145" start="142" name="VDN"/>
                    <label end="147" start="147" name="PUN"/>
                    <label end="151" start="149" name="CJS"/>
                    <label end="155" start="153" name="PNP"/>
                    <label end="164" start="157" name="VVD"/>
                    <label end="171" start="166" name="AJ0"/>
                    <label end="178" start="173" name="NN0"/>
                    <label end="188" start="180" name="NN2"/>
                    <label end="190" start="190" name="PUN"/>
                </layer>
            </annotationSet>
            <annotationSet cDate="01/07/2003 08:30:47 PST Tue" status="MANUAL" ID="1345724">
                <layer rank="1" name="FE">
                    <label cBy="865" feID="2595" end="100" start="65" name="Member"/>
                </layer>
                <layer rank="1" name="GF">
                    <label end="100" start="65" name="Dep"/>
                </layer>
                <layer rank="1" name="PT">
                    <label end="100" start="65" name="PP"/>
                </layer>
                <layer rank="1" name="Sent"/>
                <layer rank="1" name="Other"/>
                <layer rank="1" name="Target">
                    <label cBy="103" end="63" start="53" name="Target"/>
                </layer>
                <layer rank="1" name="Noun"/>
            </annotationSet>
        </sentence>
    </subCorpus>
    <subCorpus name="N-380-s20-other"/>
    <subCorpus name="N-429-s20-lcoll-family">
        <sentence sentNo="0" aPos="34801879" ID="946022">
            <text>A TEENAGE girl was strangled after she left a family christening party early to watch TV , police revealed yesterday . </text>
            <annotationSet cDate="01/07/2003 08:30:50 PST Tue" status="UNANN" ID="1345773">
                <layer rank="1" name="BNC">
                    <label end="0" start="0" name="AT0"/>
                    <label end="8" start="2" name="AJ0"/>
                    <label end="13" start="10" name="NN1"/>
                    <label end="17" start="15" name="VBD"/>
                    <label end="27" start="19" name="VVN"/>
                    <label end="33" start="29" name="CJS-PRP"/>
                    <label end="37" start="35" name="PNP"/>
                    <label end="42" start="39" name="VVD"/>
                    <label end="44" start="44" name="AT0"/>
                    <label end="51" start="46" name="NN0"/>
                    <label end="63" start="53" name="NN1"/>
                    <label end="69" start="65" name="NN0"/>
                    <label end="75" start="71" name="AJ0-AV0"/>
                    <label end="78" start="77" name="TO0"/>
                    <label end="84" start="80" name="VVI"/>
                    <label end="87" start="86" name="NN1"/>
                    <label end="89" start="89" name="PUN"/>
                    <label end="96" start="91" name="NN2"/>
                    <label end="105" start="98" name="VVD-VVN"/>
                    <label end="115" start="107" name="AV0"/>
                    <label end="117" start="117" name="PUN"/>
                </layer>
            </annotationSet>
            <annotationSet cDate="01/07/2003 08:30:50 PST Tue" status="MANUAL" ID="1345774">
                <layer rank="1" name="FE">
                    <label cBy="865" feID="2595" end="51" start="46" name="Member"/>
                </layer>
                <layer rank="1" name="GF">
                    <label end="51" start="46" name="Dep"/>
                </layer>
                <layer rank="1" name="PT">
                    <label end="51" start="46" name="N"/>
                </layer>
                <layer rank="1" name="Sent"/>
                <layer rank="1" name="Other"/>
                <layer rank="1" name="Target">
                    <label cBy="103" end="63" start="53" name="Target"/>
                </layer>
                <layer rank="1" name="Noun"/>
            </annotationSet>
        </sentence>
        <sentence sentNo="0" aPos="66014820" ID="946024">
            <text>The turning point for them came when their car broke down after a family christening . </text>
            <annotationSet cDate="01/07/2003 08:30:51 PST Tue" status="UNANN" ID="1345777">
                <layer rank="1" name="BNC">
                    <label end="2" start="0" name="AT0"/>
                    <label end="10" start="4" name="AJ0"/>
                    <label end="16" start="12" name="NN1"/>
                    <label end="20" start="18" name="PRP"/>
                    <label end="25" start="22" name="PNP"/>
                    <label end="30" start="27" name="VVD"/>
                    <label end="35" start="32" name="AVQ-CJS"/>
                    <label end="41" start="37" name="DPS"/>
                    <label end="45" start="43" name="NN1"/>
                    <label end="51" start="47" name="VVD"/>
                    <label end="56" start="53" name="AVP"/>
                    <label end="62" start="58" name="PRP"/>
                    <label end="64" start="64" name="AT0"/>
                    <label end="71" start="66" name="NN0"/>
                    <label end="83" start="73" name="NN1"/>
                    <label end="85" start="85" name="PUN"/>
                </layer>
            </annotationSet>
            <annotationSet cDate="01/07/2003 08:30:51 PST Tue" status="MANUAL" ID="1345778">
                <layer rank="1" name="FE">
                    <label cBy="865" feID="2595" end="71" start="66" name="Member"/>
                </layer>
                <layer rank="1" name="GF">
                    <label end="71" start="66" name="Dep"/>
                </layer>
                <layer rank="1" name="PT">
                    <label end="71" start="66" name="N"/>
                </layer>
                <layer rank="1" name="Sent"/>
                <layer rank="1" name="Other"/>
                <layer rank="1" name="Target">
                    <label cBy="103" end="83" start="73" name="Target"/>
                </layer>
                <layer rank="1" name="Noun"/>
            </annotationSet>
        </sentence>
    </subCorpus>
    <subCorpus name="N-429-s20-lgov-celebrate">
        <sentence sentNo="0" aPos="29309088" ID="946025">
            <text>It was a supper to celebrate the christening of their new baby . </text>
            <annotationSet cDate="01/07/2003 08:30:51 PST Tue" status="UNANN" ID="1345779">
                <layer rank="1" name="BNC">
                    <label end="1" start="0" name="PNP"/>
                    <label end="5" start="3" name="VBD"/>
                    <label end="7" start="7" name="AT0"/>
                    <label end="14" start="9" name="NN1"/>
                    <label end="17" start="16" name="TO0"/>
                    <label end="27" start="19" name="VVI"/>
                    <label end="31" start="29" name="AT0"/>
                    <label end="43" start="33" name="NN1"/>
                    <label end="46" start="45" name="PRF"/>
                    <label end="52" start="48" name="DPS"/>
                    <label end="56" start="54" name="AJ0"/>
                    <label end="61" start="58" name="NN1"/>
                    <label end="63" start="63" name="PUN"/>
                </layer>
            </annotationSet>
            <annotationSet cDate="01/07/2003 08:30:51 PST Tue" status="MANUAL" ID="1345780">
                <layer rank="1" name="FE">
                    <label cBy="865" feID="2595" end="61" start="45" name="Member"/>
                </layer>
                <layer rank="1" name="GF">
                    <label end="61" start="45" name="Dep"/>
                </layer>
                <layer rank="1" name="PT">
                    <label end="61" start="45" name="PP"/>
                </layer>
                <layer rank="1" name="Sent"/>
                <layer rank="1" name="Other"/>
                <layer rank="1" name="Target">
                    <label cBy="103" end="43" start="33" name="Target"/>
                </layer>
                <layer rank="1" name="Noun">
                    <label end="27" start="19" name="Gov"/>
                    <label end="61" start="29" name="X"/>
                </layer>
            </annotationSet>
        </sentence>
        <sentence sentNo="0" aPos="34801931" ID="946026">
            <text>The party had been held in nearby Lidget Green to celebrate the christening of Zatun 's three-week-old baby . </text>
            <annotationSet cDate="01/07/2003 08:30:51 PST Tue" status="UNANN" ID="1345781">
                <layer rank="1" name="BNC">
                    <label end="2" start="0" name="AT0"/>
                    <label end="8" start="4" name="NN0"/>
                    <label end="12" start="10" name="VHD"/>
                    <label end="17" start="14" name="VBN"/>
                    <label end="22" start="19" name="VVN"/>
                    <label end="25" start="24" name="PRP"/>
                    <label end="32" start="27" name="AJ0-AV0"/>
                    <label end="39" start="34" name="NP0"/>
                    <label end="45" start="41" name="NP0"/>
                    <label end="48" start="47" name="TO0"/>
                    <label end="58" start="50" name="VVI"/>
                    <label end="62" start="60" name="AT0"/>
                    <label end="74" start="64" name="NN1"/>
                    <label end="77" start="76" name="PRF"/>
                    <label end="83" start="79" name="NP0"/>
                    <label end="86" start="85" name="POS"/>
                    <label end="101" start="88" name="AJ0"/>
                    <label end="106" start="103" name="NN1"/>
                    <label end="108" start="108" name="PUN"/>
                </layer>
            </annotationSet>
            <annotationSet cDate="01/07/2003 08:30:51 PST Tue" status="MANUAL" ID="1345782">
                <layer rank="1" name="FE">
                    <label cBy="865" feID="2595" end="106" start="76" name="Member"/>
                </layer>
                <layer rank="1" name="GF">
                    <label end="106" start="76" name="Dep"/>
                </layer>
                <layer rank="1" name="PT">
                    <label end="106" start="76" name="PP"/>
                </layer>
                <layer rank="1" name="Sent"/>
                <layer rank="1" name="Other"/>
                <layer rank="1" name="Target">
                    <label cBy="103" end="74" start="64" name="Target"/>
                </layer>
                <layer rank="1" name="Noun">
                    <label end="58" start="50" name="Gov"/>
                    <label end="106" start="60" name="X"/>
                </layer>
            </annotationSet>
        </sentence>
    </subCorpus>
    <subCorpus name="N-429-s20-lgov-conduct"/>
</lexUnit>