<?xml version="1.0" encoding="UTF-8" standalone="yes"?>
<?xml-stylesheet type="text/xsl" href="lexUnit.xsl"?>
<lexUnit status="Finished_Initial" POS="A" name="revolting.a" ID="6320" frame="Stimulus_focus" frameID="364" totalAnnotated="19" xsi:schemaLocation="../schema/lexUnit.xsd" xmlns="http://framenet.icsi.berkeley.edu" xmlns:xsi="http://www.w3.org/2001/XMLSchema-instance">
    <header>
        <frame>
            <FE fgColor="FFFFFF" bgColor="808080" type="Extra-Thematic" abbrev="cir" name="Circumstances"/>
            <FE fgColor="FFFFFF" bgColor="0000FF" type="Extra-Thematic" abbrev="C_set" name="Comparison_set"/>
            <FE fgColor="FFFFFF" bgColor="FF69B4" type="Peripheral" abbrev="Degr" name="Degree"/>
            <FE fgColor="FFFFFF" bgColor="008000" type="Peripheral" abbrev="Exp" name="Experiencer"/>
            <FE fgColor="FFFFFF" bgColor="A52A2A" type="Peripheral" abbrev="Par" name="Parameter"/>
            <FE fgColor="FFFFFF" bgColor="800080" type="Extra-Thematic" abbrev="Property" name="Property"/>
            <FE fgColor="FFFFFF" bgColor="FF0000" type="Core" abbrev="Stim" name="Stimulus"/>
        </frame>
    </header>
    <definition>FN: brings about feelings of disgust</definition>
    <lexeme POS="A" name="revolting"/>
    <valences>
        <FERealization total="4">
            <FE name="Degree"/>
            <pattern total="4">
                <valenceUnit GF="Dep" PT="AVP" FE="Degree"/>
                <annoSet ID="1381984"/>
                <annoSet ID="1381992"/>
                <annoSet ID="1382110"/>
                <annoSet ID="1382114"/>
            </pattern>
        </FERealization>
        <FERealization total="19">
            <FE name="Stimulus"/>
            <pattern total="15">
                <valenceUnit GF="Head" PT="N" FE="Stimulus"/>
                <annoSet ID="1381980"/>
                <annoSet ID="1381994"/>
                <annoSet ID="1381998"/>
                <annoSet ID="1382000"/>
                <annoSet ID="1382004"/>
                <annoSet ID="1382006"/>
                <annoSet ID="1382014"/>
                <annoSet ID="1382020"/>
                <annoSet ID="1382024"/>
                <annoSet ID="1382036"/>
                <annoSet ID="1382068"/>
                <annoSet ID="1382074"/>
                <annoSet ID="1382106"/>
                <annoSet ID="1382110"/>
                <annoSet ID="1382114"/>
            </pattern>
            <pattern total="4">
                <valenceUnit GF="Ext" PT="NP" FE="Stimulus"/>
                <annoSet ID="1381984"/>
                <annoSet ID="1381992"/>
                <annoSet ID="1382018"/>
                <annoSet ID="1382040"/>
            </pattern>
        </FERealization>
        <FEGroupRealization total="4">
            <FE name="Degree"/>
            <FE name="Stimulus"/>
            <pattern total="2">
                <valenceUnit GF="Dep" PT="AVP" FE="Degree"/>
                <valenceUnit GF="Head" PT="N" FE="Stimulus"/>
                <annoSet ID="1382110"/>
                <annoSet ID="1382114"/>
            </pattern>
            <pattern total="2">
                <valenceUnit GF="Dep" PT="AVP" FE="Degree"/>
                <valenceUnit GF="Ext" PT="NP" FE="Stimulus"/>
                <annoSet ID="1381984"/>
                <annoSet ID="1381992"/>
            </pattern>
        </FEGroupRealization>
        <FEGroupRealization total="15">
            <FE name="Stimulus"/>
            <pattern total="13">
                <valenceUnit GF="Head" PT="N" FE="Stimulus"/>
                <annoSet ID="1381980"/>
                <annoSet ID="1381994"/>
                <annoSet ID="1381998"/>
                <annoSet ID="1382000"/>
                <annoSet ID="1382004"/>
                <annoSet ID="1382006"/>
                <annoSet ID="1382014"/>
                <annoSet ID="1382020"/>
                <annoSet ID="1382024"/>
                <annoSet ID="1382036"/>
                <annoSet ID="1382068"/>
                <annoSet ID="1382074"/>
                <annoSet ID="1382106"/>
            </pattern>
            <pattern total="2">
                <valenceUnit GF="Ext" PT="NP" FE="Stimulus"/>
                <annoSet ID="1382018"/>
                <annoSet ID="1382040"/>
            </pattern>
        </FEGroupRealization>
    </valences>
    <subCorpus name="A-001-all">
        <sentence sentNo="0" aPos="3571296" ID="964554">
            <text>There are memories you never forget -- and they are revolting memories -- and here they come again . </text>
            <annotationSet cDate="01/07/2003 09:11:22 PST Tue" status="UNANN" ID="1381979">
                <layer rank="1" name="BNC">
                    <label end="4" start="0" name="EX0"/>
                    <label end="8" start="6" name="VBB"/>
                    <label end="17" start="10" name="NN2"/>
                    <label end="21" start="19" name="PNP"/>
                    <label end="27" start="23" name="AV0"/>
                    <label end="34" start="29" name="VVB"/>
                    <label end="37" start="36" name="PUN"/>
                    <label end="41" start="39" name="CJC"/>
                    <label end="46" start="43" name="PNP"/>
                    <label end="50" start="48" name="VBB"/>
                    <label end="60" start="52" name="AJ0-VVG"/>
                    <label end="69" start="62" name="NN2"/>
                    <label end="72" start="71" name="PUN"/>
                    <label end="76" start="74" name="CJC"/>
                    <label end="81" start="78" name="AV0"/>
                    <label end="86" start="83" name="PNP"/>
                    <label end="91" start="88" name="VVB"/>
                    <label end="97" start="93" name="AV0"/>
                    <label end="99" start="99" name="PUN"/>
                </layer>
            </annotationSet>
            <annotationSet cDate="01/07/2003 09:11:22 PST Tue" status="MANUAL" ID="1381980">
                <layer rank="1" name="FE">
                    <label cBy="865" feID="3291" end="69" start="62" name="Stimulus"/>
                </layer>
                <layer rank="1" name="GF">
                    <label end="69" start="62" name="Head"/>
                </layer>
                <layer rank="1" name="PT">
                    <label end="69" start="62" name="N"/>
                </layer>
                <layer rank="1" name="Sent"/>
                <layer rank="1" name="Other"/>
                <layer rank="1" name="Target">
                    <label cBy="103" end="60" start="52" name="Target"/>
                </layer>
                <layer rank="1" name="Adj"/>
            </annotationSet>
        </sentence>
        <sentence sentNo="0" aPos="5119282" ID="964556">
            <text>My little brother is quite revolting . </text>
            <annotationSet cDate="01/07/2003 09:11:22 PST Tue" status="UNANN" ID="1381983">
                <layer rank="1" name="BNC">
                    <label end="1" start="0" name="DPS"/>
                    <label end="8" start="3" name="AJ0"/>
                    <label end="16" start="10" name="NN1"/>
                    <label end="19" start="18" name="VBZ"/>
                    <label end="25" start="21" name="AV0"/>
                    <label end="35" start="27" name="AJ0-VVG"/>
                    <label end="37" start="37" name="PUN"/>
                </layer>
            </annotationSet>
            <annotationSet cDate="01/07/2003 09:11:22 PST Tue" status="MANUAL" ID="1381984">
                <layer rank="1" name="FE">
                    <label cBy="865" feID="3291" end="16" start="0" name="Stimulus"/>
                    <label cBy="865" feID="3293" end="25" start="21" name="Degree"/>
                </layer>
                <layer rank="1" name="GF">
                    <label end="16" start="0" name="Ext"/>
                    <label end="25" start="21" name="Dep"/>
                </layer>
                <layer rank="1" name="PT">
                    <label end="16" start="0" name="NP"/>
                    <label end="25" start="21" name="AVP"/>
                </layer>
                <layer rank="1" name="Sent"/>
                <layer rank="1" name="Other"/>
                <layer rank="1" name="Target">
                    <label cBy="103" end="35" start="27" name="Target"/>
                </layer>
                <layer rank="1" name="Adj">
                    <label end="19" start="18" name="Cop"/>
                </layer>
            </annotationSet>
        </sentence>
        <sentence sentNo="0" aPos="12003555" ID="964560">
            <text>And I tell you here and now , I find this whole idea utterly revolting . &quot; </text>
            <annotationSet cDate="01/07/2003 09:11:23 PST Tue" status="UNANN" ID="1381991">
                <layer rank="1" name="BNC">
                    <label end="2" start="0" name="CJC"/>
                    <label end="4" start="4" name="PNP"/>
                    <label end="9" start="6" name="VVB"/>
                    <label end="13" start="11" name="PNP"/>
                    <label end="18" start="15" name="AV0"/>
                    <label end="22" start="20" name="CJC"/>
                    <label end="26" start="24" name="AV0"/>
                    <label end="28" start="28" name="PUN"/>
                    <label end="30" start="30" name="PNP"/>
                    <label end="35" start="32" name="VVB"/>
                    <label end="40" start="37" name="DT0"/>
                    <label end="46" start="42" name="AJ0-NN1"/>
                    <label end="51" start="48" name="NN1"/>
                    <label end="59" start="53" name="AV0"/>
                    <label end="69" start="61" name="AJ0-VVG"/>
                    <label end="71" start="71" name="PUN"/>
                    <label end="73" start="73" name="PUQ"/>
                </layer>
            </annotationSet>
            <annotationSet cDate="01/07/2003 09:11:23 PST Tue" status="MANUAL" ID="1381992">
                <layer rank="1" name="FE">
                    <label cBy="865" feID="3291" end="51" start="37" name="Stimulus"/>
                    <label cBy="865" feID="3293" end="59" start="53" name="Degree"/>
                </layer>
                <layer rank="1" name="GF">
                    <label end="51" start="37" name="Ext"/>
                    <label end="59" start="53" name="Dep"/>
                </layer>
                <layer rank="1" name="PT">
                    <label end="51" start="37" name="NP"/>
                    <label end="59" start="53" name="AVP"/>
                </layer>
                <layer rank="1" name="Sent"/>
                <layer rank="1" name="Other"/>
                <layer rank="1" name="Target">
                    <label cBy="103" end="69" start="61" name="Target"/>
                </layer>
                <layer rank="1" name="Adj"/>
            </annotationSet>
        </sentence>
        <sentence sentNo="0" aPos="12364550" ID="964561">
            <text>The blame should lie with those revolting perverts who brought her so low . &quot; </text>
            <annotationSet cDate="01/07/2003 09:11:23 PST Tue" status="UNANN" ID="1381993">
                <layer rank="1" name="BNC">
                    <label end="2" start="0" name="AT0"/>
                    <label end="8" start="4" name="NN1"/>
                    <label end="15" start="10" name="VM0"/>
                    <label end="19" start="17" name="VVI"/>
                    <label end="24" start="21" name="PRP"/>
                    <label end="30" start="26" name="DT0"/>
                    <label end="40" start="32" name="AJ0-VVG"/>
                    <label end="49" start="42" name="NN2"/>
                    <label end="53" start="51" name="PNQ"/>
                    <label end="61" start="55" name="VVD"/>
                    <label end="65" start="63" name="PNP"/>
                    <label end="68" start="67" name="AV0"/>
                    <label end="72" start="70" name="AJ0-AV0"/>
                    <label end="74" start="74" name="PUN"/>
                    <label end="76" start="76" name="PUQ"/>
                </layer>
            </annotationSet>
            <annotationSet cDate="01/07/2003 09:11:23 PST Tue" status="MANUAL" ID="1381994">
                <layer rank="1" name="FE">
                    <label cBy="865" feID="3291" end="72" start="42" name="Stimulus"/>
                </layer>
                <layer rank="1" name="GF">
                    <label end="72" start="42" name="Head"/>
                </layer>
                <layer rank="1" name="PT">
                    <label end="72" start="42" name="N"/>
                </layer>
                <layer rank="1" name="Sent"/>
                <layer rank="1" name="Other"/>
                <layer rank="1" name="Target">
                    <label cBy="103" end="40" start="32" name="Target"/>
                </layer>
                <layer rank="1" name="Adj"/>
            </annotationSet>
        </sentence>
        <sentence sentNo="0" aPos="14731486" ID="964563">
            <text>They have spent all their money on gewgaws and revolting tinned restaurant meals . </text>
            <annotationSet cDate="01/07/2003 09:11:23 PST Tue" status="UNANN" ID="1381997">
                <layer rank="1" name="BNC">
                    <label end="3" start="0" name="PNP"/>
                    <label end="8" start="5" name="VHB"/>
                    <label end="14" start="10" name="VVN"/>
                    <label end="18" start="16" name="DT0"/>
                    <label end="24" start="20" name="DPS"/>
                    <label end="30" start="26" name="NN1"/>
                    <label end="33" start="32" name="PRP"/>
                    <label end="41" start="35" name="NN2"/>
                    <label end="45" start="43" name="CJC"/>
                    <label end="55" start="47" name="AJ0-VVG"/>
                    <label end="62" start="57" name="AJ0"/>
                    <label end="73" start="64" name="NN1"/>
                    <label end="79" start="75" name="NN2"/>
                    <label end="81" start="81" name="PUN"/>
                </layer>
            </annotationSet>
            <annotationSet cDate="01/07/2003 09:11:23 PST Tue" status="MANUAL" ID="1381998">
                <layer rank="1" name="FE">
                    <label cBy="865" feID="3291" end="79" start="57" name="Stimulus"/>
                </layer>
                <layer rank="1" name="GF">
                    <label end="79" start="57" name="Head"/>
                </layer>
                <layer rank="1" name="PT">
                    <label end="79" start="57" name="N"/>
                </layer>
                <layer rank="1" name="Sent"/>
                <layer rank="1" name="Other"/>
                <layer rank="1" name="Target">
                    <label cBy="103" end="55" start="47" name="Target"/>
                </layer>
                <layer rank="1" name="Adj"/>
            </annotationSet>
        </sentence>
        <sentence sentNo="0" aPos="14902525" ID="964564">
            <text>` Driving through a locust swarm is a revolting experience &quot; he wrote . </text>
            <annotationSet cDate="01/07/2003 09:11:23 PST Tue" status="UNANN" ID="1381999">
                <layer rank="1" name="BNC">
                    <label end="0" start="0" name="PUQ"/>
                    <label end="8" start="2" name="NN1-VVG"/>
                    <label end="16" start="10" name="PRP"/>
                    <label end="18" start="18" name="AT0"/>
                    <label end="25" start="20" name="NN1"/>
                    <label end="31" start="27" name="NN1"/>
                    <label end="34" start="33" name="VBZ"/>
                    <label end="36" start="36" name="AT0"/>
                    <label end="46" start="38" name="AJ0-NN1"/>
                    <label end="57" start="48" name="NN1"/>
                    <label end="59" start="59" name="PUQ"/>
                    <label end="62" start="61" name="PNP"/>
                    <label end="68" start="64" name="VVD"/>
                    <label end="70" start="70" name="PUN"/>
                </layer>
            </annotationSet>
            <annotationSet cDate="01/07/2003 09:11:23 PST Tue" status="MANUAL" ID="1382000">
                <layer rank="1" name="FE">
                    <label cBy="865" feID="3291" end="57" start="48" name="Stimulus"/>
                </layer>
                <layer rank="1" name="GF">
                    <label end="57" start="48" name="Head"/>
                </layer>
                <layer rank="1" name="PT">
                    <label end="57" start="48" name="N"/>
                </layer>
                <layer rank="1" name="Sent"/>
                <layer rank="1" name="Other"/>
                <layer rank="1" name="Target">
                    <label cBy="103" end="46" start="38" name="Target"/>
                </layer>
                <layer rank="1" name="Adj"/>
            </annotationSet>
        </sentence>
        <sentence sentNo="0" aPos="15429024" ID="964566">
            <text>He thought she had a growth , or was losing her innards in some revolting way . </text>
            <annotationSet cDate="01/07/2003 09:11:23 PST Tue" status="UNANN" ID="1382003">
                <layer rank="1" name="BNC">
                    <label end="1" start="0" name="PNP"/>
                    <label end="9" start="3" name="VVD"/>
                    <label end="13" start="11" name="PNP"/>
                    <label end="17" start="15" name="VHD"/>
                    <label end="19" start="19" name="AT0"/>
                    <label end="26" start="21" name="NN1"/>
                    <label end="28" start="28" name="PUN"/>
                    <label end="31" start="30" name="CJC"/>
                    <label end="35" start="33" name="VBD"/>
                    <label end="42" start="37" name="VVG"/>
                    <label end="46" start="44" name="DPS"/>
                    <label end="54" start="48" name="NN2"/>
                    <label end="57" start="56" name="PRP"/>
                    <label end="62" start="59" name="DT0"/>
                    <label end="72" start="64" name="AJ0-NN1"/>
                    <label end="76" start="74" name="NN1"/>
                    <label end="78" start="78" name="PUN"/>
                </layer>
            </annotationSet>
            <annotationSet cDate="01/07/2003 09:11:23 PST Tue" status="MANUAL" ID="1382004">
                <layer rank="1" name="FE">
                    <label cBy="865" feID="3291" end="76" start="74" name="Stimulus"/>
                </layer>
                <layer rank="1" name="GF">
                    <label end="76" start="74" name="Head"/>
                </layer>
                <layer rank="1" name="PT">
                    <label end="76" start="74" name="N"/>
                </layer>
                <layer rank="1" name="Sent"/>
                <layer rank="1" name="Other"/>
                <layer rank="1" name="Target">
                    <label cBy="103" end="72" start="64" name="Target"/>
                </layer>
                <layer rank="1" name="Adj"/>
            </annotationSet>
        </sentence>
        <sentence sentNo="0" aPos="16826140" ID="964567">
            <text>for harmony within the family -- a disobedient child or revolting adolescent sets the scene for an unhappy home and disharmony between the parents ; </text>
            <annotationSet cDate="01/07/2003 09:11:23 PST Tue" status="UNANN" ID="1382005">
                <layer rank="1" name="BNC">
                    <label end="2" start="0" name="PRP"/>
                    <label end="10" start="4" name="NN1"/>
                    <label end="17" start="12" name="PRP"/>
                    <label end="21" start="19" name="AT0"/>
                    <label end="28" start="23" name="NN0"/>
                    <label end="31" start="30" name="PUN"/>
                    <label end="33" start="33" name="AT0"/>
                    <label end="45" start="35" name="AJ0"/>
                    <label end="51" start="47" name="NN1"/>
                    <label end="54" start="53" name="CJC"/>
                    <label end="64" start="56" name="AJ0-VVG"/>
                    <label end="75" start="66" name="NN1"/>
                    <label end="80" start="77" name="VVZ"/>
                    <label end="84" start="82" name="AT0"/>
                    <label end="90" start="86" name="NN1"/>
                    <label end="94" start="92" name="PRP"/>
                    <label end="97" start="96" name="AT0"/>
                    <label end="105" start="99" name="AJ0"/>
                    <label end="110" start="107" name="NN1"/>
                    <label end="114" start="112" name="CJC"/>
                    <label end="125" start="116" name="NN1"/>
                    <label end="133" start="127" name="PRP"/>
                    <label end="137" start="135" name="AT0"/>
                    <label end="145" start="139" name="NN2"/>
                    <label end="147" start="147" name="PUN"/>
                </layer>
            </annotationSet>
            <annotationSet cDate="01/07/2003 09:11:23 PST Tue" status="MANUAL" ID="1382006">
                <layer rank="1" name="FE">
                    <label cBy="865" feID="3291" end="75" start="66" name="Stimulus"/>
                </layer>
                <layer rank="1" name="GF">
                    <label end="75" start="66" name="Head"/>
                </layer>
                <layer rank="1" name="PT">
                    <label end="75" start="66" name="N"/>
                </layer>
                <layer rank="1" name="Sent"/>
                <layer rank="1" name="Other"/>
                <layer rank="1" name="Target">
                    <label cBy="103" end="64" start="56" name="Target"/>
                </layer>
                <layer rank="1" name="Adj"/>
            </annotationSet>
        </sentence>
        <sentence sentNo="0" aPos="25680437" ID="964571">
            <text>Of course we were fascinated by revolting food , and liked inventing horror meals . </text>
            <annotationSet cDate="01/07/2003 09:11:24 PST Tue" status="UNANN" ID="1382013">
                <layer rank="1" name="BNC">
                    <label end="1" start="0" name="AV0"/>
                    <label end="8" start="3" name="AV0"/>
                    <label end="11" start="10" name="PNP"/>
                    <label end="16" start="13" name="VBD"/>
                    <label end="27" start="18" name="VVN"/>
                    <label end="30" start="29" name="PRP"/>
                    <label end="40" start="32" name="AJ0-VVG"/>
                    <label end="45" start="42" name="NN1"/>
                    <label end="47" start="47" name="PUN"/>
                    <label end="51" start="49" name="CJC"/>
                    <label end="57" start="53" name="VVD-VVN"/>
                    <label end="67" start="59" name="AJ0-VVG"/>
                    <label end="74" start="69" name="NN1"/>
                    <label end="80" start="76" name="NN2"/>
                    <label end="82" start="82" name="PUN"/>
                </layer>
            </annotationSet>
            <annotationSet cDate="01/07/2003 09:11:24 PST Tue" status="MANUAL" ID="1382014">
                <layer rank="1" name="FE">
                    <label cBy="865" feID="3291" end="45" start="42" name="Stimulus"/>
                </layer>
                <layer rank="1" name="GF">
                    <label end="45" start="42" name="Head"/>
                </layer>
                <layer rank="1" name="PT">
                    <label end="45" start="42" name="N"/>
                </layer>
                <layer rank="1" name="Sent"/>
                <layer rank="1" name="Other"/>
                <layer rank="1" name="Target">
                    <label cBy="103" end="40" start="32" name="Target"/>
                </layer>
                <layer rank="1" name="Adj"/>
            </annotationSet>
        </sentence>
        <sentence sentNo="0" aPos="29082821" ID="964573">
            <text>Some of the atrocities were unbelievably revolting . </text>
            <annotationSet cDate="01/07/2003 09:11:24 PST Tue" status="UNANN" ID="1382017">
                <layer rank="1" name="BNC">
                    <label end="3" start="0" name="DT0"/>
                    <label end="6" start="5" name="PRF"/>
                    <label end="10" start="8" name="AT0"/>
                    <label end="21" start="12" name="NN2"/>
                    <label end="26" start="23" name="VBD"/>
                    <label end="39" start="28" name="AV0"/>
                    <label end="49" start="41" name="AJ0-VVG"/>
                    <label end="51" start="51" name="PUN"/>
                </layer>
            </annotationSet>
            <annotationSet cDate="01/07/2003 09:11:24 PST Tue" status="MANUAL" ID="1382018">
                <layer rank="1" name="FE">
                    <label cBy="865" feID="3291" end="21" start="0" name="Stimulus"/>
                </layer>
                <layer rank="1" name="GF">
                    <label end="21" start="0" name="Ext"/>
                </layer>
                <layer rank="1" name="PT">
                    <label end="21" start="0" name="NP"/>
                </layer>
                <layer rank="1" name="Sent"/>
                <layer rank="1" name="Other"/>
                <layer rank="1" name="Target">
                    <label cBy="103" end="49" start="41" name="Target"/>
                </layer>
                <layer rank="1" name="Adj">
                    <label end="26" start="23" name="Cop"/>
                </layer>
            </annotationSet>
        </sentence>
        <sentence sentNo="0" aPos="31308167" ID="964574">
            <text>The annoying thing was that the revolting youth had put his finger on a significant point . </text>
            <annotationSet cDate="01/07/2003 09:11:24 PST Tue" status="UNANN" ID="1382019">
                <layer rank="1" name="BNC">
                    <label end="2" start="0" name="AT0"/>
                    <label end="11" start="4" name="AJ0-NN1"/>
                    <label end="17" start="13" name="NN1"/>
                    <label end="21" start="19" name="VBD"/>
                    <label end="26" start="23" name="CJT"/>
                    <label end="30" start="28" name="AT0"/>
                    <label end="40" start="32" name="AJ0-NN1"/>
                    <label end="46" start="42" name="NN1"/>
                    <label end="50" start="48" name="VHD"/>
                    <label end="54" start="52" name="VVN"/>
                    <label end="58" start="56" name="DPS"/>
                    <label end="65" start="60" name="NN1"/>
                    <label end="68" start="67" name="PRP"/>
                    <label end="70" start="70" name="AT0"/>
                    <label end="82" start="72" name="AJ0"/>
                    <label end="88" start="84" name="NN1"/>
                    <label end="90" start="90" name="PUN"/>
                </layer>
            </annotationSet>
            <annotationSet cDate="01/07/2003 09:11:24 PST Tue" status="MANUAL" ID="1382020">
                <layer rank="1" name="FE">
                    <label cBy="865" feID="3291" end="46" start="42" name="Stimulus"/>
                </layer>
                <layer rank="1" name="GF">
                    <label end="46" start="42" name="Head"/>
                </layer>
                <layer rank="1" name="PT">
                    <label end="46" start="42" name="N"/>
                </layer>
                <layer rank="1" name="Sent"/>
                <layer rank="1" name="Other"/>
                <layer rank="1" name="Target">
                    <label cBy="103" end="40" start="32" name="Target"/>
                </layer>
                <layer rank="1" name="Adj"/>
            </annotationSet>
        </sentence>
        <sentence sentNo="0" aPos="34621274" ID="964576">
            <text>It is only when the parents begin telling us about the brilliance of their own revolting offspring , that we start shouting , ` Bring us a basin ! </text>
            <annotationSet cDate="01/07/2003 09:11:24 PST Tue" status="UNANN" ID="1382023">
                <layer rank="1" name="BNC">
                    <label end="1" start="0" name="PNP"/>
                    <label end="4" start="3" name="VBZ"/>
                    <label end="9" start="6" name="AV0"/>
                    <label end="14" start="11" name="AVQ-CJS"/>
                    <label end="18" start="16" name="AT0"/>
                    <label end="26" start="20" name="NN2"/>
                    <label end="32" start="28" name="VVB"/>
                    <label end="40" start="34" name="VVG"/>
                    <label end="43" start="42" name="PNP"/>
                    <label end="49" start="45" name="PRP"/>
                    <label end="53" start="51" name="AT0"/>
                    <label end="64" start="55" name="NN1"/>
                    <label end="67" start="66" name="PRF"/>
                    <label end="73" start="69" name="DPS"/>
                    <label end="77" start="75" name="DT0"/>
                    <label end="87" start="79" name="AJ0-NN1"/>
                    <label end="97" start="89" name="NN0"/>
                    <label end="99" start="99" name="PUN"/>
                    <label end="104" start="101" name="CJT"/>
                    <label end="107" start="106" name="PNP"/>
                    <label end="113" start="109" name="VVB"/>
                    <label end="122" start="115" name="NN1-VVG"/>
                    <label end="124" start="124" name="PUN"/>
                    <label end="126" start="126" name="PUQ"/>
                    <label end="132" start="128" name="VVB"/>
                    <label end="135" start="134" name="PNP"/>
                    <label end="137" start="137" name="AT0"/>
                    <label end="143" start="139" name="NN1"/>
                    <label end="145" start="145" name="PUN"/>
                </layer>
            </annotationSet>
            <annotationSet cDate="01/07/2003 09:11:24 PST Tue" status="MANUAL" ID="1382024">
                <layer rank="1" name="FE">
                    <label cBy="865" feID="3291" end="97" start="89" name="Stimulus"/>
                </layer>
                <layer rank="1" name="GF">
                    <label end="97" start="89" name="Head"/>
                </layer>
                <layer rank="1" name="PT">
                    <label end="97" start="89" name="N"/>
                </layer>
                <layer rank="1" name="Sent"/>
                <layer rank="1" name="Other"/>
                <layer rank="1" name="Target">
                    <label cBy="103" end="87" start="79" name="Target"/>
                </layer>
                <layer rank="1" name="Adj"/>
            </annotationSet>
        </sentence>
        <sentence sentNo="0" aPos="36868100" ID="964582">
            <text>So the charts are riddled with appalling rehashes and reissues and revolting rhymes with neither reason nor sense . </text>
            <annotationSet cDate="01/07/2003 09:11:25 PST Tue" status="UNANN" ID="1382035">
                <layer rank="1" name="BNC">
                    <label end="1" start="0" name="AV0"/>
                    <label end="5" start="3" name="AT0"/>
                    <label end="12" start="7" name="NN2"/>
                    <label end="16" start="14" name="VBB"/>
                    <label end="24" start="18" name="VVN"/>
                    <label end="29" start="26" name="PRP"/>
                    <label end="39" start="31" name="AJ0"/>
                    <label end="48" start="41" name="NN2"/>
                    <label end="52" start="50" name="CJC"/>
                    <label end="61" start="54" name="NN2"/>
                    <label end="65" start="63" name="CJC"/>
                    <label end="75" start="67" name="AJ0"/>
                    <label end="82" start="77" name="NN2"/>
                    <label end="87" start="84" name="PRP"/>
                    <label end="95" start="89" name="AV0"/>
                    <label end="102" start="97" name="NN1"/>
                    <label end="106" start="104" name="CJC"/>
                    <label end="112" start="108" name="NN1"/>
                    <label end="114" start="114" name="PUN"/>
                </layer>
            </annotationSet>
            <annotationSet cDate="01/07/2003 09:11:25 PST Tue" status="MANUAL" ID="1382036">
                <layer rank="1" name="FE">
                    <label cBy="865" feID="3291" end="112" start="77" name="Stimulus"/>
                </layer>
                <layer rank="1" name="GF">
                    <label end="112" start="77" name="Head"/>
                </layer>
                <layer rank="1" name="PT">
                    <label end="112" start="77" name="N"/>
                </layer>
                <layer rank="1" name="Sent"/>
                <layer rank="1" name="Other"/>
                <layer rank="1" name="Target">
                    <label cBy="103" end="75" start="67" name="Target"/>
                </layer>
                <layer rank="1" name="Adj"/>
            </annotationSet>
        </sentence>
        <sentence sentNo="0" aPos="39258356" ID="964584">
            <text>The traditional method of slaughter by slow strangulation might well seem revolting but that is admitted to be a ` waning practice &quot; . </text>
            <annotationSet cDate="01/07/2003 09:11:25 PST Tue" status="UNANN" ID="1382039">
                <layer rank="1" name="BNC">
                    <label end="2" start="0" name="AT0"/>
                    <label end="14" start="4" name="AJ0"/>
                    <label end="21" start="16" name="NN1"/>
                    <label end="24" start="23" name="PRF"/>
                    <label end="34" start="26" name="NN1"/>
                    <label end="37" start="36" name="PRP"/>
                    <label end="42" start="39" name="AJ0"/>
                    <label end="56" start="44" name="NN1"/>
                    <label end="62" start="58" name="VM0"/>
                    <label end="67" start="64" name="AV0"/>
                    <label end="72" start="69" name="VVI"/>
                    <label end="82" start="74" name="AJ0-VVG"/>
                    <label end="86" start="84" name="CJC"/>
                    <label end="91" start="88" name="CJT-DT0"/>
                    <label end="94" start="93" name="VBZ"/>
                    <label end="103" start="96" name="VVN"/>
                    <label end="106" start="105" name="TO0"/>
                    <label end="109" start="108" name="VBI"/>
                    <label end="111" start="111" name="AT0"/>
                    <label end="113" start="113" name="PUQ"/>
                    <label end="120" start="115" name="AJ0"/>
                    <label end="129" start="122" name="NN1"/>
                    <label end="131" start="131" name="PUQ"/>
                    <label end="133" start="133" name="PUN"/>
                </layer>
            </annotationSet>
            <annotationSet cDate="01/07/2003 09:11:25 PST Tue" status="MANUAL" ID="1382040">
                <layer rank="1" name="FE">
                    <label cBy="865" feID="3291" end="56" start="0" name="Stimulus"/>
                </layer>
                <layer rank="1" name="GF">
                    <label end="56" start="0" name="Ext"/>
                </layer>
                <layer rank="1" name="PT">
                    <label end="56" start="0" name="NP"/>
                </layer>
                <layer rank="1" name="Sent"/>
                <layer rank="1" name="Other"/>
                <layer rank="1" name="Target">
                    <label cBy="103" end="82" start="74" name="Target"/>
                </layer>
                <layer rank="1" name="Adj">
                    <label end="72" start="69" name="Cop"/>
                </layer>
            </annotationSet>
        </sentence>
        <sentence sentNo="0" aPos="63798442" ID="964598">
            <text>She stood up and poured the rest of the highball over his head -- the bed was now covered in a revolting mixture of olive oil and melting ice -- then she nipped out to the icebox . </text>
            <annotationSet cDate="01/07/2003 09:11:27 PST Tue" status="UNANN" ID="1382067">
                <layer rank="1" name="BNC">
                    <label end="2" start="0" name="PNP"/>
                    <label end="8" start="4" name="VVD"/>
                    <label end="11" start="10" name="AVP"/>
                    <label end="15" start="13" name="CJC"/>
                    <label end="22" start="17" name="VVD"/>
                    <label end="26" start="24" name="AT0"/>
                    <label end="31" start="28" name="NN1"/>
                    <label end="34" start="33" name="PRF"/>
                    <label end="38" start="36" name="AT0"/>
                    <label end="47" start="40" name="NN1"/>
                    <label end="52" start="49" name="PRP"/>
                    <label end="56" start="54" name="DPS"/>
                    <label end="61" start="58" name="NN1"/>
                    <label end="64" start="63" name="PUN"/>
                    <label end="68" start="66" name="AT0"/>
                    <label end="72" start="70" name="NN1"/>
                    <label end="76" start="74" name="VBD"/>
                    <label end="80" start="78" name="AV0"/>
                    <label end="88" start="82" name="VVD-VVN"/>
                    <label end="91" start="90" name="PRP"/>
                    <label end="93" start="93" name="AT0"/>
                    <label end="103" start="95" name="AJ0"/>
                    <label end="111" start="105" name="NN1"/>
                    <label end="114" start="113" name="PRF"/>
                    <label end="120" start="116" name="AJ0"/>
                    <label end="124" start="122" name="NN1"/>
                    <label end="128" start="126" name="CJC"/>
                    <label end="136" start="130" name="AJ0-VVG"/>
                    <label end="140" start="138" name="NN1"/>
                    <label end="143" start="142" name="PUN"/>
                    <label end="148" start="145" name="AV0"/>
                    <label end="152" start="150" name="PNP"/>
                    <label end="159" start="154" name="VVD"/>
                    <label end="163" start="161" name="AVP"/>
                    <label end="166" start="165" name="PRP"/>
                    <label end="170" start="168" name="AT0"/>
                    <label end="177" start="172" name="NN1"/>
                    <label end="179" start="179" name="PUN"/>
                </layer>
            </annotationSet>
            <annotationSet cDate="01/07/2003 09:11:27 PST Tue" status="MANUAL" ID="1382068">
                <layer rank="1" name="FE">
                    <label cBy="865" feID="3291" end="140" start="105" name="Stimulus"/>
                </layer>
                <layer rank="1" name="GF">
                    <label end="140" start="105" name="Head"/>
                </layer>
                <layer rank="1" name="PT">
                    <label end="140" start="105" name="N"/>
                </layer>
                <layer rank="1" name="Sent"/>
                <layer rank="1" name="Other"/>
                <layer rank="1" name="Target">
                    <label cBy="103" end="103" start="95" name="Target"/>
                </layer>
                <layer rank="1" name="Adj"/>
            </annotationSet>
        </sentence>
        <sentence sentNo="0" aPos="67126256" ID="964601">
            <text>The sink , which held a further supply of greasy dishes , was covered in a revolting green scum . </text>
            <annotationSet cDate="01/07/2003 09:11:27 PST Tue" status="UNANN" ID="1382073">
                <layer rank="1" name="BNC">
                    <label end="2" start="0" name="AT0"/>
                    <label end="7" start="4" name="NN1"/>
                    <label end="9" start="9" name="PUN"/>
                    <label end="15" start="11" name="DTQ"/>
                    <label end="20" start="17" name="VVD"/>
                    <label end="22" start="22" name="AT0"/>
                    <label end="30" start="24" name="AJC"/>
                    <label end="37" start="32" name="NN1"/>
                    <label end="40" start="39" name="PRF"/>
                    <label end="47" start="42" name="AJ0"/>
                    <label end="54" start="49" name="NN2"/>
                    <label end="56" start="56" name="PUN"/>
                    <label end="60" start="58" name="VBD"/>
                    <label end="68" start="62" name="VVN"/>
                    <label end="71" start="70" name="PRP"/>
                    <label end="73" start="73" name="AT0"/>
                    <label end="83" start="75" name="AJ0"/>
                    <label end="89" start="85" name="AJ0-NN1"/>
                    <label end="94" start="91" name="NN1"/>
                    <label end="96" start="96" name="PUN"/>
                </layer>
            </annotationSet>
            <annotationSet cDate="01/07/2003 09:11:27 PST Tue" status="MANUAL" ID="1382074">
                <layer rank="1" name="FE">
                    <label cBy="865" feID="3291" end="94" start="85" name="Stimulus"/>
                </layer>
                <layer rank="1" name="GF">
                    <label end="94" start="85" name="Head"/>
                </layer>
                <layer rank="1" name="PT">
                    <label end="94" start="85" name="N"/>
                </layer>
                <layer rank="1" name="Sent"/>
                <layer rank="1" name="Other"/>
                <layer rank="1" name="Target">
                    <label cBy="103" end="83" start="75" name="Target"/>
                </layer>
                <layer rank="1" name="Adj"/>
            </annotationSet>
        </sentence>
        <sentence sentNo="0" aPos="100913282" ID="964617">
            <text>Leith snapped , feeling sick inside as a revolting memory of Alec Ardis hit her . </text>
            <annotationSet cDate="01/07/2003 09:11:29 PST Tue" status="UNANN" ID="1382105">
                <layer rank="1" name="BNC">
                    <label end="4" start="0" name="NN1-NP0"/>
                    <label end="12" start="6" name="VVD"/>
                    <label end="14" start="14" name="PUN"/>
                    <label end="22" start="16" name="VVG"/>
                    <label end="27" start="24" name="AJ0-NN1"/>
                    <label end="34" start="29" name="NN1"/>
                    <label end="37" start="36" name="CJS-PRP"/>
                    <label end="39" start="39" name="AT0"/>
                    <label end="49" start="41" name="AJ0"/>
                    <label end="56" start="51" name="NN1"/>
                    <label end="59" start="58" name="PRF"/>
                    <label end="64" start="61" name="NP0"/>
                    <label end="70" start="66" name="NP0"/>
                    <label end="74" start="72" name="VVD"/>
                    <label end="78" start="76" name="PNP"/>
                    <label end="80" start="80" name="PUN"/>
                </layer>
            </annotationSet>
            <annotationSet cDate="01/07/2003 09:11:29 PST Tue" status="MANUAL" ID="1382106">
                <layer rank="1" name="FE">
                    <label cBy="865" feID="3291" end="70" start="51" name="Stimulus"/>
                </layer>
                <layer rank="1" name="GF">
                    <label end="70" start="51" name="Head"/>
                </layer>
                <layer rank="1" name="PT">
                    <label end="70" start="51" name="N"/>
                </layer>
                <layer rank="1" name="Sent"/>
                <layer rank="1" name="Other"/>
                <layer rank="1" name="Target">
                    <label cBy="103" end="49" start="41" name="Target"/>
                </layer>
                <layer rank="1" name="Adj"/>
            </annotationSet>
        </sentence>
        <sentence sentNo="0" aPos="104876944" ID="964619">
            <text>It is an absolutely revolting offence against someone suffering from Downs Syndrome . &quot; </text>
            <annotationSet cDate="01/07/2003 09:11:29 PST Tue" status="UNANN" ID="1382109">
                <layer rank="1" name="BNC">
                    <label end="1" start="0" name="PNP"/>
                    <label end="4" start="3" name="VBZ"/>
                    <label end="7" start="6" name="AT0"/>
                    <label end="18" start="9" name="AV0"/>
                    <label end="28" start="20" name="AJ0-VVG"/>
                    <label end="36" start="30" name="NN1"/>
                    <label end="44" start="38" name="PRP"/>
                    <label end="52" start="46" name="PNI"/>
                    <label end="62" start="54" name="VVG"/>
                    <label end="67" start="64" name="PRP"/>
                    <label end="73" start="69" name="NN2"/>
                    <label end="82" start="75" name="NN1-NP0"/>
                    <label end="84" start="84" name="PUN"/>
                    <label end="86" start="86" name="PUQ"/>
                </layer>
            </annotationSet>
            <annotationSet cDate="01/07/2003 09:11:29 PST Tue" status="MANUAL" ID="1382110">
                <layer rank="1" name="FE">
                    <label cBy="865" feID="3293" end="18" start="9" name="Degree"/>
                    <label cBy="865" feID="3291" end="36" start="30" name="Stimulus"/>
                </layer>
                <layer rank="1" name="GF">
                    <label end="18" start="9" name="Dep"/>
                    <label end="36" start="30" name="Head"/>
                </layer>
                <layer rank="1" name="PT">
                    <label end="18" start="9" name="AVP"/>
                    <label end="36" start="30" name="N"/>
                </layer>
                <layer rank="1" name="Sent"/>
                <layer rank="1" name="Other"/>
                <layer rank="1" name="Target">
                    <label cBy="103" end="28" start="20" name="Target"/>
                </layer>
                <layer rank="1" name="Adj"/>
            </annotationSet>
        </sentence>
        <sentence sentNo="0" aPos="113950001" ID="964621">
            <text>That 's the most revolting taste ! </text>
            <annotationSet cDate="01/07/2003 09:11:29 PST Tue" status="UNANN" ID="1382113">
                <layer rank="1" name="BNC">
                    <label end="3" start="0" name="DT0"/>
                    <label end="6" start="5" name="VBZ"/>
                    <label end="10" start="8" name="AT0"/>
                    <label end="15" start="12" name="AV0"/>
                    <label end="25" start="17" name="AJ0"/>
                    <label end="31" start="27" name="NN1"/>
                    <label end="33" start="33" name="PUN"/>
                </layer>
            </annotationSet>
            <annotationSet cDate="01/07/2003 09:11:29 PST Tue" status="MANUAL" ID="1382114">
                <layer rank="1" name="FE">
                    <label cBy="865" feID="3293" end="15" start="12" name="Degree"/>
                    <label cBy="865" feID="3291" end="31" start="27" name="Stimulus"/>
                </layer>
                <layer rank="1" name="GF">
                    <label end="15" start="12" name="Dep"/>
                    <label end="31" start="27" name="Head"/>
                </layer>
                <layer rank="1" name="PT">
                    <label end="15" start="12" name="AVP"/>
                    <label end="31" start="27" name="N"/>
                </layer>
                <layer rank="1" name="Sent"/>
                <layer rank="1" name="Other"/>
                <layer rank="1" name="Target">
                    <label cBy="103" end="25" start="17" name="Target"/>
                </layer>
                <layer rank="1" name="Adj"/>
            </annotationSet>
        </sentence>
    </subCorpus>
</lexUnit>