<?xml version="1.0" encoding="UTF-8" standalone="yes"?>
<?xml-stylesheet type="text/xsl" href="lexUnit.xsl"?>
<lexUnit status="Created" POS="N" name="establishment.n" ID="6358" frame="Businesses" frameID="365" totalAnnotated="0" xsi:schemaLocation="../schema/lexUnit.xsd" xmlns="http://framenet.icsi.berkeley.edu" xmlns:xsi="http://www.w3.org/2001/XMLSchema-instance">
    <header>
        <frame>
            <FE fgColor="FFFFFF" bgColor="0000FF" type="Core" abbrev="Busn" name="Business"/>
            <FE fgColor="FFFFFF" bgColor="800080" type="Peripheral" abbrev="BName" name="Business_Name"/>
            <FE fgColor="FFFFFF" bgColor="00BFFF" type="Peripheral" abbrev="Desc" name="Descriptor"/>
            <FE fgColor="FFFFFF" bgColor="008000" type="Peripheral" abbrev="Place" name="Place"/>
            <FE fgColor="FFFFFF" bgColor="A52A2A" type="Peripheral" abbrev="Prd" name="Product"/>
            <FE fgColor="FFFFFF" bgColor="9F79EE" type="Peripheral" abbrev="Pptr" name="Proprietor"/>
            <FE fgColor="FFFFFF" bgColor="9400D3" type="Peripheral" abbrev="ServP" name="Service_provider"/>
        </frame>
    </header>
    <definition>COD: a business organization, public institution, or household</definition>
    <lexeme POS="N" name="establishment"/>
    <valences/>
</lexUnit>