<?xml version="1.0" encoding="UTF-8" standalone="yes"?>
<?xml-stylesheet type="text/xsl" href="lexUnit.xsl"?>
<lexUnit status="Finished_Initial" POS="A" name="exasperating.a" ID="6318" frame="Stimulus_focus" frameID="364" totalAnnotated="5" xsi:schemaLocation="../schema/lexUnit.xsd" xmlns="http://framenet.icsi.berkeley.edu" xmlns:xsi="http://www.w3.org/2001/XMLSchema-instance">
    <header>
        <frame>
            <FE fgColor="FFFFFF" bgColor="808080" type="Extra-Thematic" abbrev="cir" name="Circumstances"/>
            <FE fgColor="FFFFFF" bgColor="0000FF" type="Extra-Thematic" abbrev="C_set" name="Comparison_set"/>
            <FE fgColor="FFFFFF" bgColor="FF69B4" type="Peripheral" abbrev="Degr" name="Degree"/>
            <FE fgColor="FFFFFF" bgColor="008000" type="Peripheral" abbrev="Exp" name="Experiencer"/>
            <FE fgColor="FFFFFF" bgColor="A52A2A" type="Peripheral" abbrev="Par" name="Parameter"/>
            <FE fgColor="FFFFFF" bgColor="800080" type="Extra-Thematic" abbrev="Property" name="Property"/>
            <FE fgColor="FFFFFF" bgColor="FF0000" type="Core" abbrev="Stim" name="Stimulus"/>
        </frame>
    </header>
    <definition>FN: bringing about annoyance</definition>
    <lexeme POS="A" name="exasperating"/>
    <valences>
        <FERealization total="1">
            <FE name="Degree"/>
            <pattern total="1">
                <valenceUnit GF="Dep" PT="AVP" FE="Degree"/>
                <annoSet ID="1381922"/>
            </pattern>
        </FERealization>
        <FERealization total="5">
            <FE name="Stimulus"/>
            <pattern total="1">
                <valenceUnit GF="Ext" PT="NP" FE="Stimulus"/>
                <annoSet ID="1381922"/>
            </pattern>
            <pattern total="4">
                <valenceUnit GF="Head" PT="N" FE="Stimulus"/>
                <annoSet ID="1381924"/>
                <annoSet ID="1381926"/>
                <annoSet ID="1381940"/>
                <annoSet ID="1381946"/>
            </pattern>
        </FERealization>
        <FEGroupRealization total="1">
            <FE name="Degree"/>
            <FE name="Stimulus"/>
            <pattern total="1">
                <valenceUnit GF="Dep" PT="AVP" FE="Degree"/>
                <valenceUnit GF="Ext" PT="NP" FE="Stimulus"/>
                <annoSet ID="1381922"/>
            </pattern>
        </FEGroupRealization>
        <FEGroupRealization total="4">
            <FE name="Stimulus"/>
            <pattern total="4">
                <valenceUnit GF="Head" PT="N" FE="Stimulus"/>
                <annoSet ID="1381924"/>
                <annoSet ID="1381926"/>
                <annoSet ID="1381940"/>
                <annoSet ID="1381946"/>
            </pattern>
        </FEGroupRealization>
    </valences>
    <subCorpus name="A-001-all">
        <sentence sentNo="0" aPos="25172711" ID="964525">
            <text>Hearing loss can cause painful misunderstandings and can be extremely exasperating ; tempers may become frayed , and stressful tension may be allowed to mount . </text>
            <annotationSet cDate="01/07/2003 09:11:16 PST Tue" status="UNANN" ID="1381921">
                <layer rank="1" name="BNC">
                    <label end="6" start="0" name="NN1"/>
                    <label end="11" start="8" name="NN1"/>
                    <label end="15" start="13" name="VM0"/>
                    <label end="21" start="17" name="VVI"/>
                    <label end="29" start="23" name="AJ0"/>
                    <label end="47" start="31" name="NN2"/>
                    <label end="51" start="49" name="CJC"/>
                    <label end="55" start="53" name="VM0"/>
                    <label end="58" start="57" name="VBI"/>
                    <label end="68" start="60" name="AV0"/>
                    <label end="81" start="70" name="AJ0-VVG"/>
                    <label end="83" start="83" name="PUN"/>
                    <label end="91" start="85" name="NN2"/>
                    <label end="95" start="93" name="VM0"/>
                    <label end="102" start="97" name="VVI"/>
                    <label end="109" start="104" name="AJ0"/>
                    <label end="111" start="111" name="PUN"/>
                    <label end="115" start="113" name="CJC"/>
                    <label end="125" start="117" name="AJ0"/>
                    <label end="133" start="127" name="NN1"/>
                    <label end="137" start="135" name="VM0"/>
                    <label end="140" start="139" name="VBI"/>
                    <label end="148" start="142" name="VVN"/>
                    <label end="151" start="150" name="TO0"/>
                    <label end="157" start="153" name="VVI"/>
                    <label end="159" start="159" name="PUN"/>
                </layer>
            </annotationSet>
            <annotationSet cDate="01/07/2003 09:11:17 PST Tue" status="MANUAL" ID="1381922">
                <layer rank="1" name="FE">
                    <label cBy="532" feID="3291" end="11" start="0" name="Stimulus"/>
                    <label cBy="532" feID="3293" end="68" start="60" name="Degree"/>
                </layer>
                <layer rank="1" name="GF">
                    <label end="11" start="0" name="Ext"/>
                    <label end="68" start="60" name="Dep"/>
                </layer>
                <layer rank="1" name="PT">
                    <label end="11" start="0" name="NP"/>
                    <label end="68" start="60" name="AVP"/>
                </layer>
                <layer rank="1" name="Sent"/>
                <layer rank="1" name="Other"/>
                <layer rank="1" name="Target">
                    <label cBy="103" end="81" start="70" name="Target"/>
                </layer>
                <layer rank="1" name="Adj">
                    <label end="58" start="57" name="Cop"/>
                </layer>
            </annotationSet>
        </sentence>
        <sentence sentNo="0" aPos="30346462" ID="964526">
            <text>To begin with , he is the most difficult and exasperating man that I know -- except for myself . ` </text>
            <annotationSet cDate="01/07/2003 09:11:17 PST Tue" status="UNANN" ID="1381923">
                <layer rank="1" name="BNC">
                    <label end="1" start="0" name="TO0"/>
                    <label end="7" start="3" name="VVI"/>
                    <label end="12" start="9" name="PRP"/>
                    <label end="14" start="14" name="PUN"/>
                    <label end="17" start="16" name="PNP"/>
                    <label end="20" start="19" name="VBZ"/>
                    <label end="24" start="22" name="AT0"/>
                    <label end="29" start="26" name="AV0"/>
                    <label end="39" start="31" name="AJ0"/>
                    <label end="43" start="41" name="CJC"/>
                    <label end="56" start="45" name="AJ0-VVG"/>
                    <label end="60" start="58" name="NN1"/>
                    <label end="65" start="62" name="CJT"/>
                    <label end="67" start="67" name="PNP"/>
                    <label end="72" start="69" name="VVB"/>
                    <label end="75" start="74" name="PUN"/>
                    <label end="82" start="77" name="PRP"/>
                    <label end="86" start="84" name="PRP"/>
                    <label end="93" start="88" name="PNX"/>
                    <label end="95" start="95" name="PUN"/>
                    <label end="97" start="97" name="PUQ"/>
                </layer>
            </annotationSet>
            <annotationSet cDate="01/07/2003 09:11:17 PST Tue" status="MANUAL" ID="1381924">
                <layer rank="1" name="FE">
                    <label cBy="532" feID="3291" end="72" start="58" name="Stimulus"/>
                </layer>
                <layer rank="1" name="GF">
                    <label end="72" start="58" name="Head"/>
                </layer>
                <layer rank="1" name="PT">
                    <label end="72" start="58" name="N"/>
                </layer>
                <layer rank="1" name="Sent"/>
                <layer rank="1" name="Other"/>
                <layer rank="1" name="Target">
                    <label cBy="103" end="56" start="45" name="Target"/>
                </layer>
                <layer rank="1" name="Adj"/>
            </annotationSet>
        </sentence>
        <sentence sentNo="0" aPos="35424097" ID="964527">
            <text>Nylon does have an exasperating trait of expanding in the wet and cold , causing the fly to sag . </text>
            <annotationSet cDate="01/07/2003 09:11:17 PST Tue" status="UNANN" ID="1381925">
                <layer rank="1" name="BNC">
                    <label end="4" start="0" name="NN1-NP0"/>
                    <label end="9" start="6" name="VDZ"/>
                    <label end="14" start="11" name="VHI"/>
                    <label end="17" start="16" name="AT0"/>
                    <label end="30" start="19" name="AJ0"/>
                    <label end="36" start="32" name="NN1"/>
                    <label end="39" start="38" name="PRF"/>
                    <label end="49" start="41" name="VVG"/>
                    <label end="52" start="51" name="PRP"/>
                    <label end="56" start="54" name="AT0"/>
                    <label end="60" start="58" name="AJ0"/>
                    <label end="64" start="62" name="CJC"/>
                    <label end="69" start="66" name="AJ0-NN1"/>
                    <label end="71" start="71" name="PUN"/>
                    <label end="79" start="73" name="VVG"/>
                    <label end="83" start="81" name="AT0"/>
                    <label end="87" start="85" name="NN1"/>
                    <label end="90" start="89" name="TO0"/>
                    <label end="94" start="92" name="VVI"/>
                    <label end="96" start="96" name="PUN"/>
                </layer>
            </annotationSet>
            <annotationSet cDate="01/07/2003 09:11:17 PST Tue" status="MANUAL" ID="1381926">
                <layer rank="1" name="FE">
                    <label cBy="532" feID="3291" end="94" start="32" name="Stimulus"/>
                </layer>
                <layer rank="1" name="GF">
                    <label end="94" start="32" name="Head"/>
                </layer>
                <layer rank="1" name="PT">
                    <label end="94" start="32" name="N"/>
                </layer>
                <layer rank="1" name="Sent"/>
                <layer rank="1" name="Other"/>
                <layer rank="1" name="Target">
                    <label cBy="103" end="30" start="19" name="Target"/>
                </layer>
                <layer rank="1" name="Adj"/>
            </annotationSet>
        </sentence>
        <sentence sentNo="0" aPos="63781727" ID="964534">
            <text>Then there was an exasperating wait for her visa at the Sydon consulate in South Kensington . </text>
            <annotationSet cDate="01/07/2003 09:11:18 PST Tue" status="UNANN" ID="1381939">
                <layer rank="1" name="BNC">
                    <label end="3" start="0" name="AV0"/>
                    <label end="9" start="5" name="EX0"/>
                    <label end="13" start="11" name="VBD"/>
                    <label end="16" start="15" name="AT0"/>
                    <label end="29" start="18" name="AJ0-NN1"/>
                    <label end="34" start="31" name="NN1-VVB"/>
                    <label end="38" start="36" name="PRP"/>
                    <label end="42" start="40" name="DPS"/>
                    <label end="47" start="44" name="NN1"/>
                    <label end="50" start="49" name="PRP"/>
                    <label end="54" start="52" name="AT0"/>
                    <label end="60" start="56" name="NN1-NP0"/>
                    <label end="70" start="62" name="NN1-VVB"/>
                    <label end="73" start="72" name="PRP"/>
                    <label end="79" start="75" name="NP0"/>
                    <label end="90" start="81" name="NP0"/>
                    <label end="92" start="92" name="PUN"/>
                </layer>
            </annotationSet>
            <annotationSet cDate="01/07/2003 09:11:18 PST Tue" status="MANUAL" ID="1381940">
                <layer rank="1" name="FE">
                    <label cBy="532" feID="3291" end="47" start="31" name="Stimulus"/>
                </layer>
                <layer rank="1" name="GF">
                    <label end="47" start="31" name="Head"/>
                </layer>
                <layer rank="1" name="PT">
                    <label end="47" start="31" name="N"/>
                </layer>
                <layer rank="1" name="Sent"/>
                <layer rank="1" name="Other"/>
                <layer rank="1" name="Target">
                    <label cBy="103" end="29" start="18" name="Target"/>
                </layer>
                <layer rank="1" name="Adj"/>
            </annotationSet>
        </sentence>
        <sentence sentNo="0" aPos="69632209" ID="964537">
            <text>He smiled that exasperating smile again . </text>
            <annotationSet cDate="01/07/2003 09:11:18 PST Tue" status="UNANN" ID="1381945">
                <layer rank="1" name="BNC">
                    <label end="1" start="0" name="PNP"/>
                    <label end="8" start="3" name="VVD"/>
                    <label end="13" start="10" name="CJT-DT0"/>
                    <label end="26" start="15" name="AJ0-VVG"/>
                    <label end="32" start="28" name="NN1"/>
                    <label end="38" start="34" name="AV0"/>
                    <label end="40" start="40" name="PUN"/>
                </layer>
            </annotationSet>
            <annotationSet cDate="01/07/2003 09:11:18 PST Tue" status="MANUAL" ID="1381946">
                <layer rank="1" name="FE">
                    <label cBy="532" feID="3291" end="32" start="28" name="Stimulus"/>
                </layer>
                <layer rank="1" name="GF">
                    <label end="32" start="28" name="Head"/>
                </layer>
                <layer rank="1" name="PT">
                    <label end="32" start="28" name="N"/>
                </layer>
                <layer rank="1" name="Sent"/>
                <layer rank="1" name="Other"/>
                <layer rank="1" name="Target">
                    <label cBy="103" end="26" start="15" name="Target"/>
                </layer>
                <layer rank="1" name="Adj"/>
            </annotationSet>
        </sentence>
    </subCorpus>
</lexUnit>