<?xml version="1.0" encoding="UTF-8" standalone="yes"?>
<?xml-stylesheet type="text/xsl" href="lexUnit.xsl"?>
<lexUnit status="Insufficient_Attestations" POS="V" name="initiate.v" ID="6477" frame="Rite" frameID="301" totalAnnotated="0" xsi:schemaLocation="../schema/lexUnit.xsd" xmlns="http://framenet.icsi.berkeley.edu" xmlns:xsi="http://www.w3.org/2001/XMLSchema-instance">
    <header>
        <frame>
            <FE fgColor="FFFFFF" bgColor="800080" type="Core" abbrev="DesS" name="Desired_state"/>
            <FE fgColor="FFFFFF" bgColor="00BFFF" type="Core" abbrev="G_member" name="Guardian"/>
            <FE fgColor="FFFFFF" bgColor="808080" type="Core" abbrev="Ins" name="Instrument"/>
            <FE fgColor="FFFFFF" bgColor="FF0000" type="Core" abbrev="Ldr" name="Leader"/>
            <FE fgColor="FFFFFF" bgColor="FF00FF" type="Peripheral" abbrev="Manr" name="Manner"/>
            <FE fgColor="FFFFFF" bgColor="0000FF" type="Peripheral" abbrev="Mns" name="Means"/>
            <FE fgColor="FFFFFF" bgColor="0000FF" type="Core" abbrev="Mbr" name="Member"/>
            <FE fgColor="FFFFFF" bgColor="9F79EE" type="Core" abbrev="NStat" name="New_Status"/>
            <FE fgColor="FFFFFF" bgColor="00008B" type="Core" abbrev="Obj" name="Object"/>
            <FE fgColor="FFFFFF" bgColor="1E90FF" type="Core" abbrev="Org" name="Organization"/>
            <FE fgColor="FFFFFF" bgColor="008000" type="Peripheral" abbrev="Place" name="Place"/>
            <FE fgColor="FFFFFF" bgColor="FFA500" type="Peripheral" abbrev="Time" name="Time"/>
            <FE fgColor="FFFFFF" bgColor="9400D3" type="Core" abbrev="Type" name="Type"/>
        </frame>
    </header>
    <definition>COD: admit formally into a society or group, typically with a ritual.</definition>
    <lexeme POS="V" name="initiate"/>
    <valences/>
    <subCorpus name="V-570-s20-np-ppat"/>
    <subCorpus name="V-570-s20-np-ppinto"/>
    <subCorpus name="V-570-s20-np-ppto"/>
    <subCorpus name="V-570-s20-np-ppwith"/>
    <subCorpus name="V-590-s20-np-pinginto"/>
    <subCorpus name="V-590-s20-np-pingwith"/>
    <subCorpus name="V-620-s20-np-ppother"/>
    <subCorpus name="V-630-s20-np-pingother"/>
    <subCorpus name="V-650-s20-np-pother"/>
    <subCorpus name="V-660-s20-trans-simple"/>
    <subCorpus name="V-670-s20-pass-by"/>
    <subCorpus name="V-680-s20-pass"/>
    <subCorpus name="V-690-s20-trans-other"/>
    <subCorpus name="V-730-s20-ppat"/>
    <subCorpus name="V-730-s20-ppinto"/>
    <subCorpus name="V-780-s20-ppother"/>
    <subCorpus name="V-790-s20-pingother"/>
    <subCorpus name="V-810-s20-pother"/>
    <subCorpus name="V-880-s20-intrans-simple"/>
    <subCorpus name="V-890-s20-intrans-adverb"/>
    <subCorpus name="V-900-s20-other"/>
</lexUnit>