<?xml version="1.0" encoding="UTF-8" standalone="yes"?>
<?xml-stylesheet type="text/xsl" href="lexUnit.xsl"?>
<lexUnit status="Created" POS="PREP" name="about.prep" ID="6534" frame="Topic" frameID="373" totalAnnotated="0" xsi:schemaLocation="../schema/lexUnit.xsd" xmlns="http://framenet.icsi.berkeley.edu" xmlns:xsi="http://www.w3.org/2001/XMLSchema-instance">
    <header>
        <frame>
            <FE fgColor="FFFFFF" bgColor="FF0000" type="Core" abbrev="Communicator" name="Communicator"/>
            <FE fgColor="FFFFFF" bgColor="FF69B4" type="Peripheral" abbrev="Degree" name="Degree"/>
            <FE fgColor="FFFFFF" bgColor="7CCD7C" type="Extra-Thematic" abbrev="" name="Explanation"/>
            <FE fgColor="FFFFFF" bgColor="FF00FF" type="Peripheral" abbrev="Manner" name="Manner"/>
            <FE fgColor="FFFFFF" bgColor="0000FF" type="Peripheral" abbrev="Status" name="Status"/>
            <FE fgColor="FFFFFF" bgColor="008000" type="Core" abbrev="Text" name="Text"/>
            <FE fgColor="FFFFFF" bgColor="800080" type="Peripheral" abbrev="" name="Time"/>
            <FE fgColor="FFFFFF" bgColor="FFA500" type="Core" abbrev="Topic" name="Topic"/>
        </frame>
    </header>
    <definition>COD: on the subject of; concerning</definition>
    <lexeme POS="PREP" name="about"/>
    <valences/>
</lexUnit>