<?xml version="1.0" encoding="UTF-8" standalone="yes"?>
<?xml-stylesheet type="text/xsl" href="lexUnit.xsl"?>
<lexUnit status="Insufficient_Attestations" POS="V" name="go.v" ID="6507" frame="Compatibility" frameID="360" totalAnnotated="0" xsi:schemaLocation="../schema/lexUnit.xsd" xmlns="http://framenet.icsi.berkeley.edu" xmlns:xsi="http://www.w3.org/2001/XMLSchema-instance">
    <header>
        <frame>
            <FE fgColor="FFFFFF" bgColor="FF69B4" type="Peripheral" abbrev="Degr" name="Degree"/>
            <FE fgColor="FFFFFF" bgColor="008000" type="Core" abbrev="Items" name="Items"/>
            <FE fgColor="FFFFFF" bgColor="800080" type="Core" abbrev="Item-1" name="Item_1"/>
            <FE fgColor="FFFFFF" bgColor="0000FF" type="Core" abbrev="Item-2" name="Item_2"/>
            <FE fgColor="FFFFFF" bgColor="FF0000" type="Core" abbrev="Prmtr" name="Parameter"/>
        </frame>
    </header>
    <definition>COD: be harmonious, complementary, or matching</definition>
    <lexeme POS="V" name="go"/>
    <valences/>
    <subCorpus name="V-429-s20-lcoll-what"/>
    <subCorpus name="V-429-s23-lcoll-it"/>
</lexUnit>