<?xml version="1.0" encoding="UTF-8" standalone="yes"?>
<?xml-stylesheet type="text/xsl" href="lexUnit.xsl"?>
<lexUnit status="Created" POS="A" name="right.a" ID="6515" frame="Morality_evaluation" frameID="370" totalAnnotated="0" xsi:schemaLocation="../schema/lexUnit.xsd" xmlns="http://framenet.icsi.berkeley.edu" xmlns:xsi="http://www.w3.org/2001/XMLSchema-instance">
    <header>
        <frame>
            <FE fgColor="FFFFFF" bgColor="008000" type="Core" abbrev="Beh" name="Behavior"/>
            <FE fgColor="FFFFFF" bgColor="FF69B4" type="Peripheral" abbrev="Deg" name="Degree"/>
            <FE fgColor="FFFFFF" bgColor="800080" type="Core" abbrev="Eval" name="Evaluee"/>
            <FE fgColor="FFFFFF" bgColor="EEE8AA" type="Core" abbrev="Exp" name="Expressor"/>
            <FE fgColor="FFFFFF" bgColor="00BFFF" type="Peripheral" abbrev="jud" name="Judge"/>
        </frame>
    </header>
    <definition>COD: morally good, justified or acceptable</definition>
    <lexeme POS="A" name="right"/>
    <valences/>
</lexUnit>