<?xml version="1.0" encoding="UTF-8" standalone="yes"?>
<?xml-stylesheet type="text/xsl" href="lexUnit.xsl"?>
<lexUnit status="Finished_Initial" POS="A" name="spiteful.a" ID="6628" frame="Social_interaction_evaluation" frameID="372" totalAnnotated="12" xsi:schemaLocation="../schema/lexUnit.xsd" xmlns="http://framenet.icsi.berkeley.edu" xmlns:xsi="http://www.w3.org/2001/XMLSchema-instance">
    <header>
        <frame>
            <FE fgColor="FFFFFF" bgColor="0000FF" type="Core" abbrev="Affect" name="Affected_party"/>
            <FE fgColor="FFFFFF" bgColor="008000" type="Core" abbrev="Beh" name="Behavior"/>
            <FE fgColor="FFFFFF" bgColor="FF69B4" type="Peripheral" abbrev="Deg" name="Degree"/>
            <FE fgColor="FFFFFF" bgColor="800080" type="Core" abbrev="Eval" name="Evaluee"/>
            <FE fgColor="FFFFFF" bgColor="FFA500" type="Core" abbrev="Exp" name="Expressor"/>
            <FE fgColor="FFFFFF" bgColor="00BFFF" type="Core-Unexpressed" abbrev="jud" name="Judge"/>
            <FE fgColor="FFFFFF" bgColor="FF00FF" type="Peripheral" abbrev="Manner" name="Manner"/>
            <FE fgColor="FFFFFF" bgColor="FF0000" type="Core" abbrev="Gr" name="Topic"/>
        </frame>
    </header>
    <definition>FN: showing a desire to hurt, annoy or offend others</definition>
    <lexeme POS="A" name="spiteful"/>
    <valences>
        <FERealization total="2">
            <FE name="Affected_party"/>
            <pattern total="2">
                <valenceUnit GF="Dep" PT="PP[to]" FE="Affected_party"/>
                <annoSet ID="1448917"/>
                <annoSet ID="1449017"/>
            </pattern>
        </FERealization>
        <FERealization total="6">
            <FE name="Behavior"/>
            <pattern total="2">
                <valenceUnit GF="Ext" PT="NP" FE="Behavior"/>
                <annoSet ID="1448917"/>
                <annoSet ID="1449051"/>
            </pattern>
            <pattern total="4">
                <valenceUnit GF="Head" PT="N" FE="Behavior"/>
                <annoSet ID="1448893"/>
                <annoSet ID="1448913"/>
                <annoSet ID="1448941"/>
                <annoSet ID="1448967"/>
            </pattern>
        </FERealization>
        <FERealization total="2">
            <FE name="Degree"/>
            <pattern total="2">
                <valenceUnit GF="Dep" PT="AVP" FE="Degree"/>
                <annoSet ID="1448913"/>
                <annoSet ID="1448999"/>
            </pattern>
        </FERealization>
        <FERealization total="5">
            <FE name="Evaluee"/>
            <pattern total="2">
                <valenceUnit GF="Ext" PT="NP" FE="Evaluee"/>
                <annoSet ID="1448999"/>
                <annoSet ID="1449017"/>
            </pattern>
            <pattern total="3">
                <valenceUnit GF="Head" PT="N" FE="Evaluee"/>
                <annoSet ID="1448891"/>
                <annoSet ID="1448911"/>
                <annoSet ID="1448993"/>
            </pattern>
        </FERealization>
        <FERealization total="1">
            <FE name="Expressor"/>
            <pattern total="1">
                <valenceUnit GF="Head" PT="N" FE="Expressor"/>
                <annoSet ID="1448965"/>
            </pattern>
        </FERealization>
        <FEGroupRealization total="1">
            <FE name="Affected_party"/>
            <FE name="Behavior"/>
            <pattern total="1">
                <valenceUnit GF="Dep" PT="PP[to]" FE="Affected_party"/>
                <valenceUnit GF="Ext" PT="NP" FE="Behavior"/>
                <annoSet ID="1448917"/>
            </pattern>
        </FEGroupRealization>
        <FEGroupRealization total="1">
            <FE name="Affected_party"/>
            <FE name="Evaluee"/>
            <pattern total="1">
                <valenceUnit GF="Dep" PT="PP[to]" FE="Affected_party"/>
                <valenceUnit GF="Ext" PT="NP" FE="Evaluee"/>
                <annoSet ID="1449017"/>
            </pattern>
        </FEGroupRealization>
        <FEGroupRealization total="4">
            <FE name="Behavior"/>
            <pattern total="3">
                <valenceUnit GF="Head" PT="N" FE="Behavior"/>
                <annoSet ID="1448893"/>
                <annoSet ID="1448941"/>
                <annoSet ID="1448967"/>
            </pattern>
            <pattern total="1">
                <valenceUnit GF="Ext" PT="NP" FE="Behavior"/>
                <annoSet ID="1449051"/>
            </pattern>
        </FEGroupRealization>
        <FEGroupRealization total="1">
            <FE name="Behavior"/>
            <FE name="Degree"/>
            <pattern total="1">
                <valenceUnit GF="Head" PT="N" FE="Behavior"/>
                <valenceUnit GF="Dep" PT="AVP" FE="Degree"/>
                <annoSet ID="1448913"/>
            </pattern>
        </FEGroupRealization>
        <FEGroupRealization total="1">
            <FE name="Degree"/>
            <FE name="Evaluee"/>
            <pattern total="1">
                <valenceUnit GF="Dep" PT="AVP" FE="Degree"/>
                <valenceUnit GF="Ext" PT="NP" FE="Evaluee"/>
                <annoSet ID="1448999"/>
            </pattern>
        </FEGroupRealization>
        <FEGroupRealization total="3">
            <FE name="Evaluee"/>
            <pattern total="3">
                <valenceUnit GF="Head" PT="N" FE="Evaluee"/>
                <annoSet ID="1448891"/>
                <annoSet ID="1448911"/>
                <annoSet ID="1448993"/>
            </pattern>
        </FEGroupRealization>
        <FEGroupRealization total="1">
            <FE name="Expressor"/>
            <pattern total="1">
                <valenceUnit GF="Head" PT="N" FE="Expressor"/>
                <annoSet ID="1448965"/>
            </pattern>
        </FEGroupRealization>
    </valences>
    <subCorpus name="A-001-all">
        <sentence sentNo="0" aPos="6781627" ID="998141">
            <text>He wrote to Viola again , saying that a spiteful florist he had once been kind to had put the card in the flowers . </text>
            <annotationSet cDate="01/07/2003 10:28:08 PST Tue" status="UNANN" ID="1448890">
                <layer rank="1" name="BNC">
                    <label end="1" start="0" name="PNP"/>
                    <label end="7" start="3" name="VVD"/>
                    <label end="10" start="9" name="PRP"/>
                    <label end="16" start="12" name="NP0"/>
                    <label end="22" start="18" name="AV0"/>
                    <label end="24" start="24" name="PUN"/>
                    <label end="31" start="26" name="VVG"/>
                    <label end="36" start="33" name="CJT"/>
                    <label end="38" start="38" name="AT0"/>
                    <label end="47" start="40" name="AJ0"/>
                    <label end="55" start="49" name="NN1"/>
                    <label end="58" start="57" name="PNP"/>
                    <label end="62" start="60" name="VHD"/>
                    <label end="67" start="64" name="AV0"/>
                    <label end="72" start="69" name="VBN"/>
                    <label end="77" start="74" name="AJ0-NN1"/>
                    <label end="80" start="79" name="TO0"/>
                    <label end="84" start="82" name="VHD"/>
                    <label end="88" start="86" name="VVN"/>
                    <label end="92" start="90" name="AT0"/>
                    <label end="97" start="94" name="NN1"/>
                    <label end="100" start="99" name="PRP"/>
                    <label end="104" start="102" name="AT0"/>
                    <label end="112" start="106" name="NN2"/>
                    <label end="114" start="114" name="PUN"/>
                </layer>
            </annotationSet>
            <annotationSet cDate="01/07/2003 10:28:08 PST Tue" status="MANUAL" ID="1448891">
                <layer rank="1" name="FE">
                    <label cBy="618" feID="3336" end="80" start="49" name="Evaluee"/>
                </layer>
                <layer rank="1" name="GF">
                    <label end="80" start="49" name="Head"/>
                </layer>
                <layer rank="1" name="PT">
                    <label end="80" start="49" name="N"/>
                </layer>
                <layer rank="1" name="Sent"/>
                <layer rank="1" name="Other"/>
                <layer rank="1" name="Target">
                    <label cBy="103" end="47" start="40" name="Target"/>
                </layer>
                <layer rank="1" name="Adj"/>
            </annotationSet>
        </sentence>
        <sentence sentNo="0" aPos="6781686" ID="998142">
            <text>It sounded quite plausible written down , and swapping cards was the sort of spiteful thing Karen might have done . </text>
            <annotationSet cDate="01/07/2003 10:28:08 PST Tue" status="UNANN" ID="1448892">
                <layer rank="1" name="BNC">
                    <label end="1" start="0" name="PNP"/>
                    <label end="9" start="3" name="VVD"/>
                    <label end="15" start="11" name="AV0"/>
                    <label end="25" start="17" name="AJ0"/>
                    <label end="33" start="27" name="VVN"/>
                    <label end="38" start="35" name="AVP"/>
                    <label end="40" start="40" name="PUN"/>
                    <label end="44" start="42" name="CJC"/>
                    <label end="53" start="46" name="AJ0-VVG"/>
                    <label end="59" start="55" name="NN2"/>
                    <label end="63" start="61" name="VBD"/>
                    <label end="67" start="65" name="AT0"/>
                    <label end="72" start="69" name="NN1"/>
                    <label end="75" start="74" name="PRF"/>
                    <label end="84" start="77" name="AJ0"/>
                    <label end="90" start="86" name="NN1"/>
                    <label end="96" start="92" name="NP0"/>
                    <label end="102" start="98" name="VM0"/>
                    <label end="107" start="104" name="VHI"/>
                    <label end="112" start="109" name="VDN"/>
                    <label end="114" start="114" name="PUN"/>
                </layer>
            </annotationSet>
            <annotationSet cDate="01/07/2003 10:28:08 PST Tue" status="MANUAL" ID="1448893">
                <layer rank="1" name="FE">
                    <label cBy="618" feID="3338" end="112" start="86" name="Behavior"/>
                </layer>
                <layer rank="1" name="GF">
                    <label end="112" start="86" name="Head"/>
                </layer>
                <layer rank="1" name="PT">
                    <label end="112" start="86" name="N"/>
                </layer>
                <layer rank="1" name="Sent"/>
                <layer rank="1" name="Other"/>
                <layer rank="1" name="Target">
                    <label cBy="103" end="84" start="77" name="Target"/>
                </layer>
                <layer rank="1" name="Adj"/>
            </annotationSet>
        </sentence>
        <sentence sentNo="0" aPos="19031077" ID="998151">
            <text>The spiteful Head Girl had deliberately called a sudden rehearsal . </text>
            <annotationSet cDate="01/07/2003 10:28:09 PST Tue" status="UNANN" ID="1448910">
                <layer rank="1" name="BNC">
                    <label end="2" start="0" name="AT0"/>
                    <label end="11" start="4" name="AJ0"/>
                    <label end="16" start="13" name="NN1-NP0"/>
                    <label end="21" start="18" name="NN1"/>
                    <label end="25" start="23" name="VHD"/>
                    <label end="38" start="27" name="AV0"/>
                    <label end="45" start="40" name="VVN"/>
                    <label end="47" start="47" name="AT0"/>
                    <label end="54" start="49" name="AJ0"/>
                    <label end="64" start="56" name="NN1"/>
                    <label end="66" start="66" name="PUN"/>
                </layer>
            </annotationSet>
            <annotationSet cDate="01/07/2003 10:28:09 PST Tue" status="MANUAL" ID="1448911">
                <layer rank="1" name="FE">
                    <label cBy="618" feID="3336" end="21" start="13" name="Evaluee"/>
                </layer>
                <layer rank="1" name="GF">
                    <label end="21" start="13" name="Head"/>
                </layer>
                <layer rank="1" name="PT">
                    <label end="21" start="13" name="N"/>
                </layer>
                <layer rank="1" name="Sent"/>
                <layer rank="1" name="Other"/>
                <layer rank="1" name="Target">
                    <label cBy="103" end="11" start="4" name="Target"/>
                </layer>
                <layer rank="1" name="Adj"/>
            </annotationSet>
        </sentence>
        <sentence sentNo="0" aPos="20136013" ID="998152">
            <text>His book challenged Galileo in the most spiteful way . </text>
            <annotationSet cDate="01/07/2003 10:28:09 PST Tue" status="UNANN" ID="1448912">
                <layer rank="1" name="BNC">
                    <label end="2" start="0" name="DPS"/>
                    <label end="7" start="4" name="NN1"/>
                    <label end="18" start="9" name="AJ0-VVD"/>
                    <label end="26" start="20" name="NN1-NP0"/>
                    <label end="29" start="28" name="PRP"/>
                    <label end="33" start="31" name="AT0"/>
                    <label end="38" start="35" name="AV0"/>
                    <label end="47" start="40" name="AJ0"/>
                    <label end="51" start="49" name="NN1"/>
                    <label end="53" start="53" name="PUN"/>
                </layer>
            </annotationSet>
            <annotationSet cDate="01/07/2003 10:28:09 PST Tue" status="MANUAL" ID="1448913">
                <layer rank="1" name="FE">
                    <label cBy="618" feID="3339" end="38" start="35" name="Degree"/>
                    <label cBy="618" feID="3338" end="51" start="49" name="Behavior"/>
                </layer>
                <layer rank="1" name="GF">
                    <label end="38" start="35" name="Dep"/>
                    <label end="51" start="49" name="Head"/>
                </layer>
                <layer rank="1" name="PT">
                    <label end="38" start="35" name="AVP"/>
                    <label end="51" start="49" name="N"/>
                </layer>
                <layer rank="1" name="Sent"/>
                <layer rank="1" name="Other"/>
                <layer rank="1" name="Target">
                    <label cBy="103" end="47" start="40" name="Target"/>
                </layer>
                <layer rank="1" name="Adj"/>
            </annotationSet>
        </sentence>
        <sentence sentNo="0" aPos="21221623" ID="998154">
            <text>It was spiteful and hurtful to me . </text>
            <annotationSet cDate="01/07/2003 10:28:09 PST Tue" status="UNANN" ID="1448916">
                <layer rank="1" name="BNC">
                    <label end="1" start="0" name="PNP"/>
                    <label end="5" start="3" name="VBD"/>
                    <label end="14" start="7" name="AJ0"/>
                    <label end="18" start="16" name="CJC"/>
                    <label end="26" start="20" name="AJ0"/>
                    <label end="29" start="28" name="PRP"/>
                    <label end="32" start="31" name="PNP"/>
                    <label end="34" start="34" name="PUN"/>
                </layer>
            </annotationSet>
            <annotationSet cDate="01/07/2003 10:28:09 PST Tue" status="MANUAL" ID="1448917">
                <layer rank="1" name="FE">
                    <label cBy="618" feID="3338" end="1" start="0" name="Behavior"/>
                    <label cBy="618" feID="3337" end="32" start="28" name="Affected_party"/>
                </layer>
                <layer rank="1" name="GF">
                    <label end="1" start="0" name="Ext"/>
                    <label end="32" start="28" name="Dep"/>
                </layer>
                <layer rank="1" name="PT">
                    <label end="1" start="0" name="NP"/>
                    <label end="32" start="28" name="PP"/>
                </layer>
                <layer rank="1" name="Sent"/>
                <layer rank="1" name="Other"/>
                <layer rank="1" name="Target">
                    <label cBy="103" end="14" start="7" name="Target"/>
                </layer>
                <layer rank="1" name="Adj"/>
            </annotationSet>
        </sentence>
        <sentence sentNo="0" aPos="34830730" ID="998166">
            <text>Craig Kendall , 12 , who suffers from a rare bone disease , grew his hair long to stop spiteful playground taunts . </text>
            <annotationSet cDate="01/07/2003 10:28:11 PST Tue" status="UNANN" ID="1448940">
                <layer rank="1" name="BNC">
                    <label end="4" start="0" name="NP0"/>
                    <label end="12" start="6" name="NP0"/>
                    <label end="14" start="14" name="PUN"/>
                    <label end="17" start="16" name="CRD"/>
                    <label end="19" start="19" name="PUN"/>
                    <label end="23" start="21" name="PNQ"/>
                    <label end="31" start="25" name="VVZ"/>
                    <label end="36" start="33" name="PRP"/>
                    <label end="38" start="38" name="AT0"/>
                    <label end="43" start="40" name="AJ0"/>
                    <label end="48" start="45" name="NN1"/>
                    <label end="56" start="50" name="NN1"/>
                    <label end="58" start="58" name="PUN"/>
                    <label end="63" start="60" name="VVD"/>
                    <label end="67" start="65" name="DPS"/>
                    <label end="72" start="69" name="NN1"/>
                    <label end="77" start="74" name="AV0"/>
                    <label end="80" start="79" name="TO0"/>
                    <label end="85" start="82" name="VVI"/>
                    <label end="94" start="87" name="AJ0"/>
                    <label end="105" start="96" name="NN1"/>
                    <label end="112" start="107" name="NN2-VVZ"/>
                    <label end="114" start="114" name="PUN"/>
                </layer>
            </annotationSet>
            <annotationSet cDate="01/07/2003 10:28:12 PST Tue" status="MANUAL" ID="1448941">
                <layer rank="1" name="FE">
                    <label cBy="618" feID="3338" end="112" start="96" name="Behavior"/>
                </layer>
                <layer rank="1" name="GF">
                    <label end="112" start="96" name="Head"/>
                </layer>
                <layer rank="1" name="PT">
                    <label end="112" start="96" name="N"/>
                </layer>
                <layer rank="1" name="Sent"/>
                <layer rank="1" name="Other"/>
                <layer rank="1" name="Target">
                    <label cBy="103" end="94" start="87" name="Target"/>
                </layer>
                <layer rank="1" name="Adj"/>
            </annotationSet>
        </sentence>
        <sentence sentNo="0" aPos="57833114" ID="998178">
            <text>His lips clamped together and he raised one corner of his thin mouth in a spiteful leer , his large bald head nodding deliberately to and fro while he waited for the younger man 's response . </text>
            <annotationSet cDate="01/07/2003 10:28:15 PST Tue" status="UNANN" ID="1448964">
                <layer rank="1" name="BNC">
                    <label end="2" start="0" name="DPS"/>
                    <label end="7" start="4" name="NN2"/>
                    <label end="15" start="9" name="VVD"/>
                    <label end="24" start="17" name="AV0"/>
                    <label end="28" start="26" name="CJC"/>
                    <label end="31" start="30" name="PNP"/>
                    <label end="38" start="33" name="VVD"/>
                    <label end="42" start="40" name="CRD"/>
                    <label end="49" start="44" name="NN1"/>
                    <label end="52" start="51" name="PRF"/>
                    <label end="56" start="54" name="DPS"/>
                    <label end="61" start="58" name="AJ0"/>
                    <label end="67" start="63" name="NN1"/>
                    <label end="70" start="69" name="PRP"/>
                    <label end="72" start="72" name="AT0"/>
                    <label end="81" start="74" name="AJ0"/>
                    <label end="86" start="83" name="NN1"/>
                    <label end="88" start="88" name="PUN"/>
                    <label end="92" start="90" name="DPS"/>
                    <label end="98" start="94" name="AJ0"/>
                    <label end="103" start="100" name="AJ0"/>
                    <label end="108" start="105" name="NN1"/>
                    <label end="116" start="110" name="VVG"/>
                    <label end="129" start="118" name="AV0"/>
                    <label end="132" start="131" name="AV0"/>
                    <label end="136" start="134" name="AV0"/>
                    <label end="140" start="138" name="AV0"/>
                    <label end="146" start="142" name="CJS"/>
                    <label end="149" start="148" name="PNP"/>
                    <label end="156" start="151" name="VVD"/>
                    <label end="160" start="158" name="PRP"/>
                    <label end="164" start="162" name="AT0"/>
                    <label end="172" start="166" name="AJC"/>
                    <label end="176" start="174" name="NN1"/>
                    <label end="179" start="178" name="POS"/>
                    <label end="188" start="181" name="NN1"/>
                    <label end="190" start="190" name="PUN"/>
                </layer>
            </annotationSet>
            <annotationSet cDate="01/07/2003 10:28:15 PST Tue" status="MANUAL" ID="1448965">
                <layer rank="1" name="FE">
                    <label cBy="618" feID="3350" end="86" start="83" name="Expressor"/>
                </layer>
                <layer rank="1" name="GF">
                    <label end="86" start="83" name="Head"/>
                </layer>
                <layer rank="1" name="PT">
                    <label end="86" start="83" name="N"/>
                </layer>
                <layer rank="1" name="Sent"/>
                <layer rank="1" name="Other"/>
                <layer rank="1" name="Target">
                    <label cBy="103" end="81" start="74" name="Target"/>
                </layer>
                <layer rank="1" name="Adj"/>
            </annotationSet>
        </sentence>
        <sentence sentNo="0" aPos="57838630" ID="998179">
            <text>` It was a wicked and spiteful thing to do . &quot; </text>
            <annotationSet cDate="01/07/2003 10:28:15 PST Tue" status="UNANN" ID="1448966">
                <layer rank="1" name="BNC">
                    <label end="0" start="0" name="PUQ"/>
                    <label end="3" start="2" name="PNP"/>
                    <label end="7" start="5" name="VBD"/>
                    <label end="9" start="9" name="AT0"/>
                    <label end="16" start="11" name="AJ0"/>
                    <label end="20" start="18" name="CJC"/>
                    <label end="29" start="22" name="AJ0"/>
                    <label end="35" start="31" name="NN1"/>
                    <label end="38" start="37" name="TO0"/>
                    <label end="41" start="40" name="VDI"/>
                    <label end="43" start="43" name="PUN"/>
                    <label end="45" start="45" name="PUQ"/>
                </layer>
            </annotationSet>
            <annotationSet cDate="01/07/2003 10:28:15 PST Tue" status="MANUAL" ID="1448967">
                <layer rank="1" name="FE">
                    <label cBy="618" feID="3338" end="41" start="31" name="Behavior"/>
                </layer>
                <layer rank="1" name="GF">
                    <label end="41" start="31" name="Head"/>
                </layer>
                <layer rank="1" name="PT">
                    <label end="41" start="31" name="N"/>
                </layer>
                <layer rank="1" name="Sent"/>
                <layer rank="1" name="Other"/>
                <layer rank="1" name="Target">
                    <label cBy="103" end="29" start="22" name="Target"/>
                </layer>
                <layer rank="1" name="Adj"/>
            </annotationSet>
        </sentence>
        <sentence sentNo="0" aPos="68872667" ID="998192">
            <text>He was not a spiteful man , but he had enjoyed the sight of Spatz getting his deserts . </text>
            <annotationSet cDate="01/07/2003 10:28:16 PST Tue" status="UNANN" ID="1448992">
                <layer rank="1" name="BNC">
                    <label end="1" start="0" name="PNP"/>
                    <label end="5" start="3" name="VBD"/>
                    <label end="9" start="7" name="XX0"/>
                    <label end="11" start="11" name="AT0"/>
                    <label end="20" start="13" name="AJ0"/>
                    <label end="24" start="22" name="NN1"/>
                    <label end="26" start="26" name="PUN"/>
                    <label end="30" start="28" name="CJC"/>
                    <label end="33" start="32" name="PNP"/>
                    <label end="37" start="35" name="VHD"/>
                    <label end="45" start="39" name="VVN"/>
                    <label end="49" start="47" name="AT0"/>
                    <label end="55" start="51" name="NN1"/>
                    <label end="58" start="57" name="PRF"/>
                    <label end="64" start="60" name="NN1-NP0"/>
                    <label end="72" start="66" name="VVG"/>
                    <label end="76" start="74" name="DPS"/>
                    <label end="84" start="78" name="NN2"/>
                    <label end="86" start="86" name="PUN"/>
                </layer>
            </annotationSet>
            <annotationSet cDate="01/07/2003 10:28:16 PST Tue" status="MANUAL" ID="1448993">
                <layer rank="1" name="FE">
                    <label cBy="618" feID="3336" end="24" start="22" name="Evaluee"/>
                </layer>
                <layer rank="1" name="GF">
                    <label end="24" start="22" name="Head"/>
                </layer>
                <layer rank="1" name="PT">
                    <label end="24" start="22" name="N"/>
                </layer>
                <layer rank="1" name="Sent"/>
                <layer rank="1" name="Other"/>
                <layer rank="1" name="Target">
                    <label cBy="103" end="20" start="13" name="Target"/>
                </layer>
                <layer rank="1" name="Adj"/>
            </annotationSet>
        </sentence>
        <sentence sentNo="0" aPos="71147874" ID="998195">
            <text>She seems a bit spiteful and not very bright but what she had to say was factual . &quot; </text>
            <annotationSet cDate="01/07/2003 10:28:17 PST Tue" status="UNANN" ID="1448998">
                <layer rank="1" name="BNC">
                    <label end="2" start="0" name="PNP"/>
                    <label end="8" start="4" name="VVZ"/>
                    <label end="10" start="10" name="AV0"/>
                    <label end="14" start="12" name="AV0"/>
                    <label end="23" start="16" name="AJ0"/>
                    <label end="27" start="25" name="CJC"/>
                    <label end="31" start="29" name="XX0"/>
                    <label end="36" start="33" name="AV0"/>
                    <label end="43" start="38" name="AJ0"/>
                    <label end="47" start="45" name="CJC"/>
                    <label end="52" start="49" name="DTQ"/>
                    <label end="56" start="54" name="PNP"/>
                    <label end="60" start="58" name="VHD"/>
                    <label end="63" start="62" name="TO0"/>
                    <label end="67" start="65" name="VVI"/>
                    <label end="71" start="69" name="VBD"/>
                    <label end="79" start="73" name="AJ0"/>
                    <label end="81" start="81" name="PUN"/>
                    <label end="83" start="83" name="PUQ"/>
                </layer>
            </annotationSet>
            <annotationSet cDate="01/07/2003 10:28:17 PST Tue" status="MANUAL" ID="1448999">
                <layer rank="1" name="FE">
                    <label cBy="618" feID="3336" end="2" start="0" name="Evaluee"/>
                    <label cBy="618" feID="3339" end="14" start="10" name="Degree"/>
                </layer>
                <layer rank="1" name="GF">
                    <label end="2" start="0" name="Ext"/>
                    <label end="14" start="10" name="Dep"/>
                </layer>
                <layer rank="1" name="PT">
                    <label end="2" start="0" name="NP"/>
                    <label end="14" start="10" name="AVP"/>
                </layer>
                <layer rank="1" name="Sent"/>
                <layer rank="1" name="Other"/>
                <layer rank="1" name="Target">
                    <label cBy="103" end="23" start="16" name="Target"/>
                </layer>
                <layer rank="1" name="Adj">
                    <label end="8" start="4" name="Cop"/>
                </layer>
            </annotationSet>
        </sentence>
        <sentence sentNo="0" aPos="79903604" ID="998204">
            <text>She was spiteful and unkind , both to Isabel and to her son -- until his mother was dead , when she changed dramatically towards Benedict at least . </text>
            <annotationSet cDate="01/07/2003 10:28:17 PST Tue" status="UNANN" ID="1449016">
                <layer rank="1" name="BNC">
                    <label end="2" start="0" name="PNP"/>
                    <label end="6" start="4" name="VBD"/>
                    <label end="15" start="8" name="AJ0"/>
                    <label end="19" start="17" name="CJC"/>
                    <label end="26" start="21" name="AJ0"/>
                    <label end="28" start="28" name="PUN"/>
                    <label end="33" start="30" name="AV0"/>
                    <label end="36" start="35" name="PRP"/>
                    <label end="43" start="38" name="NP0"/>
                    <label end="47" start="45" name="CJC"/>
                    <label end="50" start="49" name="PRP"/>
                    <label end="54" start="52" name="DPS"/>
                    <label end="58" start="56" name="NN1"/>
                    <label end="61" start="60" name="PUN"/>
                    <label end="67" start="63" name="CJS"/>
                    <label end="71" start="69" name="DPS"/>
                    <label end="78" start="73" name="NN1"/>
                    <label end="82" start="80" name="VBD"/>
                    <label end="87" start="84" name="AJ0"/>
                    <label end="89" start="89" name="PUN"/>
                    <label end="94" start="91" name="AVQ-CJS"/>
                    <label end="98" start="96" name="PNP"/>
                    <label end="106" start="100" name="VVD"/>
                    <label end="119" start="108" name="AV0"/>
                    <label end="127" start="121" name="PRP"/>
                    <label end="136" start="129" name="NP0"/>
                    <label end="139" start="138" name="AV0"/>
                    <label end="145" start="141" name="AV0"/>
                    <label end="147" start="147" name="PUN"/>
                </layer>
            </annotationSet>
            <annotationSet cDate="01/07/2003 10:28:18 PST Tue" status="MANUAL" ID="1449017">
                <layer rank="1" name="FE">
                    <label cBy="618" feID="3336" end="2" start="0" name="Evaluee"/>
                    <label cBy="618" feID="3337" end="58" start="30" name="Affected_party"/>
                </layer>
                <layer rank="1" name="GF">
                    <label end="2" start="0" name="Ext"/>
                    <label end="58" start="30" name="Dep"/>
                </layer>
                <layer rank="1" name="PT">
                    <label end="2" start="0" name="NP"/>
                    <label end="58" start="30" name="PP"/>
                </layer>
                <layer rank="1" name="Sent"/>
                <layer rank="1" name="Other"/>
                <layer rank="1" name="Target">
                    <label cBy="103" end="15" start="8" name="Target"/>
                </layer>
                <layer rank="1" name="Adj">
                    <label end="6" start="4" name="Cop"/>
                </layer>
            </annotationSet>
        </sentence>
        <sentence sentNo="0" aPos="104956947" ID="998221">
            <text>His second attack ( Echo June 12 ) , however , was spiteful and even more irritating . </text>
            <annotationSet cDate="01/07/2003 10:28:19 PST Tue" status="UNANN" ID="1449050">
                <layer rank="1" name="BNC">
                    <label end="2" start="0" name="DPS"/>
                    <label end="9" start="4" name="ORD"/>
                    <label end="16" start="11" name="NN1"/>
                    <label end="18" start="18" name="PUL"/>
                    <label end="23" start="20" name="VVB"/>
                    <label end="28" start="25" name="NP0"/>
                    <label end="31" start="30" name="CRD"/>
                    <label end="33" start="33" name="PUR"/>
                    <label end="35" start="35" name="PUN"/>
                    <label end="43" start="37" name="AV0"/>
                    <label end="45" start="45" name="PUN"/>
                    <label end="49" start="47" name="VBD"/>
                    <label end="58" start="51" name="AJ0"/>
                    <label end="62" start="60" name="CJC"/>
                    <label end="67" start="64" name="AV0"/>
                    <label end="72" start="69" name="AV0"/>
                    <label end="83" start="74" name="AJ0"/>
                    <label end="85" start="85" name="PUN"/>
                </layer>
            </annotationSet>
            <annotationSet cDate="01/07/2003 10:28:19 PST Tue" status="MANUAL" ID="1449051">
                <layer rank="1" name="FE">
                    <label cBy="618" feID="3338" end="16" start="0" name="Behavior"/>
                </layer>
                <layer rank="1" name="GF">
                    <label end="16" start="0" name="Ext"/>
                </layer>
                <layer rank="1" name="PT">
                    <label end="16" start="0" name="NP"/>
                </layer>
                <layer rank="1" name="Sent"/>
                <layer rank="1" name="Other"/>
                <layer rank="1" name="Target">
                    <label cBy="103" end="58" start="51" name="Target"/>
                </layer>
                <layer rank="1" name="Adj">
                    <label end="49" start="47" name="Cop"/>
                </layer>
            </annotationSet>
        </sentence>
    </subCorpus>
</lexUnit>