<?xml version="1.0" encoding="UTF-8" standalone="yes"?>
<?xml-stylesheet type="text/xsl" href="lexUnit.xsl"?>
<lexUnit status="Finished_Initial" POS="A" name="impertinent.a" ID="6624" frame="Social_interaction_evaluation" frameID="372" totalAnnotated="11" xsi:schemaLocation="../schema/lexUnit.xsd" xmlns="http://framenet.icsi.berkeley.edu" xmlns:xsi="http://www.w3.org/2001/XMLSchema-instance">
    <header>
        <frame>
            <FE fgColor="FFFFFF" bgColor="0000FF" type="Core" abbrev="Affect" name="Affected_party"/>
            <FE fgColor="FFFFFF" bgColor="008000" type="Core" abbrev="Beh" name="Behavior"/>
            <FE fgColor="FFFFFF" bgColor="FF69B4" type="Peripheral" abbrev="Deg" name="Degree"/>
            <FE fgColor="FFFFFF" bgColor="800080" type="Core" abbrev="Eval" name="Evaluee"/>
            <FE fgColor="FFFFFF" bgColor="FFA500" type="Core" abbrev="Exp" name="Expressor"/>
            <FE fgColor="FFFFFF" bgColor="00BFFF" type="Core-Unexpressed" abbrev="jud" name="Judge"/>
            <FE fgColor="FFFFFF" bgColor="FF00FF" type="Peripheral" abbrev="Manner" name="Manner"/>
            <FE fgColor="FFFFFF" bgColor="FF0000" type="Core" abbrev="Gr" name="Topic"/>
        </frame>
    </header>
    <definition>COD: not showing due respect for another person; impertinent. </definition>
    <lexeme POS="A" name="impertinent"/>
    <valences>
        <FERealization total="6">
            <FE name="Behavior"/>
            <pattern total="2">
                <valenceUnit GF="Head" PT="N" FE="Behavior"/>
                <annoSet ID="1446803"/>
                <annoSet ID="1446887"/>
            </pattern>
            <pattern total="1">
                <valenceUnit GF="Ext" PT="NP" FE="Behavior"/>
                <annoSet ID="1446817"/>
            </pattern>
            <pattern total="3">
                <valenceUnit GF="Dep" PT="VPto" FE="Behavior"/>
                <annoSet ID="1446779"/>
                <annoSet ID="1446857"/>
                <annoSet ID="1446883"/>
            </pattern>
        </FERealization>
        <FERealization total="5">
            <FE name="Degree"/>
            <pattern total="5">
                <valenceUnit GF="Dep" PT="AVP" FE="Degree"/>
                <annoSet ID="1446809"/>
                <annoSet ID="1446817"/>
                <annoSet ID="1446823"/>
                <annoSet ID="1446857"/>
                <annoSet ID="1446887"/>
            </pattern>
        </FERealization>
        <FERealization total="5">
            <FE name="Evaluee"/>
            <pattern total="1">
                <valenceUnit GF="Dep" PT="PP[of]" FE="Evaluee"/>
                <annoSet ID="1446817"/>
            </pattern>
            <pattern total="3">
                <valenceUnit GF="Ext" PT="NP" FE="Evaluee"/>
                <annoSet ID="1446783"/>
                <annoSet ID="1446809"/>
                <annoSet ID="1446867"/>
            </pattern>
            <pattern total="1">
                <valenceUnit GF="Head" PT="N" FE="Evaluee"/>
                <annoSet ID="1446793"/>
            </pattern>
        </FERealization>
        <FERealization total="1">
            <FE name="Expressor"/>
            <pattern total="1">
                <valenceUnit GF="Head" PT="N" FE="Expressor"/>
                <annoSet ID="1446823"/>
            </pattern>
        </FERealization>
        <FERealization total="1">
            <FE name="Topic"/>
            <pattern total="1">
                <valenceUnit GF="Dep" PT="PP[about]" FE="Topic"/>
                <annoSet ID="1446809"/>
            </pattern>
        </FERealization>
        <FEGroupRealization total="3">
            <FE name="Behavior"/>
            <pattern total="1">
                <valenceUnit GF="Head" PT="N" FE="Behavior"/>
                <annoSet ID="1446803"/>
            </pattern>
            <pattern total="2">
                <valenceUnit GF="Dep" PT="VPto" FE="Behavior"/>
                <annoSet ID="1446779"/>
                <annoSet ID="1446883"/>
            </pattern>
        </FEGroupRealization>
        <FEGroupRealization total="2">
            <FE name="Behavior"/>
            <FE name="Degree"/>
            <pattern total="1">
                <valenceUnit GF="Head" PT="N" FE="Behavior"/>
                <valenceUnit GF="Dep" PT="AVP" FE="Degree"/>
                <annoSet ID="1446887"/>
            </pattern>
            <pattern total="1">
                <valenceUnit GF="Dep" PT="VPto" FE="Behavior"/>
                <valenceUnit GF="Dep" PT="AVP" FE="Degree"/>
                <annoSet ID="1446857"/>
            </pattern>
        </FEGroupRealization>
        <FEGroupRealization total="1">
            <FE name="Behavior"/>
            <FE name="Degree"/>
            <FE name="Evaluee"/>
            <pattern total="1">
                <valenceUnit GF="Ext" PT="NP" FE="Behavior"/>
                <valenceUnit GF="Dep" PT="AVP" FE="Degree"/>
                <valenceUnit GF="Dep" PT="PP[of]" FE="Evaluee"/>
                <annoSet ID="1446817"/>
            </pattern>
        </FEGroupRealization>
        <FEGroupRealization total="1">
            <FE name="Degree"/>
            <FE name="Evaluee"/>
            <FE name="Topic"/>
            <pattern total="1">
                <valenceUnit GF="Dep" PT="AVP" FE="Degree"/>
                <valenceUnit GF="Ext" PT="NP" FE="Evaluee"/>
                <valenceUnit GF="Dep" PT="PP[about]" FE="Topic"/>
                <annoSet ID="1446809"/>
            </pattern>
        </FEGroupRealization>
        <FEGroupRealization total="1">
            <FE name="Degree"/>
            <FE name="Expressor"/>
            <pattern total="1">
                <valenceUnit GF="Dep" PT="AVP" FE="Degree"/>
                <valenceUnit GF="Head" PT="N" FE="Expressor"/>
                <annoSet ID="1446823"/>
            </pattern>
        </FEGroupRealization>
        <FEGroupRealization total="3">
            <FE name="Evaluee"/>
            <pattern total="1">
                <valenceUnit GF="Head" PT="N" FE="Evaluee"/>
                <annoSet ID="1446793"/>
            </pattern>
            <pattern total="2">
                <valenceUnit GF="Ext" PT="NP" FE="Evaluee"/>
                <annoSet ID="1446783"/>
                <annoSet ID="1446867"/>
            </pattern>
        </FEGroupRealization>
    </valences>
    <subCorpus name="A-001-all">
        <sentence sentNo="0" aPos="3389486" ID="997085">
            <text>If his successor at British Coal were appointed from within the corporation he considers that it would be impertinent to tell him how the job should be done . </text>
            <annotationSet cDate="01/07/2003 10:25:44 PST Tue" status="UNANN" ID="1446778">
                <layer rank="1" name="BNC">
                    <label end="1" start="0" name="CJS"/>
                    <label end="5" start="3" name="DPS"/>
                    <label end="15" start="7" name="NN1"/>
                    <label end="18" start="17" name="PRP"/>
                    <label end="26" start="20" name="AJ0"/>
                    <label end="31" start="28" name="NN1"/>
                    <label end="36" start="33" name="VBD"/>
                    <label end="46" start="38" name="VVN"/>
                    <label end="51" start="48" name="PRP"/>
                    <label end="58" start="53" name="PRP"/>
                    <label end="62" start="60" name="AT0"/>
                    <label end="74" start="64" name="NN0"/>
                    <label end="77" start="76" name="PNP"/>
                    <label end="87" start="79" name="VVZ"/>
                    <label end="92" start="89" name="CJT"/>
                    <label end="95" start="94" name="PNP"/>
                    <label end="101" start="97" name="VM0"/>
                    <label end="104" start="103" name="VBI"/>
                    <label end="116" start="106" name="AJ0"/>
                    <label end="119" start="118" name="TO0"/>
                    <label end="124" start="121" name="VVI"/>
                    <label end="128" start="126" name="PNP"/>
                    <label end="132" start="130" name="AVQ"/>
                    <label end="136" start="134" name="AT0"/>
                    <label end="140" start="138" name="NN1"/>
                    <label end="147" start="142" name="VM0"/>
                    <label end="150" start="149" name="VBI"/>
                    <label end="155" start="152" name="VDN"/>
                    <label end="157" start="157" name="PUN"/>
                </layer>
            </annotationSet>
            <annotationSet cDate="01/07/2003 10:25:44 PST Tue" status="MANUAL" ID="1446779">
                <layer rank="1" name="FE">
                    <label cBy="618" feID="3338" end="155" start="118" name="Behavior"/>
                </layer>
                <layer rank="1" name="GF">
                    <label end="155" start="118" name="Dep"/>
                </layer>
                <layer rank="1" name="PT">
                    <label end="155" start="118" name="VPto"/>
                </layer>
                <layer rank="1" name="Sent"/>
                <layer rank="1" name="Other">
                    <label end="95" start="94" name="Null"/>
                </layer>
                <layer rank="1" name="Target">
                    <label cBy="103" end="116" start="106" name="Target"/>
                </layer>
                <layer rank="1" name="Adj">
                    <label end="104" start="103" name="Cop"/>
                </layer>
            </annotationSet>
        </sentence>
        <sentence sentNo="0" aPos="7592327" ID="997087">
            <text>He was being impertinent , he knew that ; nevertheless he asked the question again . </text>
            <annotationSet cDate="01/07/2003 10:25:44 PST Tue" status="UNANN" ID="1446782">
                <layer rank="1" name="BNC">
                    <label end="1" start="0" name="PNP"/>
                    <label end="5" start="3" name="VBD"/>
                    <label end="11" start="7" name="VBG"/>
                    <label end="23" start="13" name="AJ0"/>
                    <label end="25" start="25" name="PUN"/>
                    <label end="28" start="27" name="PNP"/>
                    <label end="33" start="30" name="VVD"/>
                    <label end="38" start="35" name="DT0"/>
                    <label end="40" start="40" name="PUN"/>
                    <label end="53" start="42" name="AV0"/>
                    <label end="56" start="55" name="PNP"/>
                    <label end="62" start="58" name="VVD"/>
                    <label end="66" start="64" name="AT0"/>
                    <label end="75" start="68" name="NN1"/>
                    <label end="81" start="77" name="AV0"/>
                    <label end="83" start="83" name="PUN"/>
                </layer>
            </annotationSet>
            <annotationSet cDate="01/07/2003 10:25:44 PST Tue" status="MANUAL" ID="1446783">
                <layer rank="1" name="FE">
                    <label cBy="618" feID="3336" end="1" start="0" name="Evaluee"/>
                </layer>
                <layer rank="1" name="GF">
                    <label end="1" start="0" name="Ext"/>
                </layer>
                <layer rank="1" name="PT">
                    <label end="1" start="0" name="NP"/>
                </layer>
                <layer rank="1" name="Sent"/>
                <layer rank="1" name="Other"/>
                <layer rank="1" name="Target">
                    <label cBy="103" end="23" start="13" name="Target"/>
                </layer>
                <layer rank="1" name="Adj">
                    <label end="11" start="7" name="Cop"/>
                </layer>
            </annotationSet>
        </sentence>
        <sentence sentNo="0" aPos="13821284" ID="997092">
            <text>Who was this impertinent stranger eyeing her baggage ? </text>
            <annotationSet cDate="01/07/2003 10:25:45 PST Tue" status="UNANN" ID="1446792">
                <layer rank="1" name="BNC">
                    <label end="2" start="0" name="PNQ"/>
                    <label end="6" start="4" name="VBD"/>
                    <label end="11" start="8" name="DT0"/>
                    <label end="23" start="13" name="AJ0-NN1"/>
                    <label end="32" start="25" name="NN1"/>
                    <label end="39" start="34" name="VVG"/>
                    <label end="43" start="41" name="DPS"/>
                    <label end="51" start="45" name="NN1"/>
                    <label end="53" start="53" name="PUN"/>
                </layer>
            </annotationSet>
            <annotationSet cDate="01/07/2003 10:25:45 PST Tue" status="MANUAL" ID="1446793">
                <layer rank="1" name="FE">
                    <label cBy="618" feID="3336" end="51" start="25" name="Evaluee"/>
                </layer>
                <layer rank="1" name="GF">
                    <label end="51" start="25" name="Head"/>
                </layer>
                <layer rank="1" name="PT">
                    <label end="51" start="25" name="N"/>
                </layer>
                <layer rank="1" name="Sent"/>
                <layer rank="1" name="Other"/>
                <layer rank="1" name="Target">
                    <label cBy="103" end="23" start="13" name="Target"/>
                </layer>
                <layer rank="1" name="Adj"/>
            </annotationSet>
        </sentence>
        <sentence sentNo="0" aPos="21300512" ID="997097">
            <text>Wishart squirmed in his seat , angry and impatient at the impertinent questions of this English clerk . </text>
            <annotationSet cDate="01/07/2003 10:25:45 PST Tue" status="UNANN" ID="1446802">
                <layer rank="1" name="BNC">
                    <label end="6" start="0" name="NN1-NP0"/>
                    <label end="15" start="8" name="VVD"/>
                    <label end="18" start="17" name="PRP"/>
                    <label end="22" start="20" name="DPS"/>
                    <label end="27" start="24" name="NN1"/>
                    <label end="29" start="29" name="PUN"/>
                    <label end="35" start="31" name="AJ0"/>
                    <label end="39" start="37" name="CJC"/>
                    <label end="49" start="41" name="AJ0"/>
                    <label end="52" start="51" name="PRP"/>
                    <label end="56" start="54" name="AT0"/>
                    <label end="68" start="58" name="AJ0"/>
                    <label end="78" start="70" name="NN2"/>
                    <label end="81" start="80" name="PRF"/>
                    <label end="86" start="83" name="DT0"/>
                    <label end="94" start="88" name="AJ0"/>
                    <label end="100" start="96" name="NN1"/>
                    <label end="102" start="102" name="PUN"/>
                </layer>
            </annotationSet>
            <annotationSet cDate="01/07/2003 10:25:45 PST Tue" status="MANUAL" ID="1446803">
                <layer rank="1" name="FE">
                    <label cBy="618" feID="3338" end="100" start="70" name="Behavior"/>
                </layer>
                <layer rank="1" name="GF">
                    <label end="100" start="70" name="Head"/>
                </layer>
                <layer rank="1" name="PT">
                    <label end="100" start="70" name="N"/>
                </layer>
                <layer rank="1" name="Sent"/>
                <layer rank="1" name="Other"/>
                <layer rank="1" name="Target">
                    <label cBy="103" end="68" start="58" name="Target"/>
                </layer>
                <layer rank="1" name="Adj"/>
            </annotationSet>
        </sentence>
        <sentence sentNo="0" aPos="25685635" ID="997100">
            <text>He was very impertinent about my wine and said it always had pieces of cork floating in it . </text>
            <annotationSet cDate="01/07/2003 10:25:46 PST Tue" status="UNANN" ID="1446808">
                <layer rank="1" name="BNC">
                    <label end="1" start="0" name="PNP"/>
                    <label end="5" start="3" name="VBD"/>
                    <label end="10" start="7" name="AJ0-AV0"/>
                    <label end="22" start="12" name="AJ0-NN1"/>
                    <label end="28" start="24" name="PRP"/>
                    <label end="31" start="30" name="DPS"/>
                    <label end="36" start="33" name="NN1"/>
                    <label end="40" start="38" name="CJC"/>
                    <label end="45" start="42" name="VVD"/>
                    <label end="48" start="47" name="PNP"/>
                    <label end="55" start="50" name="AV0"/>
                    <label end="59" start="57" name="VHN"/>
                    <label end="66" start="61" name="NN2"/>
                    <label end="69" start="68" name="PRF"/>
                    <label end="74" start="71" name="NN1"/>
                    <label end="83" start="76" name="VVG"/>
                    <label end="86" start="85" name="PRP"/>
                    <label end="89" start="88" name="PNP"/>
                    <label end="91" start="91" name="PUN"/>
                </layer>
            </annotationSet>
            <annotationSet cDate="01/07/2003 10:25:46 PST Tue" status="MANUAL" ID="1446809">
                <layer rank="1" name="FE">
                    <label cBy="618" feID="3336" end="1" start="0" name="Evaluee"/>
                    <label cBy="618" feID="3339" end="10" start="7" name="Degree"/>
                    <label cBy="618" feID="3343" end="36" start="24" name="Topic"/>
                </layer>
                <layer rank="1" name="GF">
                    <label end="1" start="0" name="Ext"/>
                    <label end="10" start="7" name="Dep"/>
                    <label end="36" start="24" name="Dep"/>
                </layer>
                <layer rank="1" name="PT">
                    <label end="1" start="0" name="NP"/>
                    <label end="10" start="7" name="AVP"/>
                    <label end="36" start="24" name="PP"/>
                </layer>
                <layer rank="1" name="Sent"/>
                <layer rank="1" name="Other"/>
                <layer rank="1" name="Target">
                    <label cBy="103" end="22" start="12" name="Target"/>
                </layer>
                <layer rank="1" name="Adj">
                    <label end="5" start="3" name="Cop"/>
                </layer>
            </annotationSet>
        </sentence>
        <sentence sentNo="0" aPos="33329698" ID="997104">
            <text>` That 's very impertinent of you . </text>
            <annotationSet cDate="01/07/2003 10:25:46 PST Tue" status="UNANN" ID="1446816">
                <layer rank="1" name="BNC">
                    <label end="0" start="0" name="PUQ"/>
                    <label end="5" start="2" name="DT0"/>
                    <label end="8" start="7" name="VBZ"/>
                    <label end="13" start="10" name="AJ0-AV0"/>
                    <label end="25" start="15" name="AJ0-NN1"/>
                    <label end="28" start="27" name="PRF"/>
                    <label end="32" start="30" name="PNP"/>
                    <label end="34" start="34" name="PUN"/>
                </layer>
            </annotationSet>
            <annotationSet cDate="01/07/2003 10:25:46 PST Tue" status="MANUAL" ID="1446817">
                <layer rank="1" name="FE">
                    <label cBy="618" feID="3338" end="5" start="2" name="Behavior"/>
                    <label cBy="618" feID="3339" end="13" start="10" name="Degree"/>
                    <label cBy="618" feID="3336" end="32" start="27" name="Evaluee"/>
                </layer>
                <layer rank="1" name="GF">
                    <label end="5" start="2" name="Ext"/>
                    <label end="13" start="10" name="Dep"/>
                    <label end="32" start="27" name="Dep"/>
                </layer>
                <layer rank="1" name="PT">
                    <label end="5" start="2" name="NP"/>
                    <label end="13" start="10" name="AVP"/>
                    <label end="32" start="27" name="PP"/>
                </layer>
                <layer rank="1" name="Sent"/>
                <layer rank="1" name="Other"/>
                <layer rank="1" name="Target">
                    <label cBy="103" end="25" start="15" name="Target"/>
                </layer>
                <layer rank="1" name="Adj">
                    <label end="8" start="7" name="Cop"/>
                </layer>
            </annotationSet>
        </sentence>
        <sentence sentNo="0" aPos="39051072" ID="997107">
            <text>A half pleading , half impertinent tone had entered Googol 's voice . </text>
            <annotationSet cDate="01/07/2003 10:25:47 PST Tue" status="UNANN" ID="1446822">
                <layer rank="1" name="BNC">
                    <label end="0" start="0" name="AT0"/>
                    <label end="5" start="2" name="DT0"/>
                    <label end="14" start="7" name="NN1-VVG"/>
                    <label end="16" start="16" name="PUN"/>
                    <label end="21" start="18" name="DT0"/>
                    <label end="33" start="23" name="AJ0"/>
                    <label end="38" start="35" name="NN1"/>
                    <label end="42" start="40" name="VHD"/>
                    <label end="50" start="44" name="VVN"/>
                    <label end="57" start="52" name="NP0"/>
                    <label end="60" start="59" name="POS"/>
                    <label end="66" start="62" name="NN1"/>
                    <label end="68" start="68" name="PUN"/>
                </layer>
            </annotationSet>
            <annotationSet cDate="01/07/2003 10:25:47 PST Tue" status="MANUAL" ID="1446823">
                <layer rank="1" name="FE">
                    <label cBy="618" feID="3339" end="21" start="18" name="Degree"/>
                    <label cBy="618" feID="3350" end="38" start="35" name="Expressor"/>
                </layer>
                <layer rank="1" name="GF">
                    <label end="21" start="18" name="Dep"/>
                    <label end="38" start="35" name="Head"/>
                </layer>
                <layer rank="1" name="PT">
                    <label end="21" start="18" name="AVP"/>
                    <label end="38" start="35" name="N"/>
                </layer>
                <layer rank="1" name="Sent"/>
                <layer rank="1" name="Other"/>
                <layer rank="1" name="Target">
                    <label cBy="103" end="33" start="23" name="Target"/>
                </layer>
                <layer rank="1" name="Adj"/>
            </annotationSet>
        </sentence>
        <sentence sentNo="0" aPos="65232676" ID="997124">
            <text>The Ambassador gave a diagonal nod of the head , as if it were slightly impertinent to know more than he did about local matters . </text>
            <annotationSet cDate="01/07/2003 10:25:50 PST Tue" status="UNANN" ID="1446856">
                <layer rank="1" name="BNC">
                    <label end="2" start="0" name="AT0"/>
                    <label end="13" start="4" name="NN1"/>
                    <label end="18" start="15" name="VVD"/>
                    <label end="20" start="20" name="AT0"/>
                    <label end="29" start="22" name="AJ0"/>
                    <label end="33" start="31" name="NN1"/>
                    <label end="36" start="35" name="PRF"/>
                    <label end="40" start="38" name="AT0"/>
                    <label end="45" start="42" name="NN1"/>
                    <label end="47" start="47" name="PUN"/>
                    <label end="50" start="49" name="CJS"/>
                    <label end="53" start="52" name="CJS"/>
                    <label end="56" start="55" name="PNP"/>
                    <label end="61" start="58" name="VBD"/>
                    <label end="70" start="63" name="AV0"/>
                    <label end="82" start="72" name="AJ0"/>
                    <label end="85" start="84" name="TO0"/>
                    <label end="90" start="87" name="VVI"/>
                    <label end="95" start="92" name="AV0"/>
                    <label end="100" start="97" name="CJS"/>
                    <label end="103" start="102" name="PNP"/>
                    <label end="107" start="105" name="VDD"/>
                    <label end="113" start="109" name="AV0"/>
                    <label end="119" start="115" name="AJ0"/>
                    <label end="127" start="121" name="NN2"/>
                    <label end="129" start="129" name="PUN"/>
                </layer>
            </annotationSet>
            <annotationSet cDate="01/07/2003 10:25:50 PST Tue" status="MANUAL" ID="1446857">
                <layer rank="1" name="FE">
                    <label cBy="618" feID="3339" end="70" start="63" name="Degree"/>
                    <label cBy="618" feID="3338" end="127" start="84" name="Behavior"/>
                </layer>
                <layer rank="1" name="GF">
                    <label end="70" start="63" name="Dep"/>
                    <label end="127" start="84" name="Dep"/>
                </layer>
                <layer rank="1" name="PT">
                    <label end="70" start="63" name="AVP"/>
                    <label end="127" start="84" name="VPto"/>
                </layer>
                <layer rank="1" name="Sent"/>
                <layer rank="1" name="Other">
                    <label end="56" start="55" name="Null"/>
                </layer>
                <layer rank="1" name="Target">
                    <label cBy="103" end="82" start="72" name="Target"/>
                </layer>
                <layer rank="1" name="Adj">
                    <label end="61" start="58" name="Cop"/>
                </layer>
            </annotationSet>
        </sentence>
        <sentence sentNo="0" aPos="71128051" ID="997129">
            <text>Some of the questions that are asked may seem impertinent , but you may be assured … ” </text>
            <annotationSet cDate="01/07/2003 10:25:51 PST Tue" status="UNANN" ID="1446866">
                <layer rank="1" name="BNC">
                    <label end="3" start="0" name="DT0"/>
                    <label end="6" start="5" name="PRF"/>
                    <label end="10" start="8" name="AT0"/>
                    <label end="20" start="12" name="NN2"/>
                    <label end="25" start="22" name="CJT"/>
                    <label end="29" start="27" name="VBB"/>
                    <label end="35" start="31" name="VVN"/>
                    <label end="39" start="37" name="VM0"/>
                    <label end="44" start="41" name="VVI"/>
                    <label end="56" start="46" name="AJ0-NN1"/>
                    <label end="58" start="58" name="PUN"/>
                    <label end="62" start="60" name="CJC"/>
                    <label end="66" start="64" name="PNP"/>
                    <label end="70" start="68" name="VM0"/>
                    <label end="73" start="72" name="VBI"/>
                    <label end="81" start="75" name="VVN"/>
                    <label end="85" start="85" name="PUQ"/>
                    <label end="83" start="83" name="PUN"/>
                </layer>
            </annotationSet>
            <annotationSet cDate="01/07/2003 10:25:51 PST Tue" status="MANUAL" ID="1446867">
                <layer rank="1" name="FE">
                    <label cBy="618" feID="3336" end="35" start="0" name="Evaluee"/>
                </layer>
                <layer rank="1" name="GF">
                    <label end="35" start="0" name="Ext"/>
                </layer>
                <layer rank="1" name="PT">
                    <label end="35" start="0" name="NP"/>
                </layer>
                <layer rank="1" name="Sent"/>
                <layer rank="1" name="Other"/>
                <layer rank="1" name="Target">
                    <label cBy="103" end="56" start="46" name="Target"/>
                </layer>
                <layer rank="1" name="Adj">
                    <label end="44" start="41" name="Cop"/>
                </layer>
            </annotationSet>
        </sentence>
        <sentence sentNo="0" aPos="77142973" ID="997137">
            <text>` Would it be impertinent to ask why ? &quot; he gritted . </text>
            <annotationSet cDate="01/07/2003 10:25:52 PST Tue" status="UNANN" ID="1446882">
                <layer rank="1" name="BNC">
                    <label end="0" start="0" name="PUQ"/>
                    <label end="6" start="2" name="VM0"/>
                    <label end="9" start="8" name="PNP"/>
                    <label end="12" start="11" name="VBI"/>
                    <label end="24" start="14" name="AJ0"/>
                    <label end="27" start="26" name="TO0"/>
                    <label end="31" start="29" name="VVI"/>
                    <label end="35" start="33" name="AVQ"/>
                    <label end="37" start="37" name="PUN"/>
                    <label end="39" start="39" name="PUQ"/>
                    <label end="42" start="41" name="PNP"/>
                    <label end="50" start="44" name="VVD"/>
                    <label end="52" start="52" name="PUN"/>
                </layer>
            </annotationSet>
            <annotationSet cDate="01/07/2003 10:25:52 PST Tue" status="MANUAL" ID="1446883">
                <layer rank="1" name="FE">
                    <label cBy="618" feID="3338" end="35" start="26" name="Behavior"/>
                </layer>
                <layer rank="1" name="GF">
                    <label end="35" start="26" name="Dep"/>
                </layer>
                <layer rank="1" name="PT">
                    <label end="35" start="26" name="VPto"/>
                </layer>
                <layer rank="1" name="Sent"/>
                <layer rank="1" name="Other">
                    <label end="9" start="8" name="Null"/>
                </layer>
                <layer rank="1" name="Target">
                    <label cBy="103" end="24" start="14" name="Target"/>
                </layer>
                <layer rank="1" name="Adj">
                    <label end="12" start="11" name="Cop"/>
                </layer>
            </annotationSet>
        </sentence>
        <sentence sentNo="0" aPos="79151257" ID="997139">
            <text>` Then perhaps I ought to read it , &quot; was McAllister 's somewhat impertinent response to this statement . </text>
            <annotationSet cDate="01/07/2003 10:25:52 PST Tue" status="UNANN" ID="1446886">
                <layer rank="1" name="BNC">
                    <label end="0" start="0" name="PUQ"/>
                    <label end="5" start="2" name="AV0"/>
                    <label end="13" start="7" name="AV0"/>
                    <label end="15" start="15" name="PNP"/>
                    <label end="21" start="17" name="VM0"/>
                    <label end="24" start="23" name="TO0"/>
                    <label end="29" start="26" name="VVI"/>
                    <label end="32" start="31" name="PNP"/>
                    <label end="34" start="34" name="PUN"/>
                    <label end="36" start="36" name="PUQ"/>
                    <label end="40" start="38" name="VBD"/>
                    <label end="51" start="42" name="NP0"/>
                    <label end="54" start="53" name="POS"/>
                    <label end="63" start="56" name="AV0"/>
                    <label end="75" start="65" name="AJ0"/>
                    <label end="84" start="77" name="NN1"/>
                    <label end="87" start="86" name="PRP"/>
                    <label end="92" start="89" name="DT0"/>
                    <label end="102" start="94" name="NN1"/>
                    <label end="104" start="104" name="PUN"/>
                </layer>
            </annotationSet>
            <annotationSet cDate="01/07/2003 10:25:52 PST Tue" status="MANUAL" ID="1446887">
                <layer rank="1" name="FE">
                    <label cBy="618" feID="3338" end="102" start="77" name="Behavior"/>
                    <label cBy="618" feID="3339" end="63" start="56" name="Degree"/>
                </layer>
                <layer rank="1" name="GF">
                    <label end="102" start="77" name="Head"/>
                    <label end="63" start="56" name="Dep"/>
                </layer>
                <layer rank="1" name="PT">
                    <label end="102" start="77" name="N"/>
                    <label end="63" start="56" name="AVP"/>
                </layer>
                <layer rank="1" name="Sent"/>
                <layer rank="1" name="Other"/>
                <layer rank="1" name="Target">
                    <label cBy="103" end="75" start="65" name="Target"/>
                </layer>
                <layer rank="1" name="Adj"/>
            </annotationSet>
        </sentence>
    </subCorpus>
</lexUnit>