<?xml version="1.0" encoding="UTF-8" standalone="yes"?>
<?xml-stylesheet type="text/xsl" href="lexUnit.xsl"?>
<lexUnit status="Finished_Initial" POS="A" name="sociable.a" ID="6615" frame="Social_interaction_evaluation" frameID="372" totalAnnotated="22" xsi:schemaLocation="../schema/lexUnit.xsd" xmlns="http://framenet.icsi.berkeley.edu" xmlns:xsi="http://www.w3.org/2001/XMLSchema-instance">
    <header>
        <frame>
            <FE fgColor="FFFFFF" bgColor="0000FF" type="Core" abbrev="Affect" name="Affected_party"/>
            <FE fgColor="FFFFFF" bgColor="008000" type="Core" abbrev="Beh" name="Behavior"/>
            <FE fgColor="FFFFFF" bgColor="FF69B4" type="Peripheral" abbrev="Deg" name="Degree"/>
            <FE fgColor="FFFFFF" bgColor="800080" type="Core" abbrev="Eval" name="Evaluee"/>
            <FE fgColor="FFFFFF" bgColor="FFA500" type="Core" abbrev="Exp" name="Expressor"/>
            <FE fgColor="FFFFFF" bgColor="00BFFF" type="Core-Unexpressed" abbrev="jud" name="Judge"/>
            <FE fgColor="FFFFFF" bgColor="FF00FF" type="Peripheral" abbrev="Manner" name="Manner"/>
            <FE fgColor="FFFFFF" bgColor="FF0000" type="Core" abbrev="Gr" name="Topic"/>
        </frame>
    </header>
    <definition>COD: marked by friendliness. </definition>
    <lexeme POS="A" name="sociable"/>
    <valences>
        <governor type="Sup" lemma="become">
            <annoSet ID="1445035"/>
        </governor>
        <governor type="Sup" lemma="remain">
            <annoSet ID="1445107"/>
        </governor>
        <FERealization total="2">
            <FE name="Affected_party"/>
            <pattern total="1">
                <valenceUnit GF="Dep" PT="PP[towards]" FE="Affected_party"/>
                <annoSet ID="1445107"/>
            </pattern>
            <pattern total="1">
                <valenceUnit GF="Dep" PT="PP[with]" FE="Affected_party"/>
                <annoSet ID="1445109"/>
            </pattern>
        </FERealization>
        <FERealization total="3">
            <FE name="Behavior"/>
            <pattern total="3">
                <valenceUnit GF="Head" PT="N" FE="Behavior"/>
                <annoSet ID="1445029"/>
                <annoSet ID="1445125"/>
                <annoSet ID="1445149"/>
            </pattern>
        </FERealization>
        <FERealization total="8">
            <FE name="Degree"/>
            <pattern total="8">
                <valenceUnit GF="Dep" PT="AVP" FE="Degree"/>
                <annoSet ID="1445017"/>
                <annoSet ID="1445029"/>
                <annoSet ID="1445049"/>
                <annoSet ID="1445057"/>
                <annoSet ID="1445059"/>
                <annoSet ID="1445069"/>
                <annoSet ID="1445071"/>
                <annoSet ID="1445077"/>
            </pattern>
            <pattern total="1">
                <valenceUnit GF="Dep" PT="PP[in]" FE="Degree"/>
                <annoSet ID="1445049"/>
            </pattern>
        </FERealization>
        <FERealization total="19">
            <FE name="Evaluee"/>
            <pattern total="7">
                <valenceUnit GF="Ext" PT="NP" FE="Evaluee"/>
                <annoSet ID="1445035"/>
                <annoSet ID="1445057"/>
                <annoSet ID="1445071"/>
                <annoSet ID="1445107"/>
                <annoSet ID="1445109"/>
                <annoSet ID="1445111"/>
                <annoSet ID="1445213"/>
            </pattern>
            <pattern total="11">
                <valenceUnit GF="Head" PT="N" FE="Evaluee"/>
                <annoSet ID="1445017"/>
                <annoSet ID="1445049"/>
                <annoSet ID="1445059"/>
                <annoSet ID="1445069"/>
                <annoSet ID="1445079"/>
                <annoSet ID="1445083"/>
                <annoSet ID="1445085"/>
                <annoSet ID="1445091"/>
                <annoSet ID="1445101"/>
                <annoSet ID="1445137"/>
                <annoSet ID="1445219"/>
            </pattern>
            <pattern total="1">
                <valenceUnit GF="Dep" PT="PP[of]" FE="Evaluee"/>
                <annoSet ID="1445077"/>
            </pattern>
        </FERealization>
        <FEGroupRealization total="2">
            <FE name="Affected_party"/>
            <FE name="Evaluee"/>
            <pattern total="1">
                <valenceUnit GF="Dep" PT="PP[towards]" FE="Affected_party"/>
                <valenceUnit GF="Ext" PT="NP" FE="Evaluee"/>
                <annoSet ID="1445107"/>
            </pattern>
            <pattern total="1">
                <valenceUnit GF="Dep" PT="PP[with]" FE="Affected_party"/>
                <valenceUnit GF="Ext" PT="NP" FE="Evaluee"/>
                <annoSet ID="1445109"/>
            </pattern>
        </FEGroupRealization>
        <FEGroupRealization total="2">
            <FE name="Behavior"/>
            <pattern total="2">
                <valenceUnit GF="Head" PT="N" FE="Behavior"/>
                <annoSet ID="1445125"/>
                <annoSet ID="1445149"/>
            </pattern>
        </FEGroupRealization>
        <FEGroupRealization total="1">
            <FE name="Behavior"/>
            <FE name="Degree"/>
            <pattern total="1">
                <valenceUnit GF="Head" PT="N" FE="Behavior"/>
                <valenceUnit GF="Dep" PT="AVP" FE="Degree"/>
                <annoSet ID="1445029"/>
            </pattern>
        </FEGroupRealization>
        <FEGroupRealization total="1">
            <FE name="Degree"/>
            <FE name="Degree"/>
            <FE name="Evaluee"/>
            <pattern total="1">
                <valenceUnit GF="Dep" PT="AVP" FE="Degree"/>
                <valenceUnit GF="Dep" PT="PP[in]" FE="Degree"/>
                <valenceUnit GF="Head" PT="N" FE="Evaluee"/>
                <annoSet ID="1445049"/>
            </pattern>
        </FEGroupRealization>
        <FEGroupRealization total="6">
            <FE name="Degree"/>
            <FE name="Evaluee"/>
            <pattern total="3">
                <valenceUnit GF="Dep" PT="AVP" FE="Degree"/>
                <valenceUnit GF="Head" PT="N" FE="Evaluee"/>
                <annoSet ID="1445017"/>
                <annoSet ID="1445059"/>
                <annoSet ID="1445069"/>
            </pattern>
            <pattern total="2">
                <valenceUnit GF="Dep" PT="AVP" FE="Degree"/>
                <valenceUnit GF="Ext" PT="NP" FE="Evaluee"/>
                <annoSet ID="1445057"/>
                <annoSet ID="1445071"/>
            </pattern>
            <pattern total="1">
                <valenceUnit GF="Dep" PT="AVP" FE="Degree"/>
                <valenceUnit GF="Dep" PT="PP[of]" FE="Evaluee"/>
                <annoSet ID="1445077"/>
            </pattern>
        </FEGroupRealization>
        <FEGroupRealization total="10">
            <FE name="Evaluee"/>
            <pattern total="7">
                <valenceUnit GF="Head" PT="N" FE="Evaluee"/>
                <annoSet ID="1445079"/>
                <annoSet ID="1445083"/>
                <annoSet ID="1445085"/>
                <annoSet ID="1445091"/>
                <annoSet ID="1445101"/>
                <annoSet ID="1445137"/>
                <annoSet ID="1445219"/>
            </pattern>
            <pattern total="3">
                <valenceUnit GF="Ext" PT="NP" FE="Evaluee"/>
                <annoSet ID="1445035"/>
                <annoSet ID="1445111"/>
                <annoSet ID="1445213"/>
            </pattern>
        </FEGroupRealization>
    </valences>
    <subCorpus name="A-001-s20-lcoll-more">
        <sentence sentNo="0" aPos="6302701" ID="996204">
            <text>I wish he were a more sociable person . </text>
            <annotationSet cDate="01/07/2003 10:23:42 PST Tue" status="UNANN" ID="1445016">
                <layer rank="1" name="BNC">
                    <label end="0" start="0" name="PNP"/>
                    <label end="5" start="2" name="VVB"/>
                    <label end="8" start="7" name="PNP"/>
                    <label end="13" start="10" name="VBD"/>
                    <label end="15" start="15" name="AT0"/>
                    <label end="20" start="17" name="AV0"/>
                    <label end="29" start="22" name="AJ0"/>
                    <label end="36" start="31" name="NN1"/>
                    <label end="38" start="38" name="PUN"/>
                </layer>
            </annotationSet>
            <annotationSet cDate="01/07/2003 10:23:42 PST Tue" status="MANUAL" ID="1445017">
                <layer rank="1" name="FE">
                    <label cBy="618" feID="3339" end="20" start="17" name="Degree"/>
                    <label cBy="618" feID="3336" end="36" start="31" name="Evaluee"/>
                </layer>
                <layer rank="1" name="GF">
                    <label end="20" start="17" name="Dep"/>
                    <label end="36" start="31" name="Head"/>
                </layer>
                <layer rank="1" name="PT">
                    <label end="20" start="17" name="AVP"/>
                    <label end="36" start="31" name="N"/>
                </layer>
                <layer rank="1" name="Sent"/>
                <layer rank="1" name="Other"/>
                <layer rank="1" name="Target">
                    <label cBy="103" end="29" start="22" name="Target"/>
                </layer>
                <layer rank="1" name="Adj"/>
            </annotationSet>
        </sentence>
        <sentence sentNo="0" aPos="53661621" ID="996210">
            <text>I did not crave a more sociable life . </text>
            <annotationSet cDate="01/07/2003 10:23:43 PST Tue" status="UNANN" ID="1445028">
                <layer rank="1" name="BNC">
                    <label end="0" start="0" name="PNP"/>
                    <label end="4" start="2" name="VDD"/>
                    <label end="8" start="6" name="XX0"/>
                    <label end="14" start="10" name="VVI"/>
                    <label end="16" start="16" name="AT0"/>
                    <label end="21" start="18" name="AV0"/>
                    <label end="30" start="23" name="AJ0"/>
                    <label end="35" start="32" name="NN1"/>
                    <label end="37" start="37" name="PUN"/>
                </layer>
            </annotationSet>
            <annotationSet cDate="01/07/2003 10:23:43 PST Tue" status="MANUAL" ID="1445029">
                <layer rank="1" name="FE">
                    <label cBy="618" feID="3339" end="21" start="18" name="Degree"/>
                    <label cBy="618" feID="3338" end="35" start="32" name="Behavior"/>
                </layer>
                <layer rank="1" name="GF">
                    <label end="21" start="18" name="Dep"/>
                    <label end="35" start="32" name="Head"/>
                </layer>
                <layer rank="1" name="PT">
                    <label end="21" start="18" name="AVP"/>
                    <label end="35" start="32" name="N"/>
                </layer>
                <layer rank="1" name="Sent"/>
                <layer rank="1" name="Other"/>
                <layer rank="1" name="Target">
                    <label cBy="103" end="30" start="23" name="Target"/>
                </layer>
                <layer rank="1" name="Adj"/>
            </annotationSet>
        </sentence>
        <sentence sentNo="0" aPos="91447007" ID="996213">
            <text>The children become responsive to rhythm , more creative , independent and sociable . </text>
            <annotationSet cDate="01/07/2003 10:23:43 PST Tue" status="UNANN" ID="1445034">
                <layer rank="1" name="BNC">
                    <label end="2" start="0" name="AT0"/>
                    <label end="11" start="4" name="NN2"/>
                    <label end="18" start="13" name="VVB"/>
                    <label end="29" start="20" name="AJ0"/>
                    <label end="32" start="31" name="PRP"/>
                    <label end="39" start="34" name="NN1"/>
                    <label end="41" start="41" name="PUN"/>
                    <label end="46" start="43" name="AV0"/>
                    <label end="55" start="48" name="AJ0"/>
                    <label end="57" start="57" name="PUN"/>
                    <label end="69" start="59" name="AJ0"/>
                    <label end="73" start="71" name="CJC"/>
                    <label end="82" start="75" name="AJ0"/>
                    <label end="84" start="84" name="PUN"/>
                </layer>
            </annotationSet>
            <annotationSet cDate="01/07/2003 10:23:43 PST Tue" status="MANUAL" ID="1445035">
                <layer rank="1" name="FE">
                    <label cBy="618" feID="3336" end="11" start="0" name="Evaluee"/>
                </layer>
                <layer rank="1" name="GF">
                    <label end="11" start="0" name="Ext"/>
                </layer>
                <layer rank="1" name="PT">
                    <label end="11" start="0" name="NP"/>
                </layer>
                <layer rank="1" name="Sent"/>
                <layer rank="1" name="Other"/>
                <layer rank="1" name="Target">
                    <label cBy="103" end="82" start="75" name="Target"/>
                </layer>
                <layer rank="1" name="Adj">
                    <label end="18" start="13" name="Supp"/>
                </layer>
            </annotationSet>
        </sentence>
    </subCorpus>
    <subCorpus name="A-001-s20-lcoll-most">
        <sentence sentNo="0" aPos="101178511" ID="996220">
            <text>` OK , so he 's not the most sociable being in the world . </text>
            <annotationSet cDate="01/07/2003 10:23:44 PST Tue" status="UNANN" ID="1445048">
                <layer rank="1" name="BNC">
                    <label end="0" start="0" name="PUQ"/>
                    <label end="3" start="2" name="ITJ"/>
                    <label end="5" start="5" name="PUN"/>
                    <label end="8" start="7" name="CJS"/>
                    <label end="11" start="10" name="PNP"/>
                    <label end="14" start="13" name="VBZ"/>
                    <label end="18" start="16" name="XX0"/>
                    <label end="22" start="20" name="AT0"/>
                    <label end="27" start="24" name="AV0"/>
                    <label end="36" start="29" name="AJ0"/>
                    <label end="42" start="38" name="NN1"/>
                    <label end="45" start="44" name="PRP"/>
                    <label end="49" start="47" name="AT0"/>
                    <label end="55" start="51" name="NN1"/>
                    <label end="57" start="57" name="PUN"/>
                </layer>
            </annotationSet>
            <annotationSet cDate="01/07/2003 10:23:44 PST Tue" status="MANUAL" ID="1445049">
                <layer rank="1" name="FE">
                    <label cBy="618" feID="3339" end="27" start="24" name="Degree"/>
                    <label cBy="618" feID="3336" end="42" start="38" name="Evaluee"/>
                    <label cBy="618" feID="3339" end="55" start="44" name="Degree"/>
                </layer>
                <layer rank="1" name="GF">
                    <label end="27" start="24" name="Dep"/>
                    <label end="42" start="38" name="Head"/>
                    <label end="55" start="44" name="Dep"/>
                </layer>
                <layer rank="1" name="PT">
                    <label end="27" start="24" name="AVP"/>
                    <label end="42" start="38" name="N"/>
                    <label end="55" start="44" name="PP"/>
                </layer>
                <layer rank="1" name="Sent"/>
                <layer rank="1" name="Other"/>
                <layer rank="1" name="Target">
                    <label cBy="103" end="36" start="29" name="Target"/>
                </layer>
                <layer rank="1" name="Adj"/>
            </annotationSet>
        </sentence>
    </subCorpus>
    <subCorpus name="A-001-s20-lcoll-quite"/>
    <subCorpus name="A-001-s20-lcoll-very">
        <sentence sentNo="0" aPos="14394331" ID="996224">
            <text>He was very sociable , and enjoyed eating , drinking and smoking . </text>
            <annotationSet cDate="01/07/2003 10:23:44 PST Tue" status="UNANN" ID="1445056">
                <layer rank="1" name="BNC">
                    <label end="1" start="0" name="PNP"/>
                    <label end="5" start="3" name="VBD"/>
                    <label end="10" start="7" name="AV0"/>
                    <label end="19" start="12" name="AJ0"/>
                    <label end="21" start="21" name="PUN"/>
                    <label end="25" start="23" name="CJC"/>
                    <label end="33" start="27" name="VVD"/>
                    <label end="40" start="35" name="VVG"/>
                    <label end="42" start="42" name="PUN"/>
                    <label end="51" start="44" name="NN1-VVG"/>
                    <label end="55" start="53" name="CJC"/>
                    <label end="63" start="57" name="NN1-VVG"/>
                    <label end="65" start="65" name="PUN"/>
                </layer>
            </annotationSet>
            <annotationSet cDate="01/07/2003 10:23:44 PST Tue" status="MANUAL" ID="1445057">
                <layer rank="1" name="FE">
                    <label cBy="618" feID="3336" end="1" start="0" name="Evaluee"/>
                    <label cBy="618" feID="3339" end="10" start="7" name="Degree"/>
                </layer>
                <layer rank="1" name="GF">
                    <label end="1" start="0" name="Ext"/>
                    <label end="10" start="7" name="Dep"/>
                </layer>
                <layer rank="1" name="PT">
                    <label end="1" start="0" name="NP"/>
                    <label end="10" start="7" name="AVP"/>
                </layer>
                <layer rank="1" name="Sent"/>
                <layer rank="1" name="Other"/>
                <layer rank="1" name="Target">
                    <label cBy="103" end="19" start="12" name="Target"/>
                </layer>
                <layer rank="1" name="Adj">
                    <label end="5" start="3" name="Cop"/>
                </layer>
            </annotationSet>
        </sentence>
        <sentence sentNo="0" aPos="14395501" ID="996225">
            <text>Before her illness , Rose was a very sociable person , enjoying a full life with her husband Sid , who had retired two years previously . </text>
            <annotationSet cDate="01/07/2003 10:23:44 PST Tue" status="UNANN" ID="1445058">
                <layer rank="1" name="BNC">
                    <label end="5" start="0" name="CJS-PRP"/>
                    <label end="9" start="7" name="DPS"/>
                    <label end="17" start="11" name="NN1"/>
                    <label end="19" start="19" name="PUN"/>
                    <label end="24" start="21" name="NP0"/>
                    <label end="28" start="26" name="VBD"/>
                    <label end="30" start="30" name="AT0"/>
                    <label end="35" start="32" name="AJ0-AV0"/>
                    <label end="44" start="37" name="AJ0"/>
                    <label end="51" start="46" name="NN1"/>
                    <label end="53" start="53" name="PUN"/>
                    <label end="62" start="55" name="VVG"/>
                    <label end="64" start="64" name="AT0"/>
                    <label end="69" start="66" name="AJ0"/>
                    <label end="74" start="71" name="NN1"/>
                    <label end="79" start="76" name="PRP"/>
                    <label end="83" start="81" name="DPS"/>
                    <label end="91" start="85" name="NN1"/>
                    <label end="95" start="93" name="NP0"/>
                    <label end="97" start="97" name="PUN"/>
                    <label end="101" start="99" name="PNQ"/>
                    <label end="105" start="103" name="VHD"/>
                    <label end="113" start="107" name="VVN"/>
                    <label end="117" start="115" name="CRD"/>
                    <label end="123" start="119" name="NN2"/>
                    <label end="134" start="125" name="AV0"/>
                    <label end="136" start="136" name="PUN"/>
                </layer>
            </annotationSet>
            <annotationSet cDate="01/07/2003 10:23:45 PST Tue" status="MANUAL" ID="1445059">
                <layer rank="1" name="FE">
                    <label cBy="618" feID="3339" end="35" start="32" name="Degree"/>
                    <label cBy="618" feID="3336" end="51" start="46" name="Evaluee"/>
                </layer>
                <layer rank="1" name="GF">
                    <label end="35" start="32" name="Dep"/>
                    <label end="51" start="46" name="Head"/>
                </layer>
                <layer rank="1" name="PT">
                    <label end="35" start="32" name="AVP"/>
                    <label end="51" start="46" name="N"/>
                </layer>
                <layer rank="1" name="Sent"/>
                <layer rank="1" name="Other"/>
                <layer rank="1" name="Target">
                    <label cBy="103" end="44" start="37" name="Target"/>
                </layer>
                <layer rank="1" name="Adj"/>
            </annotationSet>
        </sentence>
        <sentence sentNo="0" aPos="65547878" ID="996230">
            <text>This square is the social centre of a very sociable little village . </text>
            <annotationSet cDate="01/07/2003 10:23:45 PST Tue" status="UNANN" ID="1445068">
                <layer rank="1" name="BNC">
                    <label end="3" start="0" name="DT0"/>
                    <label end="10" start="5" name="NN1"/>
                    <label end="13" start="12" name="VBZ"/>
                    <label end="17" start="15" name="AT0"/>
                    <label end="24" start="19" name="AJ0"/>
                    <label end="31" start="26" name="NN1"/>
                    <label end="34" start="33" name="PRF"/>
                    <label end="36" start="36" name="AT0"/>
                    <label end="41" start="38" name="AV0"/>
                    <label end="50" start="43" name="AJ0"/>
                    <label end="57" start="52" name="AJ0"/>
                    <label end="65" start="59" name="NN1"/>
                    <label end="67" start="67" name="PUN"/>
                </layer>
            </annotationSet>
            <annotationSet cDate="01/07/2003 10:23:45 PST Tue" status="MANUAL" ID="1445069">
                <layer rank="1" name="FE">
                    <label cBy="618" feID="3339" end="41" start="38" name="Degree"/>
                    <label cBy="618" feID="3336" end="65" start="52" name="Evaluee"/>
                </layer>
                <layer rank="1" name="GF">
                    <label end="41" start="38" name="Dep"/>
                    <label end="65" start="52" name="Head"/>
                </layer>
                <layer rank="1" name="PT">
                    <label end="41" start="38" name="AVP"/>
                    <label end="65" start="52" name="N"/>
                </layer>
                <layer rank="1" name="Sent"/>
                <layer rank="1" name="Other"/>
                <layer rank="1" name="Target">
                    <label cBy="103" end="50" start="43" name="Target"/>
                </layer>
                <layer rank="1" name="Adj"/>
            </annotationSet>
        </sentence>
        <sentence sentNo="0" aPos="72377971" ID="996231">
            <text>Port authorities were then most helpful and the local folk very sociable . </text>
            <annotationSet cDate="01/07/2003 10:23:45 PST Tue" status="UNANN" ID="1445070">
                <layer rank="1" name="BNC">
                    <label end="3" start="0" name="NN1"/>
                    <label end="15" start="5" name="NN2"/>
                    <label end="20" start="17" name="VBD"/>
                    <label end="25" start="22" name="AV0"/>
                    <label end="30" start="27" name="AV0"/>
                    <label end="38" start="32" name="AJ0"/>
                    <label end="42" start="40" name="CJC"/>
                    <label end="46" start="44" name="AT0"/>
                    <label end="52" start="48" name="AJ0"/>
                    <label end="57" start="54" name="NN2"/>
                    <label end="62" start="59" name="AV0"/>
                    <label end="71" start="64" name="AJ0"/>
                    <label end="73" start="73" name="PUN"/>
                </layer>
            </annotationSet>
            <annotationSet cDate="01/07/2003 10:23:45 PST Tue" status="MANUAL" ID="1445071">
                <layer rank="1" name="FE">
                    <label cBy="618" feID="3336" end="57" start="44" name="Evaluee"/>
                    <label cBy="618" feID="3339" end="62" start="59" name="Degree"/>
                </layer>
                <layer rank="1" name="GF">
                    <label end="57" start="44" name="Ext"/>
                    <label end="62" start="59" name="Dep"/>
                </layer>
                <layer rank="1" name="PT">
                    <label end="57" start="44" name="NP"/>
                    <label end="62" start="59" name="AVP"/>
                </layer>
                <layer rank="1" name="Sent"/>
                <layer rank="1" name="Other"/>
                <layer rank="1" name="Target">
                    <label cBy="103" end="71" start="64" name="Target"/>
                </layer>
                <layer rank="1" name="Adj"/>
            </annotationSet>
        </sentence>
        <sentence sentNo="0" aPos="79796842" ID="996234">
            <text>` Not very sociable of you , Melissa , was it ? &quot; </text>
            <annotationSet cDate="01/07/2003 10:23:46 PST Tue" status="UNANN" ID="1445076">
                <layer rank="1" name="BNC">
                    <label end="0" start="0" name="PUQ"/>
                    <label end="4" start="2" name="XX0"/>
                    <label end="9" start="6" name="AV0"/>
                    <label end="18" start="11" name="AJ0"/>
                    <label end="21" start="20" name="PRF"/>
                    <label end="25" start="23" name="PNP"/>
                    <label end="27" start="27" name="PUN"/>
                    <label end="35" start="29" name="NP0"/>
                    <label end="37" start="37" name="PUN"/>
                    <label end="41" start="39" name="VBD"/>
                    <label end="44" start="43" name="PNP"/>
                    <label end="46" start="46" name="PUN"/>
                    <label end="48" start="48" name="PUQ"/>
                </layer>
            </annotationSet>
            <annotationSet cDate="01/07/2003 10:23:46 PST Tue" status="MANUAL" ID="1445077">
                <layer rank="1" name="FE">
                    <label cBy="618" feID="3339" end="9" start="6" name="Degree"/>
                    <label cBy="618" feID="3336" end="25" start="20" name="Evaluee"/>
                </layer>
                <layer rank="1" name="GF">
                    <label end="9" start="6" name="Dep"/>
                    <label end="25" start="20" name="Dep"/>
                </layer>
                <layer rank="1" name="PT">
                    <label end="9" start="6" name="AVP"/>
                    <label end="25" start="20" name="PP"/>
                </layer>
                <layer rank="1" name="Sent"/>
                <layer rank="1" name="Other"/>
                <layer rank="1" name="Target">
                    <label cBy="103" end="18" start="11" name="Target"/>
                </layer>
                <layer rank="1" name="Adj"/>
            </annotationSet>
        </sentence>
    </subCorpus>
    <subCorpus name="A-002-s20-rcoll-group">
        <sentence sentNo="0" aPos="11295103" ID="996235">
            <text>Carnivores are among the most socially complex mammals , although only a few of them form sociable groups . </text>
            <annotationSet cDate="01/07/2003 10:23:46 PST Tue" status="UNANN" ID="1445078">
                <layer rank="1" name="BNC">
                    <label end="9" start="0" name="NN2"/>
                    <label end="13" start="11" name="VBB"/>
                    <label end="19" start="15" name="PRP"/>
                    <label end="23" start="21" name="AT0"/>
                    <label end="28" start="25" name="AV0"/>
                    <label end="37" start="30" name="AV0"/>
                    <label end="45" start="39" name="AJ0"/>
                    <label end="53" start="47" name="NN2"/>
                    <label end="55" start="55" name="PUN"/>
                    <label end="64" start="57" name="CJS"/>
                    <label end="69" start="66" name="AV0"/>
                    <label end="71" start="71" name="AT0"/>
                    <label end="75" start="73" name="DT0"/>
                    <label end="78" start="77" name="PRF"/>
                    <label end="83" start="80" name="PNP"/>
                    <label end="88" start="85" name="VVB"/>
                    <label end="97" start="90" name="AJ0"/>
                    <label end="104" start="99" name="NN2"/>
                    <label end="106" start="106" name="PUN"/>
                </layer>
            </annotationSet>
            <annotationSet cDate="01/07/2003 10:23:46 PST Tue" status="MANUAL" ID="1445079">
                <layer rank="1" name="FE">
                    <label cBy="618" feID="3336" end="104" start="99" name="Evaluee"/>
                </layer>
                <layer rank="1" name="GF">
                    <label end="104" start="99" name="Head"/>
                </layer>
                <layer rank="1" name="PT">
                    <label end="104" start="99" name="N"/>
                </layer>
                <layer rank="1" name="Sent"/>
                <layer rank="1" name="Other"/>
                <layer rank="1" name="Target">
                    <label cBy="103" end="97" start="90" name="Target"/>
                </layer>
                <layer rank="1" name="Adj"/>
            </annotationSet>
        </sentence>
        <sentence sentNo="0" aPos="88478567" ID="996237">
            <text>Forty years after the event , the survivors were a sociable group with their own small London club and a way of closing ranks that , in wartime , had needed to be desperately widespread . </text>
            <annotationSet cDate="01/07/2003 10:23:46 PST Tue" status="UNANN" ID="1445082">
                <layer rank="1" name="BNC">
                    <label end="4" start="0" name="CRD"/>
                    <label end="10" start="6" name="NN2"/>
                    <label end="16" start="12" name="PRP"/>
                    <label end="20" start="18" name="AT0"/>
                    <label end="26" start="22" name="NN1"/>
                    <label end="28" start="28" name="PUN"/>
                    <label end="32" start="30" name="AT0"/>
                    <label end="42" start="34" name="NN2"/>
                    <label end="47" start="44" name="VBD"/>
                    <label end="49" start="49" name="AT0"/>
                    <label end="58" start="51" name="AJ0"/>
                    <label end="64" start="60" name="NN0"/>
                    <label end="69" start="66" name="PRP"/>
                    <label end="75" start="71" name="DPS"/>
                    <label end="79" start="77" name="DT0"/>
                    <label end="85" start="81" name="AJ0"/>
                    <label end="92" start="87" name="NP0"/>
                    <label end="97" start="94" name="NN0"/>
                    <label end="101" start="99" name="CJC"/>
                    <label end="103" start="103" name="AT0"/>
                    <label end="107" start="105" name="NN1"/>
                    <label end="110" start="109" name="PRF"/>
                    <label end="118" start="112" name="AJ0-VVG"/>
                    <label end="124" start="120" name="NN2"/>
                    <label end="129" start="126" name="CJT"/>
                    <label end="131" start="131" name="PUN"/>
                    <label end="134" start="133" name="PRP"/>
                    <label end="142" start="136" name="NN1"/>
                    <label end="144" start="144" name="PUN"/>
                    <label end="148" start="146" name="VHD"/>
                    <label end="155" start="150" name="VVN"/>
                    <label end="158" start="157" name="TO0"/>
                    <label end="161" start="160" name="VBI"/>
                    <label end="173" start="163" name="AV0"/>
                    <label end="184" start="175" name="AJ0"/>
                    <label end="186" start="186" name="PUN"/>
                </layer>
            </annotationSet>
            <annotationSet cDate="01/07/2003 10:23:46 PST Tue" status="MANUAL" ID="1445083">
                <layer rank="1" name="FE">
                    <label cBy="618" feID="3336" end="64" start="60" name="Evaluee"/>
                </layer>
                <layer rank="1" name="GF">
                    <label end="64" start="60" name="Head"/>
                </layer>
                <layer rank="1" name="PT">
                    <label end="64" start="60" name="N"/>
                </layer>
                <layer rank="1" name="Sent"/>
                <layer rank="1" name="Other"/>
                <layer rank="1" name="Target">
                    <label cBy="103" end="58" start="51" name="Target"/>
                </layer>
                <layer rank="1" name="Adj"/>
            </annotationSet>
        </sentence>
    </subCorpus>
    <subCorpus name="A-002-s20-rcoll-man">
        <sentence sentNo="0" aPos="1597956" ID="996238">
            <text>A vigorous and sociable man , he attracted loyalty and friendship . </text>
            <annotationSet cDate="01/07/2003 10:23:46 PST Tue" status="UNANN" ID="1445084">
                <layer rank="1" name="BNC">
                    <label end="0" start="0" name="AT0"/>
                    <label end="9" start="2" name="AJ0"/>
                    <label end="13" start="11" name="CJC"/>
                    <label end="22" start="15" name="AJ0"/>
                    <label end="26" start="24" name="NN1"/>
                    <label end="28" start="28" name="PUN"/>
                    <label end="31" start="30" name="PNP"/>
                    <label end="41" start="33" name="VVD"/>
                    <label end="49" start="43" name="NN1"/>
                    <label end="53" start="51" name="CJC"/>
                    <label end="64" start="55" name="NN1"/>
                    <label end="66" start="66" name="PUN"/>
                </layer>
            </annotationSet>
            <annotationSet cDate="01/07/2003 10:23:46 PST Tue" status="MANUAL" ID="1445085">
                <layer rank="1" name="FE">
                    <label cBy="618" feID="3336" end="26" start="24" name="Evaluee"/>
                </layer>
                <layer rank="1" name="GF">
                    <label end="26" start="24" name="Head"/>
                </layer>
                <layer rank="1" name="PT">
                    <label end="26" start="24" name="N"/>
                </layer>
                <layer rank="1" name="Sent"/>
                <layer rank="1" name="Other"/>
                <layer rank="1" name="Target">
                    <label cBy="103" end="22" start="15" name="Target"/>
                </layer>
                <layer rank="1" name="Adj"/>
            </annotationSet>
        </sentence>
        <sentence sentNo="0" aPos="67661409" ID="996241">
            <text>Hurter was a sociable man , who loved music and played the clarinet and piano . </text>
            <annotationSet cDate="01/07/2003 10:23:46 PST Tue" status="UNANN" ID="1445090">
                <layer rank="1" name="BNC">
                    <label end="5" start="0" name="NN1-NP0"/>
                    <label end="9" start="7" name="VBD"/>
                    <label end="11" start="11" name="AT0"/>
                    <label end="20" start="13" name="AJ0"/>
                    <label end="24" start="22" name="NN1"/>
                    <label end="26" start="26" name="PUN"/>
                    <label end="30" start="28" name="PNQ"/>
                    <label end="36" start="32" name="VVD"/>
                    <label end="42" start="38" name="NN1"/>
                    <label end="46" start="44" name="CJC"/>
                    <label end="53" start="48" name="VVD-VVN"/>
                    <label end="57" start="55" name="AT0"/>
                    <label end="66" start="59" name="NN1"/>
                    <label end="70" start="68" name="CJC"/>
                    <label end="76" start="72" name="NN1"/>
                    <label end="78" start="78" name="PUN"/>
                </layer>
            </annotationSet>
            <annotationSet cDate="01/07/2003 10:23:46 PST Tue" status="MANUAL" ID="1445091">
                <layer rank="1" name="FE">
                    <label cBy="618" feID="3336" end="24" start="22" name="Evaluee"/>
                </layer>
                <layer rank="1" name="GF">
                    <label end="24" start="22" name="Head"/>
                </layer>
                <layer rank="1" name="PT">
                    <label end="24" start="22" name="N"/>
                </layer>
                <layer rank="1" name="Sent"/>
                <layer rank="1" name="Other"/>
                <layer rank="1" name="Target">
                    <label cBy="103" end="20" start="13" name="Target"/>
                </layer>
                <layer rank="1" name="Adj"/>
            </annotationSet>
        </sentence>
    </subCorpus>
    <subCorpus name="A-002-s20-rcoll-person">
        <sentence sentNo="0" aPos="73456065" ID="996246">
            <text>The social life is an important facet of university education , and Eva had always been a sociable person . </text>
            <annotationSet cDate="01/07/2003 10:23:47 PST Tue" status="UNANN" ID="1445100">
                <layer rank="1" name="BNC">
                    <label end="2" start="0" name="AT0"/>
                    <label end="9" start="4" name="AJ0"/>
                    <label end="14" start="11" name="NN1"/>
                    <label end="17" start="16" name="VBZ"/>
                    <label end="20" start="19" name="AT0"/>
                    <label end="30" start="22" name="AJ0"/>
                    <label end="36" start="32" name="NN1"/>
                    <label end="39" start="38" name="PRF"/>
                    <label end="50" start="41" name="NN1"/>
                    <label end="60" start="52" name="NN1"/>
                    <label end="62" start="62" name="PUN"/>
                    <label end="66" start="64" name="CJC"/>
                    <label end="70" start="68" name="NP0"/>
                    <label end="74" start="72" name="VHD"/>
                    <label end="81" start="76" name="AV0"/>
                    <label end="86" start="83" name="VBN"/>
                    <label end="88" start="88" name="AT0"/>
                    <label end="97" start="90" name="AJ0"/>
                    <label end="104" start="99" name="NN1"/>
                    <label end="106" start="106" name="PUN"/>
                </layer>
            </annotationSet>
            <annotationSet cDate="01/07/2003 10:23:47 PST Tue" status="MANUAL" ID="1445101">
                <layer rank="1" name="FE">
                    <label cBy="618" feID="3336" end="104" start="99" name="Evaluee"/>
                </layer>
                <layer rank="1" name="GF">
                    <label end="104" start="99" name="Head"/>
                </layer>
                <layer rank="1" name="PT">
                    <label end="104" start="99" name="N"/>
                </layer>
                <layer rank="1" name="Sent"/>
                <layer rank="1" name="Other"/>
                <layer rank="1" name="Target">
                    <label cBy="103" end="97" start="90" name="Target"/>
                </layer>
                <layer rank="1" name="Adj"/>
            </annotationSet>
        </sentence>
    </subCorpus>
    <subCorpus name="A-080-s20-sfin"/>
    <subCorpus name="A-100-s20-pptowards">
        <sentence sentNo="0" aPos="54777637" ID="996249">
            <text>Although predatory by nature , they are not an aggressive species and will remain sociable towards any companions that will not fit into their mouths easily . </text>
            <annotationSet cDate="01/07/2003 10:23:47 PST Tue" status="UNANN" ID="1445106">
                <layer rank="1" name="BNC">
                    <label end="7" start="0" name="CJS"/>
                    <label end="17" start="9" name="AJ0"/>
                    <label end="20" start="19" name="PRP"/>
                    <label end="27" start="22" name="NN1"/>
                    <label end="29" start="29" name="PUN"/>
                    <label end="34" start="31" name="PNP"/>
                    <label end="38" start="36" name="VBB"/>
                    <label end="42" start="40" name="XX0"/>
                    <label end="45" start="44" name="AT0"/>
                    <label end="56" start="47" name="AJ0"/>
                    <label end="64" start="58" name="NN0"/>
                    <label end="68" start="66" name="CJC"/>
                    <label end="73" start="70" name="VM0"/>
                    <label end="80" start="75" name="VVI"/>
                    <label end="89" start="82" name="AJ0"/>
                    <label end="97" start="91" name="PRP"/>
                    <label end="101" start="99" name="DT0"/>
                    <label end="112" start="103" name="NN2"/>
                    <label end="117" start="114" name="CJT"/>
                    <label end="122" start="119" name="VM0"/>
                    <label end="126" start="124" name="XX0"/>
                    <label end="130" start="128" name="VVI"/>
                    <label end="135" start="132" name="PRP"/>
                    <label end="141" start="137" name="DPS"/>
                    <label end="148" start="143" name="NN2"/>
                    <label end="155" start="150" name="AV0"/>
                    <label end="157" start="157" name="PUN"/>
                </layer>
            </annotationSet>
            <annotationSet cDate="01/07/2003 10:23:47 PST Tue" status="MANUAL" ID="1445107">
                <layer rank="1" name="FE">
                    <label cBy="618" feID="3336" end="34" start="31" name="Evaluee"/>
                    <label cBy="618" feID="3337" end="155" start="91" name="Affected_party"/>
                </layer>
                <layer rank="1" name="GF">
                    <label end="34" start="31" name="Ext"/>
                    <label end="155" start="91" name="Dep"/>
                </layer>
                <layer rank="1" name="PT">
                    <label end="34" start="31" name="NP"/>
                    <label end="155" start="91" name="PP"/>
                </layer>
                <layer rank="1" name="Sent"/>
                <layer rank="1" name="Other"/>
                <layer rank="1" name="Target">
                    <label cBy="103" end="89" start="82" name="Target"/>
                </layer>
                <layer rank="1" name="Adj">
                    <label end="80" start="75" name="Supp"/>
                </layer>
            </annotationSet>
        </sentence>
    </subCorpus>
    <subCorpus name="A-100-s20-ppwith">
        <sentence sentNo="0" aPos="117338963" ID="996250">
            <text>The ideal broodmare should like people , be tolerant of all manner of handling , and be sociable with other horses . </text>
            <annotationSet cDate="01/07/2003 10:23:47 PST Tue" status="UNANN" ID="1445108">
                <layer rank="1" name="BNC">
                    <label end="2" start="0" name="AT0"/>
                    <label end="8" start="4" name="AJ0"/>
                    <label end="18" start="10" name="NN1"/>
                    <label end="25" start="20" name="VM0"/>
                    <label end="30" start="27" name="VVI"/>
                    <label end="37" start="32" name="NN0"/>
                    <label end="39" start="39" name="PUN"/>
                    <label end="42" start="41" name="VBI"/>
                    <label end="51" start="44" name="AJ0"/>
                    <label end="54" start="53" name="PRF"/>
                    <label end="58" start="56" name="DT0"/>
                    <label end="65" start="60" name="NN1"/>
                    <label end="68" start="67" name="PRF"/>
                    <label end="77" start="70" name="NN1-VVG"/>
                    <label end="79" start="79" name="PUN"/>
                    <label end="83" start="81" name="CJC"/>
                    <label end="86" start="85" name="VBI"/>
                    <label end="95" start="88" name="AJ0"/>
                    <label end="100" start="97" name="PRP"/>
                    <label end="106" start="102" name="AJ0"/>
                    <label end="113" start="108" name="NN2"/>
                    <label end="115" start="115" name="PUN"/>
                </layer>
            </annotationSet>
            <annotationSet cDate="01/07/2003 10:23:48 PST Tue" status="MANUAL" ID="1445109">
                <layer rank="1" name="FE">
                    <label cBy="618" feID="3337" end="113" start="97" name="Affected_party"/>
                    <label cBy="618" feID="3336" end="18" start="0" name="Evaluee"/>
                </layer>
                <layer rank="1" name="GF">
                    <label end="113" start="97" name="Dep"/>
                    <label end="18" start="0" name="Ext"/>
                </layer>
                <layer rank="1" name="PT">
                    <label end="113" start="97" name="PP"/>
                    <label end="18" start="0" name="NP"/>
                </layer>
                <layer rank="1" name="Sent"/>
                <layer rank="1" name="Other"/>
                <layer rank="1" name="Target">
                    <label cBy="103" end="95" start="88" name="Target"/>
                </layer>
                <layer rank="1" name="Adj">
                    <label end="86" start="85" name="Cop"/>
                </layer>
            </annotationSet>
        </sentence>
    </subCorpus>
    <subCorpus name="A-110-s20-ppother">
        <sentence sentNo="0" aPos="37239033" ID="996251">
            <text>Dolly was obviously set on being sociable for the whole evening . </text>
            <annotationSet cDate="01/07/2003 10:23:48 PST Tue" status="UNANN" ID="1445110">
                <layer rank="1" name="BNC">
                    <label end="4" start="0" name="NP0"/>
                    <label end="8" start="6" name="VBD"/>
                    <label end="18" start="10" name="AV0"/>
                    <label end="22" start="20" name="VVD-VVN"/>
                    <label end="25" start="24" name="PRP"/>
                    <label end="31" start="27" name="VBG"/>
                    <label end="40" start="33" name="AJ0"/>
                    <label end="44" start="42" name="PRP"/>
                    <label end="48" start="46" name="AT0"/>
                    <label end="54" start="50" name="AJ0"/>
                    <label end="62" start="56" name="NN1"/>
                    <label end="64" start="64" name="PUN"/>
                </layer>
            </annotationSet>
            <annotationSet cDate="01/07/2003 10:23:48 PST Tue" status="MANUAL" ID="1445111">
                <layer rank="1" name="FE">
                    <label cBy="618" feID="3336" end="4" start="0" name="Evaluee"/>
                </layer>
                <layer rank="1" name="GF">
                    <label end="4" start="0" name="Ext"/>
                </layer>
                <layer rank="1" name="PT">
                    <label end="4" start="0" name="NP"/>
                </layer>
                <layer rank="1" name="Sent"/>
                <layer rank="1" name="Other"/>
                <layer rank="1" name="Target">
                    <label cBy="103" end="40" start="33" name="Target"/>
                </layer>
                <layer rank="1" name="Adj">
                    <label end="31" start="27" name="Cop"/>
                </layer>
            </annotationSet>
        </sentence>
    </subCorpus>
    <subCorpus name="A-170-s20-prenom">
        <sentence sentNo="0" aPos="36265620" ID="996258">
            <text>Breakfast and dinner are sociable affairs -- both are served at one large table ( although guests may use separate tables ) . </text>
            <annotationSet cDate="01/07/2003 10:23:48 PST Tue" status="UNANN" ID="1445124">
                <layer rank="1" name="BNC">
                    <label end="8" start="0" name="NN1"/>
                    <label end="12" start="10" name="CJC"/>
                    <label end="19" start="14" name="NN1"/>
                    <label end="23" start="21" name="VBB"/>
                    <label end="32" start="25" name="AJ0"/>
                    <label end="40" start="34" name="NN2"/>
                    <label end="43" start="42" name="PUN"/>
                    <label end="48" start="45" name="DT0"/>
                    <label end="52" start="50" name="VBB"/>
                    <label end="59" start="54" name="VVN"/>
                    <label end="62" start="61" name="PRP"/>
                    <label end="66" start="64" name="CRD"/>
                    <label end="72" start="68" name="AJ0"/>
                    <label end="78" start="74" name="NN1"/>
                    <label end="80" start="80" name="PUL"/>
                    <label end="89" start="82" name="CJS"/>
                    <label end="96" start="91" name="NN2"/>
                    <label end="100" start="98" name="VM0"/>
                    <label end="104" start="102" name="VVI"/>
                    <label end="113" start="106" name="AJ0"/>
                    <label end="120" start="115" name="NN2"/>
                    <label end="122" start="122" name="PUR"/>
                    <label end="124" start="124" name="PUN"/>
                </layer>
            </annotationSet>
            <annotationSet cDate="01/07/2003 10:23:48 PST Tue" status="MANUAL" ID="1445125">
                <layer rank="1" name="FE">
                    <label cBy="618" feID="3338" end="40" start="34" name="Behavior"/>
                </layer>
                <layer rank="1" name="GF">
                    <label end="40" start="34" name="Head"/>
                </layer>
                <layer rank="1" name="PT">
                    <label end="40" start="34" name="N"/>
                </layer>
                <layer rank="1" name="Sent"/>
                <layer rank="1" name="Other"/>
                <layer rank="1" name="Target">
                    <label cBy="103" end="32" start="25" name="Target"/>
                </layer>
                <layer rank="1" name="Adj"/>
            </annotationSet>
        </sentence>
        <sentence sentNo="0" aPos="52811815" ID="996264">
            <text>She was a sociable child , and loved eating out . </text>
            <annotationSet cDate="01/07/2003 10:23:49 PST Tue" status="UNANN" ID="1445136">
                <layer rank="1" name="BNC">
                    <label end="2" start="0" name="PNP"/>
                    <label end="6" start="4" name="VBD"/>
                    <label end="8" start="8" name="AT0"/>
                    <label end="17" start="10" name="AJ0"/>
                    <label end="23" start="19" name="NN1"/>
                    <label end="25" start="25" name="PUN"/>
                    <label end="29" start="27" name="CJC"/>
                    <label end="35" start="31" name="VVD-VVN"/>
                    <label end="42" start="37" name="VVG"/>
                    <label end="46" start="44" name="AVP"/>
                    <label end="48" start="48" name="PUN"/>
                </layer>
            </annotationSet>
            <annotationSet cDate="01/07/2003 10:23:49 PST Tue" status="MANUAL" ID="1445137">
                <layer rank="1" name="FE">
                    <label cBy="618" feID="3336" end="23" start="19" name="Evaluee"/>
                </layer>
                <layer rank="1" name="GF">
                    <label end="23" start="19" name="Head"/>
                </layer>
                <layer rank="1" name="PT">
                    <label end="23" start="19" name="N"/>
                </layer>
                <layer rank="1" name="Sent"/>
                <layer rank="1" name="Other"/>
                <layer rank="1" name="Target">
                    <label cBy="103" end="17" start="10" name="Target"/>
                </layer>
                <layer rank="1" name="Adj"/>
            </annotationSet>
        </sentence>
        <sentence sentNo="0" aPos="83160559" ID="996270">
            <text>Whilst this is an excellent weekend for lighthearted gatherings and sociable soirees it 's a tough time for taking orders or giving way to the superior power or authority of others . </text>
            <annotationSet cDate="01/07/2003 10:23:50 PST Tue" status="UNANN" ID="1445148">
                <layer rank="1" name="BNC">
                    <label end="5" start="0" name="CJS"/>
                    <label end="10" start="7" name="DT0"/>
                    <label end="13" start="12" name="VBZ"/>
                    <label end="16" start="15" name="AT0"/>
                    <label end="26" start="18" name="AJ0"/>
                    <label end="34" start="28" name="NN1"/>
                    <label end="38" start="36" name="PRP"/>
                    <label end="51" start="40" name="AJ0"/>
                    <label end="62" start="53" name="NN2"/>
                    <label end="66" start="64" name="CJC"/>
                    <label end="75" start="68" name="AJ0"/>
                    <label end="83" start="77" name="NN2"/>
                    <label end="86" start="85" name="PNP"/>
                    <label end="89" start="88" name="VBZ"/>
                    <label end="91" start="91" name="AT0"/>
                    <label end="97" start="93" name="AJ0"/>
                    <label end="102" start="99" name="NN1"/>
                    <label end="106" start="104" name="PRP"/>
                    <label end="113" start="108" name="VVG"/>
                    <label end="120" start="115" name="NN2"/>
                    <label end="123" start="122" name="CJC"/>
                    <label end="130" start="125" name="VVG"/>
                    <label end="134" start="132" name="NN1"/>
                    <label end="137" start="136" name="PRP"/>
                    <label end="141" start="139" name="AT0"/>
                    <label end="150" start="143" name="AJ0"/>
                    <label end="156" start="152" name="NN1"/>
                    <label end="159" start="158" name="CJC"/>
                    <label end="169" start="161" name="NN1"/>
                    <label end="172" start="171" name="PRF"/>
                    <label end="179" start="174" name="NN2"/>
                    <label end="181" start="181" name="PUN"/>
                </layer>
            </annotationSet>
            <annotationSet cDate="01/07/2003 10:23:50 PST Tue" status="MANUAL" ID="1445149">
                <layer rank="1" name="FE">
                    <label cBy="618" feID="3338" end="83" start="77" name="Behavior"/>
                </layer>
                <layer rank="1" name="GF">
                    <label end="83" start="77" name="Head"/>
                </layer>
                <layer rank="1" name="PT">
                    <label end="83" start="77" name="N"/>
                </layer>
                <layer rank="1" name="Sent"/>
                <layer rank="1" name="Other"/>
                <layer rank="1" name="Target">
                    <label cBy="103" end="75" start="68" name="Target"/>
                </layer>
                <layer rank="1" name="Adj"/>
            </annotationSet>
        </sentence>
    </subCorpus>
    <subCorpus name="A-180-s20-punct"/>
    <subCorpus name="A-190-s20-other">
        <sentence sentNo="0" aPos="66347624" ID="996302">
            <text>But this is n't always the case -- Peter was sociable and popular . </text>
            <annotationSet cDate="01/07/2003 10:23:56 PST Tue" status="UNANN" ID="1445212">
                <layer rank="1" name="BNC">
                    <label end="2" start="0" name="CJC"/>
                    <label end="7" start="4" name="DT0"/>
                    <label end="10" start="9" name="VBZ"/>
                    <label end="14" start="12" name="XX0"/>
                    <label end="21" start="16" name="AV0"/>
                    <label end="25" start="23" name="AT0"/>
                    <label end="30" start="27" name="NN1"/>
                    <label end="33" start="32" name="PUN"/>
                    <label end="39" start="35" name="NP0"/>
                    <label end="43" start="41" name="VBD"/>
                    <label end="52" start="45" name="AJ0"/>
                    <label end="56" start="54" name="CJC"/>
                    <label end="64" start="58" name="AJ0"/>
                    <label end="66" start="66" name="PUN"/>
                </layer>
            </annotationSet>
            <annotationSet cDate="01/07/2003 10:23:56 PST Tue" status="MANUAL" ID="1445213">
                <layer rank="1" name="FE">
                    <label cBy="618" feID="3336" end="39" start="35" name="Evaluee"/>
                </layer>
                <layer rank="1" name="GF">
                    <label end="39" start="35" name="Ext"/>
                </layer>
                <layer rank="1" name="PT">
                    <label end="39" start="35" name="NP"/>
                </layer>
                <layer rank="1" name="Sent"/>
                <layer rank="1" name="Other"/>
                <layer rank="1" name="Target">
                    <label cBy="103" end="52" start="45" name="Target"/>
                </layer>
                <layer rank="1" name="Adj">
                    <label end="43" start="41" name="Cop"/>
                </layer>
            </annotationSet>
        </sentence>
        <sentence sentNo="0" aPos="99191311" ID="996305">
            <text>The picture of the plaintiff before the accident is one of a lively , bright , sociable and sporting girl in the prime of life . </text>
            <annotationSet cDate="01/07/2003 10:23:56 PST Tue" status="UNANN" ID="1445218">
                <layer rank="1" name="BNC">
                    <label end="2" start="0" name="AT0"/>
                    <label end="10" start="4" name="NN1"/>
                    <label end="13" start="12" name="PRF"/>
                    <label end="17" start="15" name="AT0"/>
                    <label end="27" start="19" name="NN1"/>
                    <label end="34" start="29" name="PRP"/>
                    <label end="38" start="36" name="AT0"/>
                    <label end="47" start="40" name="NN1"/>
                    <label end="50" start="49" name="VBZ"/>
                    <label end="54" start="52" name="CRD"/>
                    <label end="57" start="56" name="PRF"/>
                    <label end="59" start="59" name="AT0"/>
                    <label end="66" start="61" name="AJ0"/>
                    <label end="68" start="68" name="PUN"/>
                    <label end="75" start="70" name="AJ0"/>
                    <label end="77" start="77" name="PUN"/>
                    <label end="86" start="79" name="AJ0"/>
                    <label end="90" start="88" name="CJC"/>
                    <label end="99" start="92" name="AJ0-VVG"/>
                    <label end="104" start="101" name="NN1"/>
                    <label end="107" start="106" name="PRP"/>
                    <label end="111" start="109" name="AT0"/>
                    <label end="117" start="113" name="AJ0-NN1"/>
                    <label end="120" start="119" name="PRF"/>
                    <label end="125" start="122" name="NN1"/>
                    <label end="127" start="127" name="PUN"/>
                </layer>
            </annotationSet>
            <annotationSet cDate="01/07/2003 10:23:56 PST Tue" status="MANUAL" ID="1445219">
                <layer rank="1" name="FE">
                    <label cBy="618" feID="3336" end="125" start="101" name="Evaluee"/>
                </layer>
                <layer rank="1" name="GF">
                    <label end="125" start="101" name="Head"/>
                </layer>
                <layer rank="1" name="PT">
                    <label end="125" start="101" name="N"/>
                </layer>
                <layer rank="1" name="Sent"/>
                <layer rank="1" name="Other"/>
                <layer rank="1" name="Target">
                    <label cBy="103" end="86" start="79" name="Target"/>
                </layer>
                <layer rank="1" name="Adj"/>
            </annotationSet>
        </sentence>
    </subCorpus>
</lexUnit>