<?xml version="1.0" encoding="UTF-8" standalone="yes"?>
<?xml-stylesheet type="text/xsl" href="lexUnit.xsl"?>
<lexUnit status="Finished_Initial" POS="A" name="gracious.a" ID="6620" frame="Social_interaction_evaluation" frameID="372" totalAnnotated="13" xsi:schemaLocation="../schema/lexUnit.xsd" xmlns="http://framenet.icsi.berkeley.edu" xmlns:xsi="http://www.w3.org/2001/XMLSchema-instance">
    <header>
        <frame>
            <FE fgColor="FFFFFF" bgColor="0000FF" type="Core" abbrev="Affect" name="Affected_party"/>
            <FE fgColor="FFFFFF" bgColor="008000" type="Core" abbrev="Beh" name="Behavior"/>
            <FE fgColor="FFFFFF" bgColor="FF69B4" type="Peripheral" abbrev="Deg" name="Degree"/>
            <FE fgColor="FFFFFF" bgColor="800080" type="Core" abbrev="Eval" name="Evaluee"/>
            <FE fgColor="FFFFFF" bgColor="FFA500" type="Core" abbrev="Exp" name="Expressor"/>
            <FE fgColor="FFFFFF" bgColor="00BFFF" type="Core-Unexpressed" abbrev="jud" name="Judge"/>
            <FE fgColor="FFFFFF" bgColor="FF00FF" type="Peripheral" abbrev="Manner" name="Manner"/>
            <FE fgColor="FFFFFF" bgColor="FF0000" type="Core" abbrev="Gr" name="Topic"/>
        </frame>
    </header>
    <definition>COD: courteous, kind, and pleasant. </definition>
    <lexeme POS="A" name="gracious"/>
    <valences>
        <FERealization total="5">
            <FE name="Affected_party"/>
            <pattern total="3">
                <valenceUnit GF="Dep" PT="PP[to]" FE="Affected_party"/>
                <annoSet ID="1445709"/>
                <annoSet ID="1445761"/>
                <annoSet ID="1445767"/>
            </pattern>
            <pattern total="1">
                <valenceUnit GF="Dep" PT="PP[towards]" FE="Affected_party"/>
                <annoSet ID="1445769"/>
            </pattern>
            <pattern total="1">
                <valenceUnit GF="Dep" PT="PP[with]" FE="Affected_party"/>
                <annoSet ID="1445717"/>
            </pattern>
        </FERealization>
        <FERealization total="4">
            <FE name="Behavior"/>
            <pattern total="3">
                <valenceUnit GF="Head" PT="N" FE="Behavior"/>
                <annoSet ID="1445725"/>
                <annoSet ID="1445733"/>
                <annoSet ID="1445791"/>
            </pattern>
            <pattern total="1">
                <valenceUnit GF="Dep" PT="VPto" FE="Behavior"/>
                <annoSet ID="1445697"/>
            </pattern>
        </FERealization>
        <FERealization total="5">
            <FE name="Degree"/>
            <pattern total="5">
                <valenceUnit GF="Dep" PT="AVP" FE="Degree"/>
                <annoSet ID="1445693"/>
                <annoSet ID="1445697"/>
                <annoSet ID="1445709"/>
                <annoSet ID="1445717"/>
                <annoSet ID="1445755"/>
            </pattern>
            <pattern total="1">
                <valenceUnit GF="Dep" PT="PP[than]" FE="Degree"/>
                <annoSet ID="1445693"/>
            </pattern>
        </FERealization>
        <FERealization total="8">
            <FE name="Evaluee"/>
            <pattern total="7">
                <valenceUnit GF="Ext" PT="NP" FE="Evaluee"/>
                <annoSet ID="1445693"/>
                <annoSet ID="1445709"/>
                <annoSet ID="1445717"/>
                <annoSet ID="1445755"/>
                <annoSet ID="1445761"/>
                <annoSet ID="1445767"/>
                <annoSet ID="1445769"/>
            </pattern>
            <pattern total="1">
                <valenceUnit GF="Dep" PT="PP[of]" FE="Evaluee"/>
                <annoSet ID="1445697"/>
            </pattern>
        </FERealization>
        <FERealization total="2">
            <FE name="Expressor"/>
            <pattern total="2">
                <valenceUnit GF="Head" PT="N" FE="Expressor"/>
                <annoSet ID="1445721"/>
                <annoSet ID="1445747"/>
            </pattern>
        </FERealization>
        <FERealization total="1">
            <FE name="Topic"/>
            <pattern total="1">
                <valenceUnit GF="Dep" PT="PP[about]" FE="Topic"/>
                <annoSet ID="1445755"/>
            </pattern>
        </FERealization>
        <FEGroupRealization total="2">
            <FE name="Affected_party"/>
            <FE name="Degree"/>
            <FE name="Evaluee"/>
            <pattern total="1">
                <valenceUnit GF="Dep" PT="PP[to]" FE="Affected_party"/>
                <valenceUnit GF="Dep" PT="AVP" FE="Degree"/>
                <valenceUnit GF="Ext" PT="NP" FE="Evaluee"/>
                <annoSet ID="1445709"/>
            </pattern>
            <pattern total="1">
                <valenceUnit GF="Dep" PT="PP[with]" FE="Affected_party"/>
                <valenceUnit GF="Dep" PT="AVP" FE="Degree"/>
                <valenceUnit GF="Ext" PT="NP" FE="Evaluee"/>
                <annoSet ID="1445717"/>
            </pattern>
        </FEGroupRealization>
        <FEGroupRealization total="3">
            <FE name="Affected_party"/>
            <FE name="Evaluee"/>
            <pattern total="2">
                <valenceUnit GF="Dep" PT="PP[to]" FE="Affected_party"/>
                <valenceUnit GF="Ext" PT="NP" FE="Evaluee"/>
                <annoSet ID="1445761"/>
                <annoSet ID="1445767"/>
            </pattern>
            <pattern total="1">
                <valenceUnit GF="Dep" PT="PP[towards]" FE="Affected_party"/>
                <valenceUnit GF="Ext" PT="NP" FE="Evaluee"/>
                <annoSet ID="1445769"/>
            </pattern>
        </FEGroupRealization>
        <FEGroupRealization total="3">
            <FE name="Behavior"/>
            <pattern total="3">
                <valenceUnit GF="Head" PT="N" FE="Behavior"/>
                <annoSet ID="1445725"/>
                <annoSet ID="1445733"/>
                <annoSet ID="1445791"/>
            </pattern>
        </FEGroupRealization>
        <FEGroupRealization total="1">
            <FE name="Behavior"/>
            <FE name="Degree"/>
            <FE name="Evaluee"/>
            <pattern total="1">
                <valenceUnit GF="Dep" PT="VPto" FE="Behavior"/>
                <valenceUnit GF="Dep" PT="AVP" FE="Degree"/>
                <valenceUnit GF="Dep" PT="PP[of]" FE="Evaluee"/>
                <annoSet ID="1445697"/>
            </pattern>
        </FEGroupRealization>
        <FEGroupRealization total="1">
            <FE name="Degree"/>
            <FE name="Degree"/>
            <FE name="Evaluee"/>
            <FE name="Evaluee"/>
            <pattern total="1">
                <valenceUnit GF="Dep" PT="AVP" FE="Degree"/>
                <valenceUnit GF="Dep" PT="PP[than]" FE="Degree"/>
                <valenceUnit GF="Ext" PT="NP" FE="Evaluee"/>
                <valenceUnit GF="Ext" PT="NP" FE="Evaluee"/>
                <annoSet ID="1445693"/>
            </pattern>
        </FEGroupRealization>
        <FEGroupRealization total="1">
            <FE name="Degree"/>
            <FE name="Evaluee"/>
            <FE name="Topic"/>
            <pattern total="1">
                <valenceUnit GF="Dep" PT="AVP" FE="Degree"/>
                <valenceUnit GF="Ext" PT="NP" FE="Evaluee"/>
                <valenceUnit GF="Dep" PT="PP[about]" FE="Topic"/>
                <annoSet ID="1445755"/>
            </pattern>
        </FEGroupRealization>
        <FEGroupRealization total="2">
            <FE name="Expressor"/>
            <pattern total="2">
                <valenceUnit GF="Head" PT="N" FE="Expressor"/>
                <annoSet ID="1445721"/>
                <annoSet ID="1445747"/>
            </pattern>
        </FEGroupRealization>
    </valences>
    <subCorpus name="A-001-s20-lcoll-bloody"/>
    <subCorpus name="A-001-s20-lcoll-more">
        <sentence sentNo="0" aPos="49007315" ID="996542">
            <text>He was looking not for a new policy for Britain , but for a political protege for himself , someone who would be more gracious and romantic than Chamberlain . </text>
            <annotationSet cDate="01/07/2003 10:24:29 PST Tue" status="UNANN" ID="1445692">
                <layer rank="1" name="BNC">
                    <label end="1" start="0" name="PNP"/>
                    <label end="5" start="3" name="VBD"/>
                    <label end="13" start="7" name="VVG"/>
                    <label end="17" start="15" name="XX0"/>
                    <label end="21" start="19" name="PRP"/>
                    <label end="23" start="23" name="AT0"/>
                    <label end="27" start="25" name="AJ0"/>
                    <label end="34" start="29" name="NN1"/>
                    <label end="38" start="36" name="PRP"/>
                    <label end="46" start="40" name="NP0"/>
                    <label end="48" start="48" name="PUN"/>
                    <label end="52" start="50" name="PRP"/>
                    <label end="56" start="54" name="PRP"/>
                    <label end="58" start="58" name="AT0"/>
                    <label end="68" start="60" name="AJ0"/>
                    <label end="76" start="70" name="NN1"/>
                    <label end="80" start="78" name="PRP"/>
                    <label end="88" start="82" name="PNX"/>
                    <label end="90" start="90" name="PUN"/>
                    <label end="98" start="92" name="PNI"/>
                    <label end="102" start="100" name="PNQ"/>
                    <label end="108" start="104" name="VM0"/>
                    <label end="111" start="110" name="VBI"/>
                    <label end="116" start="113" name="AV0"/>
                    <label end="125" start="118" name="AJ0"/>
                    <label end="129" start="127" name="CJC"/>
                    <label end="138" start="131" name="AJ0"/>
                    <label end="143" start="140" name="PRP"/>
                    <label end="155" start="145" name="NP0"/>
                    <label end="157" start="157" name="PUN"/>
                </layer>
            </annotationSet>
            <annotationSet cDate="01/07/2003 10:24:29 PST Tue" status="MANUAL" ID="1445693">
                <layer rank="1" name="FE">
                    <label cBy="618" feID="3336" end="98" start="92" name="Evaluee"/>
                    <label cBy="618" feID="3339" end="116" start="113" name="Degree"/>
                    <label cBy="618" feID="3339" end="155" start="140" name="Degree"/>
                    <label cBy="309" feID="3336" end="102" start="100" name="Evaluee"/>
                </layer>
                <layer rank="1" name="GF">
                    <label end="98" start="92" name="Ext"/>
                    <label end="116" start="113" name="Dep"/>
                    <label end="155" start="140" name="Dep"/>
                    <label end="102" start="100" name="Ext"/>
                </layer>
                <layer rank="1" name="PT">
                    <label end="98" start="92" name="NP"/>
                    <label end="116" start="113" name="AVP"/>
                    <label end="155" start="140" name="PP"/>
                    <label end="102" start="100" name="NP"/>
                </layer>
                <layer rank="1" name="Sent"/>
                <layer rank="1" name="Other">
                    <label end="98" start="92" name="Ant"/>
                    <label end="102" start="100" name="Rel"/>
                </layer>
                <layer rank="1" name="Target">
                    <label cBy="103" end="125" start="118" name="Target"/>
                </layer>
                <layer rank="1" name="Adj">
                    <label end="111" start="110" name="Cop"/>
                </layer>
            </annotationSet>
        </sentence>
        <sentence sentNo="0" aPos="81160359" ID="996544">
            <text>It might have been slightly more gracious of him to pay tribute to the work of my right hon. Friend the Prime Minister in getting this universal and non-discriminatory register of arms transfers recom-mended to the Assembly . </text>
            <annotationSet cDate="01/07/2003 10:24:29 PST Tue" status="UNANN" ID="1445696">
                <layer rank="1" name="BNC">
                    <label end="1" start="0" name="PNP"/>
                    <label end="7" start="3" name="VM0"/>
                    <label end="12" start="9" name="VHI"/>
                    <label end="17" start="14" name="VBN"/>
                    <label end="26" start="19" name="AV0"/>
                    <label end="31" start="28" name="AV0"/>
                    <label end="40" start="33" name="AJ0"/>
                    <label end="43" start="42" name="PRF"/>
                    <label end="47" start="45" name="PNP"/>
                    <label end="50" start="49" name="TO0"/>
                    <label end="54" start="52" name="VVI"/>
                    <label end="62" start="56" name="NN1"/>
                    <label end="65" start="64" name="PRP"/>
                    <label end="69" start="67" name="AT0"/>
                    <label end="74" start="71" name="NN1"/>
                    <label end="77" start="76" name="PRF"/>
                    <label end="80" start="79" name="DPS"/>
                    <label end="86" start="82" name="AJ0-NN1"/>
                    <label end="91" start="88" name="AJ0"/>
                    <label end="98" start="93" name="NN1"/>
                    <label end="102" start="100" name="AT0"/>
                    <label end="108" start="104" name="AJ0"/>
                    <label end="117" start="110" name="NN1"/>
                    <label end="120" start="119" name="PRP"/>
                    <label end="128" start="122" name="VVG"/>
                    <label end="133" start="130" name="DT0"/>
                    <label end="143" start="135" name="AJ0"/>
                    <label end="147" start="145" name="CJC"/>
                    <label end="166" start="149" name="AJ0"/>
                    <label end="175" start="168" name="NN1"/>
                    <label end="178" start="177" name="PRF"/>
                    <label end="183" start="180" name="NN2"/>
                    <label end="193" start="185" name="NN2-VVZ"/>
                    <label end="206" start="195" name="VVD-VVN"/>
                    <label end="209" start="208" name="PRP"/>
                    <label end="213" start="211" name="AT0"/>
                    <label end="222" start="215" name="NN1"/>
                    <label end="224" start="224" name="PUN"/>
                </layer>
            </annotationSet>
            <annotationSet cDate="01/07/2003 10:24:30 PST Tue" status="MANUAL" ID="1445697">
                <layer rank="1" name="FE">
                    <label cBy="618" feID="3339" end="31" start="19" name="Degree"/>
                    <label cBy="618" feID="3336" end="47" start="42" name="Evaluee"/>
                    <label cBy="618" feID="3338" end="222" start="49" name="Behavior"/>
                </layer>
                <layer rank="1" name="GF">
                    <label end="31" start="19" name="Dep"/>
                    <label end="47" start="42" name="Dep"/>
                    <label end="222" start="49" name="Dep"/>
                </layer>
                <layer rank="1" name="PT">
                    <label end="31" start="19" name="AVP"/>
                    <label end="47" start="42" name="PP"/>
                    <label end="222" start="49" name="VPto"/>
                </layer>
                <layer rank="1" name="Sent"/>
                <layer rank="1" name="Other">
                    <label end="1" start="0" name="Null"/>
                </layer>
                <layer rank="1" name="Target">
                    <label cBy="103" end="40" start="33" name="Target"/>
                </layer>
                <layer rank="1" name="Adj">
                    <label end="17" start="14" name="Cop"/>
                </layer>
            </annotationSet>
        </sentence>
    </subCorpus>
    <subCorpus name="A-001-s20-lcoll-most"/>
    <subCorpus name="A-001-s20-lcoll-so"/>
    <subCorpus name="A-001-s20-lcoll-very">
        <sentence sentNo="0" aPos="12285459" ID="996550">
            <text>Her Majesty the Empress was very gracious to us , but that was all . </text>
            <annotationSet cDate="01/07/2003 10:24:30 PST Tue" status="UNANN" ID="1445708">
                <layer rank="1" name="BNC">
                    <label end="2" start="0" name="DPS"/>
                    <label end="10" start="4" name="NN1"/>
                    <label end="14" start="12" name="AT0"/>
                    <label end="22" start="16" name="NN1-NP0"/>
                    <label end="26" start="24" name="VBD"/>
                    <label end="31" start="28" name="AV0"/>
                    <label end="40" start="33" name="AJ0"/>
                    <label end="43" start="42" name="PRP"/>
                    <label end="46" start="45" name="PNP"/>
                    <label end="48" start="48" name="PUN"/>
                    <label end="52" start="50" name="CJC"/>
                    <label end="57" start="54" name="CJT-DT0"/>
                    <label end="61" start="59" name="VBD"/>
                    <label end="65" start="63" name="AV0"/>
                    <label end="67" start="67" name="PUN"/>
                </layer>
            </annotationSet>
            <annotationSet cDate="01/07/2003 10:24:30 PST Tue" status="MANUAL" ID="1445709">
                <layer rank="1" name="FE">
                    <label cBy="618" feID="3336" end="22" start="0" name="Evaluee"/>
                    <label cBy="618" feID="3339" end="31" start="28" name="Degree"/>
                    <label cBy="618" feID="3337" end="46" start="42" name="Affected_party"/>
                </layer>
                <layer rank="1" name="GF">
                    <label end="22" start="0" name="Ext"/>
                    <label end="31" start="28" name="Dep"/>
                    <label end="46" start="42" name="Dep"/>
                </layer>
                <layer rank="1" name="PT">
                    <label end="22" start="0" name="NP"/>
                    <label end="31" start="28" name="AVP"/>
                    <label end="46" start="42" name="PP"/>
                </layer>
                <layer rank="1" name="Sent"/>
                <layer rank="1" name="Other"/>
                <layer rank="1" name="Target">
                    <label cBy="103" end="40" start="33" name="Target"/>
                </layer>
                <layer rank="1" name="Adj">
                    <label end="26" start="24" name="Cop"/>
                </layer>
            </annotationSet>
        </sentence>
        <sentence sentNo="0" aPos="101420467" ID="996554">
            <text>` You 're being very gracious with me this evening . &quot; </text>
            <annotationSet cDate="01/07/2003 10:24:31 PST Tue" status="UNANN" ID="1445716">
                <layer rank="1" name="BNC">
                    <label end="0" start="0" name="PUQ"/>
                    <label end="4" start="2" name="PNP"/>
                    <label end="8" start="6" name="VBB"/>
                    <label end="14" start="10" name="VBG"/>
                    <label end="19" start="16" name="AV0"/>
                    <label end="28" start="21" name="AJ0"/>
                    <label end="33" start="30" name="PRP"/>
                    <label end="36" start="35" name="PNP"/>
                    <label end="41" start="38" name="DT0"/>
                    <label end="49" start="43" name="NN1"/>
                    <label end="51" start="51" name="PUN"/>
                    <label end="53" start="53" name="PUQ"/>
                </layer>
            </annotationSet>
            <annotationSet cDate="01/07/2003 10:24:31 PST Tue" status="MANUAL" ID="1445717">
                <layer rank="1" name="FE">
                    <label cBy="618" feID="3339" end="19" start="16" name="Degree"/>
                    <label cBy="618" feID="3336" end="4" start="2" name="Evaluee"/>
                    <label cBy="618" feID="3337" end="36" start="30" name="Affected_party"/>
                </layer>
                <layer rank="1" name="GF">
                    <label end="19" start="16" name="Dep"/>
                    <label end="4" start="2" name="Ext"/>
                    <label end="36" start="30" name="Dep"/>
                </layer>
                <layer rank="1" name="PT">
                    <label end="19" start="16" name="AVP"/>
                    <label end="4" start="2" name="NP"/>
                    <label end="36" start="30" name="PP"/>
                </layer>
                <layer rank="1" name="Sent"/>
                <layer rank="1" name="Other"/>
                <layer rank="1" name="Target">
                    <label cBy="103" end="28" start="21" name="Target"/>
                </layer>
                <layer rank="1" name="Adj">
                    <label end="14" start="10" name="Cop"/>
                </layer>
            </annotationSet>
        </sentence>
    </subCorpus>
    <subCorpus name="A-002-s20-rcoll-gesture">
        <sentence sentNo="0" aPos="56802195" ID="996556">
            <text>He waved the matter away with a gracious gesture . </text>
            <annotationSet cDate="01/07/2003 10:24:31 PST Tue" status="UNANN" ID="1445720">
                <layer rank="1" name="BNC">
                    <label end="1" start="0" name="PNP"/>
                    <label end="7" start="3" name="VVD"/>
                    <label end="11" start="9" name="AT0"/>
                    <label end="18" start="13" name="NN1"/>
                    <label end="23" start="20" name="AVP"/>
                    <label end="28" start="25" name="PRP"/>
                    <label end="30" start="30" name="AT0"/>
                    <label end="39" start="32" name="AJ0"/>
                    <label end="47" start="41" name="NN1"/>
                    <label end="49" start="49" name="PUN"/>
                </layer>
            </annotationSet>
            <annotationSet cDate="01/07/2003 10:24:31 PST Tue" status="MANUAL" ID="1445721">
                <layer rank="1" name="FE">
                    <label cBy="618" feID="3350" end="47" start="41" name="Expressor"/>
                </layer>
                <layer rank="1" name="GF">
                    <label end="47" start="41" name="Head"/>
                </layer>
                <layer rank="1" name="PT">
                    <label end="47" start="41" name="N"/>
                </layer>
                <layer rank="1" name="Sent"/>
                <layer rank="1" name="Other"/>
                <layer rank="1" name="Target">
                    <label cBy="103" end="39" start="32" name="Target"/>
                </layer>
                <layer rank="1" name="Adj"/>
            </annotationSet>
        </sentence>
        <sentence sentNo="0" aPos="106012054" ID="996558">
            <text>Chris Davis , the paper 's assistant editor , said last night : ` It is Mr Rupert Murdoch who feels we should make this handsome and gracious gesture . </text>
            <annotationSet cDate="01/07/2003 10:24:31 PST Tue" status="UNANN" ID="1445724">
                <layer rank="1" name="BNC">
                    <label end="4" start="0" name="NP0"/>
                    <label end="10" start="6" name="NP0"/>
                    <label end="12" start="12" name="PUN"/>
                    <label end="16" start="14" name="AT0"/>
                    <label end="22" start="18" name="NN1"/>
                    <label end="25" start="24" name="POS"/>
                    <label end="35" start="27" name="AJ0"/>
                    <label end="42" start="37" name="NN1"/>
                    <label end="44" start="44" name="PUN"/>
                    <label end="49" start="46" name="VVD"/>
                    <label end="54" start="51" name="ORD"/>
                    <label end="60" start="56" name="NN1"/>
                    <label end="62" start="62" name="PUN"/>
                    <label end="64" start="64" name="PUQ"/>
                    <label end="67" start="66" name="PNP"/>
                    <label end="70" start="69" name="VBZ"/>
                    <label end="73" start="72" name="NP0"/>
                    <label end="80" start="75" name="NP0"/>
                    <label end="88" start="82" name="NP0"/>
                    <label end="92" start="90" name="PNQ"/>
                    <label end="98" start="94" name="VVZ"/>
                    <label end="101" start="100" name="PNP"/>
                    <label end="108" start="103" name="VM0"/>
                    <label end="113" start="110" name="VVI"/>
                    <label end="118" start="115" name="DT0"/>
                    <label end="127" start="120" name="AJ0"/>
                    <label end="131" start="129" name="CJC"/>
                    <label end="140" start="133" name="AJ0"/>
                    <label end="148" start="142" name="NN1"/>
                    <label end="150" start="150" name="PUN"/>
                </layer>
            </annotationSet>
            <annotationSet cDate="01/07/2003 10:24:31 PST Tue" status="MANUAL" ID="1445725">
                <layer rank="1" name="FE">
                    <label cBy="618" feID="3338" end="148" start="142" name="Behavior"/>
                </layer>
                <layer rank="1" name="GF">
                    <label end="148" start="142" name="Head"/>
                </layer>
                <layer rank="1" name="PT">
                    <label end="148" start="142" name="N"/>
                </layer>
                <layer rank="1" name="Sent"/>
                <layer rank="1" name="Other"/>
                <layer rank="1" name="Target">
                    <label cBy="103" end="140" start="133" name="Target"/>
                </layer>
                <layer rank="1" name="Adj"/>
            </annotationSet>
        </sentence>
    </subCorpus>
    <subCorpus name="A-002-s20-rcoll-gift">
        <sentence sentNo="0" aPos="36502143" ID="996562">
            <text>` A gracious lady , my liege , whose gracious gift I mean to wear to war , as I have ever done in peace . &quot; </text>
            <annotationSet cDate="01/07/2003 10:24:32 PST Tue" status="UNANN" ID="1445732">
                <layer rank="1" name="BNC">
                    <label end="0" start="0" name="PUQ"/>
                    <label end="2" start="2" name="AT0"/>
                    <label end="11" start="4" name="AJ0"/>
                    <label end="16" start="13" name="NN1"/>
                    <label end="18" start="18" name="PUN"/>
                    <label end="21" start="20" name="DPS"/>
                    <label end="27" start="23" name="NN1"/>
                    <label end="29" start="29" name="PUN"/>
                    <label end="35" start="31" name="DTQ"/>
                    <label end="44" start="37" name="AJ0"/>
                    <label end="49" start="46" name="NN1"/>
                    <label end="51" start="51" name="PNP"/>
                    <label end="56" start="53" name="VVB"/>
                    <label end="59" start="58" name="TO0"/>
                    <label end="64" start="61" name="VVI"/>
                    <label end="67" start="66" name="PRP"/>
                    <label end="71" start="69" name="NN1"/>
                    <label end="73" start="73" name="PUN"/>
                    <label end="76" start="75" name="CJS"/>
                    <label end="78" start="78" name="PNP"/>
                    <label end="83" start="80" name="VHB"/>
                    <label end="88" start="85" name="AV0"/>
                    <label end="93" start="90" name="VDN"/>
                    <label end="96" start="95" name="PRP"/>
                    <label end="102" start="98" name="NN1"/>
                    <label end="104" start="104" name="PUN"/>
                    <label end="106" start="106" name="PUQ"/>
                </layer>
            </annotationSet>
            <annotationSet cDate="01/07/2003 10:24:32 PST Tue" status="MANUAL" ID="1445733">
                <layer rank="1" name="FE">
                    <label cBy="618" feID="3338" end="49" start="46" name="Behavior"/>
                </layer>
                <layer rank="1" name="GF">
                    <label end="49" start="46" name="Head"/>
                </layer>
                <layer rank="1" name="PT">
                    <label end="49" start="46" name="N"/>
                </layer>
                <layer rank="1" name="Sent"/>
                <layer rank="1" name="Other"/>
                <layer rank="1" name="Target">
                    <label cBy="103" end="44" start="37" name="Target"/>
                </layer>
                <layer rank="1" name="Adj"/>
            </annotationSet>
        </sentence>
    </subCorpus>
    <subCorpus name="A-002-s20-rcoll-lady"/>
    <subCorpus name="A-002-s20-rcoll-smile">
        <sentence sentNo="0" aPos="61556030" ID="996569">
            <text>&quot; This sure is mighty civilized of you , m'sieur , to look after us like this , &quot; he drawled , letting a gracious smile play across his face . </text>
            <annotationSet cDate="01/07/2003 10:24:32 PST Tue" status="UNANN" ID="1445746">
                <layer rank="1" name="BNC">
                    <label end="0" start="0" name="PUQ"/>
                    <label end="5" start="2" name="DT0"/>
                    <label end="10" start="7" name="AJ0"/>
                    <label end="13" start="12" name="VBZ"/>
                    <label end="20" start="15" name="AJ0-AV0"/>
                    <label end="30" start="22" name="AJ0"/>
                    <label end="33" start="32" name="PRF"/>
                    <label end="37" start="35" name="PNP"/>
                    <label end="39" start="39" name="PUN"/>
                    <label end="47" start="41" name="NN1"/>
                    <label end="49" start="49" name="PUN"/>
                    <label end="52" start="51" name="TO0"/>
                    <label end="57" start="54" name="VVI"/>
                    <label end="63" start="59" name="CJS"/>
                    <label end="66" start="65" name="PNP"/>
                    <label end="71" start="68" name="PRP"/>
                    <label end="76" start="73" name="DT0"/>
                    <label end="78" start="78" name="PUN"/>
                    <label end="80" start="80" name="PUQ"/>
                    <label end="83" start="82" name="PNP"/>
                    <label end="91" start="85" name="VVD"/>
                    <label end="93" start="93" name="PUN"/>
                    <label end="101" start="95" name="VVG"/>
                    <label end="103" start="103" name="AT0"/>
                    <label end="112" start="105" name="AJ0"/>
                    <label end="118" start="114" name="NN1"/>
                    <label end="123" start="120" name="NN1-VVB"/>
                    <label end="130" start="125" name="PRP"/>
                    <label end="134" start="132" name="DPS"/>
                    <label end="139" start="136" name="NN1"/>
                    <label end="141" start="141" name="PUN"/>
                </layer>
            </annotationSet>
            <annotationSet cDate="01/07/2003 10:24:32 PST Tue" status="MANUAL" ID="1445747">
                <layer rank="1" name="FE">
                    <label cBy="618" feID="3350" end="118" start="114" name="Expressor"/>
                </layer>
                <layer rank="1" name="GF">
                    <label end="118" start="114" name="Head"/>
                </layer>
                <layer rank="1" name="PT">
                    <label end="118" start="114" name="N"/>
                </layer>
                <layer rank="1" name="Sent"/>
                <layer rank="1" name="Other"/>
                <layer rank="1" name="Target">
                    <label cBy="103" end="112" start="105" name="Target"/>
                </layer>
                <layer rank="1" name="Adj"/>
            </annotationSet>
        </sentence>
    </subCorpus>
    <subCorpus name="A-060-s20-vpto"/>
    <subCorpus name="A-080-s20-sfin"/>
    <subCorpus name="A-100-s20-ppabout">
        <sentence sentNo="0" aPos="31301995" ID="996573">
            <text>He 'd taken her to church , he 'd taken her to lunch and she had n't been particularly gracious about any of it . </text>
            <annotationSet cDate="01/07/2003 10:24:33 PST Tue" status="UNANN" ID="1445754">
                <layer rank="1" name="BNC">
                    <label end="1" start="0" name="PNP"/>
                    <label end="4" start="3" name="VHD"/>
                    <label end="10" start="6" name="VVN"/>
                    <label end="14" start="12" name="PNP"/>
                    <label end="17" start="16" name="PRP"/>
                    <label end="24" start="19" name="NN1"/>
                    <label end="26" start="26" name="PUN"/>
                    <label end="29" start="28" name="PNP"/>
                    <label end="32" start="31" name="VHD"/>
                    <label end="38" start="34" name="VVN"/>
                    <label end="42" start="40" name="PNP"/>
                    <label end="45" start="44" name="TO0"/>
                    <label end="51" start="47" name="VVI"/>
                    <label end="55" start="53" name="CJC"/>
                    <label end="59" start="57" name="PNP"/>
                    <label end="63" start="61" name="VHD"/>
                    <label end="67" start="65" name="XX0"/>
                    <label end="72" start="69" name="VBN"/>
                    <label end="85" start="74" name="AV0"/>
                    <label end="94" start="87" name="AJ0"/>
                    <label end="100" start="96" name="PRP"/>
                    <label end="104" start="102" name="DT0"/>
                    <label end="107" start="106" name="PRF"/>
                    <label end="110" start="109" name="PNP"/>
                    <label end="112" start="112" name="PUN"/>
                </layer>
            </annotationSet>
            <annotationSet cDate="01/07/2003 10:24:33 PST Tue" status="MANUAL" ID="1445755">
                <layer rank="1" name="FE">
                    <label cBy="618" feID="3336" end="59" start="57" name="Evaluee"/>
                    <label cBy="618" feID="3339" end="85" start="74" name="Degree"/>
                    <label cBy="618" feID="3343" end="110" start="96" name="Topic"/>
                </layer>
                <layer rank="1" name="GF">
                    <label end="59" start="57" name="Ext"/>
                    <label end="85" start="74" name="Dep"/>
                    <label end="110" start="96" name="Dep"/>
                </layer>
                <layer rank="1" name="PT">
                    <label end="59" start="57" name="NP"/>
                    <label end="85" start="74" name="AVP"/>
                    <label end="110" start="96" name="PP"/>
                </layer>
                <layer rank="1" name="Sent"/>
                <layer rank="1" name="Other"/>
                <layer rank="1" name="Target">
                    <label cBy="103" end="94" start="87" name="Target"/>
                </layer>
                <layer rank="1" name="Adj"/>
            </annotationSet>
        </sentence>
    </subCorpus>
    <subCorpus name="A-100-s20-ppin"/>
    <subCorpus name="A-100-s20-ppto">
        <sentence sentNo="0" aPos="64862314" ID="996576">
            <text>` Your ancestors were gracious to their servants , Nuadu of the Silver Arm , &quot; he said , sneeringly . </text>
            <annotationSet cDate="01/07/2003 10:24:33 PST Tue" status="UNANN" ID="1445760">
                <layer rank="1" name="BNC">
                    <label end="0" start="0" name="PUQ"/>
                    <label end="5" start="2" name="DPS"/>
                    <label end="15" start="7" name="NN2"/>
                    <label end="20" start="17" name="VBD"/>
                    <label end="29" start="22" name="AJ0"/>
                    <label end="32" start="31" name="PRP"/>
                    <label end="38" start="34" name="DPS"/>
                    <label end="47" start="40" name="NN2"/>
                    <label end="49" start="49" name="PUN"/>
                    <label end="55" start="51" name="NN1"/>
                    <label end="58" start="57" name="PRF"/>
                    <label end="62" start="60" name="AT0"/>
                    <label end="69" start="64" name="NN1-NP0"/>
                    <label end="73" start="71" name="NN1"/>
                    <label end="75" start="75" name="PUN"/>
                    <label end="77" start="77" name="PUQ"/>
                    <label end="80" start="79" name="PNP"/>
                    <label end="85" start="82" name="VVD"/>
                    <label end="87" start="87" name="PUN"/>
                    <label end="98" start="89" name="AV0"/>
                    <label end="100" start="100" name="PUN"/>
                </layer>
            </annotationSet>
            <annotationSet cDate="01/07/2003 10:24:33 PST Tue" status="MANUAL" ID="1445761">
                <layer rank="1" name="FE">
                    <label cBy="618" feID="3336" end="15" start="2" name="Evaluee"/>
                    <label cBy="618" feID="3337" end="47" start="31" name="Affected_party"/>
                </layer>
                <layer rank="1" name="GF">
                    <label end="15" start="2" name="Ext"/>
                    <label end="47" start="31" name="Dep"/>
                </layer>
                <layer rank="1" name="PT">
                    <label end="15" start="2" name="NP"/>
                    <label end="47" start="31" name="PP"/>
                </layer>
                <layer rank="1" name="Sent"/>
                <layer rank="1" name="Other"/>
                <layer rank="1" name="Target">
                    <label cBy="103" end="29" start="22" name="Target"/>
                </layer>
                <layer rank="1" name="Adj">
                    <label end="20" start="17" name="Cop"/>
                </layer>
            </annotationSet>
        </sentence>
        <sentence sentNo="0" aPos="82337897" ID="996579">
            <text>When there is a Labour Government and the Leader of the House finds himself sitting on the Opposition Benches , that Administration will be gracious to the then Opposition . </text>
            <annotationSet cDate="01/07/2003 10:24:34 PST Tue" status="UNANN" ID="1445766">
                <layer rank="1" name="BNC">
                    <label end="3" start="0" name="AVQ-CJS"/>
                    <label end="9" start="5" name="EX0"/>
                    <label end="12" start="11" name="VBZ"/>
                    <label end="14" start="14" name="AT0"/>
                    <label end="21" start="16" name="AJ0"/>
                    <label end="32" start="23" name="NN0"/>
                    <label end="36" start="34" name="CJC"/>
                    <label end="40" start="38" name="AT0"/>
                    <label end="47" start="42" name="NP0"/>
                    <label end="50" start="49" name="PRF"/>
                    <label end="54" start="52" name="AT0"/>
                    <label end="60" start="56" name="NN1"/>
                    <label end="66" start="62" name="VVZ"/>
                    <label end="74" start="68" name="PNX"/>
                    <label end="82" start="76" name="VVG"/>
                    <label end="85" start="84" name="PRP"/>
                    <label end="89" start="87" name="AT0"/>
                    <label end="100" start="91" name="NN0"/>
                    <label end="108" start="102" name="NN2-VVZ"/>
                    <label end="110" start="110" name="PUN"/>
                    <label end="115" start="112" name="CJT-DT0"/>
                    <label end="130" start="117" name="NN0"/>
                    <label end="135" start="132" name="VM0"/>
                    <label end="138" start="137" name="VBI"/>
                    <label end="147" start="140" name="AJ0"/>
                    <label end="150" start="149" name="PRP"/>
                    <label end="154" start="152" name="AT0"/>
                    <label end="159" start="156" name="AV0"/>
                    <label end="170" start="161" name="NN0"/>
                    <label end="172" start="172" name="PUN"/>
                </layer>
            </annotationSet>
            <annotationSet cDate="01/07/2003 10:24:34 PST Tue" status="MANUAL" ID="1445767">
                <layer rank="1" name="FE">
                    <label cBy="618" feID="3336" end="130" start="112" name="Evaluee"/>
                    <label cBy="618" feID="3337" end="170" start="149" name="Affected_party"/>
                </layer>
                <layer rank="1" name="GF">
                    <label end="130" start="112" name="Ext"/>
                    <label end="170" start="149" name="Dep"/>
                </layer>
                <layer rank="1" name="PT">
                    <label end="130" start="112" name="NP"/>
                    <label end="170" start="149" name="PP"/>
                </layer>
                <layer rank="1" name="Sent"/>
                <layer rank="1" name="Other"/>
                <layer rank="1" name="Target">
                    <label cBy="103" end="147" start="140" name="Target"/>
                </layer>
                <layer rank="1" name="Adj">
                    <label end="138" start="137" name="Cop"/>
                </layer>
            </annotationSet>
        </sentence>
    </subCorpus>
    <subCorpus name="A-110-s20-ppother">
        <sentence sentNo="0" aPos="9582981" ID="996580">
            <text>In his victory speech he was gracious towards Brown and Tsongas voters , saying they were united with his supporters in wanting to oust Mr Bush . </text>
            <annotationSet cDate="01/07/2003 10:24:34 PST Tue" status="UNANN" ID="1445768">
                <layer rank="1" name="BNC">
                    <label end="1" start="0" name="PRP"/>
                    <label end="5" start="3" name="DPS"/>
                    <label end="13" start="7" name="NN1"/>
                    <label end="20" start="15" name="NN1"/>
                    <label end="23" start="22" name="PNP"/>
                    <label end="27" start="25" name="VBD"/>
                    <label end="36" start="29" name="AJ0"/>
                    <label end="44" start="38" name="PRP"/>
                    <label end="50" start="46" name="NP0"/>
                    <label end="54" start="52" name="CJC"/>
                    <label end="62" start="56" name="NP0"/>
                    <label end="69" start="64" name="NN2"/>
                    <label end="71" start="71" name="PUN"/>
                    <label end="78" start="73" name="VVG"/>
                    <label end="83" start="80" name="PNP"/>
                    <label end="88" start="85" name="VBD"/>
                    <label end="95" start="90" name="VVN"/>
                    <label end="100" start="97" name="PRP"/>
                    <label end="104" start="102" name="DPS"/>
                    <label end="115" start="106" name="NN2"/>
                    <label end="118" start="117" name="PRP"/>
                    <label end="126" start="120" name="VVG"/>
                    <label end="129" start="128" name="TO0"/>
                    <label end="134" start="131" name="VVI"/>
                    <label end="137" start="136" name="NP0"/>
                    <label end="142" start="139" name="NP0"/>
                    <label end="144" start="144" name="PUN"/>
                </layer>
            </annotationSet>
            <annotationSet cDate="01/07/2003 10:24:34 PST Tue" status="MANUAL" ID="1445769">
                <layer rank="1" name="FE">
                    <label cBy="618" feID="3336" end="23" start="22" name="Evaluee"/>
                    <label cBy="618" feID="3337" end="69" start="38" name="Affected_party"/>
                </layer>
                <layer rank="1" name="GF">
                    <label end="23" start="22" name="Ext"/>
                    <label end="69" start="38" name="Dep"/>
                </layer>
                <layer rank="1" name="PT">
                    <label end="23" start="22" name="NP"/>
                    <label end="69" start="38" name="PP"/>
                </layer>
                <layer rank="1" name="Sent"/>
                <layer rank="1" name="Other"/>
                <layer rank="1" name="Target">
                    <label cBy="103" end="36" start="29" name="Target"/>
                </layer>
                <layer rank="1" name="Adj">
                    <label end="27" start="25" name="Cop"/>
                </layer>
            </annotationSet>
        </sentence>
    </subCorpus>
    <subCorpus name="A-170-s20-prenom">
        <sentence sentNo="0" aPos="76322000" ID="996591">
            <text>` Where did you find them ? &quot; the American woman asked , expressing gracious interest . </text>
            <annotationSet cDate="01/07/2003 10:24:37 PST Tue" status="UNANN" ID="1445790">
                <layer rank="1" name="BNC">
                    <label end="0" start="0" name="PUQ"/>
                    <label end="6" start="2" name="AVQ"/>
                    <label end="10" start="8" name="VDD"/>
                    <label end="14" start="12" name="PNP"/>
                    <label end="19" start="16" name="VVI"/>
                    <label end="24" start="21" name="PNP"/>
                    <label end="26" start="26" name="PUN"/>
                    <label end="28" start="28" name="PUQ"/>
                    <label end="32" start="30" name="AT0"/>
                    <label end="41" start="34" name="AJ0"/>
                    <label end="47" start="43" name="NN1"/>
                    <label end="53" start="49" name="VVD-VVN"/>
                    <label end="55" start="55" name="PUN"/>
                    <label end="66" start="57" name="VVG"/>
                    <label end="75" start="68" name="AJ0"/>
                    <label end="84" start="77" name="NN1"/>
                    <label end="86" start="86" name="PUN"/>
                </layer>
            </annotationSet>
            <annotationSet cDate="01/07/2003 10:24:37 PST Tue" status="MANUAL" ID="1445791">
                <layer rank="1" name="FE">
                    <label cBy="618" feID="3338" end="84" start="77" name="Behavior"/>
                </layer>
                <layer rank="1" name="GF">
                    <label end="84" start="77" name="Head"/>
                </layer>
                <layer rank="1" name="PT">
                    <label end="84" start="77" name="N"/>
                </layer>
                <layer rank="1" name="Sent"/>
                <layer rank="1" name="Other"/>
                <layer rank="1" name="Target">
                    <label cBy="103" end="75" start="68" name="Target"/>
                </layer>
                <layer rank="1" name="Adj"/>
            </annotationSet>
        </sentence>
    </subCorpus>
    <subCorpus name="A-180-s20-punct"/>
    <subCorpus name="A-190-s20-other"/>
</lexUnit>