<?xml version="1.0" encoding="UTF-8" standalone="yes"?>
<?xml-stylesheet type="text/xsl" href="lexUnit.xsl"?>
<lexUnit status="Finished_Initial" POS="A" name="good.a" ID="6645" frame="Morality_evaluation" frameID="370" totalAnnotated="15" xsi:schemaLocation="../schema/lexUnit.xsd" xmlns="http://framenet.icsi.berkeley.edu" xmlns:xsi="http://www.w3.org/2001/XMLSchema-instance">
    <header>
        <frame>
            <FE fgColor="FFFFFF" bgColor="008000" type="Core" abbrev="Beh" name="Behavior"/>
            <FE fgColor="FFFFFF" bgColor="FF69B4" type="Peripheral" abbrev="Deg" name="Degree"/>
            <FE fgColor="FFFFFF" bgColor="800080" type="Core" abbrev="Eval" name="Evaluee"/>
            <FE fgColor="FFFFFF" bgColor="EEE8AA" type="Core" abbrev="Exp" name="Expressor"/>
            <FE fgColor="FFFFFF" bgColor="00BFFF" type="Peripheral" abbrev="jud" name="Judge"/>
        </frame>
    </header>
    <definition>COD: morally right; virtuous</definition>
    <lexeme POS="A" name="good"/>
    <valences>
        <FERealization total="8">
            <FE name="Behavior"/>
            <pattern total="6">
                <valenceUnit GF="Head" PT="N" FE="Behavior"/>
                <annoSet ID="1689049"/>
                <annoSet ID="1689061"/>
                <annoSet ID="1689085"/>
                <annoSet ID="1689093"/>
                <annoSet ID="1689105"/>
                <annoSet ID="1689109"/>
            </pattern>
            <pattern total="2">
                <valenceUnit GF="Dep" PT="VPto" FE="Behavior"/>
                <annoSet ID="1689341"/>
                <annoSet ID="1689353"/>
            </pattern>
        </FERealization>
        <FERealization total="2">
            <FE name="Degree"/>
            <pattern total="2">
                <valenceUnit GF="" PT="--" FE="Degree"/>
                <annoSet ID="1689225"/>
                <annoSet ID="1689341"/>
            </pattern>
        </FERealization>
        <FERealization total="7">
            <FE name="Evaluee"/>
            <pattern total="7">
                <valenceUnit GF="Head" PT="N" FE="Evaluee"/>
                <annoSet ID="1689171"/>
                <annoSet ID="1689195"/>
                <annoSet ID="1689225"/>
                <annoSet ID="1689231"/>
                <annoSet ID="1689269"/>
                <annoSet ID="1689277"/>
                <annoSet ID="1689599"/>
            </pattern>
        </FERealization>
        <FEGroupRealization total="7">
            <FE name="Behavior"/>
            <pattern total="6">
                <valenceUnit GF="Head" PT="N" FE="Behavior"/>
                <annoSet ID="1689049"/>
                <annoSet ID="1689061"/>
                <annoSet ID="1689085"/>
                <annoSet ID="1689093"/>
                <annoSet ID="1689105"/>
                <annoSet ID="1689109"/>
            </pattern>
            <pattern total="1">
                <valenceUnit GF="Dep" PT="VPto" FE="Behavior"/>
                <annoSet ID="1689353"/>
            </pattern>
        </FEGroupRealization>
        <FEGroupRealization total="1">
            <FE name="Behavior"/>
            <FE name="Degree"/>
            <pattern total="1">
                <valenceUnit GF="Dep" PT="VPto" FE="Behavior"/>
                <valenceUnit GF="" PT="--" FE="Degree"/>
                <annoSet ID="1689341"/>
            </pattern>
        </FEGroupRealization>
        <FEGroupRealization total="1">
            <FE name="Degree"/>
            <FE name="Evaluee"/>
            <pattern total="1">
                <valenceUnit GF="" PT="--" FE="Degree"/>
                <valenceUnit GF="Head" PT="N" FE="Evaluee"/>
                <annoSet ID="1689225"/>
            </pattern>
        </FEGroupRealization>
        <FEGroupRealization total="6">
            <FE name="Evaluee"/>
            <pattern total="6">
                <valenceUnit GF="Head" PT="N" FE="Evaluee"/>
                <annoSet ID="1689171"/>
                <annoSet ID="1689195"/>
                <annoSet ID="1689231"/>
                <annoSet ID="1689269"/>
                <annoSet ID="1689277"/>
                <annoSet ID="1689599"/>
            </pattern>
        </FEGroupRealization>
    </valences>
    <subCorpus name="A-002-s20-rcoll-deed">
        <sentence sentNo="0" aPos="6696640" ID="1118957">
            <text>` A lot of thanks I get for doing a good deed , &quot; she said . </text>
            <annotationSet cDate="01/08/2003 03:10:37 PST Wed" status="UNANN" ID="1689048">
                <layer rank="1" name="BNC">
                    <label end="0" start="0" name="PUQ"/>
                    <label end="2" start="2" name="PNI"/>
                    <label end="6" start="4" name="PNI"/>
                    <label end="9" start="8" name="PRF"/>
                    <label end="16" start="11" name="NN2"/>
                    <label end="18" start="18" name="PNP"/>
                    <label end="22" start="20" name="VVB"/>
                    <label end="26" start="24" name="PRP"/>
                    <label end="32" start="28" name="VDG"/>
                    <label end="34" start="34" name="AT0"/>
                    <label end="39" start="36" name="AJ0"/>
                    <label end="44" start="41" name="NN1"/>
                    <label end="46" start="46" name="PUN"/>
                    <label end="48" start="48" name="PUQ"/>
                    <label end="52" start="50" name="PNP"/>
                    <label end="57" start="54" name="VVD"/>
                    <label end="59" start="59" name="PUN"/>
                </layer>
            </annotationSet>
            <annotationSet cDate="01/08/2003 03:10:37 PST Wed" status="MANUAL" ID="1689049">
                <layer rank="1" name="FE">
                    <label cBy="618" feID="3352" end="44" start="41" name="Behavior"/>
                </layer>
                <layer rank="1" name="GF">
                    <label end="44" start="41" name="Head"/>
                </layer>
                <layer rank="1" name="PT">
                    <label end="44" start="41" name="N"/>
                </layer>
                <layer rank="1" name="Sent"/>
                <layer rank="1" name="Other"/>
                <layer rank="1" name="Target">
                    <label cBy="103" end="39" start="36" name="Target"/>
                </layer>
                <layer rank="1" name="Adj"/>
            </annotationSet>
        </sentence>
        <sentence sentNo="0" aPos="30163260" ID="1118963">
            <text>Do good deeds now and the result will be a future of happiness and blessing . </text>
            <annotationSet cDate="01/08/2003 03:10:38 PST Wed" status="UNANN" ID="1689060">
                <layer rank="1" name="BNC">
                    <label end="1" start="0" name="VDB"/>
                    <label end="6" start="3" name="AJ0"/>
                    <label end="12" start="8" name="NN2"/>
                    <label end="16" start="14" name="AV0"/>
                    <label end="20" start="18" name="CJC"/>
                    <label end="24" start="22" name="AT0"/>
                    <label end="31" start="26" name="NN1"/>
                    <label end="36" start="33" name="VM0"/>
                    <label end="39" start="38" name="VBI"/>
                    <label end="41" start="41" name="AT0"/>
                    <label end="48" start="43" name="NN1"/>
                    <label end="51" start="50" name="PRF"/>
                    <label end="61" start="53" name="NN1"/>
                    <label end="65" start="63" name="CJC"/>
                    <label end="74" start="67" name="NN1-VVG"/>
                    <label end="76" start="76" name="PUN"/>
                </layer>
            </annotationSet>
            <annotationSet cDate="01/08/2003 03:10:38 PST Wed" status="MANUAL" ID="1689061">
                <layer rank="1" name="FE">
                    <label cBy="618" feID="3352" end="12" start="8" name="Behavior"/>
                </layer>
                <layer rank="1" name="GF">
                    <label end="12" start="8" name="Head"/>
                </layer>
                <layer rank="1" name="PT">
                    <label end="12" start="8" name="N"/>
                </layer>
                <layer rank="1" name="Sent"/>
                <layer rank="1" name="Other"/>
                <layer rank="1" name="Target">
                    <label cBy="103" end="6" start="3" name="Target"/>
                </layer>
                <layer rank="1" name="Adj"/>
            </annotationSet>
        </sentence>
        <sentence sentNo="0" aPos="115014935" ID="1118975">
            <text>You notice this man , this dying thief , he was saved without doing one single good deed . </text>
            <annotationSet cDate="01/08/2003 03:10:41 PST Wed" status="UNANN" ID="1689084">
                <layer rank="1" name="BNC">
                    <label end="2" start="0" name="PNP"/>
                    <label end="9" start="4" name="VVB"/>
                    <label end="14" start="11" name="DT0"/>
                    <label end="18" start="16" name="NN1"/>
                    <label end="20" start="20" name="PUN"/>
                    <label end="25" start="22" name="DT0"/>
                    <label end="31" start="27" name="AJ0"/>
                    <label end="37" start="33" name="NN1"/>
                    <label end="39" start="39" name="PUN"/>
                    <label end="42" start="41" name="PNP"/>
                    <label end="46" start="44" name="VBD"/>
                    <label end="52" start="48" name="VVN"/>
                    <label end="60" start="54" name="PRP"/>
                    <label end="66" start="62" name="VDG"/>
                    <label end="70" start="68" name="CRD"/>
                    <label end="77" start="72" name="AJ0"/>
                    <label end="82" start="79" name="AJ0"/>
                    <label end="87" start="84" name="NN1"/>
                    <label end="89" start="89" name="PUN"/>
                </layer>
            </annotationSet>
            <annotationSet cDate="01/08/2003 03:10:41 PST Wed" status="MANUAL" ID="1689085">
                <layer rank="1" name="FE">
                    <label cBy="618" feID="3352" end="87" start="84" name="Behavior"/>
                </layer>
                <layer rank="1" name="GF">
                    <label end="87" start="84" name="Head"/>
                </layer>
                <layer rank="1" name="PT">
                    <label end="87" start="84" name="N"/>
                </layer>
                <layer rank="1" name="Sent"/>
                <layer rank="1" name="Other"/>
                <layer rank="1" name="Target">
                    <label cBy="103" end="82" start="79" name="Target"/>
                </layer>
                <layer rank="1" name="Adj"/>
            </annotationSet>
        </sentence>
    </subCorpus>
    <subCorpus name="A-002-s20-rcoll-intention">
        <sentence sentNo="0" aPos="14167711" ID="1118979">
            <text>Many people 's good intentions go to pot as Ian Cocking does the work virtually single handed . </text>
            <annotationSet cDate="01/08/2003 03:10:42 PST Wed" status="UNANN" ID="1689092">
                <layer rank="1" name="BNC">
                    <label end="3" start="0" name="DT0"/>
                    <label end="10" start="5" name="NN0"/>
                    <label end="13" start="12" name="POS"/>
                    <label end="18" start="15" name="AJ0"/>
                    <label end="29" start="20" name="NN2"/>
                    <label end="32" start="31" name="VVB"/>
                    <label end="35" start="34" name="TO0"/>
                    <label end="39" start="37" name="VVI"/>
                    <label end="42" start="41" name="CJS-PRP"/>
                    <label end="46" start="44" name="NP0"/>
                    <label end="54" start="48" name="NP0"/>
                    <label end="59" start="56" name="VDZ"/>
                    <label end="63" start="61" name="AT0"/>
                    <label end="68" start="65" name="NN1"/>
                    <label end="78" start="70" name="AV0"/>
                    <label end="85" start="80" name="AJ0"/>
                    <label end="92" start="87" name="AJ0"/>
                    <label end="94" start="94" name="PUN"/>
                </layer>
            </annotationSet>
            <annotationSet cDate="01/08/2003 03:10:42 PST Wed" status="MANUAL" ID="1689093">
                <layer rank="1" name="FE">
                    <label cBy="618" feID="3352" end="29" start="20" name="Behavior"/>
                </layer>
                <layer rank="1" name="GF">
                    <label end="29" start="20" name="Head"/>
                </layer>
                <layer rank="1" name="PT">
                    <label end="29" start="20" name="N"/>
                </layer>
                <layer rank="1" name="Sent"/>
                <layer rank="1" name="Other"/>
                <layer rank="1" name="Target">
                    <label cBy="103" end="18" start="15" name="Target"/>
                </layer>
                <layer rank="1" name="Adj"/>
            </annotationSet>
        </sentence>
        <sentence sentNo="0" aPos="40965330" ID="1118985">
            <text>North Korea presents the stiffest test of China 's good intentions . </text>
            <annotationSet cDate="01/08/2003 03:10:44 PST Wed" status="UNANN" ID="1689104">
                <layer rank="1" name="BNC">
                    <label end="4" start="0" name="NP0"/>
                    <label end="10" start="6" name="NP0"/>
                    <label end="19" start="12" name="VVZ"/>
                    <label end="23" start="21" name="AT0"/>
                    <label end="32" start="25" name="AJS"/>
                    <label end="37" start="34" name="NN1"/>
                    <label end="40" start="39" name="PRF"/>
                    <label end="46" start="42" name="NP0"/>
                    <label end="49" start="48" name="POS"/>
                    <label end="54" start="51" name="AJ0"/>
                    <label end="65" start="56" name="NN2"/>
                    <label end="67" start="67" name="PUN"/>
                </layer>
            </annotationSet>
            <annotationSet cDate="01/08/2003 03:10:44 PST Wed" status="MANUAL" ID="1689105">
                <layer rank="1" name="FE">
                    <label cBy="618" feID="3352" end="65" start="56" name="Behavior"/>
                </layer>
                <layer rank="1" name="GF">
                    <label end="65" start="56" name="Head"/>
                </layer>
                <layer rank="1" name="PT">
                    <label end="65" start="56" name="N"/>
                </layer>
                <layer rank="1" name="Sent"/>
                <layer rank="1" name="Other"/>
                <layer rank="1" name="Target">
                    <label cBy="103" end="54" start="51" name="Target"/>
                </layer>
                <layer rank="1" name="Adj"/>
            </annotationSet>
        </sentence>
        <sentence sentNo="0" aPos="43040677" ID="1118987">
            <text>Despite its good intentions , however , ICL is only able to deliver , at present , a rather lacklustre SCO implementation running under Powerwindows -- a Microsoft Corp Windows based graphical user interface . </text>
            <annotationSet cDate="01/08/2003 03:10:44 PST Wed" status="UNANN" ID="1689108">
                <layer rank="1" name="BNC">
                    <label end="6" start="0" name="PRP"/>
                    <label end="10" start="8" name="DPS"/>
                    <label end="15" start="12" name="AJ0"/>
                    <label end="26" start="17" name="NN2"/>
                    <label end="28" start="28" name="PUN"/>
                    <label end="36" start="30" name="AV0"/>
                    <label end="38" start="38" name="PUN"/>
                    <label end="42" start="40" name="NP0"/>
                    <label end="45" start="44" name="VBZ"/>
                    <label end="50" start="47" name="AV0"/>
                    <label end="55" start="52" name="AJ0"/>
                    <label end="58" start="57" name="TO0"/>
                    <label end="66" start="60" name="VVI"/>
                    <label end="68" start="68" name="PUN"/>
                    <label end="71" start="70" name="AV0"/>
                    <label end="79" start="73" name="AV0"/>
                    <label end="81" start="81" name="PUN"/>
                    <label end="83" start="83" name="AT0"/>
                    <label end="90" start="85" name="AV0"/>
                    <label end="101" start="92" name="AJ0"/>
                    <label end="105" start="103" name="NN1"/>
                    <label end="120" start="107" name="NN1"/>
                    <label end="128" start="122" name="VVG"/>
                    <label end="134" start="130" name="PRP"/>
                    <label end="147" start="136" name="NP0"/>
                    <label end="150" start="149" name="PUN"/>
                    <label end="152" start="152" name="AT0"/>
                    <label end="162" start="154" name="NP0"/>
                    <label end="167" start="164" name="NN0"/>
                    <label end="175" start="169" name="NN2"/>
                    <label end="181" start="177" name="VVD-VVN"/>
                    <label end="191" start="183" name="AJ0"/>
                    <label end="196" start="193" name="NN1"/>
                    <label end="206" start="198" name="NN1"/>
                    <label end="208" start="208" name="PUN"/>
                </layer>
            </annotationSet>
            <annotationSet cDate="01/08/2003 03:10:44 PST Wed" status="MANUAL" ID="1689109">
                <layer rank="1" name="FE">
                    <label cBy="618" feID="3352" end="26" start="17" name="Behavior"/>
                </layer>
                <layer rank="1" name="GF">
                    <label end="26" start="17" name="Head"/>
                </layer>
                <layer rank="1" name="PT">
                    <label end="26" start="17" name="N"/>
                </layer>
                <layer rank="1" name="Sent"/>
                <layer rank="1" name="Other"/>
                <layer rank="1" name="Target">
                    <label cBy="103" end="15" start="12" name="Target"/>
                </layer>
                <layer rank="1" name="Adj"/>
            </annotationSet>
        </sentence>
    </subCorpus>
    <subCorpus name="A-002-s20-rcoll-life"/>
    <subCorpus name="A-002-s20-rcoll-man">
        <sentence sentNo="0" aPos="2922685" ID="1119018">
            <text>Some good men feared his radicalism , and some good men disliked his passion , and some less good men thought him little but a rhetorician . </text>
            <annotationSet cDate="01/08/2003 03:10:47 PST Wed" status="UNANN" ID="1689170">
                <layer rank="1" name="BNC">
                    <label end="3" start="0" name="DT0"/>
                    <label end="8" start="5" name="AJ0"/>
                    <label end="12" start="10" name="NN2"/>
                    <label end="19" start="14" name="VVD"/>
                    <label end="23" start="21" name="DPS"/>
                    <label end="34" start="25" name="NN1"/>
                    <label end="36" start="36" name="PUN"/>
                    <label end="40" start="38" name="CJC"/>
                    <label end="45" start="42" name="DT0"/>
                    <label end="50" start="47" name="AJ0"/>
                    <label end="54" start="52" name="NN2"/>
                    <label end="63" start="56" name="VVD"/>
                    <label end="67" start="65" name="DPS"/>
                    <label end="75" start="69" name="NN1"/>
                    <label end="77" start="77" name="PUN"/>
                    <label end="81" start="79" name="CJC"/>
                    <label end="86" start="83" name="DT0"/>
                    <label end="91" start="88" name="DT0"/>
                    <label end="96" start="93" name="AJ0"/>
                    <label end="100" start="98" name="NN2"/>
                    <label end="108" start="102" name="VVD-VVN"/>
                    <label end="112" start="110" name="PNP"/>
                    <label end="119" start="114" name="AJ0-AV0"/>
                    <label end="123" start="121" name="CJC"/>
                    <label end="125" start="125" name="AT0"/>
                    <label end="137" start="127" name="NN1"/>
                    <label end="139" start="139" name="PUN"/>
                </layer>
            </annotationSet>
            <annotationSet cDate="01/08/2003 03:10:47 PST Wed" status="MANUAL" ID="1689171">
                <layer rank="1" name="FE">
                    <label cBy="618" feID="3351" end="12" start="10" name="Evaluee"/>
                </layer>
                <layer rank="1" name="GF">
                    <label end="12" start="10" name="Head"/>
                </layer>
                <layer rank="1" name="PT">
                    <label end="12" start="10" name="N"/>
                </layer>
                <layer rank="1" name="Sent"/>
                <layer rank="1" name="Other"/>
                <layer rank="1" name="Target">
                    <label cBy="103" end="8" start="5" name="Target"/>
                </layer>
                <layer rank="1" name="Adj"/>
            </annotationSet>
        </sentence>
        <sentence sentNo="0" aPos="79316188" ID="1119030">
            <text>“ He was a good man . </text>
            <annotationSet cDate="01/08/2003 03:10:49 PST Wed" status="UNANN" ID="1689194">
                <layer rank="1" name="BNC">
                    <label end="3" start="2" name="PNP"/>
                    <label end="7" start="5" name="VBD"/>
                    <label end="9" start="9" name="AT0"/>
                    <label end="14" start="11" name="AJ0"/>
                    <label end="18" start="16" name="NN1"/>
                    <label end="20" start="20" name="PUN"/>
                </layer>
            </annotationSet>
            <annotationSet cDate="01/08/2003 03:10:49 PST Wed" status="MANUAL" ID="1689195">
                <layer rank="1" name="FE">
                    <label cBy="618" feID="3351" end="18" start="16" name="Evaluee"/>
                </layer>
                <layer rank="1" name="GF">
                    <label end="18" start="16" name="Head"/>
                </layer>
                <layer rank="1" name="PT">
                    <label end="18" start="16" name="N"/>
                </layer>
                <layer rank="1" name="Sent"/>
                <layer rank="1" name="Other"/>
                <layer rank="1" name="Target">
                    <label cBy="103" end="14" start="11" name="Target"/>
                </layer>
                <layer rank="1" name="Adj"/>
            </annotationSet>
        </sentence>
    </subCorpus>
    <subCorpus name="A-002-s20-rcoll-person">
        <sentence sentNo="0" aPos="58102989" ID="1119045">
            <text>You could say that to me now , now that I understand how much you loved me , now that I have suffered , now that I am a better person . </text>
            <annotationSet cDate="01/08/2003 03:10:51 PST Wed" status="UNANN" ID="1689224">
                <layer rank="1" name="BNC">
                    <label end="2" start="0" name="PNP"/>
                    <label end="8" start="4" name="VM0"/>
                    <label end="12" start="10" name="VVI"/>
                    <label end="17" start="14" name="CJT-DT0"/>
                    <label end="20" start="19" name="PRP"/>
                    <label end="23" start="22" name="PNP"/>
                    <label end="27" start="25" name="AV0"/>
                    <label end="29" start="29" name="PUN"/>
                    <label end="33" start="31" name="CJS"/>
                    <label end="38" start="35" name="CJS"/>
                    <label end="40" start="40" name="PNP"/>
                    <label end="51" start="42" name="VVB"/>
                    <label end="55" start="53" name="AVQ"/>
                    <label end="60" start="57" name="AV0"/>
                    <label end="64" start="62" name="PNP"/>
                    <label end="70" start="66" name="VVD"/>
                    <label end="73" start="72" name="PNP"/>
                    <label end="75" start="75" name="PUN"/>
                    <label end="79" start="77" name="CJS"/>
                    <label end="84" start="81" name="CJS"/>
                    <label end="86" start="86" name="PNP"/>
                    <label end="91" start="88" name="VHB"/>
                    <label end="100" start="93" name="VVN"/>
                    <label end="102" start="102" name="PUN"/>
                    <label end="106" start="104" name="CJS"/>
                    <label end="111" start="108" name="CJS"/>
                    <label end="113" start="113" name="PNP"/>
                    <label end="116" start="115" name="VBB"/>
                    <label end="118" start="118" name="AT0"/>
                    <label end="125" start="120" name="AJC"/>
                    <label end="132" start="127" name="NN1"/>
                    <label end="134" start="134" name="PUN"/>
                </layer>
            </annotationSet>
            <annotationSet cDate="01/08/2003 03:10:51 PST Wed" status="MANUAL" ID="1689225">
                <layer rank="1" name="FE">
                    <label cBy="618" feID="3351" end="132" start="127" name="Evaluee"/>
                    <label cBy="618" feID="3354" end="125" start="120" name="Degree"/>
                </layer>
                <layer rank="1" name="GF">
                    <label end="132" start="127" name="Head"/>
                </layer>
                <layer rank="1" name="PT">
                    <label end="132" start="127" name="N"/>
                </layer>
                <layer rank="1" name="Sent"/>
                <layer rank="1" name="Other"/>
                <layer rank="1" name="Target">
                    <label cBy="103" end="125" start="120" name="Target"/>
                </layer>
                <layer rank="1" name="Adj"/>
            </annotationSet>
        </sentence>
        <sentence sentNo="0" aPos="59787350" ID="1119048">
            <text>` Was she a good person ? &quot; she asked . </text>
            <annotationSet cDate="01/08/2003 03:10:51 PST Wed" status="UNANN" ID="1689230">
                <layer rank="1" name="BNC">
                    <label end="0" start="0" name="PUQ"/>
                    <label end="4" start="2" name="VBD"/>
                    <label end="8" start="6" name="PNP"/>
                    <label end="10" start="10" name="AT0"/>
                    <label end="15" start="12" name="AJ0"/>
                    <label end="22" start="17" name="NN1"/>
                    <label end="24" start="24" name="PUN"/>
                    <label end="26" start="26" name="PUQ"/>
                    <label end="30" start="28" name="PNP"/>
                    <label end="36" start="32" name="VVD"/>
                    <label end="38" start="38" name="PUN"/>
                </layer>
            </annotationSet>
            <annotationSet cDate="01/08/2003 03:10:51 PST Wed" status="MANUAL" ID="1689231">
                <layer rank="1" name="FE">
                    <label cBy="618" feID="3351" end="22" start="17" name="Evaluee"/>
                </layer>
                <layer rank="1" name="GF">
                    <label end="22" start="17" name="Head"/>
                </layer>
                <layer rank="1" name="PT">
                    <label end="22" start="17" name="N"/>
                </layer>
                <layer rank="1" name="Sent"/>
                <layer rank="1" name="Other"/>
                <layer rank="1" name="Target">
                    <label cBy="103" end="15" start="12" name="Target"/>
                </layer>
                <layer rank="1" name="Adj"/>
            </annotationSet>
        </sentence>
    </subCorpus>
    <subCorpus name="A-002-s20-rcoll-soul">
        <sentence sentNo="0" aPos="36990476" ID="1119067">
            <text>` Oh , she 's a good soul . &quot; </text>
            <annotationSet cDate="01/08/2003 03:10:55 PST Wed" status="UNANN" ID="1689268">
                <layer rank="1" name="BNC">
                    <label end="0" start="0" name="PUQ"/>
                    <label end="3" start="2" name="ITJ"/>
                    <label end="5" start="5" name="PUN"/>
                    <label end="9" start="7" name="PNP"/>
                    <label end="12" start="11" name="VBZ"/>
                    <label end="14" start="14" name="AT0"/>
                    <label end="19" start="16" name="AJ0"/>
                    <label end="24" start="21" name="NN1"/>
                    <label end="26" start="26" name="PUN"/>
                    <label end="28" start="28" name="PUQ"/>
                </layer>
            </annotationSet>
            <annotationSet cDate="01/08/2003 03:10:55 PST Wed" status="MANUAL" ID="1689269">
                <layer rank="1" name="FE">
                    <label cBy="618" feID="3351" end="24" start="21" name="Evaluee"/>
                </layer>
                <layer rank="1" name="GF">
                    <label end="24" start="21" name="Head"/>
                </layer>
                <layer rank="1" name="PT">
                    <label end="24" start="21" name="N"/>
                </layer>
                <layer rank="1" name="Sent"/>
                <layer rank="1" name="Other"/>
                <layer rank="1" name="Target">
                    <label cBy="103" end="19" start="16" name="Target"/>
                </layer>
                <layer rank="1" name="Adj"/>
            </annotationSet>
        </sentence>
        <sentence sentNo="0" aPos="70478728" ID="1119071">
            <text>Barely twelve people , and those good pious souls who never went to the cinema anyway . </text>
            <annotationSet cDate="01/08/2003 03:10:55 PST Wed" status="UNANN" ID="1689276">
                <layer rank="1" name="BNC">
                    <label end="5" start="0" name="AV0"/>
                    <label end="12" start="7" name="CRD"/>
                    <label end="19" start="14" name="NN0"/>
                    <label end="21" start="21" name="PUN"/>
                    <label end="25" start="23" name="CJC"/>
                    <label end="31" start="27" name="DT0"/>
                    <label end="36" start="33" name="AJ0"/>
                    <label end="42" start="38" name="AJ0"/>
                    <label end="48" start="44" name="NN2"/>
                    <label end="52" start="50" name="PNQ"/>
                    <label end="58" start="54" name="AV0"/>
                    <label end="63" start="60" name="VVD"/>
                    <label end="66" start="65" name="PRP"/>
                    <label end="70" start="68" name="AT0"/>
                    <label end="77" start="72" name="NN1"/>
                    <label end="84" start="79" name="AV0"/>
                    <label end="86" start="86" name="PUN"/>
                </layer>
            </annotationSet>
            <annotationSet cDate="01/08/2003 03:10:55 PST Wed" status="MANUAL" ID="1689277">
                <layer rank="1" name="FE">
                    <label cBy="618" feID="3351" end="48" start="44" name="Evaluee"/>
                </layer>
                <layer rank="1" name="GF">
                    <label end="48" start="44" name="Head"/>
                </layer>
                <layer rank="1" name="PT">
                    <label end="48" start="44" name="N"/>
                </layer>
                <layer rank="1" name="Sent"/>
                <layer rank="1" name="Other"/>
                <layer rank="1" name="Target">
                    <label cBy="103" end="36" start="33" name="Target"/>
                </layer>
                <layer rank="1" name="Adj"/>
            </annotationSet>
        </sentence>
    </subCorpus>
    <subCorpus name="A-002-s20-rcoll-work"/>
    <subCorpus name="A-050-s20-ofpp-vpto">
        <sentence sentNo="0" aPos="46146653" ID="1119103">
            <text>Is it any better to oblige her to go abseiling or butterfly-catching instead ? </text>
            <annotationSet cDate="01/08/2003 03:10:59 PST Wed" status="UNANN" ID="1689340">
                <layer rank="1" name="BNC">
                    <label end="1" start="0" name="VBZ"/>
                    <label end="4" start="3" name="PNP"/>
                    <label end="8" start="6" name="DT0"/>
                    <label end="15" start="10" name="AJC"/>
                    <label end="18" start="17" name="TO0"/>
                    <label end="25" start="20" name="VVI"/>
                    <label end="29" start="27" name="PNP"/>
                    <label end="32" start="31" name="TO0"/>
                    <label end="35" start="34" name="VVI"/>
                    <label end="45" start="37" name="AJ0-VVG"/>
                    <label end="48" start="47" name="CJC"/>
                    <label end="67" start="50" name="AJ0-NN1"/>
                    <label end="75" start="69" name="AV0"/>
                    <label end="77" start="77" name="PUN"/>
                </layer>
            </annotationSet>
            <annotationSet cDate="01/08/2003 03:10:59 PST Wed" status="MANUAL" ID="1689341">
                <layer rank="1" name="FE">
                    <label cBy="618" feID="3354" end="15" start="10" name="Degree"/>
                    <label cBy="618" feID="3352" end="75" start="17" name="Behavior"/>
                </layer>
                <layer rank="1" name="GF">
                    <label end="75" start="17" name="Dep"/>
                </layer>
                <layer rank="1" name="PT">
                    <label end="75" start="17" name="VPto"/>
                </layer>
                <layer rank="1" name="Sent"/>
                <layer rank="1" name="Other">
                    <label end="4" start="3" name="Null"/>
                </layer>
                <layer rank="1" name="Target">
                    <label cBy="103" end="15" start="10" name="Target"/>
                </layer>
                <layer rank="1" name="Adj">
                    <label end="1" start="0" name="Cop"/>
                </layer>
            </annotationSet>
        </sentence>
        <sentence sentNo="0" aPos="95379870" ID="1119109">
            <text>It 's good to ask about her . &quot; </text>
            <annotationSet cDate="01/08/2003 03:11:00 PST Wed" status="UNANN" ID="1689352">
                <layer rank="1" name="BNC">
                    <label end="1" start="0" name="PNP"/>
                    <label end="4" start="3" name="VBZ"/>
                    <label end="9" start="6" name="AJ0"/>
                    <label end="12" start="11" name="TO0"/>
                    <label end="16" start="14" name="VVI"/>
                    <label end="22" start="18" name="PRP"/>
                    <label end="26" start="24" name="PNP"/>
                    <label end="28" start="28" name="PUN"/>
                    <label end="30" start="30" name="PUQ"/>
                </layer>
            </annotationSet>
            <annotationSet cDate="01/08/2003 03:11:00 PST Wed" status="MANUAL" ID="1689353">
                <layer rank="1" name="FE">
                    <label cBy="618" feID="3352" end="26" start="11" name="Behavior"/>
                </layer>
                <layer rank="1" name="GF">
                    <label end="26" start="11" name="Dep"/>
                </layer>
                <layer rank="1" name="PT">
                    <label end="26" start="11" name="VPto"/>
                </layer>
                <layer rank="1" name="Sent"/>
                <layer rank="1" name="Other">
                    <label end="1" start="0" name="Null"/>
                </layer>
                <layer rank="1" name="Target">
                    <label cBy="103" end="9" start="6" name="Target"/>
                </layer>
                <layer rank="1" name="Adj">
                    <label end="4" start="3" name="Cop"/>
                </layer>
            </annotationSet>
        </sentence>
    </subCorpus>
    <subCorpus name="A-090-s20-wh"/>
    <subCorpus name="A-110-s20-ppother"/>
    <subCorpus name="A-120-s20-pingfor"/>
    <subCorpus name="A-130-s20-pingother"/>
    <subCorpus name="A-160-s20-pother"/>
    <subCorpus name="A-170-s20-prenom">
        <sentence sentNo="0" aPos="86894991" ID="1119232">
            <text>People did n't have much to give but what they gave they gave with a good heart you know . </text>
            <annotationSet cDate="01/08/2003 03:11:16 PST Wed" status="UNANN" ID="1689598">
                <layer rank="1" name="BNC">
                    <label end="5" start="0" name="NN0"/>
                    <label end="9" start="7" name="VDD"/>
                    <label end="13" start="11" name="XX0"/>
                    <label end="18" start="15" name="VHI"/>
                    <label end="23" start="20" name="AV0"/>
                    <label end="26" start="25" name="TO0"/>
                    <label end="31" start="28" name="VVI"/>
                    <label end="35" start="33" name="CJC"/>
                    <label end="40" start="37" name="DTQ"/>
                    <label end="45" start="42" name="PNP"/>
                    <label end="50" start="47" name="VVD"/>
                    <label end="55" start="52" name="PNP"/>
                    <label end="60" start="57" name="VVD"/>
                    <label end="65" start="62" name="PRP"/>
                    <label end="67" start="67" name="AT0"/>
                    <label end="72" start="69" name="AJ0"/>
                    <label end="78" start="74" name="NN1"/>
                    <label end="82" start="80" name="PNP"/>
                    <label end="87" start="84" name="VVB"/>
                    <label end="89" start="89" name="PUN"/>
                </layer>
            </annotationSet>
            <annotationSet cDate="01/08/2003 03:11:16 PST Wed" status="MANUAL" ID="1689599">
                <layer rank="1" name="FE">
                    <label cBy="618" feID="3351" end="78" start="74" name="Evaluee"/>
                </layer>
                <layer rank="1" name="GF">
                    <label end="78" start="74" name="Head"/>
                </layer>
                <layer rank="1" name="PT">
                    <label end="78" start="74" name="N"/>
                </layer>
                <layer rank="1" name="Sent"/>
                <layer rank="1" name="Other"/>
                <layer rank="1" name="Target">
                    <label cBy="103" end="72" start="69" name="Target"/>
                </layer>
                <layer rank="1" name="Adj"/>
            </annotationSet>
        </sentence>
    </subCorpus>
    <subCorpus name="A-180-s20-punct"/>
    <subCorpus name="A-190-s20-other"/>
</lexUnit>