<?xml version="1.0" encoding="UTF-8" standalone="yes"?>
<?xml-stylesheet type="text/xsl" href="lexUnit.xsl"?>
<lexUnit status="Finished_Initial" POS="N" name="dislike.n" ID="6689" frame="Experiencer_focus" frameID="48" totalAnnotated="16" xsi:schemaLocation="../schema/lexUnit.xsd" xmlns="http://framenet.icsi.berkeley.edu" xmlns:xsi="http://www.w3.org/2001/XMLSchema-instance">
    <header>
        <frame>
            <FE fgColor="FFFFFF" bgColor="2E8B57" type="Extra-Thematic" abbrev="cir" name="Circumstances"/>
            <FE fgColor="FFFFFF" bgColor="0000FF" type="Core" abbrev="Cont" name="Content"/>
            <FE fgColor="FFFFFF" bgColor="FF69B4" type="Peripheral" abbrev="Degr" name="Degree"/>
            <FE fgColor="FFFFFF" bgColor="00BFFF" type="Core" abbrev="Event" name="Event"/>
            <FE fgColor="FFFFFF" bgColor="800080" type="Core" abbrev="Exp" name="Experiencer"/>
            <FE fgColor="FFFFFF" bgColor="006400" type="Core-Unexpressed" abbrev="Expr" name="Expressor"/>
            <FE fgColor="FFFFFF" bgColor="FF00FF" type="Peripheral" abbrev="Manr" name="Manner"/>
            <FE fgColor="FFFFFF" bgColor="A52A2A" type="Extra-Thematic" abbrev="Par" name="Parameter"/>
            <FE fgColor="FFFFFF" bgColor="00008B" type="Extra-Thematic" abbrev="Reas" name="Reason"/>
            <FE fgColor="FFFFFF" bgColor="FFA500" type="Core-Unexpressed" abbrev="State" name="State"/>
            <FE fgColor="FFFFFF" bgColor="9F79EE" type="Peripheral" abbrev="tim" name="Time"/>
            <FE fgColor="FFFFFF" bgColor="FF0000" type="Core" abbrev="Top" name="Topic"/>
        </frame>
    </header>
    <definition>FN: a feeling of aversion or distaste.</definition>
    <lexeme POS="N" name="dislike"/>
    <valences>
        <governor type="Gov" lemma="express">
            <annoSet ID="1469447"/>
        </governor>
        <governor type="Gov" lemma="smother">
            <annoSet ID="1469491"/>
        </governor>
        <FERealization total="13">
            <FE name="Content"/>
            <pattern total="1">
                <valenceUnit GF="Dep" PT="AJP" FE="Content"/>
                <annoSet ID="1469483"/>
            </pattern>
            <pattern total="3">
                <valenceUnit GF="Dep" PT="PP[for]" FE="Content"/>
                <annoSet ID="1469305"/>
                <annoSet ID="1469353"/>
                <annoSet ID="1469447"/>
            </pattern>
            <pattern total="8">
                <valenceUnit GF="Dep" PT="PP[of]" FE="Content"/>
                <annoSet ID="1469287"/>
                <annoSet ID="1469293"/>
                <annoSet ID="1469301"/>
                <annoSet ID="1469331"/>
                <annoSet ID="1469361"/>
                <annoSet ID="1469425"/>
                <annoSet ID="1469487"/>
                <annoSet ID="1469531"/>
            </pattern>
            <pattern total="1">
                <valenceUnit GF="Dep" PT="PPing[about]" FE="Content"/>
                <annoSet ID="1469325"/>
            </pattern>
        </FERealization>
        <FERealization total="2">
            <FE name="Degree"/>
            <pattern total="2">
                <valenceUnit GF="Dep" PT="AJP" FE="Degree"/>
                <annoSet ID="1469353"/>
                <annoSet ID="1469417"/>
            </pattern>
        </FERealization>
        <FERealization total="8">
            <FE name="Experiencer"/>
            <pattern total="7">
                <valenceUnit GF="Gen" PT="Poss" FE="Experiencer"/>
                <annoSet ID="1469301"/>
                <annoSet ID="1469425"/>
                <annoSet ID="1469447"/>
                <annoSet ID="1469483"/>
                <annoSet ID="1469487"/>
                <annoSet ID="1469491"/>
                <annoSet ID="1469531"/>
            </pattern>
            <pattern total="1">
                <valenceUnit GF="Ext" PT="NP" FE="Experiencer"/>
                <annoSet ID="1469325"/>
            </pattern>
        </FERealization>
        <FERealization total="3">
            <FE name="Manner"/>
            <pattern total="3">
                <valenceUnit GF="Dep" PT="AJP" FE="Manner"/>
                <annoSet ID="1469361"/>
                <annoSet ID="1469531"/>
                <annoSet ID="1469569"/>
            </pattern>
        </FERealization>
        <FEGroupRealization total="4">
            <FE name="Content"/>
            <pattern total="1">
                <valenceUnit GF="Dep" PT="PP[for]" FE="Content"/>
                <annoSet ID="1469305"/>
            </pattern>
            <pattern total="3">
                <valenceUnit GF="Dep" PT="PP[of]" FE="Content"/>
                <annoSet ID="1469287"/>
                <annoSet ID="1469293"/>
                <annoSet ID="1469331"/>
            </pattern>
        </FEGroupRealization>
        <FEGroupRealization total="1">
            <FE name="Content"/>
            <FE name="Degree"/>
            <pattern total="1">
                <valenceUnit GF="Dep" PT="PP[for]" FE="Content"/>
                <valenceUnit GF="Dep" PT="AJP" FE="Degree"/>
                <annoSet ID="1469353"/>
            </pattern>
        </FEGroupRealization>
        <FEGroupRealization total="6">
            <FE name="Content"/>
            <FE name="Experiencer"/>
            <pattern total="1">
                <valenceUnit GF="Dep" PT="AJP" FE="Content"/>
                <valenceUnit GF="Gen" PT="Poss" FE="Experiencer"/>
                <annoSet ID="1469483"/>
            </pattern>
            <pattern total="1">
                <valenceUnit GF="Dep" PT="PP[for]" FE="Content"/>
                <valenceUnit GF="Gen" PT="Poss" FE="Experiencer"/>
                <annoSet ID="1469447"/>
            </pattern>
            <pattern total="3">
                <valenceUnit GF="Dep" PT="PP[of]" FE="Content"/>
                <valenceUnit GF="Gen" PT="Poss" FE="Experiencer"/>
                <annoSet ID="1469301"/>
                <annoSet ID="1469425"/>
                <annoSet ID="1469487"/>
            </pattern>
            <pattern total="1">
                <valenceUnit GF="Dep" PT="PPing[about]" FE="Content"/>
                <valenceUnit GF="Ext" PT="NP" FE="Experiencer"/>
                <annoSet ID="1469325"/>
            </pattern>
        </FEGroupRealization>
        <FEGroupRealization total="1">
            <FE name="Content"/>
            <FE name="Experiencer"/>
            <FE name="Manner"/>
            <pattern total="1">
                <valenceUnit GF="Dep" PT="PP[of]" FE="Content"/>
                <valenceUnit GF="Gen" PT="Poss" FE="Experiencer"/>
                <valenceUnit GF="Dep" PT="AJP" FE="Manner"/>
                <annoSet ID="1469531"/>
            </pattern>
        </FEGroupRealization>
        <FEGroupRealization total="1">
            <FE name="Content"/>
            <FE name="Manner"/>
            <pattern total="1">
                <valenceUnit GF="Dep" PT="PP[of]" FE="Content"/>
                <valenceUnit GF="Dep" PT="AJP" FE="Manner"/>
                <annoSet ID="1469361"/>
            </pattern>
        </FEGroupRealization>
        <FEGroupRealization total="1">
            <FE name="Degree"/>
            <pattern total="1">
                <valenceUnit GF="Dep" PT="AJP" FE="Degree"/>
                <annoSet ID="1469417"/>
            </pattern>
        </FEGroupRealization>
        <FEGroupRealization total="1">
            <FE name="Experiencer"/>
            <pattern total="1">
                <valenceUnit GF="Gen" PT="Poss" FE="Experiencer"/>
                <annoSet ID="1469491"/>
            </pattern>
        </FEGroupRealization>
        <FEGroupRealization total="1">
            <FE name="Manner"/>
            <pattern total="1">
                <valenceUnit GF="Dep" PT="AJP" FE="Manner"/>
                <annoSet ID="1469569"/>
            </pattern>
        </FEGroupRealization>
    </valences>
    <subCorpus name="N-001-all">
        <sentence sentNo="0" aPos="2603833" ID="1008339">
            <text>Their nervousness only adds to the dislike of this type of work . </text>
            <annotationSet cDate="01/07/2003 10:51:28 PST Tue" status="UNANN" ID="1469286">
                <layer rank="1" name="BNC">
                    <label end="4" start="0" name="DPS"/>
                    <label end="16" start="6" name="NN1"/>
                    <label end="21" start="18" name="AV0"/>
                    <label end="26" start="23" name="VVZ"/>
                    <label end="29" start="28" name="PRP"/>
                    <label end="33" start="31" name="AT0"/>
                    <label end="41" start="35" name="NN1"/>
                    <label end="44" start="43" name="PRF"/>
                    <label end="49" start="46" name="DT0"/>
                    <label end="54" start="51" name="NN1"/>
                    <label end="57" start="56" name="PRF"/>
                    <label end="62" start="59" name="NN1"/>
                    <label end="64" start="64" name="PUN"/>
                </layer>
            </annotationSet>
            <annotationSet cDate="01/07/2003 10:51:28 PST Tue" status="MANUAL" ID="1469287">
                <layer rank="1" name="FE">
                    <label cBy="618" feID="202" end="62" start="43" name="Content"/>
                </layer>
                <layer rank="1" name="GF">
                    <label end="62" start="43" name="Dep"/>
                </layer>
                <layer rank="1" name="PT">
                    <label end="62" start="43" name="PP"/>
                </layer>
                <layer rank="1" name="Sent"/>
                <layer rank="1" name="Other"/>
                <layer rank="1" name="Target">
                    <label cBy="103" end="41" start="35" name="Target"/>
                </layer>
                <layer rank="1" name="Noun"/>
            </annotationSet>
        </sentence>
        <sentence sentNo="0" aPos="8085456" ID="1008342">
            <text>Certainly , dislike or suspicion of the Jews was widespread even before Hitler took power . </text>
            <annotationSet cDate="01/07/2003 10:51:29 PST Tue" status="UNANN" ID="1469292">
                <layer rank="1" name="BNC">
                    <label end="8" start="0" name="AV0"/>
                    <label end="10" start="10" name="PUN"/>
                    <label end="18" start="12" name="NN1-VVB"/>
                    <label end="21" start="20" name="CJC"/>
                    <label end="31" start="23" name="NN1"/>
                    <label end="34" start="33" name="PRF"/>
                    <label end="38" start="36" name="AT0"/>
                    <label end="43" start="40" name="NN2"/>
                    <label end="47" start="45" name="VBD"/>
                    <label end="58" start="49" name="AJ0"/>
                    <label end="63" start="60" name="AV0"/>
                    <label end="70" start="65" name="CJS-PRP"/>
                    <label end="77" start="72" name="NP0"/>
                    <label end="82" start="79" name="VVD"/>
                    <label end="88" start="84" name="NN1"/>
                    <label end="90" start="90" name="PUN"/>
                </layer>
            </annotationSet>
            <annotationSet cDate="01/07/2003 10:51:29 PST Tue" status="MANUAL" ID="1469293">
                <layer rank="1" name="FE">
                    <label cBy="618" feID="202" end="43" start="33" name="Content"/>
                </layer>
                <layer rank="1" name="GF">
                    <label end="43" start="33" name="Dep"/>
                </layer>
                <layer rank="1" name="PT">
                    <label end="43" start="33" name="PP"/>
                </layer>
                <layer rank="1" name="Sent"/>
                <layer rank="1" name="Other"/>
                <layer rank="1" name="Target">
                    <label cBy="103" end="18" start="12" name="Target"/>
                </layer>
                <layer rank="1" name="Noun"/>
            </annotationSet>
        </sentence>
        <sentence sentNo="0" aPos="11086211" ID="1008346">
            <text>The public 's dislike of unprincipled press behaviour has sometimes been expressed in the award of erratically large libel damages . </text>
            <annotationSet cDate="01/07/2003 10:51:29 PST Tue" status="UNANN" ID="1469300">
                <layer rank="1" name="BNC">
                    <label end="2" start="0" name="AT0"/>
                    <label end="9" start="4" name="NN0"/>
                    <label end="12" start="11" name="POS"/>
                    <label end="20" start="14" name="NN1"/>
                    <label end="23" start="22" name="PRF"/>
                    <label end="36" start="25" name="AJ0"/>
                    <label end="42" start="38" name="NN0"/>
                    <label end="52" start="44" name="NN1"/>
                    <label end="56" start="54" name="VHZ"/>
                    <label end="66" start="58" name="AV0"/>
                    <label end="71" start="68" name="VBN"/>
                    <label end="81" start="73" name="VVN"/>
                    <label end="84" start="83" name="PRP"/>
                    <label end="88" start="86" name="AT0"/>
                    <label end="94" start="90" name="NN1"/>
                    <label end="97" start="96" name="PRF"/>
                    <label end="109" start="99" name="AV0"/>
                    <label end="115" start="111" name="AJ0"/>
                    <label end="121" start="117" name="NN1"/>
                    <label end="129" start="123" name="NN2-VVZ"/>
                    <label end="131" start="131" name="PUN"/>
                </layer>
            </annotationSet>
            <annotationSet cDate="01/07/2003 10:51:29 PST Tue" status="MANUAL" ID="1469301">
                <layer rank="1" name="FE">
                    <label cBy="618" feID="201" end="12" start="0" name="Experiencer"/>
                    <label cBy="618" feID="202" end="52" start="22" name="Content"/>
                </layer>
                <layer rank="1" name="GF">
                    <label end="12" start="0" name="Gen"/>
                    <label end="52" start="22" name="Dep"/>
                </layer>
                <layer rank="1" name="PT">
                    <label end="12" start="0" name="Poss"/>
                    <label end="52" start="22" name="PP"/>
                </layer>
                <layer rank="1" name="Sent"/>
                <layer rank="1" name="Other"/>
                <layer rank="1" name="Target">
                    <label cBy="103" end="20" start="14" name="Target"/>
                </layer>
                <layer rank="1" name="Noun"/>
            </annotationSet>
        </sentence>
        <sentence sentNo="0" aPos="12027459" ID="1008348">
            <text>On top of the familiar arguments against nuclear power , the PWR had added a mixture of nationalism and dislike for American economic imperialism . </text>
            <annotationSet cDate="01/07/2003 10:51:29 PST Tue" status="UNANN" ID="1469304">
                <layer rank="1" name="BNC">
                    <label end="1" start="0" name="PRP"/>
                    <label end="5" start="3" name="PRP"/>
                    <label end="8" start="7" name="PRP"/>
                    <label end="12" start="10" name="AT0"/>
                    <label end="21" start="14" name="AJ0"/>
                    <label end="31" start="23" name="NN2"/>
                    <label end="39" start="33" name="PRP"/>
                    <label end="47" start="41" name="AJ0"/>
                    <label end="53" start="49" name="NN1"/>
                    <label end="55" start="55" name="PUN"/>
                    <label end="59" start="57" name="AT0"/>
                    <label end="63" start="61" name="NN0"/>
                    <label end="67" start="65" name="VHD"/>
                    <label end="73" start="69" name="VVN"/>
                    <label end="75" start="75" name="AT0"/>
                    <label end="83" start="77" name="NN1"/>
                    <label end="86" start="85" name="PRF"/>
                    <label end="98" start="88" name="NN1"/>
                    <label end="102" start="100" name="CJC"/>
                    <label end="110" start="104" name="NN1-VVB"/>
                    <label end="114" start="112" name="PRP"/>
                    <label end="123" start="116" name="AJ0"/>
                    <label end="132" start="125" name="AJ0"/>
                    <label end="144" start="134" name="NN1"/>
                    <label end="146" start="146" name="PUN"/>
                </layer>
            </annotationSet>
            <annotationSet cDate="01/07/2003 10:51:29 PST Tue" status="MANUAL" ID="1469305">
                <layer rank="1" name="FE">
                    <label cBy="618" feID="202" end="144" start="112" name="Content"/>
                </layer>
                <layer rank="1" name="GF">
                    <label end="144" start="112" name="Dep"/>
                </layer>
                <layer rank="1" name="PT">
                    <label end="144" start="112" name="PP"/>
                </layer>
                <layer rank="1" name="Sent"/>
                <layer rank="1" name="Other"/>
                <layer rank="1" name="Target">
                    <label cBy="103" end="110" start="104" name="Target"/>
                </layer>
                <layer rank="1" name="Noun"/>
            </annotationSet>
        </sentence>
        <sentence sentNo="0" aPos="17414217" ID="1008358">
            <text>I have a great deal of sympathy for Karl Popper 's confessed life-long dislike about theorising about God . </text>
            <annotationSet cDate="01/07/2003 10:51:30 PST Tue" status="UNANN" ID="1469324">
                <layer rank="1" name="BNC">
                    <label end="0" start="0" name="PNP"/>
                    <label end="5" start="2" name="VHB"/>
                    <label end="7" start="7" name="AT0"/>
                    <label end="13" start="9" name="AJ0"/>
                    <label end="18" start="15" name="NN1"/>
                    <label end="21" start="20" name="PRF"/>
                    <label end="30" start="23" name="NN1"/>
                    <label end="34" start="32" name="PRP"/>
                    <label end="39" start="36" name="NP0"/>
                    <label end="46" start="41" name="NN1-NP0"/>
                    <label end="49" start="48" name="VHZ"/>
                    <label end="59" start="51" name="VVN"/>
                    <label end="69" start="61" name="AJ0"/>
                    <label end="77" start="71" name="NN1"/>
                    <label end="83" start="79" name="PRP"/>
                    <label end="94" start="85" name="VVG"/>
                    <label end="100" start="96" name="PRP"/>
                    <label end="104" start="102" name="NP0"/>
                    <label end="106" start="106" name="PUN"/>
                </layer>
            </annotationSet>
            <annotationSet cDate="01/07/2003 10:51:31 PST Tue" status="MANUAL" ID="1469325">
                <layer rank="1" name="FE">
                    <label cBy="618" feID="201" end="49" start="36" name="Experiencer"/>
                    <label cBy="618" feID="202" end="104" start="79" name="Content"/>
                </layer>
                <layer rank="1" name="GF">
                    <label end="49" start="36" name="Ext"/>
                    <label end="104" start="79" name="Dep"/>
                </layer>
                <layer rank="1" name="PT">
                    <label end="49" start="36" name="NP"/>
                    <label end="104" start="79" name="PPing"/>
                </layer>
                <layer rank="1" name="Sent"/>
                <layer rank="1" name="Other"/>
                <layer rank="1" name="Target">
                    <label cBy="103" end="77" start="71" name="Target"/>
                </layer>
                <layer rank="1" name="Noun"/>
            </annotationSet>
        </sentence>
        <sentence sentNo="0" aPos="20000546" ID="1008361">
            <text>This dislike of words is apparent from the scorn she pours on the value of the different levels built into words . </text>
            <annotationSet cDate="01/07/2003 10:51:31 PST Tue" status="UNANN" ID="1469330">
                <layer rank="1" name="BNC">
                    <label end="3" start="0" name="DT0"/>
                    <label end="11" start="5" name="NN1"/>
                    <label end="14" start="13" name="PRF"/>
                    <label end="20" start="16" name="NN2"/>
                    <label end="23" start="22" name="VBZ"/>
                    <label end="32" start="25" name="AJ0"/>
                    <label end="37" start="34" name="PRP"/>
                    <label end="41" start="39" name="AT0"/>
                    <label end="47" start="43" name="NN1"/>
                    <label end="51" start="49" name="PNP"/>
                    <label end="57" start="53" name="VVZ"/>
                    <label end="60" start="59" name="PRP"/>
                    <label end="64" start="62" name="AT0"/>
                    <label end="70" start="66" name="NN1"/>
                    <label end="73" start="72" name="PRF"/>
                    <label end="77" start="75" name="AT0"/>
                    <label end="87" start="79" name="AJ0"/>
                    <label end="94" start="89" name="NN2"/>
                    <label end="100" start="96" name="VVD-VVN"/>
                    <label end="105" start="102" name="PRP"/>
                    <label end="111" start="107" name="NN2"/>
                    <label end="113" start="113" name="PUN"/>
                </layer>
            </annotationSet>
            <annotationSet cDate="01/07/2003 10:51:31 PST Tue" status="MANUAL" ID="1469331">
                <layer rank="1" name="FE">
                    <label cBy="618" feID="202" end="20" start="13" name="Content"/>
                </layer>
                <layer rank="1" name="GF">
                    <label end="20" start="13" name="Dep"/>
                </layer>
                <layer rank="1" name="PT">
                    <label end="20" start="13" name="PP"/>
                </layer>
                <layer rank="1" name="Sent"/>
                <layer rank="1" name="Other"/>
                <layer rank="1" name="Target">
                    <label cBy="103" end="11" start="5" name="Target"/>
                </layer>
                <layer rank="1" name="Noun"/>
            </annotationSet>
        </sentence>
        <sentence sentNo="0" aPos="26981274" ID="1008372">
            <text>In many pregnant women , this shows up in the form of food aversions -- a strong dislike for dishes or drinks previously enjoyed . </text>
            <annotationSet cDate="01/07/2003 10:51:32 PST Tue" status="UNANN" ID="1469352">
                <layer rank="1" name="BNC">
                    <label end="1" start="0" name="PRP"/>
                    <label end="6" start="3" name="DT0"/>
                    <label end="15" start="8" name="AJ0"/>
                    <label end="21" start="17" name="NN2"/>
                    <label end="23" start="23" name="PUN"/>
                    <label end="28" start="25" name="DT0"/>
                    <label end="34" start="30" name="VVZ"/>
                    <label end="37" start="36" name="AVP"/>
                    <label end="40" start="39" name="PRP"/>
                    <label end="44" start="42" name="AT0"/>
                    <label end="49" start="46" name="NN1"/>
                    <label end="52" start="51" name="PRF"/>
                    <label end="57" start="54" name="NN1"/>
                    <label end="67" start="59" name="NN2"/>
                    <label end="70" start="69" name="PUN"/>
                    <label end="72" start="72" name="AT0"/>
                    <label end="79" start="74" name="AJ0"/>
                    <label end="87" start="81" name="NN1"/>
                    <label end="91" start="89" name="PRP"/>
                    <label end="98" start="93" name="NN2"/>
                    <label end="101" start="100" name="CJC"/>
                    <label end="108" start="103" name="NN2-VVZ"/>
                    <label end="119" start="110" name="AV0"/>
                    <label end="127" start="121" name="VVD-VVN"/>
                    <label end="129" start="129" name="PUN"/>
                </layer>
            </annotationSet>
            <annotationSet cDate="01/07/2003 10:51:32 PST Tue" status="MANUAL" ID="1469353">
                <layer rank="1" name="FE">
                    <label cBy="618" feID="2137" end="79" start="74" name="Degree"/>
                    <label cBy="618" feID="202" end="127" start="89" name="Content"/>
                </layer>
                <layer rank="1" name="GF">
                    <label end="79" start="74" name="Dep"/>
                    <label end="127" start="89" name="Dep"/>
                </layer>
                <layer rank="1" name="PT">
                    <label end="79" start="74" name="AJP"/>
                    <label end="127" start="89" name="PP"/>
                </layer>
                <layer rank="1" name="Sent"/>
                <layer rank="1" name="Other"/>
                <layer rank="1" name="Target">
                    <label cBy="103" end="87" start="81" name="Target"/>
                </layer>
                <layer rank="1" name="Noun"/>
            </annotationSet>
        </sentence>
        <sentence sentNo="0" aPos="30511724" ID="1008376">
            <text>All of them seemed to have in common a cold dislike of children and a determination to do as little as possible for their inadequate wages . </text>
            <annotationSet cDate="01/07/2003 10:51:32 PST Tue" status="UNANN" ID="1469360">
                <layer rank="1" name="BNC">
                    <label end="2" start="0" name="DT0"/>
                    <label end="5" start="4" name="PRF"/>
                    <label end="10" start="7" name="PNP"/>
                    <label end="17" start="12" name="VVD"/>
                    <label end="20" start="19" name="TO0"/>
                    <label end="25" start="22" name="VHI"/>
                    <label end="28" start="27" name="AV0"/>
                    <label end="35" start="30" name="AV0"/>
                    <label end="37" start="37" name="AT0"/>
                    <label end="42" start="39" name="AJ0-NN1"/>
                    <label end="50" start="44" name="NN1"/>
                    <label end="53" start="52" name="PRF"/>
                    <label end="62" start="55" name="NN2"/>
                    <label end="66" start="64" name="CJC"/>
                    <label end="68" start="68" name="AT0"/>
                    <label end="82" start="70" name="NN1"/>
                    <label end="85" start="84" name="TO0"/>
                    <label end="88" start="87" name="VDI"/>
                    <label end="91" start="90" name="AV0"/>
                    <label end="98" start="93" name="AJ0-AV0"/>
                    <label end="101" start="100" name="CJS"/>
                    <label end="110" start="103" name="AJ0"/>
                    <label end="114" start="112" name="PRP"/>
                    <label end="120" start="116" name="DPS"/>
                    <label end="131" start="122" name="AJ0"/>
                    <label end="137" start="133" name="NN2"/>
                    <label end="139" start="139" name="PUN"/>
                </layer>
            </annotationSet>
            <annotationSet cDate="01/07/2003 10:51:33 PST Tue" status="MANUAL" ID="1469361">
                <layer rank="1" name="FE">
                    <label cBy="618" feID="2138" end="42" start="39" name="Manner"/>
                    <label cBy="618" feID="202" end="62" start="52" name="Content"/>
                </layer>
                <layer rank="1" name="GF">
                    <label end="42" start="39" name="Dep"/>
                    <label end="62" start="52" name="Dep"/>
                </layer>
                <layer rank="1" name="PT">
                    <label end="42" start="39" name="AJP"/>
                    <label end="62" start="52" name="PP"/>
                </layer>
                <layer rank="1" name="Sent"/>
                <layer rank="1" name="Other"/>
                <layer rank="1" name="Target">
                    <label cBy="103" end="50" start="44" name="Target"/>
                </layer>
                <layer rank="1" name="Noun"/>
            </annotationSet>
        </sentence>
        <sentence sentNo="0" aPos="53877021" ID="1008404">
            <text>She gazes at it in mild dislike . </text>
            <annotationSet cDate="01/07/2003 10:51:36 PST Tue" status="UNANN" ID="1469416">
                <layer rank="1" name="BNC">
                    <label end="2" start="0" name="PNP"/>
                    <label end="8" start="4" name="VVZ"/>
                    <label end="11" start="10" name="PRP"/>
                    <label end="14" start="13" name="PNP"/>
                    <label end="17" start="16" name="PRP"/>
                    <label end="22" start="19" name="AJ0"/>
                    <label end="30" start="24" name="NN1"/>
                    <label end="32" start="32" name="PUN"/>
                </layer>
            </annotationSet>
            <annotationSet cDate="01/07/2003 10:51:36 PST Tue" status="MANUAL" ID="1469417">
                <layer rank="1" name="FE">
                    <label cBy="618" feID="2137" end="22" start="19" name="Degree"/>
                </layer>
                <layer rank="1" name="GF">
                    <label end="22" start="19" name="Dep"/>
                </layer>
                <layer rank="1" name="PT">
                    <label end="22" start="19" name="AJP"/>
                </layer>
                <layer rank="1" name="Sent"/>
                <layer rank="1" name="Other"/>
                <layer rank="1" name="Target">
                    <label cBy="103" end="30" start="24" name="Target"/>
                </layer>
                <layer rank="1" name="Noun"/>
            </annotationSet>
        </sentence>
        <sentence sentNo="0" aPos="57110372" ID="1008408">
            <text>Secure in his dislike of her , he was in control . </text>
            <annotationSet cDate="01/07/2003 10:51:36 PST Tue" status="UNANN" ID="1469424">
                <layer rank="1" name="BNC">
                    <label end="5" start="0" name="VVB"/>
                    <label end="8" start="7" name="PRP"/>
                    <label end="12" start="10" name="DPS"/>
                    <label end="20" start="14" name="NN1"/>
                    <label end="23" start="22" name="PRF"/>
                    <label end="27" start="25" name="PNP"/>
                    <label end="29" start="29" name="PUN"/>
                    <label end="32" start="31" name="PNP"/>
                    <label end="36" start="34" name="VBD"/>
                    <label end="39" start="38" name="PRP"/>
                    <label end="47" start="41" name="NN1"/>
                    <label end="49" start="49" name="PUN"/>
                </layer>
            </annotationSet>
            <annotationSet cDate="01/07/2003 10:51:36 PST Tue" status="MANUAL" ID="1469425">
                <layer rank="1" name="FE">
                    <label cBy="618" feID="201" end="12" start="10" name="Experiencer"/>
                    <label cBy="618" feID="202" end="27" start="22" name="Content"/>
                </layer>
                <layer rank="1" name="GF">
                    <label end="12" start="10" name="Gen"/>
                    <label end="27" start="22" name="Dep"/>
                </layer>
                <layer rank="1" name="PT">
                    <label end="12" start="10" name="Poss"/>
                    <label end="27" start="22" name="PP"/>
                </layer>
                <layer rank="1" name="Sent"/>
                <layer rank="1" name="Other"/>
                <layer rank="1" name="Target">
                    <label cBy="103" end="20" start="14" name="Target"/>
                </layer>
                <layer rank="1" name="Noun"/>
            </annotationSet>
        </sentence>
        <sentence sentNo="0" aPos="60905001" ID="1008419">
            <text>He , rightly in my view , expresses his dislike for the constant advertisements . </text>
            <annotationSet cDate="01/07/2003 10:51:37 PST Tue" status="UNANN" ID="1469446">
                <layer rank="1" name="BNC">
                    <label end="1" start="0" name="PNP"/>
                    <label end="3" start="3" name="PUN"/>
                    <label end="11" start="5" name="AV0"/>
                    <label end="14" start="13" name="PRP"/>
                    <label end="17" start="16" name="DPS"/>
                    <label end="22" start="19" name="NN1"/>
                    <label end="24" start="24" name="PUN"/>
                    <label end="34" start="26" name="VVZ"/>
                    <label end="38" start="36" name="DPS"/>
                    <label end="46" start="40" name="NN1"/>
                    <label end="50" start="48" name="PRP"/>
                    <label end="54" start="52" name="AT0"/>
                    <label end="63" start="56" name="AJ0"/>
                    <label end="78" start="65" name="NN2"/>
                    <label end="80" start="80" name="PUN"/>
                </layer>
            </annotationSet>
            <annotationSet cDate="01/07/2003 10:51:37 PST Tue" status="MANUAL" ID="1469447">
                <layer rank="1" name="FE">
                    <label cBy="618" feID="201" end="38" start="36" name="Experiencer"/>
                    <label cBy="618" feID="202" end="78" start="48" name="Content"/>
                </layer>
                <layer rank="1" name="GF">
                    <label end="38" start="36" name="Gen"/>
                    <label end="78" start="48" name="Dep"/>
                </layer>
                <layer rank="1" name="PT">
                    <label end="38" start="36" name="Poss"/>
                    <label end="78" start="48" name="PP"/>
                </layer>
                <layer rank="1" name="Sent"/>
                <layer rank="1" name="Other"/>
                <layer rank="1" name="Target">
                    <label cBy="103" end="46" start="40" name="Target"/>
                </layer>
                <layer rank="1" name="Noun">
                    <label end="34" start="26" name="Gov"/>
                    <label end="78" start="36" name="X"/>
                </layer>
            </annotationSet>
        </sentence>
        <sentence sentNo="0" aPos="73905827" ID="1008437">
            <text>In spite of their mutual dislike and hostility , he had helped her discover abilities and a depth of feeling she had n't dreamed she possessed . </text>
            <annotationSet cDate="01/07/2003 10:51:41 PST Tue" status="UNANN" ID="1469482">
                <layer rank="1" name="BNC">
                    <label end="1" start="0" name="PRP"/>
                    <label end="7" start="3" name="PRP"/>
                    <label end="10" start="9" name="PRP"/>
                    <label end="16" start="12" name="DPS"/>
                    <label end="23" start="18" name="AJ0"/>
                    <label end="31" start="25" name="NN1"/>
                    <label end="35" start="33" name="CJC"/>
                    <label end="45" start="37" name="NN1"/>
                    <label end="47" start="47" name="PUN"/>
                    <label end="50" start="49" name="PNP"/>
                    <label end="54" start="52" name="VHD"/>
                    <label end="61" start="56" name="VVN"/>
                    <label end="65" start="63" name="DPS"/>
                    <label end="74" start="67" name="NN1-VVB"/>
                    <label end="84" start="76" name="NN2"/>
                    <label end="88" start="86" name="CJC"/>
                    <label end="90" start="90" name="AT0"/>
                    <label end="96" start="92" name="NN1"/>
                    <label end="99" start="98" name="PRF"/>
                    <label end="107" start="101" name="NN1-VVG"/>
                    <label end="111" start="109" name="PNP"/>
                    <label end="115" start="113" name="VHD"/>
                    <label end="119" start="117" name="XX0"/>
                    <label end="127" start="121" name="VVN"/>
                    <label end="131" start="129" name="PNP"/>
                    <label end="141" start="133" name="VVD"/>
                    <label end="143" start="143" name="PUN"/>
                </layer>
            </annotationSet>
            <annotationSet cDate="01/07/2003 10:51:41 PST Tue" status="MANUAL" ID="1469483">
                <layer rank="1" name="FE">
                    <label cBy="618" feID="201" end="16" start="12" name="Experiencer"/>
                    <label cBy="618" feID="202" end="23" start="18" name="Content"/>
                </layer>
                <layer rank="1" name="GF">
                    <label end="16" start="12" name="Gen"/>
                    <label end="23" start="18" name="Dep"/>
                </layer>
                <layer rank="1" name="PT">
                    <label end="16" start="12" name="Poss"/>
                    <label end="23" start="18" name="AJP"/>
                </layer>
                <layer rank="1" name="Sent"/>
                <layer rank="1" name="Other"/>
                <layer rank="1" name="Target">
                    <label cBy="103" end="31" start="25" name="Target"/>
                </layer>
                <layer rank="1" name="Noun"/>
            </annotationSet>
        </sentence>
        <sentence sentNo="0" aPos="74250518" ID="1008439">
            <text>Above all , his dislike of women developed into a hatred . </text>
            <annotationSet cDate="01/07/2003 10:51:42 PST Tue" status="UNANN" ID="1469486">
                <layer rank="1" name="BNC">
                    <label end="4" start="0" name="PRP"/>
                    <label end="8" start="6" name="DT0"/>
                    <label end="10" start="10" name="PUN"/>
                    <label end="14" start="12" name="DPS"/>
                    <label end="22" start="16" name="NN1"/>
                    <label end="25" start="24" name="PRF"/>
                    <label end="31" start="27" name="NN2"/>
                    <label end="41" start="33" name="VVD-VVN"/>
                    <label end="46" start="43" name="PRP"/>
                    <label end="48" start="48" name="AT0"/>
                    <label end="55" start="50" name="NN1"/>
                    <label end="57" start="57" name="PUN"/>
                </layer>
            </annotationSet>
            <annotationSet cDate="01/07/2003 10:51:42 PST Tue" status="MANUAL" ID="1469487">
                <layer rank="1" name="FE">
                    <label cBy="618" feID="201" end="14" start="12" name="Experiencer"/>
                    <label cBy="618" feID="202" end="31" start="24" name="Content"/>
                </layer>
                <layer rank="1" name="GF">
                    <label end="14" start="12" name="Gen"/>
                    <label end="31" start="24" name="Dep"/>
                </layer>
                <layer rank="1" name="PT">
                    <label end="14" start="12" name="Poss"/>
                    <label end="31" start="24" name="PP"/>
                </layer>
                <layer rank="1" name="Sent"/>
                <layer rank="1" name="Other"/>
                <layer rank="1" name="Target">
                    <label cBy="103" end="22" start="16" name="Target"/>
                </layer>
                <layer rank="1" name="Noun"/>
            </annotationSet>
        </sentence>
        <sentence sentNo="0" aPos="74516196" ID="1008441">
            <text>He smothered his dislike and said in a gossiping tone , ` Actually , I 'm rather in need of a bit of specialist help at the moment . &quot; </text>
            <annotationSet cDate="01/07/2003 10:51:42 PST Tue" status="UNANN" ID="1469490">
                <layer rank="1" name="BNC">
                    <label end="1" start="0" name="PNP"/>
                    <label end="11" start="3" name="VVD"/>
                    <label end="15" start="13" name="DPS"/>
                    <label end="23" start="17" name="NN1"/>
                    <label end="27" start="25" name="CJC"/>
                    <label end="32" start="29" name="VVD"/>
                    <label end="35" start="34" name="PRP"/>
                    <label end="37" start="37" name="AT0"/>
                    <label end="47" start="39" name="AJ0"/>
                    <label end="52" start="49" name="NN1"/>
                    <label end="54" start="54" name="PUN"/>
                    <label end="56" start="56" name="PUQ"/>
                    <label end="65" start="58" name="AV0"/>
                    <label end="67" start="67" name="PUN"/>
                    <label end="69" start="69" name="PNP"/>
                    <label end="72" start="71" name="VBB"/>
                    <label end="79" start="74" name="AV0"/>
                    <label end="82" start="81" name="PRP"/>
                    <label end="87" start="84" name="PRP"/>
                    <label end="90" start="89" name="PRP"/>
                    <label end="92" start="92" name="AT0"/>
                    <label end="96" start="94" name="NN1"/>
                    <label end="99" start="98" name="PRF"/>
                    <label end="110" start="101" name="AJ0"/>
                    <label end="115" start="112" name="NN1"/>
                    <label end="118" start="117" name="PRP"/>
                    <label end="122" start="120" name="AT0"/>
                    <label end="129" start="124" name="NN1"/>
                    <label end="131" start="131" name="PUN"/>
                    <label end="133" start="133" name="PUQ"/>
                </layer>
            </annotationSet>
            <annotationSet cDate="01/07/2003 10:51:42 PST Tue" status="MANUAL" ID="1469491">
                <layer rank="1" name="FE">
                    <label cBy="618" feID="201" end="15" start="13" name="Experiencer"/>
                </layer>
                <layer rank="1" name="GF">
                    <label end="15" start="13" name="Gen"/>
                </layer>
                <layer rank="1" name="PT">
                    <label end="15" start="13" name="Poss"/>
                </layer>
                <layer rank="1" name="Sent"/>
                <layer rank="1" name="Other"/>
                <layer rank="1" name="Target">
                    <label cBy="103" end="23" start="17" name="Target"/>
                </layer>
                <layer rank="1" name="Noun">
                    <label end="11" start="3" name="Gov"/>
                    <label end="23" start="13" name="X"/>
                </layer>
            </annotationSet>
        </sentence>
        <sentence sentNo="0" aPos="83705683" ID="1008461">
            <text>You are undoubtedly a good administrator , but you are in danger of allowing your judgement to become warped by your obvious dislike of Agent Red Sixteen . </text>
            <annotationSet cDate="01/07/2003 10:51:44 PST Tue" status="UNANN" ID="1469530">
                <layer rank="1" name="BNC">
                    <label end="2" start="0" name="PNP"/>
                    <label end="6" start="4" name="VBB"/>
                    <label end="18" start="8" name="AV0"/>
                    <label end="20" start="20" name="AT0"/>
                    <label end="25" start="22" name="AJ0"/>
                    <label end="39" start="27" name="NN1"/>
                    <label end="41" start="41" name="PUN"/>
                    <label end="45" start="43" name="CJC"/>
                    <label end="49" start="47" name="PNP"/>
                    <label end="53" start="51" name="VBB"/>
                    <label end="56" start="55" name="PRP"/>
                    <label end="63" start="58" name="NN1"/>
                    <label end="66" start="65" name="PRF"/>
                    <label end="75" start="68" name="VVG"/>
                    <label end="80" start="77" name="DPS"/>
                    <label end="90" start="82" name="NN1"/>
                    <label end="93" start="92" name="TO0"/>
                    <label end="100" start="95" name="VVI"/>
                    <label end="107" start="102" name="AJ0-VVN"/>
                    <label end="110" start="109" name="PRP"/>
                    <label end="115" start="112" name="DPS"/>
                    <label end="123" start="117" name="AJ0"/>
                    <label end="131" start="125" name="NN1"/>
                    <label end="134" start="133" name="PRF"/>
                    <label end="140" start="136" name="NN1"/>
                    <label end="144" start="142" name="AJ0-NN1"/>
                    <label end="152" start="146" name="NP0"/>
                    <label end="154" start="154" name="PUN"/>
                </layer>
            </annotationSet>
            <annotationSet cDate="01/07/2003 10:51:44 PST Tue" status="MANUAL" ID="1469531">
                <layer rank="1" name="FE">
                    <label cBy="618" feID="201" end="115" start="112" name="Experiencer"/>
                    <label cBy="618" feID="2138" end="123" start="117" name="Manner"/>
                    <label cBy="618" feID="202" end="152" start="133" name="Content"/>
                </layer>
                <layer rank="1" name="GF">
                    <label end="115" start="112" name="Gen"/>
                    <label end="123" start="117" name="Dep"/>
                    <label end="152" start="133" name="Dep"/>
                </layer>
                <layer rank="1" name="PT">
                    <label end="115" start="112" name="Poss"/>
                    <label end="123" start="117" name="AJP"/>
                    <label end="152" start="133" name="PP"/>
                </layer>
                <layer rank="1" name="Sent"/>
                <layer rank="1" name="Other"/>
                <layer rank="1" name="Target">
                    <label cBy="103" end="131" start="125" name="Target"/>
                </layer>
                <layer rank="1" name="Noun"/>
            </annotationSet>
        </sentence>
        <sentence sentNo="0" aPos="101601759" ID="1008480">
            <text>Leonora gave him a look of active dislike . </text>
            <annotationSet cDate="01/07/2003 10:51:46 PST Tue" status="UNANN" ID="1469568">
                <layer rank="1" name="BNC">
                    <label end="6" start="0" name="NN1-NP0"/>
                    <label end="11" start="8" name="VVD"/>
                    <label end="15" start="13" name="PNP"/>
                    <label end="17" start="17" name="AT0"/>
                    <label end="22" start="19" name="NN1"/>
                    <label end="25" start="24" name="PRF"/>
                    <label end="32" start="27" name="AJ0"/>
                    <label end="40" start="34" name="NN1"/>
                    <label end="42" start="42" name="PUN"/>
                </layer>
            </annotationSet>
            <annotationSet cDate="01/07/2003 10:51:46 PST Tue" status="MANUAL" ID="1469569">
                <layer rank="1" name="FE">
                    <label cBy="618" feID="2138" end="32" start="27" name="Manner"/>
                </layer>
                <layer rank="1" name="GF">
                    <label end="32" start="27" name="Dep"/>
                </layer>
                <layer rank="1" name="PT">
                    <label end="32" start="27" name="AJP"/>
                </layer>
                <layer rank="1" name="Sent"/>
                <layer rank="1" name="Other"/>
                <layer rank="1" name="Target">
                    <label cBy="103" end="40" start="34" name="Target"/>
                </layer>
                <layer rank="1" name="Noun"/>
            </annotationSet>
        </sentence>
    </subCorpus>
</lexUnit>