<?xml version="1.0" encoding="UTF-8" standalone="yes"?>
<?xml-stylesheet type="text/xsl" href="lexUnit.xsl"?>
<lexUnit status="Finished_Initial" POS="A" name="predisposed.a" ID="6676" frame="Inclination" frameID="377" totalAnnotated="5" xsi:schemaLocation="../schema/lexUnit.xsd" xmlns="http://framenet.icsi.berkeley.edu" xmlns:xsi="http://www.w3.org/2001/XMLSchema-instance">
    <header>
        <frame>
            <FE fgColor="FFFFFF" bgColor="0000FF" type="Extra-Thematic" abbrev="Basis" name="Basis"/>
            <FE fgColor="FFFFFF" bgColor="006400" type="Core-Unexpressed" abbrev="Behavior" name="Behavior"/>
            <FE fgColor="000000" bgColor="FFD700" type="Extra-Thematic" abbrev="" name="Containing_Event"/>
            <FE fgColor="FFFFFF" bgColor="FF69B4" type="Peripheral" abbrev="Degree" name="Degree"/>
            <FE fgColor="FFFFFF" bgColor="800080" type="Core" abbrev="Entity" name="Entity"/>
        </frame>
    </header>
    <definition>FN: being disposed in advance</definition>
    <lexeme POS="A" name="predisposed"/>
    <valences>
        <FERealization total="1">
            <FE name="Basis"/>
            <pattern total="1">
                <valenceUnit GF="Dep" PT="AVP" FE="Basis"/>
                <annoSet ID="1454565"/>
            </pattern>
        </FERealization>
        <FERealization total="5">
            <FE name="Behavior"/>
            <pattern total="2">
                <valenceUnit GF="" PT="DNI" FE="Behavior"/>
                <annoSet ID="1454555"/>
                <annoSet ID="1454565"/>
            </pattern>
            <pattern total="3">
                <valenceUnit GF="Dep" PT="VPto" FE="Behavior"/>
                <annoSet ID="1454553"/>
                <annoSet ID="1454561"/>
                <annoSet ID="1454563"/>
            </pattern>
        </FERealization>
        <FERealization total="5">
            <FE name="Entity"/>
            <pattern total="2">
                <valenceUnit GF="Head" PT="N" FE="Entity"/>
                <annoSet ID="1454555"/>
                <annoSet ID="1454565"/>
            </pattern>
            <pattern total="3">
                <valenceUnit GF="Ext" PT="NP" FE="Entity"/>
                <annoSet ID="1454553"/>
                <annoSet ID="1454561"/>
                <annoSet ID="1454563"/>
            </pattern>
        </FERealization>
        <FEGroupRealization total="1">
            <FE name="Basis"/>
            <FE name="Behavior"/>
            <FE name="Entity"/>
            <pattern total="1">
                <valenceUnit GF="Dep" PT="AVP" FE="Basis"/>
                <valenceUnit GF="" PT="DNI" FE="Behavior"/>
                <valenceUnit GF="Head" PT="N" FE="Entity"/>
                <annoSet ID="1454565"/>
            </pattern>
        </FEGroupRealization>
        <FEGroupRealization total="4">
            <FE name="Behavior"/>
            <FE name="Entity"/>
            <pattern total="1">
                <valenceUnit GF="" PT="DNI" FE="Behavior"/>
                <valenceUnit GF="Head" PT="N" FE="Entity"/>
                <annoSet ID="1454555"/>
            </pattern>
            <pattern total="3">
                <valenceUnit GF="Dep" PT="VPto" FE="Behavior"/>
                <valenceUnit GF="Ext" PT="NP" FE="Entity"/>
                <annoSet ID="1454553"/>
                <annoSet ID="1454561"/>
                <annoSet ID="1454563"/>
            </pattern>
        </FEGroupRealization>
    </valences>
    <subCorpus name="A-001-all">
        <sentence sentNo="0" aPos="33391079" ID="1000972">
            <text>Third , it seems that most adults are predisposed to respond to infants as social beings , and they are prepared to spend a considerable amount of time and energy in establishing a degree of social rapport . </text>
            <annotationSet cDate="01/07/2003 10:34:42 PST Tue" status="UNANN" ID="1454552">
                <layer rank="1" name="BNC">
                    <label end="4" start="0" name="ORD"/>
                    <label end="6" start="6" name="PUN"/>
                    <label end="9" start="8" name="PNP"/>
                    <label end="15" start="11" name="VVZ"/>
                    <label end="20" start="17" name="CJT"/>
                    <label end="25" start="22" name="DT0"/>
                    <label end="32" start="27" name="NN2"/>
                    <label end="36" start="34" name="VBB"/>
                    <label end="48" start="38" name="AJ0-VVN"/>
                    <label end="51" start="50" name="TO0"/>
                    <label end="59" start="53" name="VVI"/>
                    <label end="62" start="61" name="PRP"/>
                    <label end="70" start="64" name="NN2"/>
                    <label end="73" start="72" name="AV0"/>
                    <label end="80" start="75" name="AJ0"/>
                    <label end="87" start="82" name="NN2"/>
                    <label end="89" start="89" name="PUN"/>
                    <label end="93" start="91" name="CJC"/>
                    <label end="98" start="95" name="PNP"/>
                    <label end="102" start="100" name="VBB"/>
                    <label end="111" start="104" name="AJ0-VVN"/>
                    <label end="114" start="113" name="TO0"/>
                    <label end="120" start="116" name="VVI"/>
                    <label end="122" start="122" name="AT0"/>
                    <label end="135" start="124" name="AJ0"/>
                    <label end="142" start="137" name="NN1"/>
                    <label end="145" start="144" name="PRF"/>
                    <label end="150" start="147" name="NN1"/>
                    <label end="154" start="152" name="CJC"/>
                    <label end="161" start="156" name="NN1"/>
                    <label end="164" start="163" name="PRP"/>
                    <label end="177" start="166" name="VVG"/>
                    <label end="179" start="179" name="AT0"/>
                    <label end="186" start="181" name="NN1"/>
                    <label end="189" start="188" name="PRF"/>
                    <label end="196" start="191" name="AJ0"/>
                    <label end="204" start="198" name="NN1"/>
                    <label end="206" start="206" name="PUN"/>
                </layer>
            </annotationSet>
            <annotationSet cDate="01/07/2003 10:34:42 PST Tue" status="MANUAL" ID="1454553">
                <layer rank="1" name="FE">
                    <label cBy="618" feID="3383" end="32" start="22" name="Entity"/>
                    <label cBy="618" feID="3384" end="87" start="50" name="Behavior"/>
                </layer>
                <layer rank="1" name="GF">
                    <label end="32" start="22" name="Ext"/>
                    <label end="87" start="50" name="Dep"/>
                </layer>
                <layer rank="1" name="PT">
                    <label end="32" start="22" name="NP"/>
                    <label end="87" start="50" name="VPto"/>
                </layer>
                <layer rank="1" name="Sent"/>
                <layer rank="1" name="Other"/>
                <layer rank="1" name="Target">
                    <label cBy="103" end="48" start="38" name="Target"/>
                </layer>
                <layer rank="1" name="Adj">
                    <label end="36" start="34" name="Cop"/>
                </layer>
            </annotationSet>
        </sentence>
        <sentence sentNo="0" aPos="48147798" ID="1000973">
            <text>These predisposed combinations are called co-occurrence relations or collocations , and account for a large proportion of English word combinations [ Smadja , 1989 ] . </text>
            <annotationSet cDate="01/07/2003 10:34:42 PST Tue" status="UNANN" ID="1454554">
                <layer rank="1" name="BNC">
                    <label end="4" start="0" name="DT0"/>
                    <label end="16" start="6" name="AJ0"/>
                    <label end="29" start="18" name="NN2"/>
                    <label end="33" start="31" name="VBB"/>
                    <label end="40" start="35" name="VVN"/>
                    <label end="54" start="42" name="NN1"/>
                    <label end="64" start="56" name="NN2"/>
                    <label end="67" start="66" name="CJC"/>
                    <label end="80" start="69" name="NN2"/>
                    <label end="82" start="82" name="PUN"/>
                    <label end="86" start="84" name="CJC"/>
                    <label end="94" start="88" name="NN1-VVB"/>
                    <label end="98" start="96" name="PRP"/>
                    <label end="100" start="100" name="AT0"/>
                    <label end="106" start="102" name="AJ0"/>
                    <label end="117" start="108" name="NN1"/>
                    <label end="120" start="119" name="PRF"/>
                    <label end="128" start="122" name="AJ0"/>
                    <label end="133" start="130" name="NN1"/>
                    <label end="146" start="135" name="NN2"/>
                    <label end="148" start="148" name="PUL"/>
                    <label end="155" start="150" name="NP0"/>
                    <label end="157" start="157" name="PUN"/>
                    <label end="162" start="159" name="CRD"/>
                    <label end="164" start="164" name="PUR"/>
                    <label end="166" start="166" name="PUN"/>
                </layer>
            </annotationSet>
            <annotationSet cDate="01/07/2003 10:34:43 PST Tue" status="MANUAL" ID="1454555">
                <layer rank="1" name="FE">
                    <label cBy="618" feID="3383" end="29" start="18" name="Entity"/>
                    <label cBy="296" feID="3384" itype="DNI" name="Behavior"/>
                </layer>
                <layer rank="1" name="GF">
                    <label end="29" start="18" name="Head"/>
                </layer>
                <layer rank="1" name="PT">
                    <label end="29" start="18" name="N"/>
                </layer>
                <layer rank="1" name="Sent"/>
                <layer rank="1" name="Other"/>
                <layer rank="1" name="Target">
                    <label cBy="103" end="16" start="6" name="Target"/>
                </layer>
                <layer rank="1" name="Adj"/>
            </annotationSet>
        </sentence>
        <sentence sentNo="0" aPos="70329130" ID="1000976">
            <text>The theory states that individuals possess certain characteristics so that they are predisposed to act in a certain way within a given situation . </text>
            <annotationSet cDate="01/07/2003 10:34:43 PST Tue" status="UNANN" ID="1454560">
                <layer rank="1" name="BNC">
                    <label end="2" start="0" name="AT0"/>
                    <label end="9" start="4" name="NN1"/>
                    <label end="16" start="11" name="VVZ"/>
                    <label end="21" start="18" name="CJT-DT0"/>
                    <label end="33" start="23" name="NN2"/>
                    <label end="41" start="35" name="VVB"/>
                    <label end="49" start="43" name="AJ0"/>
                    <label end="65" start="51" name="NN2"/>
                    <label end="68" start="67" name="CJS"/>
                    <label end="73" start="70" name="CJS"/>
                    <label end="78" start="75" name="PNP"/>
                    <label end="82" start="80" name="VBB"/>
                    <label end="94" start="84" name="AJ0-VVN"/>
                    <label end="97" start="96" name="TO0"/>
                    <label end="101" start="99" name="VVI"/>
                    <label end="104" start="103" name="PRP"/>
                    <label end="106" start="106" name="AT0"/>
                    <label end="114" start="108" name="AJ0"/>
                    <label end="118" start="116" name="NN1"/>
                    <label end="125" start="120" name="PRP"/>
                    <label end="127" start="127" name="AT0"/>
                    <label end="133" start="129" name="AJ0"/>
                    <label end="143" start="135" name="NN1"/>
                    <label end="145" start="145" name="PUN"/>
                </layer>
            </annotationSet>
            <annotationSet cDate="01/07/2003 10:34:43 PST Tue" status="MANUAL" ID="1454561">
                <layer rank="1" name="FE">
                    <label cBy="618" feID="3383" end="78" start="75" name="Entity"/>
                    <label cBy="618" feID="3384" end="143" start="96" name="Behavior"/>
                </layer>
                <layer rank="1" name="GF">
                    <label end="78" start="75" name="Ext"/>
                    <label end="143" start="96" name="Dep"/>
                </layer>
                <layer rank="1" name="PT">
                    <label end="78" start="75" name="NP"/>
                    <label end="143" start="96" name="VPto"/>
                </layer>
                <layer rank="1" name="Sent"/>
                <layer rank="1" name="Other"/>
                <layer rank="1" name="Target">
                    <label cBy="103" end="94" start="84" name="Target"/>
                </layer>
                <layer rank="1" name="Adj">
                    <label end="82" start="80" name="Cop"/>
                </layer>
            </annotationSet>
        </sentence>
        <sentence sentNo="0" aPos="77630624" ID="1000977">
            <text>The Government , he said , was not predisposed to pay attention and believed that no idea was worth listening to unless Ministers had thought of it themselves . </text>
            <annotationSet cDate="01/07/2003 10:34:43 PST Tue" status="UNANN" ID="1454562">
                <layer rank="1" name="BNC">
                    <label end="2" start="0" name="AT0"/>
                    <label end="13" start="4" name="NN0"/>
                    <label end="15" start="15" name="PUN"/>
                    <label end="18" start="17" name="PNP"/>
                    <label end="23" start="20" name="VVD"/>
                    <label end="25" start="25" name="PUN"/>
                    <label end="29" start="27" name="VBD"/>
                    <label end="33" start="31" name="XX0"/>
                    <label end="45" start="35" name="AJ0-VVN"/>
                    <label end="48" start="47" name="TO0"/>
                    <label end="52" start="50" name="VVI"/>
                    <label end="62" start="54" name="NN1"/>
                    <label end="66" start="64" name="CJC"/>
                    <label end="75" start="68" name="VVN"/>
                    <label end="80" start="77" name="CJT"/>
                    <label end="83" start="82" name="AT0"/>
                    <label end="88" start="85" name="NN1"/>
                    <label end="92" start="90" name="VBD"/>
                    <label end="98" start="94" name="PRP"/>
                    <label end="108" start="100" name="VVG"/>
                    <label end="111" start="110" name="AVP-PRP"/>
                    <label end="118" start="113" name="CJS"/>
                    <label end="128" start="120" name="NN2"/>
                    <label end="132" start="130" name="VHD"/>
                    <label end="140" start="134" name="VVN"/>
                    <label end="143" start="142" name="PRF"/>
                    <label end="146" start="145" name="PNP"/>
                    <label end="157" start="148" name="PNX"/>
                    <label end="159" start="159" name="PUN"/>
                </layer>
            </annotationSet>
            <annotationSet cDate="01/07/2003 10:34:43 PST Tue" status="MANUAL" ID="1454563">
                <layer rank="1" name="FE">
                    <label cBy="618" feID="3383" end="13" start="0" name="Entity"/>
                    <label cBy="618" feID="3384" end="62" start="47" name="Behavior"/>
                </layer>
                <layer rank="1" name="GF">
                    <label end="13" start="0" name="Ext"/>
                    <label end="62" start="47" name="Dep"/>
                </layer>
                <layer rank="1" name="PT">
                    <label end="13" start="0" name="NP"/>
                    <label end="62" start="47" name="VPto"/>
                </layer>
                <layer rank="1" name="Sent"/>
                <layer rank="1" name="Other"/>
                <layer rank="1" name="Target">
                    <label cBy="103" end="45" start="35" name="Target"/>
                </layer>
                <layer rank="1" name="Adj">
                    <label end="29" start="27" name="Cop"/>
                </layer>
            </annotationSet>
        </sentence>
        <sentence sentNo="0" aPos="91265944" ID="1000978">
            <text>Mucosal pathology in gluten sensitivity seems to be dependent on T cel lmediated reactivity in genetically predisposed subjects . </text>
            <annotationSet cDate="01/07/2003 10:34:43 PST Tue" status="UNANN" ID="1454564">
                <layer rank="1" name="BNC">
                    <label end="6" start="0" name="AJ0"/>
                    <label end="16" start="8" name="NN1"/>
                    <label end="19" start="18" name="PRP"/>
                    <label end="26" start="21" name="NN1"/>
                    <label end="38" start="28" name="NN1"/>
                    <label end="44" start="40" name="VVZ"/>
                    <label end="47" start="46" name="TO0"/>
                    <label end="50" start="49" name="VBI"/>
                    <label end="60" start="52" name="AJ0"/>
                    <label end="63" start="62" name="PRP"/>
                    <label end="65" start="65" name="ZZ0"/>
                    <label end="69" start="67" name="NN1-VVB"/>
                    <label end="79" start="71" name="AJ0"/>
                    <label end="90" start="81" name="NN1"/>
                    <label end="93" start="92" name="PRP"/>
                    <label end="105" start="95" name="AV0"/>
                    <label end="117" start="107" name="AJ0-VVD"/>
                    <label end="126" start="119" name="NN2"/>
                    <label end="128" start="128" name="PUN"/>
                </layer>
            </annotationSet>
            <annotationSet cDate="01/07/2003 10:34:43 PST Tue" status="MANUAL" ID="1454565">
                <layer rank="1" name="FE">
                    <label cBy="618" feID="3389" end="105" start="95" name="Basis"/>
                    <label cBy="618" feID="3383" end="126" start="119" name="Entity"/>
                    <label cBy="296" feID="3384" itype="DNI" name="Behavior"/>
                </layer>
                <layer rank="1" name="GF">
                    <label end="105" start="95" name="Dep"/>
                    <label end="126" start="119" name="Head"/>
                </layer>
                <layer rank="1" name="PT">
                    <label end="105" start="95" name="AVP"/>
                    <label end="126" start="119" name="N"/>
                </layer>
                <layer rank="1" name="Sent"/>
                <layer rank="1" name="Other"/>
                <layer rank="1" name="Target">
                    <label cBy="103" end="117" start="107" name="Target"/>
                </layer>
                <layer rank="1" name="Adj"/>
            </annotationSet>
        </sentence>
    </subCorpus>
</lexUnit>