<?xml version="1.0" encoding="UTF-8" standalone="yes"?>
<?xml-stylesheet type="text/xsl" href="lexUnit.xsl"?>
<lexUnit status="Created" POS="A" name="endangered.a" ID="6670" frame="Run_risk" frameID="378" totalAnnotated="0" xsi:schemaLocation="../schema/lexUnit.xsd" xmlns="http://framenet.icsi.berkeley.edu" xmlns:xsi="http://www.w3.org/2001/XMLSchema-instance">
    <header>
        <frame>
            <FE fgColor="000000" bgColor="00BFFF" type="Core" abbrev="Act" name="Action"/>
            <FE fgColor="FFFFFF" bgColor="0000FF" type="Core" abbrev="Asset" name="Asset"/>
            <FE fgColor="FFFFFF" bgColor="800080" type="Core" abbrev="Bad" name="Bad_outcome"/>
            <FE fgColor="000000" bgColor="FFD700" type="Extra-Thematic" abbrev="ben" name="Beneficiary"/>
            <FE fgColor="FFFFFF" bgColor="9400D3" type="Extra-Thematic" abbrev="cir" name="Circumstances"/>
            <FE fgColor="FFFFFF" bgColor="2E8B57" type="Extra-Thematic" abbrev="exp" name="Explanation"/>
            <FE fgColor="FFFFFF" bgColor="A52A2A" type="Extra-Thematic" abbrev="fre" name="Frequency"/>
            <FE fgColor="000000" bgColor="d0d0d0" type="Extra-Thematic" abbrev="ite" name="Iteration"/>
            <FE fgColor="FFFFFF" bgColor="008000" type="Peripheral" abbrev="Place" name="Place"/>
            <FE fgColor="FFFFFF" bgColor="FF0000" type="Core" abbrev="Protagonist" name="Protagonist"/>
            <FE fgColor="FFFFFF" bgColor="808080" type="Extra-Thematic" abbrev="Pur" name="Purpose"/>
            <FE fgColor="FFFFFF" bgColor="FF69B4" type="Peripheral" abbrev="Sev" name="Severity"/>
            <FE fgColor="FFFFFF" bgColor="FFA500" type="Peripheral" abbrev="Time" name="Time"/>
        </frame>
    </header>
    <definition>COD: at risk, especially of extinction. </definition>
    <lexeme POS="A" name="endangered"/>
    <valences/>
</lexUnit>