<?xml version="1.0" encoding="UTF-8" standalone="yes"?>
<?xml-stylesheet type="text/xsl" href="lexUnit.xsl"?>
<lexUnit status="Insufficient_Attestations" POS="A" name="felonious.a" ID="6678" frame="Morality_evaluation" frameID="370" totalAnnotated="3" xsi:schemaLocation="../schema/lexUnit.xsd" xmlns="http://framenet.icsi.berkeley.edu" xmlns:xsi="http://www.w3.org/2001/XMLSchema-instance">
    <header>
        <frame>
            <FE fgColor="FFFFFF" bgColor="008000" type="Core" abbrev="Beh" name="Behavior"/>
            <FE fgColor="FFFFFF" bgColor="FF69B4" type="Peripheral" abbrev="Deg" name="Degree"/>
            <FE fgColor="FFFFFF" bgColor="800080" type="Core" abbrev="Eval" name="Evaluee"/>
            <FE fgColor="FFFFFF" bgColor="EEE8AA" type="Core" abbrev="Exp" name="Expressor"/>
            <FE fgColor="FFFFFF" bgColor="00BFFF" type="Peripheral" abbrev="jud" name="Judge"/>
        </frame>
    </header>
    <definition>FN: evil, vicious </definition>
    <lexeme POS="A" name="felonious"/>
    <valences>
        <FERealization total="2">
            <FE name="Behavior"/>
            <pattern total="2">
                <valenceUnit GF="Head" PT="N" FE="Behavior"/>
                <annoSet ID="1531837"/>
                <annoSet ID="1531843"/>
            </pattern>
        </FERealization>
        <FERealization total="1">
            <FE name="Evaluee"/>
            <pattern total="1">
                <valenceUnit GF="Head" PT="NP" FE="Evaluee"/>
                <annoSet ID="1531845"/>
            </pattern>
        </FERealization>
        <FEGroupRealization total="2">
            <FE name="Behavior"/>
            <pattern total="2">
                <valenceUnit GF="Head" PT="N" FE="Behavior"/>
                <annoSet ID="1531837"/>
                <annoSet ID="1531843"/>
            </pattern>
        </FEGroupRealization>
        <FEGroupRealization total="1">
            <FE name="Evaluee"/>
            <pattern total="1">
                <valenceUnit GF="Head" PT="NP" FE="Evaluee"/>
                <annoSet ID="1531845"/>
            </pattern>
        </FEGroupRealization>
    </valences>
    <subCorpus name="A-001-all">
        <sentence sentNo="0" aPos="12297716" ID="1040171">
            <text>After Warwick , they turned their felonious talents to the smuggling trade . </text>
            <annotationSet cDate="01/08/2003 12:02:27 PST Wed" status="UNANN" ID="1531836">
                <layer rank="1" name="BNC">
                    <label end="4" start="0" name="CJS-PRP"/>
                    <label end="12" start="6" name="NP0"/>
                    <label end="14" start="14" name="PUN"/>
                    <label end="19" start="16" name="PNP"/>
                    <label end="26" start="21" name="VVD"/>
                    <label end="32" start="28" name="DPS"/>
                    <label end="42" start="34" name="AJ0"/>
                    <label end="50" start="44" name="NN2"/>
                    <label end="53" start="52" name="PRP"/>
                    <label end="57" start="55" name="AT0"/>
                    <label end="67" start="59" name="NN1"/>
                    <label end="73" start="69" name="NN1"/>
                    <label end="75" start="75" name="PUN"/>
                </layer>
            </annotationSet>
            <annotationSet cDate="01/08/2003 12:02:27 PST Wed" status="MANUAL" ID="1531837">
                <layer rank="1" name="FE">
                    <label cBy="865" feID="3352" end="50" start="44" name="Behavior"/>
                </layer>
                <layer rank="1" name="GF">
                    <label end="50" start="44" name="Head"/>
                </layer>
                <layer rank="1" name="PT">
                    <label end="50" start="44" name="N"/>
                </layer>
                <layer rank="1" name="Sent"/>
                <layer rank="1" name="Other"/>
                <layer rank="1" name="Target">
                    <label cBy="103" end="42" start="34" name="Target"/>
                </layer>
                <layer rank="1" name="Adj"/>
            </annotationSet>
        </sentence>
        <sentence sentNo="0" aPos="107626671" ID="1040174">
            <text>But if he lied , saying that he came to Parfois with no felonious intent , and attacked only when he was surprised and frightened , Isambard would have won a better victory . </text>
            <annotationSet cDate="01/08/2003 12:02:27 PST Wed" status="UNANN" ID="1531842">
                <layer rank="1" name="BNC">
                    <label end="2" start="0" name="CJC"/>
                    <label end="5" start="4" name="CJS"/>
                    <label end="8" start="7" name="PNP"/>
                    <label end="13" start="10" name="VVD"/>
                    <label end="15" start="15" name="PUN"/>
                    <label end="22" start="17" name="VVG"/>
                    <label end="27" start="24" name="CJT"/>
                    <label end="30" start="29" name="PNP"/>
                    <label end="35" start="32" name="VVD"/>
                    <label end="38" start="37" name="PRP"/>
                    <label end="46" start="40" name="NN1-NP0"/>
                    <label end="51" start="48" name="PRP"/>
                    <label end="54" start="53" name="AT0"/>
                    <label end="64" start="56" name="AJ0"/>
                    <label end="71" start="66" name="NN1"/>
                    <label end="73" start="73" name="PUN"/>
                    <label end="77" start="75" name="CJC"/>
                    <label end="86" start="79" name="VVD"/>
                    <label end="91" start="88" name="AV0"/>
                    <label end="96" start="93" name="CJS"/>
                    <label end="99" start="98" name="PNP"/>
                    <label end="103" start="101" name="VBD"/>
                    <label end="113" start="105" name="AJ0"/>
                    <label end="117" start="115" name="CJC"/>
                    <label end="128" start="119" name="AJ0"/>
                    <label end="130" start="130" name="PUN"/>
                    <label end="139" start="132" name="NP0"/>
                    <label end="145" start="141" name="VM0"/>
                    <label end="150" start="147" name="VHI"/>
                    <label end="154" start="152" name="VVN"/>
                    <label end="156" start="156" name="AT0"/>
                    <label end="163" start="158" name="AJC"/>
                    <label end="171" start="165" name="NN1"/>
                    <label end="173" start="173" name="PUN"/>
                </layer>
            </annotationSet>
            <annotationSet cDate="01/08/2003 12:02:27 PST Wed" status="MANUAL" ID="1531843">
                <layer rank="1" name="FE">
                    <label cBy="865" feID="3352" end="71" start="66" name="Behavior"/>
                </layer>
                <layer rank="1" name="GF">
                    <label end="71" start="66" name="Head"/>
                </layer>
                <layer rank="1" name="PT">
                    <label end="71" start="66" name="N"/>
                </layer>
                <layer rank="1" name="Sent"/>
                <layer rank="1" name="Other"/>
                <layer rank="1" name="Target">
                    <label cBy="103" end="64" start="56" name="Target"/>
                </layer>
                <layer rank="1" name="Adj"/>
            </annotationSet>
        </sentence>
        <sentence sentNo="0" aPos="108194485" ID="1040175">
            <text>` Hammond , the felonious chaplain . </text>
            <annotationSet cDate="01/08/2003 12:02:27 PST Wed" status="UNANN" ID="1531844">
                <layer rank="1" name="BNC">
                    <label end="0" start="0" name="PUQ"/>
                    <label end="8" start="2" name="NP0"/>
                    <label end="10" start="10" name="PUN"/>
                    <label end="14" start="12" name="AT0"/>
                    <label end="24" start="16" name="AJ0"/>
                    <label end="33" start="26" name="NN1"/>
                    <label end="35" start="35" name="PUN"/>
                </layer>
            </annotationSet>
            <annotationSet cDate="01/08/2003 12:02:27 PST Wed" status="MANUAL" ID="1531845">
                <layer rank="1" name="FE">
                    <label cBy="395" feID="3351" end="33" start="26" name="Evaluee"/>
                </layer>
                <layer rank="1" name="GF">
                    <label end="33" start="26" name="Head"/>
                </layer>
                <layer rank="1" name="PT">
                    <label end="33" start="26" name="NP"/>
                </layer>
                <layer rank="1" name="Sent"/>
                <layer rank="1" name="Other"/>
                <layer rank="1" name="Target">
                    <label cBy="103" end="24" start="16" name="Target"/>
                </layer>
                <layer rank="1" name="Adj"/>
            </annotationSet>
        </sentence>
    </subCorpus>
    <subCorpus name="01-T-(1)"/>
    <subCorpus name="other-matched-(1)"/>
    <subCorpus name="other-unmatched-(1)"/>
</lexUnit>