<?xml version="1.0" encoding="UTF-8" standalone="yes"?>
<?xml-stylesheet type="text/xsl" href="lexUnit.xsl"?>
<lexUnit status="Finished_Initial" POS="N" name="proclivity.n" ID="6659" frame="Inclination" frameID="377" totalAnnotated="13" xsi:schemaLocation="../schema/lexUnit.xsd" xmlns="http://framenet.icsi.berkeley.edu" xmlns:xsi="http://www.w3.org/2001/XMLSchema-instance">
    <header>
        <frame>
            <FE fgColor="FFFFFF" bgColor="0000FF" type="Extra-Thematic" abbrev="Basis" name="Basis"/>
            <FE fgColor="FFFFFF" bgColor="006400" type="Core-Unexpressed" abbrev="Behavior" name="Behavior"/>
            <FE fgColor="000000" bgColor="FFD700" type="Extra-Thematic" abbrev="" name="Containing_Event"/>
            <FE fgColor="FFFFFF" bgColor="FF69B4" type="Peripheral" abbrev="Degree" name="Degree"/>
            <FE fgColor="FFFFFF" bgColor="800080" type="Core" abbrev="Entity" name="Entity"/>
        </frame>
    </header>
    <definition>COD: an inclination or predisposition. </definition>
    <lexeme POS="N" name="proclivity"/>
    <valences>
        <governor type="Sup" lemma="have">
            <annoSet ID="1455863"/>
        </governor>
        <governor type="Sup" lemma="share">
            <annoSet ID="1455853"/>
        </governor>
        <governor type="Sup" lemma="show">
            <annoSet ID="1455861"/>
        </governor>
        <FERealization total="1">
            <FE name="Basis"/>
            <pattern total="1">
                <valenceUnit GF="Dep" PT="AJP" FE="Basis"/>
                <annoSet ID="1455865"/>
            </pattern>
        </FERealization>
        <FERealization total="12">
            <FE name="Behavior"/>
            <pattern total="2">
                <valenceUnit GF="Dep" PT="PPing[for]" FE="Behavior"/>
                <annoSet ID="1455865"/>
                <annoSet ID="1455923"/>
            </pattern>
            <pattern total="3">
                <valenceUnit GF="Dep" PT="AJP" FE="Behavior"/>
                <annoSet ID="1455875"/>
                <annoSet ID="1455895"/>
                <annoSet ID="1455901"/>
            </pattern>
            <pattern total="3">
                <valenceUnit GF="Dep" PT="PP[for]" FE="Behavior"/>
                <annoSet ID="1455853"/>
                <annoSet ID="1455855"/>
                <annoSet ID="1455859"/>
            </pattern>
            <pattern total="1">
                <valenceUnit GF="Dep" PT="PP[to]" FE="Behavior"/>
                <annoSet ID="1455861"/>
            </pattern>
            <pattern total="1">
                <valenceUnit GF="Dep" PT="PP[towards]" FE="Behavior"/>
                <annoSet ID="1455863"/>
            </pattern>
            <pattern total="2">
                <valenceUnit GF="Dep" PT="VPto" FE="Behavior"/>
                <annoSet ID="1455849"/>
                <annoSet ID="1455851"/>
            </pattern>
        </FERealization>
        <FERealization total="10">
            <FE name="Entity"/>
            <pattern total="7">
                <valenceUnit GF="Gen" PT="Poss" FE="Entity"/>
                <annoSet ID="1455851"/>
                <annoSet ID="1455855"/>
                <annoSet ID="1455859"/>
                <annoSet ID="1455865"/>
                <annoSet ID="1455875"/>
                <annoSet ID="1455879"/>
                <annoSet ID="1455923"/>
            </pattern>
            <pattern total="3">
                <valenceUnit GF="Ext" PT="NP" FE="Entity"/>
                <annoSet ID="1455853"/>
                <annoSet ID="1455861"/>
                <annoSet ID="1455863"/>
            </pattern>
        </FERealization>
        <FEGroupRealization total="1">
            <FE name="Basis"/>
            <FE name="Behavior"/>
            <FE name="Entity"/>
            <pattern total="1">
                <valenceUnit GF="Dep" PT="AJP" FE="Basis"/>
                <valenceUnit GF="Dep" PT="PPing[for]" FE="Behavior"/>
                <valenceUnit GF="Gen" PT="Poss" FE="Entity"/>
                <annoSet ID="1455865"/>
            </pattern>
        </FEGroupRealization>
        <FEGroupRealization total="3">
            <FE name="Behavior"/>
            <pattern total="2">
                <valenceUnit GF="Dep" PT="AJP" FE="Behavior"/>
                <annoSet ID="1455895"/>
                <annoSet ID="1455901"/>
            </pattern>
            <pattern total="1">
                <valenceUnit GF="Dep" PT="VPto" FE="Behavior"/>
                <annoSet ID="1455849"/>
            </pattern>
        </FEGroupRealization>
        <FEGroupRealization total="6">
            <FE name="Behavior"/>
            <FE name="Entity"/>
            <pattern total="1">
                <valenceUnit GF="Dep" PT="AJP" FE="Behavior"/>
                <valenceUnit GF="Gen" PT="Poss" FE="Entity"/>
                <annoSet ID="1455875"/>
            </pattern>
            <pattern total="2">
                <valenceUnit GF="Dep" PT="PP[for]" FE="Behavior"/>
                <valenceUnit GF="Gen" PT="Poss" FE="Entity"/>
                <annoSet ID="1455855"/>
                <annoSet ID="1455859"/>
            </pattern>
            <pattern total="1">
                <valenceUnit GF="Dep" PT="PP[to]" FE="Behavior"/>
                <valenceUnit GF="Ext" PT="NP" FE="Entity"/>
                <annoSet ID="1455861"/>
            </pattern>
            <pattern total="1">
                <valenceUnit GF="Dep" PT="PPing[for]" FE="Behavior"/>
                <valenceUnit GF="Gen" PT="Poss" FE="Entity"/>
                <annoSet ID="1455923"/>
            </pattern>
            <pattern total="1">
                <valenceUnit GF="Dep" PT="VPto" FE="Behavior"/>
                <valenceUnit GF="Gen" PT="Poss" FE="Entity"/>
                <annoSet ID="1455851"/>
            </pattern>
        </FEGroupRealization>
        <FEGroupRealization total="2">
            <FE name="Behavior"/>
            <FE name="Entity"/>
            <FE name="Entity"/>
            <pattern total="1">
                <valenceUnit GF="Dep" PT="PP[for]" FE="Behavior"/>
                <valenceUnit GF="Ext" PT="NP" FE="Entity"/>
                <valenceUnit GF="Ext" PT="NP" FE="Entity"/>
                <annoSet ID="1455853"/>
            </pattern>
            <pattern total="1">
                <valenceUnit GF="Dep" PT="PP[towards]" FE="Behavior"/>
                <valenceUnit GF="Ext" PT="NP" FE="Entity"/>
                <valenceUnit GF="Ext" PT="NP" FE="Entity"/>
                <annoSet ID="1455863"/>
            </pattern>
        </FEGroupRealization>
        <FEGroupRealization total="1">
            <FE name="Entity"/>
            <pattern total="1">
                <valenceUnit GF="Gen" PT="Poss" FE="Entity"/>
                <annoSet ID="1455879"/>
            </pattern>
        </FEGroupRealization>
    </valences>
    <subCorpus name="N-220-s20-vpto">
        <sentence sentNo="0" aPos="93653371" ID="1001620">
            <text>In some places the proclivity to riot was especially marked . </text>
            <annotationSet cDate="01/07/2003 10:36:10 PST Tue" status="UNANN" ID="1455848">
                <layer rank="1" name="BNC">
                    <label end="1" start="0" name="PRP"/>
                    <label end="6" start="3" name="DT0"/>
                    <label end="13" start="8" name="NN2-VVZ"/>
                    <label end="17" start="15" name="AT0"/>
                    <label end="28" start="19" name="NN1"/>
                    <label end="31" start="30" name="TO0"/>
                    <label end="36" start="33" name="VVI"/>
                    <label end="40" start="38" name="VBD"/>
                    <label end="51" start="42" name="AV0"/>
                    <label end="58" start="53" name="AJ0-VVN"/>
                    <label end="60" start="60" name="PUN"/>
                </layer>
            </annotationSet>
            <annotationSet cDate="01/07/2003 10:36:10 PST Tue" status="MANUAL" ID="1455849">
                <layer rank="1" name="FE">
                    <label cBy="618" feID="3384" end="36" start="30" name="Behavior"/>
                </layer>
                <layer rank="1" name="GF">
                    <label end="36" start="30" name="Dep"/>
                </layer>
                <layer rank="1" name="PT">
                    <label end="36" start="30" name="VPto"/>
                </layer>
                <layer rank="1" name="Sent"/>
                <layer rank="1" name="Other"/>
                <layer rank="1" name="Target">
                    <label cBy="103" end="28" start="19" name="Target"/>
                </layer>
                <layer rank="1" name="Noun"/>
            </annotationSet>
        </sentence>
        <sentence sentNo="0" aPos="101799046" ID="1001621">
            <text>She was more than well acquainted with Lubor 's proclivity to see an invitation to grow amorous where there was none , though since he could n't do more than verbally flirt over the dinner table she could n't see any harm in accepting . </text>
            <annotationSet cDate="01/07/2003 10:36:10 PST Tue" status="UNANN" ID="1455850">
                <layer rank="1" name="BNC">
                    <label end="2" start="0" name="PNP"/>
                    <label end="6" start="4" name="VBD"/>
                    <label end="11" start="8" name="AV0"/>
                    <label end="16" start="13" name="CJS"/>
                    <label end="21" start="18" name="AV0"/>
                    <label end="32" start="23" name="VVD-VVN"/>
                    <label end="37" start="34" name="PRP"/>
                    <label end="43" start="39" name="NP0"/>
                    <label end="46" start="45" name="POS"/>
                    <label end="57" start="48" name="NN1"/>
                    <label end="60" start="59" name="TO0"/>
                    <label end="64" start="62" name="VVI"/>
                    <label end="67" start="66" name="AT0"/>
                    <label end="78" start="69" name="NN1"/>
                    <label end="81" start="80" name="TO0"/>
                    <label end="86" start="83" name="VVI"/>
                    <label end="94" start="88" name="AJ0"/>
                    <label end="100" start="96" name="CJS"/>
                    <label end="106" start="102" name="EX0"/>
                    <label end="110" start="108" name="VBD"/>
                    <label end="115" start="112" name="PNI"/>
                    <label end="117" start="117" name="PUN"/>
                    <label end="124" start="119" name="CJS"/>
                    <label end="130" start="126" name="CJS"/>
                    <label end="133" start="132" name="PNP"/>
                    <label end="139" start="135" name="VM0"/>
                    <label end="143" start="141" name="XX0"/>
                    <label end="146" start="145" name="VDI"/>
                    <label end="151" start="148" name="AV0"/>
                    <label end="156" start="153" name="CJS"/>
                    <label end="165" start="158" name="AV0"/>
                    <label end="171" start="167" name="VVB"/>
                    <label end="176" start="173" name="AVP-PRP"/>
                    <label end="180" start="178" name="AT0"/>
                    <label end="187" start="182" name="NN1"/>
                    <label end="193" start="189" name="NN1"/>
                    <label end="197" start="195" name="PNP"/>
                    <label end="203" start="199" name="VM0"/>
                    <label end="207" start="205" name="XX0"/>
                    <label end="211" start="209" name="VVI"/>
                    <label end="215" start="213" name="DT0"/>
                    <label end="220" start="217" name="NN1"/>
                    <label end="223" start="222" name="PRP"/>
                    <label end="233" start="225" name="NN1-VVG"/>
                    <label end="235" start="235" name="PUN"/>
                </layer>
            </annotationSet>
            <annotationSet cDate="01/07/2003 10:36:10 PST Tue" status="MANUAL" ID="1455851">
                <layer rank="1" name="FE">
                    <label cBy="618" feID="3383" end="46" start="39" name="Entity"/>
                    <label cBy="618" feID="3384" end="115" start="59" name="Behavior"/>
                </layer>
                <layer rank="1" name="GF">
                    <label end="46" start="39" name="Gen"/>
                    <label end="115" start="59" name="Dep"/>
                </layer>
                <layer rank="1" name="PT">
                    <label end="46" start="39" name="Poss"/>
                    <label end="115" start="59" name="VPto"/>
                </layer>
                <layer rank="1" name="Sent"/>
                <layer rank="1" name="Other"/>
                <layer rank="1" name="Target">
                    <label cBy="103" end="57" start="48" name="Target"/>
                </layer>
                <layer rank="1" name="Noun"/>
            </annotationSet>
        </sentence>
    </subCorpus>
    <subCorpus name="N-250-s20-ppfor">
        <sentence sentNo="0" aPos="17418467" ID="1001622">
            <text>There seems to be rather a lot of names for those who share a proclivity for their own sex . </text>
            <annotationSet cDate="01/07/2003 10:36:10 PST Tue" status="UNANN" ID="1455852">
                <layer rank="1" name="BNC">
                    <label end="4" start="0" name="EX0"/>
                    <label end="10" start="6" name="VVZ"/>
                    <label end="13" start="12" name="TO0"/>
                    <label end="16" start="15" name="VBI"/>
                    <label end="23" start="18" name="AV0"/>
                    <label end="25" start="25" name="AT0"/>
                    <label end="29" start="27" name="NN1"/>
                    <label end="32" start="31" name="PRF"/>
                    <label end="38" start="34" name="NN2"/>
                    <label end="42" start="40" name="PRP"/>
                    <label end="48" start="44" name="DT0"/>
                    <label end="52" start="50" name="PNQ"/>
                    <label end="58" start="54" name="VVB"/>
                    <label end="60" start="60" name="AT0"/>
                    <label end="71" start="62" name="NN1"/>
                    <label end="75" start="73" name="PRP"/>
                    <label end="81" start="77" name="DPS"/>
                    <label end="85" start="83" name="DT0"/>
                    <label end="89" start="87" name="NN1"/>
                    <label end="91" start="91" name="PUN"/>
                </layer>
            </annotationSet>
            <annotationSet cDate="01/07/2003 10:36:10 PST Tue" status="MANUAL" ID="1455853">
                <layer rank="1" name="FE">
                    <label cBy="618" feID="3383" end="48" start="44" name="Entity"/>
                    <label cBy="618" feID="3384" end="89" start="73" name="Behavior"/>
                    <label cBy="309" feID="3383" end="52" start="50" name="Entity"/>
                </layer>
                <layer rank="1" name="GF">
                    <label end="48" start="44" name="Ext"/>
                    <label end="89" start="73" name="Dep"/>
                    <label end="52" start="50" name="Ext"/>
                </layer>
                <layer rank="1" name="PT">
                    <label end="48" start="44" name="NP"/>
                    <label end="89" start="73" name="PP"/>
                    <label end="52" start="50" name="NP"/>
                </layer>
                <layer rank="1" name="Sent"/>
                <layer rank="1" name="Other">
                    <label end="48" start="44" name="Ant"/>
                    <label end="52" start="50" name="Rel"/>
                </layer>
                <layer rank="1" name="Target">
                    <label cBy="103" end="71" start="62" name="Target"/>
                </layer>
                <layer rank="1" name="Noun">
                    <label end="58" start="54" name="Supp"/>
                </layer>
            </annotationSet>
        </sentence>
        <sentence sentNo="0" aPos="24234177" ID="1001623">
            <text>Attlee , an astute judge of men , banked on Mountbatten 's ambition to provide an adequate counterweight to his proclivity for risk , and in this judgement he was proved to be correct . </text>
            <annotationSet cDate="01/07/2003 10:36:10 PST Tue" status="UNANN" ID="1455854">
                <layer rank="1" name="BNC">
                    <label end="5" start="0" name="NN1-NP0"/>
                    <label end="7" start="7" name="PUN"/>
                    <label end="10" start="9" name="AT0"/>
                    <label end="17" start="12" name="AJ0"/>
                    <label end="23" start="19" name="NN1"/>
                    <label end="26" start="25" name="PRF"/>
                    <label end="30" start="28" name="NN2"/>
                    <label end="32" start="32" name="PUN"/>
                    <label end="39" start="34" name="VVD-VVN"/>
                    <label end="42" start="41" name="PRP"/>
                    <label end="54" start="44" name="NP0"/>
                    <label end="57" start="56" name="POS"/>
                    <label end="66" start="59" name="NN1"/>
                    <label end="69" start="68" name="TO0"/>
                    <label end="77" start="71" name="VVI"/>
                    <label end="80" start="79" name="AT0"/>
                    <label end="89" start="82" name="AJ0"/>
                    <label end="103" start="91" name="NN1"/>
                    <label end="106" start="105" name="PRP"/>
                    <label end="110" start="108" name="DPS"/>
                    <label end="121" start="112" name="NN1"/>
                    <label end="125" start="123" name="PRP"/>
                    <label end="130" start="127" name="NN1"/>
                    <label end="132" start="132" name="PUN"/>
                    <label end="136" start="134" name="CJC"/>
                    <label end="139" start="138" name="PRP"/>
                    <label end="144" start="141" name="DT0"/>
                    <label end="154" start="146" name="NN1"/>
                    <label end="157" start="156" name="PNP"/>
                    <label end="161" start="159" name="VBD"/>
                    <label end="168" start="163" name="VVN"/>
                    <label end="171" start="170" name="TO0"/>
                    <label end="174" start="173" name="VBI"/>
                    <label end="182" start="176" name="AJ0"/>
                    <label end="184" start="184" name="PUN"/>
                </layer>
            </annotationSet>
            <annotationSet cDate="01/07/2003 10:36:10 PST Tue" status="MANUAL" ID="1455855">
                <layer rank="1" name="FE">
                    <label cBy="618" feID="3384" end="130" start="123" name="Behavior"/>
                    <label cBy="618" feID="3383" end="110" start="108" name="Entity"/>
                </layer>
                <layer rank="1" name="GF">
                    <label end="130" start="123" name="Dep"/>
                    <label end="110" start="108" name="Gen"/>
                </layer>
                <layer rank="1" name="PT">
                    <label end="130" start="123" name="PP"/>
                    <label end="110" start="108" name="Poss"/>
                </layer>
                <layer rank="1" name="Sent"/>
                <layer rank="1" name="Other"/>
                <layer rank="1" name="Target">
                    <label cBy="103" end="121" start="112" name="Target"/>
                </layer>
                <layer rank="1" name="Noun"/>
            </annotationSet>
        </sentence>
        <sentence sentNo="0" aPos="88298267" ID="1001625">
            <text>The market dependence of the latter group is attested by their proclivity for food rioting , as is that of miners , while urban expansion obviously increased the role and reach of the market . </text>
            <annotationSet cDate="01/07/2003 10:36:11 PST Tue" status="UNANN" ID="1455858">
                <layer rank="1" name="BNC">
                    <label end="2" start="0" name="AT0"/>
                    <label end="9" start="4" name="NN1"/>
                    <label end="20" start="11" name="NN1"/>
                    <label end="23" start="22" name="PRF"/>
                    <label end="27" start="25" name="AT0"/>
                    <label end="34" start="29" name="DT0"/>
                    <label end="40" start="36" name="NN0"/>
                    <label end="43" start="42" name="VBZ"/>
                    <label end="52" start="45" name="VVN"/>
                    <label end="55" start="54" name="PRP"/>
                    <label end="61" start="57" name="DPS"/>
                    <label end="72" start="63" name="NN1"/>
                    <label end="76" start="74" name="PRP"/>
                    <label end="81" start="78" name="NN1"/>
                    <label end="89" start="83" name="NN1-VVG"/>
                    <label end="91" start="91" name="PUN"/>
                    <label end="94" start="93" name="CJS"/>
                    <label end="97" start="96" name="VBZ"/>
                    <label end="102" start="99" name="DT0"/>
                    <label end="105" start="104" name="PRF"/>
                    <label end="112" start="107" name="NN2"/>
                    <label end="114" start="114" name="PUN"/>
                    <label end="120" start="116" name="CJS"/>
                    <label end="126" start="122" name="AJ0"/>
                    <label end="136" start="128" name="NN1"/>
                    <label end="146" start="138" name="AV0"/>
                    <label end="156" start="148" name="VVD-VVN"/>
                    <label end="160" start="158" name="AT0"/>
                    <label end="165" start="162" name="NN1"/>
                    <label end="169" start="167" name="CJC"/>
                    <label end="175" start="171" name="NN1"/>
                    <label end="178" start="177" name="PRF"/>
                    <label end="182" start="180" name="AT0"/>
                    <label end="189" start="184" name="NN1"/>
                    <label end="191" start="191" name="PUN"/>
                </layer>
            </annotationSet>
            <annotationSet cDate="01/07/2003 10:36:11 PST Tue" status="MANUAL" ID="1455859">
                <layer rank="1" name="FE">
                    <label cBy="618" feID="3383" end="61" start="57" name="Entity"/>
                    <label cBy="618" feID="3384" end="89" start="74" name="Behavior"/>
                </layer>
                <layer rank="1" name="GF">
                    <label end="61" start="57" name="Gen"/>
                    <label end="89" start="74" name="Dep"/>
                </layer>
                <layer rank="1" name="PT">
                    <label end="61" start="57" name="Poss"/>
                    <label end="89" start="74" name="PP"/>
                </layer>
                <layer rank="1" name="Sent"/>
                <layer rank="1" name="Other"/>
                <layer rank="1" name="Target">
                    <label cBy="103" end="72" start="63" name="Target"/>
                </layer>
                <layer rank="1" name="Noun"/>
            </annotationSet>
        </sentence>
    </subCorpus>
    <subCorpus name="N-250-s20-ppto">
        <sentence sentNo="0" aPos="77399737" ID="1001626">
            <text>Take the case of a floppy disk drive 's sudden failure to read a disk when previously it had shown no proclivity to such failing . </text>
            <annotationSet cDate="01/07/2003 10:36:12 PST Tue" status="UNANN" ID="1455860">
                <layer rank="1" name="BNC">
                    <label end="3" start="0" name="VVB"/>
                    <label end="7" start="5" name="AT0"/>
                    <label end="12" start="9" name="NN1"/>
                    <label end="15" start="14" name="PRF"/>
                    <label end="17" start="17" name="AT0"/>
                    <label end="24" start="19" name="AJ0"/>
                    <label end="29" start="26" name="NN1"/>
                    <label end="35" start="31" name="NN1"/>
                    <label end="38" start="37" name="POS"/>
                    <label end="45" start="40" name="AJ0"/>
                    <label end="53" start="47" name="NN1"/>
                    <label end="56" start="55" name="TO0"/>
                    <label end="61" start="58" name="VVI"/>
                    <label end="63" start="63" name="AT0"/>
                    <label end="68" start="65" name="NN1"/>
                    <label end="73" start="70" name="AVQ-CJS"/>
                    <label end="84" start="75" name="AV0"/>
                    <label end="87" start="86" name="PNP"/>
                    <label end="91" start="89" name="VHD"/>
                    <label end="97" start="93" name="VVN"/>
                    <label end="100" start="99" name="AT0"/>
                    <label end="111" start="102" name="NN1"/>
                    <label end="114" start="113" name="PRP"/>
                    <label end="119" start="116" name="DT0"/>
                    <label end="127" start="121" name="NN1-VVG"/>
                    <label end="129" start="129" name="PUN"/>
                </layer>
            </annotationSet>
            <annotationSet cDate="01/07/2003 10:36:12 PST Tue" status="MANUAL" ID="1455861">
                <layer rank="1" name="FE">
                    <label cBy="618" feID="3383" end="87" start="86" name="Entity"/>
                    <label cBy="618" feID="3384" end="127" start="113" name="Behavior"/>
                </layer>
                <layer rank="1" name="GF">
                    <label end="87" start="86" name="Ext"/>
                    <label end="127" start="113" name="Dep"/>
                </layer>
                <layer rank="1" name="PT">
                    <label end="87" start="86" name="NP"/>
                    <label end="127" start="113" name="PP"/>
                </layer>
                <layer rank="1" name="Sent"/>
                <layer rank="1" name="Other"/>
                <layer rank="1" name="Target">
                    <label cBy="103" end="111" start="102" name="Target"/>
                </layer>
                <layer rank="1" name="Noun">
                    <label end="97" start="93" name="Supp"/>
                </layer>
            </annotationSet>
        </sentence>
    </subCorpus>
    <subCorpus name="N-250-s20-pptowards">
        <sentence sentNo="0" aPos="88300727" ID="1001627">
            <text>It is those who had no proclivity towards will making about whom we most wish to know . </text>
            <annotationSet cDate="01/07/2003 10:36:12 PST Tue" status="UNANN" ID="1455862">
                <layer rank="1" name="BNC">
                    <label end="1" start="0" name="PNP"/>
                    <label end="4" start="3" name="VBZ"/>
                    <label end="10" start="6" name="DT0"/>
                    <label end="14" start="12" name="PNQ"/>
                    <label end="18" start="16" name="VHD"/>
                    <label end="21" start="20" name="AT0"/>
                    <label end="32" start="23" name="NN1"/>
                    <label end="40" start="34" name="PRP"/>
                    <label end="45" start="42" name="NN1"/>
                    <label end="52" start="47" name="VVG"/>
                    <label end="58" start="54" name="PRP"/>
                    <label end="63" start="60" name="PNQ"/>
                    <label end="66" start="65" name="PNP"/>
                    <label end="71" start="68" name="AV0"/>
                    <label end="76" start="73" name="NN1-VVB"/>
                    <label end="79" start="78" name="TO0"/>
                    <label end="84" start="81" name="VVI"/>
                    <label end="86" start="86" name="PUN"/>
                </layer>
            </annotationSet>
            <annotationSet cDate="01/07/2003 10:36:12 PST Tue" status="MANUAL" ID="1455863">
                <layer rank="1" name="FE">
                    <label cBy="618" feID="3383" end="10" start="6" name="Entity"/>
                    <label cBy="618" feID="3384" end="52" start="34" name="Behavior"/>
                    <label cBy="309" feID="3383" end="14" start="12" name="Entity"/>
                </layer>
                <layer rank="1" name="GF">
                    <label end="10" start="6" name="Ext"/>
                    <label end="52" start="34" name="Dep"/>
                    <label end="14" start="12" name="Ext"/>
                </layer>
                <layer rank="1" name="PT">
                    <label end="10" start="6" name="NP"/>
                    <label end="52" start="34" name="PP"/>
                    <label end="14" start="12" name="NP"/>
                </layer>
                <layer rank="1" name="Sent"/>
                <layer rank="1" name="Other">
                    <label end="10" start="6" name="Ant"/>
                    <label end="14" start="12" name="Rel"/>
                </layer>
                <layer rank="1" name="Target">
                    <label cBy="103" end="32" start="23" name="Target"/>
                </layer>
                <layer rank="1" name="Noun">
                    <label end="18" start="16" name="Supp"/>
                </layer>
            </annotationSet>
        </sentence>
    </subCorpus>
    <subCorpus name="N-260-s20-pingfor">
        <sentence sentNo="0" aPos="31385266" ID="1001628">
            <text>The child 's inborn proclivity for feeling powerless , deserted , ashamed and guilty in relation to those on whom he depends is systematically utilised for his training , often to the point of exploitation . </text>
            <annotationSet cDate="01/07/2003 10:36:13 PST Tue" status="UNANN" ID="1455864">
                <layer rank="1" name="BNC">
                    <label end="2" start="0" name="AT0"/>
                    <label end="8" start="4" name="NN1"/>
                    <label end="11" start="10" name="POS"/>
                    <label end="18" start="13" name="AJ0"/>
                    <label end="29" start="20" name="NN1"/>
                    <label end="33" start="31" name="PRP"/>
                    <label end="41" start="35" name="VVG"/>
                    <label end="51" start="43" name="AJ0"/>
                    <label end="53" start="53" name="PUN"/>
                    <label end="62" start="55" name="VVD"/>
                    <label end="64" start="64" name="PUN"/>
                    <label end="72" start="66" name="AJ0"/>
                    <label end="76" start="74" name="CJC"/>
                    <label end="83" start="78" name="AJ0"/>
                    <label end="86" start="85" name="PRP"/>
                    <label end="95" start="88" name="PRP"/>
                    <label end="98" start="97" name="PRP"/>
                    <label end="104" start="100" name="DT0"/>
                    <label end="107" start="106" name="PRP"/>
                    <label end="112" start="109" name="PNQ"/>
                    <label end="115" start="114" name="PNP"/>
                    <label end="123" start="117" name="VVZ"/>
                    <label end="126" start="125" name="VBZ"/>
                    <label end="141" start="128" name="AV0"/>
                    <label end="150" start="143" name="VVD-VVN"/>
                    <label end="154" start="152" name="PRP"/>
                    <label end="158" start="156" name="DPS"/>
                    <label end="167" start="160" name="NN1"/>
                    <label end="169" start="169" name="PUN"/>
                    <label end="175" start="171" name="AV0"/>
                    <label end="178" start="177" name="PRP"/>
                    <label end="182" start="180" name="AT0"/>
                    <label end="188" start="184" name="NN1"/>
                    <label end="191" start="190" name="PRF"/>
                    <label end="204" start="193" name="NN1"/>
                    <label end="206" start="206" name="PUN"/>
                </layer>
            </annotationSet>
            <annotationSet cDate="01/07/2003 10:36:13 PST Tue" status="MANUAL" ID="1455865">
                <layer rank="1" name="FE">
                    <label cBy="618" feID="3383" end="11" start="0" name="Entity"/>
                    <label cBy="618" feID="3389" end="18" start="13" name="Basis"/>
                    <label cBy="618" feID="3384" end="123" start="31" name="Behavior"/>
                </layer>
                <layer rank="1" name="GF">
                    <label end="11" start="0" name="Gen"/>
                    <label end="18" start="13" name="Dep"/>
                    <label end="123" start="31" name="Dep"/>
                </layer>
                <layer rank="1" name="PT">
                    <label end="11" start="0" name="Poss"/>
                    <label end="18" start="13" name="AJP"/>
                    <label end="123" start="31" name="PPing"/>
                </layer>
                <layer rank="1" name="Sent"/>
                <layer rank="1" name="Other"/>
                <layer rank="1" name="Target">
                    <label cBy="103" end="29" start="20" name="Target"/>
                </layer>
                <layer rank="1" name="Noun"/>
            </annotationSet>
        </sentence>
    </subCorpus>
    <subCorpus name="N-280-s20-poss">
        <sentence sentNo="0" aPos="30320401" ID="1001633">
            <text>It helped enormously that he also happened to enjoy affairs with women , and that when he was acting on stage , his sexual proclivities were not such a problem as he was less in the public eye . </text>
            <annotationSet cDate="01/07/2003 10:36:13 PST Tue" status="UNANN" ID="1455874">
                <layer rank="1" name="BNC">
                    <label end="1" start="0" name="PNP"/>
                    <label end="8" start="3" name="VVD"/>
                    <label end="19" start="10" name="AV0"/>
                    <label end="24" start="21" name="CJT"/>
                    <label end="27" start="26" name="PNP"/>
                    <label end="32" start="29" name="AV0"/>
                    <label end="41" start="34" name="VVD-VVN"/>
                    <label end="44" start="43" name="TO0"/>
                    <label end="50" start="46" name="VVI"/>
                    <label end="58" start="52" name="NN2"/>
                    <label end="63" start="60" name="PRP"/>
                    <label end="69" start="65" name="NN2"/>
                    <label end="71" start="71" name="PUN"/>
                    <label end="75" start="73" name="CJC"/>
                    <label end="80" start="77" name="CJT-DT0"/>
                    <label end="85" start="82" name="AVQ-CJS"/>
                    <label end="88" start="87" name="PNP"/>
                    <label end="92" start="90" name="VBD"/>
                    <label end="99" start="94" name="VVG"/>
                    <label end="102" start="101" name="PRP"/>
                    <label end="108" start="104" name="NN1"/>
                    <label end="110" start="110" name="PUN"/>
                    <label end="114" start="112" name="DPS"/>
                    <label end="121" start="116" name="AJ0"/>
                    <label end="134" start="123" name="NN2"/>
                    <label end="139" start="136" name="VBD"/>
                    <label end="143" start="141" name="XX0"/>
                    <label end="148" start="145" name="DT0"/>
                    <label end="150" start="150" name="AT0"/>
                    <label end="158" start="152" name="NN1"/>
                    <label end="161" start="160" name="CJS"/>
                    <label end="164" start="163" name="PNP"/>
                    <label end="168" start="166" name="VBD"/>
                    <label end="173" start="170" name="AV0"/>
                    <label end="176" start="175" name="PRP"/>
                    <label end="180" start="178" name="AT0"/>
                    <label end="187" start="182" name="AJ0"/>
                    <label end="191" start="189" name="NN1"/>
                    <label end="193" start="193" name="PUN"/>
                </layer>
            </annotationSet>
            <annotationSet cDate="01/07/2003 10:36:13 PST Tue" status="MANUAL" ID="1455875">
                <layer rank="1" name="FE">
                    <label cBy="618" feID="3383" end="114" start="112" name="Entity"/>
                    <label cBy="618" feID="3384" end="121" start="116" name="Behavior"/>
                </layer>
                <layer rank="1" name="GF">
                    <label end="114" start="112" name="Gen"/>
                    <label end="121" start="116" name="Dep"/>
                </layer>
                <layer rank="1" name="PT">
                    <label end="114" start="112" name="Poss"/>
                    <label end="121" start="116" name="AJP"/>
                </layer>
                <layer rank="1" name="Sent"/>
                <layer rank="1" name="Other"/>
                <layer rank="1" name="Target">
                    <label cBy="103" end="134" start="123" name="Target"/>
                </layer>
                <layer rank="1" name="Noun"/>
            </annotationSet>
        </sentence>
        <sentence sentNo="0" aPos="57752389" ID="1001635">
            <text>She wondered idly if what she had heard about Lionel 's proclivities or tastes in sexual matters were his brother 's also ? </text>
            <annotationSet cDate="01/07/2003 10:36:14 PST Tue" status="UNANN" ID="1455878">
                <layer rank="1" name="BNC">
                    <label end="2" start="0" name="PNP"/>
                    <label end="11" start="4" name="VVD"/>
                    <label end="16" start="13" name="AV0"/>
                    <label end="19" start="18" name="CJS"/>
                    <label end="24" start="21" name="DTQ"/>
                    <label end="28" start="26" name="PNP"/>
                    <label end="32" start="30" name="VHD"/>
                    <label end="38" start="34" name="VVN"/>
                    <label end="44" start="40" name="PRP"/>
                    <label end="51" start="46" name="NP0"/>
                    <label end="54" start="53" name="POS"/>
                    <label end="67" start="56" name="NN2"/>
                    <label end="70" start="69" name="CJC"/>
                    <label end="77" start="72" name="NN2"/>
                    <label end="80" start="79" name="PRP"/>
                    <label end="87" start="82" name="AJ0"/>
                    <label end="95" start="89" name="NN2"/>
                    <label end="100" start="97" name="VBD"/>
                    <label end="104" start="102" name="DPS"/>
                    <label end="112" start="106" name="NN1"/>
                    <label end="115" start="114" name="VBZ"/>
                    <label end="120" start="117" name="AV0"/>
                    <label end="122" start="122" name="PUN"/>
                </layer>
            </annotationSet>
            <annotationSet cDate="01/07/2003 10:36:14 PST Tue" status="MANUAL" ID="1455879">
                <layer rank="1" name="FE">
                    <label cBy="618" feID="3383" end="54" start="46" name="Entity"/>
                </layer>
                <layer rank="1" name="GF">
                    <label end="54" start="46" name="Gen"/>
                </layer>
                <layer rank="1" name="PT">
                    <label end="54" start="46" name="Poss"/>
                </layer>
                <layer rank="1" name="Sent"/>
                <layer rank="1" name="Other"/>
                <layer rank="1" name="Target">
                    <label cBy="103" end="67" start="56" name="Target"/>
                </layer>
                <layer rank="1" name="Noun"/>
            </annotationSet>
        </sentence>
    </subCorpus>
    <subCorpus name="N-330-s20-period">
        <sentence sentNo="0" aPos="8980891" ID="1001643">
            <text>They are unaware of his compulsive gambling , psychopathic persona and unorthodox sexual proclivities . </text>
            <annotationSet cDate="01/07/2003 10:36:15 PST Tue" status="UNANN" ID="1455894">
                <layer rank="1" name="BNC">
                    <label end="3" start="0" name="PNP"/>
                    <label end="7" start="5" name="VBB"/>
                    <label end="15" start="9" name="AJ0"/>
                    <label end="18" start="17" name="PRF"/>
                    <label end="22" start="20" name="DPS"/>
                    <label end="33" start="24" name="AJ0"/>
                    <label end="42" start="35" name="NN1"/>
                    <label end="44" start="44" name="PUN"/>
                    <label end="57" start="46" name="AJ0"/>
                    <label end="65" start="59" name="NN1"/>
                    <label end="69" start="67" name="CJC"/>
                    <label end="80" start="71" name="AJ0"/>
                    <label end="87" start="82" name="AJ0"/>
                    <label end="100" start="89" name="NN2"/>
                    <label end="102" start="102" name="PUN"/>
                </layer>
            </annotationSet>
            <annotationSet cDate="01/07/2003 10:36:15 PST Tue" status="MANUAL" ID="1455895">
                <layer rank="1" name="FE">
                    <label cBy="618" feID="3384" end="87" start="82" name="Behavior"/>
                </layer>
                <layer rank="1" name="GF">
                    <label end="87" start="82" name="Dep"/>
                </layer>
                <layer rank="1" name="PT">
                    <label end="87" start="82" name="AJP"/>
                </layer>
                <layer rank="1" name="Sent"/>
                <layer rank="1" name="Other"/>
                <layer rank="1" name="Target">
                    <label cBy="103" end="100" start="89" name="Target"/>
                </layer>
                <layer rank="1" name="Noun"/>
            </annotationSet>
        </sentence>
    </subCorpus>
    <subCorpus name="N-340-s20-ppother">
        <sentence sentNo="0" aPos="27078864" ID="1001646">
            <text>Quantitative material is also used as evidence for the criminal proclivities of persons with certain social characteristics . </text>
            <annotationSet cDate="01/07/2003 10:36:15 PST Tue" status="UNANN" ID="1455900">
                <layer rank="1" name="BNC">
                    <label end="11" start="0" name="AJ0"/>
                    <label end="20" start="13" name="NN1"/>
                    <label end="23" start="22" name="VBZ"/>
                    <label end="28" start="25" name="AV0"/>
                    <label end="33" start="30" name="VVD-VVN"/>
                    <label end="36" start="35" name="CJS-PRP"/>
                    <label end="45" start="38" name="NN1"/>
                    <label end="49" start="47" name="PRP"/>
                    <label end="53" start="51" name="AT0"/>
                    <label end="62" start="55" name="AJ0"/>
                    <label end="75" start="64" name="NN2"/>
                    <label end="78" start="77" name="PRF"/>
                    <label end="86" start="80" name="NN2"/>
                    <label end="91" start="88" name="PRP"/>
                    <label end="99" start="93" name="AJ0"/>
                    <label end="106" start="101" name="AJ0"/>
                    <label end="122" start="108" name="NN2"/>
                    <label end="124" start="124" name="PUN"/>
                </layer>
            </annotationSet>
            <annotationSet cDate="01/07/2003 10:36:15 PST Tue" status="MANUAL" ID="1455901">
                <layer rank="1" name="FE">
                    <label cBy="618" feID="3384" end="62" start="55" name="Behavior"/>
                </layer>
                <layer rank="1" name="GF">
                    <label end="62" start="55" name="Dep"/>
                </layer>
                <layer rank="1" name="PT">
                    <label end="62" start="55" name="AJP"/>
                </layer>
                <layer rank="1" name="Sent"/>
                <layer rank="1" name="Other"/>
                <layer rank="1" name="Target">
                    <label cBy="103" end="75" start="64" name="Target"/>
                </layer>
                <layer rank="1" name="Noun"/>
            </annotationSet>
        </sentence>
    </subCorpus>
    <subCorpus name="N-340a-s20-ppother"/>
    <subCorpus name="N-370-s20-pother">
        <sentence sentNo="0" aPos="2623544" ID="1001657">
            <text>One neighbourhood policeman was known among colleagues ( and some members of the public ) for his proclivity for dispensing parking tickets . </text>
            <annotationSet cDate="01/07/2003 10:36:16 PST Tue" status="UNANN" ID="1455922">
                <layer rank="1" name="BNC">
                    <label end="2" start="0" name="CRD"/>
                    <label end="16" start="4" name="NN0"/>
                    <label end="26" start="18" name="NN1"/>
                    <label end="30" start="28" name="VBD"/>
                    <label end="36" start="32" name="VVN"/>
                    <label end="42" start="38" name="PRP"/>
                    <label end="53" start="44" name="NN2"/>
                    <label end="55" start="55" name="PUL"/>
                    <label end="59" start="57" name="CJC"/>
                    <label end="64" start="61" name="DT0"/>
                    <label end="72" start="66" name="NN2"/>
                    <label end="75" start="74" name="PRF"/>
                    <label end="79" start="77" name="AT0"/>
                    <label end="86" start="81" name="NN0"/>
                    <label end="88" start="88" name="PUR"/>
                    <label end="92" start="90" name="PRP"/>
                    <label end="96" start="94" name="DPS"/>
                    <label end="107" start="98" name="NN1"/>
                    <label end="111" start="109" name="PRP"/>
                    <label end="122" start="113" name="AJ0-VVG"/>
                    <label end="130" start="124" name="NN1-VVG"/>
                    <label end="138" start="132" name="NN2"/>
                    <label end="140" start="140" name="PUN"/>
                </layer>
            </annotationSet>
            <annotationSet cDate="01/07/2003 10:36:16 PST Tue" status="MANUAL" ID="1455923">
                <layer rank="1" name="FE">
                    <label cBy="618" feID="3383" end="96" start="94" name="Entity"/>
                    <label cBy="618" feID="3384" end="138" start="109" name="Behavior"/>
                </layer>
                <layer rank="1" name="GF">
                    <label end="96" start="94" name="Gen"/>
                    <label end="138" start="109" name="Dep"/>
                </layer>
                <layer rank="1" name="PT">
                    <label end="96" start="94" name="Poss"/>
                    <label end="138" start="109" name="PPing"/>
                </layer>
                <layer rank="1" name="Sent"/>
                <layer rank="1" name="Other"/>
                <layer rank="1" name="Target">
                    <label cBy="103" end="107" start="98" name="Target"/>
                </layer>
                <layer rank="1" name="Noun"/>
            </annotationSet>
        </sentence>
    </subCorpus>
    <subCorpus name="N-380-s20-other"/>
</lexUnit>