<?xml version="1.0" encoding="UTF-8" standalone="yes"?>
<?xml-stylesheet type="text/xsl" href="lexUnit.xsl"?>
<lexUnit status="Created" POS="A" name="habitual.a" ID="6731" frame="Custom" frameID="380" totalAnnotated="0" xsi:schemaLocation="../schema/lexUnit.xsd" xmlns="http://framenet.icsi.berkeley.edu" xmlns:xsi="http://www.w3.org/2001/XMLSchema-instance">
    <header>
        <frame>
            <FE fgColor="FFFFFF" bgColor="FFA500" type="Core" abbrev="Behavior" name="Behavior"/>
            <FE fgColor="FFFFFF" bgColor="1E90FF" type="Peripheral" abbrev="Descriptor" name="Descriptor"/>
            <FE fgColor="FFFFFF" bgColor="0000FF" type="Peripheral" abbrev="Domain" name="Domain"/>
            <FE fgColor="FFFFFF" bgColor="008000" type="Peripheral" abbrev="Place" name="Place"/>
            <FE fgColor="FFFFFF" bgColor="FF0000" type="Core" abbrev="Protagonist" name="Protagonist"/>
            <FE fgColor="FFFFFF" bgColor="9400D3" type="Core" abbrev="Society" name="Society"/>
        </frame>
    </header>
    <definition>COD: done constantly or as a habit. </definition>
    <lexeme POS="A" name="habitual"/>
    <valences/>
</lexUnit>