<?xml version="1.0" encoding="UTF-8" standalone="yes"?>
<?xml-stylesheet type="text/xsl" href="lexUnit.xsl"?>
<lexUnit status="Finished_Initial" POS="V" name="engender.v" ID="6749" frame="Cause_to_start" frameID="381" totalAnnotated="13" xsi:schemaLocation="../schema/lexUnit.xsd" xmlns="http://framenet.icsi.berkeley.edu" xmlns:xsi="http://www.w3.org/2001/XMLSchema-instance">
    <header>
        <corpus name="BNC2" ID="111">
            <document description="bncp" ID="421"/>
        </corpus>
        <frame>
            <FE fgColor="FFFFFF" bgColor="FF0000" type="Core" abbrev="Cause" name="Cause"/>
            <FE fgColor="FFFFFF" bgColor="7CCD73" type="Extra-Thematic" abbrev="Cir" name="Circumstances"/>
            <FE fgColor="000000" bgColor="00BFFF" type="Extra-Thematic" abbrev="Ses" name="Concessive"/>
            <FE fgColor="00008B" bgColor="FFFF00" type="Extra-Thematic" abbrev="Con" name="Consecutive"/>
            <FE fgColor="FFFFFF" bgColor="808080" type="Extra-Thematic" abbrev="Con" name="Containing_event"/>
            <FE fgColor="FF0000" bgColor="FFD700" type="Extra-Thematic" abbrev="Dep" name="Depictive"/>
            <FE fgColor="FFFFFF" bgColor="0000FF" type="Core" abbrev="Effect" name="Effect"/>
            <FE fgColor="000000" bgColor="EEE8AA" type="Extra-Thematic" abbrev="Epi" name="Epistemic_stance"/>
            <FE fgColor="006400" bgColor="A9A9A9" type="Extra-Thematic" abbrev="Eve" name="Event_description"/>
            <FE fgColor="FFFFFF" bgColor="00008B" type="Extra-Thematic" abbrev="Exp" name="Explanation"/>
            <FE fgColor="FFFFFF" bgColor="FF00FF" type="Peripheral" abbrev="Man" name="Manner"/>
            <FE fgColor="FFFFFF" bgColor="A52A2A" type="Peripheral" abbrev="Mns" name="Means"/>
            <FE fgColor="000000" bgColor="2E8B57" type="Peripheral" abbrev="Med" name="Medium"/>
            <FE fgColor="000000" bgColor="FF69B4" type="Extra-Thematic" abbrev="Par" name="Particular_iteration"/>
            <FE fgColor="FFFFFF" bgColor="008000" type="Peripheral" abbrev="Place" name="Place"/>
            <FE fgColor="FFFFFF" bgColor="800080" type="Extra-Thematic" abbrev="Pur" name="Purpose"/>
            <FE fgColor="FFFFFF" bgColor="9F79EE" type="Extra-Thematic" abbrev="Sub" name="Subevent"/>
            <FE fgColor="FFFFFF" bgColor="FFA500" type="Peripheral" abbrev="Tim" name="Time"/>
        </frame>
    </header>
    <definition>COD: bring into existence</definition>
    <lexeme POS="V" name="engender"/>
    <valences>
        <FERealization total="13">
            <FE name="Cause"/>
            <pattern total="10">
                <valenceUnit GF="Ext" PT="NP" FE="Cause"/>
                <annoSet ID="2394476"/>
                <annoSet ID="2394478"/>
                <annoSet ID="2394502"/>
                <annoSet ID="2394536"/>
                <annoSet ID="2394540"/>
                <annoSet ID="2394552"/>
                <annoSet ID="2394554"/>
                <annoSet ID="2394578"/>
                <annoSet ID="2394630"/>
                <annoSet ID="2394656"/>
            </pattern>
            <pattern total="3">
                <valenceUnit GF="Dep" PT="PP[by]" FE="Cause"/>
                <annoSet ID="2394438"/>
                <annoSet ID="2394446"/>
                <annoSet ID="2394658"/>
            </pattern>
        </FERealization>
        <FERealization total="13">
            <FE name="Effect"/>
            <pattern total="10">
                <valenceUnit GF="Obj" PT="NP" FE="Effect"/>
                <annoSet ID="2394476"/>
                <annoSet ID="2394478"/>
                <annoSet ID="2394502"/>
                <annoSet ID="2394536"/>
                <annoSet ID="2394540"/>
                <annoSet ID="2394552"/>
                <annoSet ID="2394554"/>
                <annoSet ID="2394578"/>
                <annoSet ID="2394630"/>
                <annoSet ID="2394656"/>
            </pattern>
            <pattern total="3">
                <valenceUnit GF="Ext" PT="NP" FE="Effect"/>
                <annoSet ID="2394438"/>
                <annoSet ID="2394446"/>
                <annoSet ID="2394658"/>
            </pattern>
        </FERealization>
        <FERealization total="3">
            <FE name="Place"/>
            <pattern total="1">
                <valenceUnit GF="Dep" PT="PP[within]" FE="Place"/>
                <annoSet ID="2394502"/>
            </pattern>
            <pattern total="2">
                <valenceUnit GF="Dep" PT="PP[in]" FE="Place"/>
                <annoSet ID="2394438"/>
                <annoSet ID="2394658"/>
            </pattern>
        </FERealization>
        <FEGroupRealization total="1">
            <FE name="Cause"/>
            <FE name="Cause"/>
            <FE name="Effect"/>
            <pattern total="1">
                <valenceUnit GF="Ext" PT="NP" FE="Cause"/>
                <valenceUnit GF="Ext" PT="NP" FE="Cause"/>
                <valenceUnit GF="Obj" PT="NP" FE="Effect"/>
                <annoSet ID="2394552"/>
            </pattern>
        </FEGroupRealization>
        <FEGroupRealization total="9">
            <FE name="Cause"/>
            <FE name="Effect"/>
            <pattern total="8">
                <valenceUnit GF="Ext" PT="NP" FE="Cause"/>
                <valenceUnit GF="Obj" PT="NP" FE="Effect"/>
                <annoSet ID="2394476"/>
                <annoSet ID="2394478"/>
                <annoSet ID="2394536"/>
                <annoSet ID="2394540"/>
                <annoSet ID="2394554"/>
                <annoSet ID="2394578"/>
                <annoSet ID="2394630"/>
                <annoSet ID="2394656"/>
            </pattern>
            <pattern total="1">
                <valenceUnit GF="Dep" PT="PP[by]" FE="Cause"/>
                <valenceUnit GF="Ext" PT="NP" FE="Effect"/>
                <annoSet ID="2394446"/>
            </pattern>
        </FEGroupRealization>
        <FEGroupRealization total="3">
            <FE name="Cause"/>
            <FE name="Effect"/>
            <FE name="Place"/>
            <pattern total="1">
                <valenceUnit GF="Ext" PT="NP" FE="Cause"/>
                <valenceUnit GF="Obj" PT="NP" FE="Effect"/>
                <valenceUnit GF="Dep" PT="PP[within]" FE="Place"/>
                <annoSet ID="2394502"/>
            </pattern>
            <pattern total="2">
                <valenceUnit GF="Dep" PT="PP[by]" FE="Cause"/>
                <valenceUnit GF="Ext" PT="NP" FE="Effect"/>
                <valenceUnit GF="Dep" PT="PP[in]" FE="Place"/>
                <annoSet ID="2394438"/>
                <annoSet ID="2394658"/>
            </pattern>
        </FEGroupRealization>
    </valences>
    <subCorpus name="01-NP-T-NP-(1)">
        <sentence corpID="111" docID="421" sentNo="4" paragNo="1078" aPos="75977857" ID="1473766">
            <text>The corruption and viciousness engendered by Trujillo 's tyranny in the Dominican Republic ; the unmitigated poverty and rampant prostitution of Puerto Rico , …</text>
            <annotationSet cDate="05/05/2008 03:18:50 PDT Mon" status="UNANN" ID="2394437">
                <layer rank="1" name="PENN">
                    <label end="2" start="0" name="dt"/>
                    <label end="13" start="4" name="nn"/>
                    <label end="17" start="15" name="cc"/>
                    <label end="29" start="19" name="nn"/>
                    <label end="40" start="31" name="VVN"/>
                    <label end="43" start="42" name="in"/>
                    <label end="52" start="45" name="NP"/>
                    <label end="55" start="54" name="POS"/>
                    <label end="63" start="57" name="nn"/>
                    <label end="66" start="65" name="in"/>
                    <label end="70" start="68" name="dt"/>
                    <label end="80" start="72" name="NP"/>
                    <label end="89" start="82" name="NP"/>
                    <label end="91" start="91" name=":"/>
                    <label end="95" start="93" name="dt"/>
                    <label end="107" start="97" name="jj"/>
                    <label end="115" start="109" name="nn"/>
                    <label end="119" start="117" name="cc"/>
                    <label end="127" start="121" name="jj"/>
                    <label end="140" start="129" name="nn"/>
                    <label end="143" start="142" name="in"/>
                    <label end="150" start="145" name="NP"/>
                    <label end="155" start="152" name="NP"/>
                    <label end="157" start="157" name=","/>
                    <label end="159" start="159" name="nn"/>
                </layer>
                <layer rank="1" name="NER"/>
                <layer rank="1" name="WSL"/>
            </annotationSet>
            <annotationSet cDate="05/05/2008 03:18:50 PDT Mon" status="MANUAL" ID="2394438">
                <layer rank="1" name="Target">
                    <label cBy="597" end="40" start="31" name="Target"/>
                </layer>
                <layer rank="1" name="FE">
                    <label cBy="597" feID="3402" end="29" start="0" name="Effect"/>
                    <label cBy="597" feID="3400" end="63" start="42" name="Cause"/>
                    <label cBy="597" feID="3403" end="89" start="65" name="Place"/>
                </layer>
                <layer rank="1" name="GF">
                    <label end="29" start="0" name="Ext"/>
                    <label end="63" start="42" name="Dep"/>
                    <label end="89" start="65" name="Dep"/>
                </layer>
                <layer rank="1" name="PT">
                    <label end="29" start="0" name="NP"/>
                    <label end="63" start="42" name="PP"/>
                    <label end="89" start="65" name="PP"/>
                </layer>
                <layer rank="1" name="Other"/>
                <layer rank="1" name="Sent"/>
                <layer rank="1" name="Verb"/>
            </annotationSet>
        </sentence>
        <sentence corpID="111" docID="421" sentNo="1" paragNo="139" aPos="29642452" ID="1473770">
            <text>These childhood emotional relationships are further engendered by the integration into the authority pattern that is essential to mass production .</text>
            <annotationSet cDate="05/05/2008 03:18:51 PDT Mon" status="UNANN" ID="2394445">
                <layer rank="1" name="PENN">
                    <label end="4" start="0" name="dt"/>
                    <label end="14" start="6" name="nn"/>
                    <label end="24" start="16" name="jj"/>
                    <label end="38" start="26" name="nns"/>
                    <label end="42" start="40" name="vbp"/>
                    <label end="50" start="44" name="rb"/>
                    <label end="61" start="52" name="VVN"/>
                    <label end="64" start="63" name="in"/>
                    <label end="68" start="66" name="dt"/>
                    <label end="80" start="70" name="nn"/>
                    <label end="85" start="82" name="in"/>
                    <label end="89" start="87" name="dt"/>
                    <label end="99" start="91" name="nn"/>
                    <label end="107" start="101" name="nn"/>
                    <label end="112" start="109" name="wdt"/>
                    <label end="115" start="114" name="VBZ"/>
                    <label end="125" start="117" name="jj"/>
                    <label end="128" start="127" name="to"/>
                    <label end="133" start="130" name="jj"/>
                    <label end="144" start="135" name="nn"/>
                    <label end="146" start="146" name="sent"/>
                </layer>
                <layer rank="1" name="NER"/>
                <layer rank="1" name="WSL"/>
            </annotationSet>
            <annotationSet cDate="05/05/2008 03:18:51 PDT Mon" status="MANUAL" ID="2394446">
                <layer rank="1" name="Target">
                    <label cBy="597" end="61" start="52" name="Target"/>
                </layer>
                <layer rank="1" name="FE">
                    <label cBy="597" feID="3402" end="38" start="0" name="Effect"/>
                    <label cBy="597" feID="3400" end="144" start="63" name="Cause"/>
                </layer>
                <layer rank="1" name="GF">
                    <label end="38" start="0" name="Ext"/>
                    <label end="144" start="63" name="Dep"/>
                </layer>
                <layer rank="1" name="PT">
                    <label end="38" start="0" name="NP"/>
                    <label end="144" start="63" name="PP"/>
                </layer>
                <layer rank="1" name="Other"/>
                <layer rank="1" name="Sent"/>
                <layer rank="1" name="Verb"/>
            </annotationSet>
        </sentence>
    </subCorpus>
    <subCorpus name="02-NP-T-PP-(1)">
        <sentence corpID="111" docID="421" sentNo="1" paragNo="634" aPos="27439868" ID="1473785">
            <text>A magic bridle may be used to tame a kelpie temporarily , though this will engender great rage in the creature .</text>
            <annotationSet cDate="05/05/2008 03:18:54 PDT Mon" status="UNANN" ID="2394475">
                <layer rank="1" name="PENN">
                    <label end="0" start="0" name="dt"/>
                    <label end="6" start="2" name="jj"/>
                    <label end="13" start="8" name="nn"/>
                    <label end="17" start="15" name="md"/>
                    <label end="20" start="19" name="vb"/>
                    <label end="25" start="22" name="VVN"/>
                    <label end="28" start="27" name="to"/>
                    <label end="33" start="30" name="jj"/>
                    <label end="35" start="35" name="dt"/>
                    <label end="42" start="37" name="nn"/>
                    <label end="54" start="44" name="rb"/>
                    <label end="56" start="56" name=","/>
                    <label end="63" start="58" name="in"/>
                    <label end="68" start="65" name="dt"/>
                    <label end="73" start="70" name="md"/>
                    <label end="82" start="75" name="VV"/>
                    <label end="88" start="84" name="jj"/>
                    <label end="93" start="90" name="nn"/>
                    <label end="96" start="95" name="in"/>
                    <label end="100" start="98" name="dt"/>
                    <label end="109" start="102" name="nn"/>
                    <label end="111" start="111" name="sent"/>
                </layer>
                <layer rank="1" name="NER"/>
                <layer rank="1" name="WSL"/>
            </annotationSet>
            <annotationSet cDate="05/05/2008 03:18:54 PDT Mon" status="MANUAL" ID="2394476">
                <layer rank="1" name="Target">
                    <label cBy="597" end="82" start="75" name="Target"/>
                </layer>
                <layer rank="1" name="FE">
                    <label cBy="597" feID="3400" end="68" start="65" name="Cause"/>
                    <label cBy="597" feID="3402" end="109" start="84" name="Effect"/>
                </layer>
                <layer rank="1" name="GF">
                    <label end="68" start="65" name="Ext"/>
                    <label end="109" start="84" name="Obj"/>
                </layer>
                <layer rank="1" name="PT">
                    <label end="68" start="65" name="NP"/>
                    <label end="109" start="84" name="NP"/>
                </layer>
                <layer rank="1" name="Other"/>
                <layer rank="1" name="Sent"/>
                <layer rank="1" name="Verb"/>
            </annotationSet>
        </sentence>
        <sentence corpID="111" docID="421" sentNo="7" paragNo="243" aPos="8366594" ID="1473786">
            <text>Every frenetic gesture engendered tenderness in hir heart .</text>
            <annotationSet cDate="05/05/2008 03:18:54 PDT Mon" status="UNANN" ID="2394477">
                <layer rank="1" name="PENN">
                    <label end="4" start="0" name="dt"/>
                    <label end="13" start="6" name="jj"/>
                    <label end="21" start="15" name="nn"/>
                    <label end="32" start="23" name="VVD"/>
                    <label end="43" start="34" name="nn"/>
                    <label end="46" start="45" name="in"/>
                    <label end="50" start="48" name="jj"/>
                    <label end="56" start="52" name="nn"/>
                    <label end="58" start="58" name="sent"/>
                </layer>
                <layer rank="1" name="NER"/>
                <layer rank="1" name="WSL"/>
            </annotationSet>
            <annotationSet cDate="05/05/2008 03:18:54 PDT Mon" status="MANUAL" ID="2394478">
                <layer rank="1" name="Target">
                    <label cBy="597" end="32" start="23" name="Target"/>
                </layer>
                <layer rank="1" name="FE">
                    <label cBy="597" feID="3400" end="21" start="0" name="Cause"/>
                    <label cBy="597" feID="3402" end="56" start="34" name="Effect"/>
                </layer>
                <layer rank="1" name="GF">
                    <label end="21" start="0" name="Ext"/>
                    <label end="56" start="34" name="Obj"/>
                </layer>
                <layer rank="1" name="PT">
                    <label end="21" start="0" name="NP"/>
                    <label end="56" start="34" name="NP"/>
                </layer>
                <layer rank="1" name="Other"/>
                <layer rank="1" name="Sent"/>
                <layer rank="1" name="Verb"/>
            </annotationSet>
        </sentence>
        <sentence corpID="111" docID="421" sentNo="8" paragNo="204" aPos="45052745" ID="1473798">
            <text>Political anti-semitism attracted mass support for the BUF in a limited geographical area , but it engendered greater hostility within those same localities and had appalling consequences elsewhere .</text>
            <annotationSet cDate="05/05/2008 03:18:57 PDT Mon" status="UNANN" ID="2394501">
                <layer rank="1" name="PENN">
                    <label end="8" start="0" name="jj"/>
                    <label end="22" start="10" name="nn"/>
                    <label end="32" start="24" name="VVD"/>
                    <label end="37" start="34" name="jj"/>
                    <label end="45" start="39" name="nn"/>
                    <label end="49" start="47" name="in"/>
                    <label end="53" start="51" name="dt"/>
                    <label end="57" start="55" name="NP"/>
                    <label end="60" start="59" name="in"/>
                    <label end="62" start="62" name="dt"/>
                    <label end="70" start="64" name="jj"/>
                    <label end="83" start="72" name="jj"/>
                    <label end="88" start="85" name="nn"/>
                    <label end="90" start="90" name=","/>
                    <label end="94" start="92" name="cc"/>
                    <label end="97" start="96" name="PP"/>
                    <label end="108" start="99" name="VVD"/>
                    <label end="116" start="110" name="jjr"/>
                    <label end="126" start="118" name="nn"/>
                    <label end="133" start="128" name="in"/>
                    <label end="139" start="135" name="dt"/>
                    <label end="144" start="141" name="jj"/>
                    <label end="155" start="146" name="nns"/>
                    <label end="159" start="157" name="cc"/>
                    <label end="163" start="161" name="VHD"/>
                    <label end="173" start="165" name="jj"/>
                    <label end="186" start="175" name="nns"/>
                    <label end="196" start="188" name="rb"/>
                    <label end="198" start="198" name="sent"/>
                </layer>
                <layer rank="1" name="NER"/>
                <layer rank="1" name="WSL"/>
            </annotationSet>
            <annotationSet cDate="05/05/2008 03:18:57 PDT Mon" status="MANUAL" ID="2394502">
                <layer rank="1" name="Target">
                    <label cBy="597" end="108" start="99" name="Target"/>
                </layer>
                <layer rank="1" name="FE">
                    <label cBy="597" feID="3400" end="97" start="96" name="Cause"/>
                    <label cBy="597" feID="3402" end="126" start="110" name="Effect"/>
                    <label cBy="597" feID="3403" end="155" start="128" name="Place"/>
                </layer>
                <layer rank="1" name="GF">
                    <label end="97" start="96" name="Ext"/>
                    <label end="126" start="110" name="Obj"/>
                    <label end="155" start="128" name="Dep"/>
                </layer>
                <layer rank="1" name="PT">
                    <label end="97" start="96" name="NP"/>
                    <label end="126" start="110" name="NP"/>
                    <label end="155" start="128" name="PP"/>
                </layer>
                <layer rank="1" name="Other"/>
                <layer rank="1" name="Sent"/>
                <layer rank="1" name="Verb"/>
            </annotationSet>
        </sentence>
    </subCorpus>
    <subCorpus name="03-T-NP-(1)">
        <sentence corpID="111" docID="421" sentNo="1" paragNo="215" aPos="34813088" ID="1473815">
            <text>Its purpose then was to monitor changes in the environment worldwide , and engender popular environmental practices .</text>
            <annotationSet cDate="05/05/2008 03:19:02 PDT Mon" status="UNANN" ID="2394535">
                <layer rank="1" name="PENN">
                    <label end="2" start="0" name="PP$"/>
                    <label end="10" start="4" name="nn"/>
                    <label end="15" start="12" name="rb"/>
                    <label end="19" start="17" name="VBD"/>
                    <label end="22" start="21" name="to"/>
                    <label end="30" start="24" name="VV"/>
                    <label end="38" start="32" name="nns"/>
                    <label end="41" start="40" name="in"/>
                    <label end="45" start="43" name="dt"/>
                    <label end="57" start="47" name="nn"/>
                    <label end="67" start="59" name="rb"/>
                    <label end="69" start="69" name=","/>
                    <label end="73" start="71" name="cc"/>
                    <label end="82" start="75" name="VV"/>
                    <label end="90" start="84" name="jj"/>
                    <label end="104" start="92" name="jj"/>
                    <label end="114" start="106" name="nns"/>
                    <label end="116" start="116" name="sent"/>
                </layer>
                <layer rank="1" name="NER"/>
                <layer rank="1" name="WSL"/>
            </annotationSet>
            <annotationSet cDate="05/05/2008 03:19:02 PDT Mon" status="MANUAL" ID="2394536">
                <layer rank="1" name="Target">
                    <label cBy="597" end="82" start="75" name="Target"/>
                </layer>
                <layer rank="1" name="FE">
                    <label cBy="597" feID="3400" end="10" start="0" name="Cause"/>
                    <label cBy="597" feID="3402" end="114" start="84" name="Effect"/>
                </layer>
                <layer rank="1" name="GF">
                    <label end="10" start="0" name="Ext"/>
                    <label end="114" start="84" name="Obj"/>
                </layer>
                <layer rank="1" name="PT">
                    <label end="10" start="0" name="NP"/>
                    <label end="114" start="84" name="NP"/>
                </layer>
                <layer rank="1" name="Other"/>
                <layer rank="1" name="Sent"/>
                <layer rank="1" name="Verb"/>
            </annotationSet>
        </sentence>
        <sentence corpID="111" docID="421" sentNo="4" paragNo="144" aPos="50010766" ID="1473817">
            <text>Therefore , it is my opinion that nothing can be done to engender additional assistance of the type requested unless the State Department secures authority therefore …</text>
            <annotationSet cDate="05/05/2008 03:19:02 PDT Mon" status="UNANN" ID="2394539">
                <layer rank="1" name="PENN">
                    <label end="8" start="0" name="rb"/>
                    <label end="10" start="10" name=","/>
                    <label end="13" start="12" name="PP"/>
                    <label end="16" start="15" name="VBZ"/>
                    <label end="19" start="18" name="PP$"/>
                    <label end="27" start="21" name="nn"/>
                    <label end="32" start="29" name="in"/>
                    <label end="40" start="34" name="nn"/>
                    <label end="44" start="42" name="md"/>
                    <label end="47" start="46" name="vb"/>
                    <label end="52" start="49" name="VVN"/>
                    <label end="55" start="54" name="to"/>
                    <label end="64" start="57" name="VV"/>
                    <label end="75" start="66" name="jj"/>
                    <label end="86" start="77" name="nn"/>
                    <label end="89" start="88" name="in"/>
                    <label end="93" start="91" name="dt"/>
                    <label end="98" start="95" name="nn"/>
                    <label end="108" start="100" name="VVN"/>
                    <label end="115" start="110" name="in"/>
                    <label end="119" start="117" name="dt"/>
                    <label end="125" start="121" name="NP"/>
                    <label end="136" start="127" name="NP"/>
                    <label end="144" start="138" name="VVZ"/>
                    <label end="154" start="146" name="nn"/>
                    <label end="164" start="156" name="rb"/>
                    <label end="166" start="166" name="jj"/>
                </layer>
                <layer rank="1" name="NER"/>
                <layer rank="1" name="WSL"/>
            </annotationSet>
            <annotationSet cDate="05/05/2008 03:19:02 PDT Mon" status="MANUAL" ID="2394540">
                <layer rank="1" name="Target">
                    <label cBy="597" end="64" start="57" name="Target"/>
                </layer>
                <layer rank="1" name="FE">
                    <label cBy="597" feID="3400" end="40" start="34" name="Cause"/>
                    <label cBy="597" feID="3402" end="108" start="66" name="Effect"/>
                </layer>
                <layer rank="1" name="GF">
                    <label end="40" start="34" name="Ext"/>
                    <label end="108" start="66" name="Obj"/>
                </layer>
                <layer rank="1" name="PT">
                    <label end="40" start="34" name="NP"/>
                    <label end="108" start="66" name="NP"/>
                </layer>
                <layer rank="1" name="Other"/>
                <layer rank="1" name="Sent"/>
                <layer rank="1" name="Verb"/>
            </annotationSet>
        </sentence>
    </subCorpus>
    <subCorpus name="04-T-(1)">
        <sentence corpID="111" docID="421" sentNo="5" paragNo="93" aPos="100082717" ID="1473823">
            <text>A commonality of interest ensures such cooperation takes place : the creation of a single financial space must create an environment which engenders the growth and development of derivative market activities .</text>
            <annotationSet cDate="05/05/2008 03:19:04 PDT Mon" status="UNANN" ID="2394551">
                <layer rank="1" name="PENN">
                    <label end="0" start="0" name="dt"/>
                    <label end="12" start="2" name="nn"/>
                    <label end="15" start="14" name="in"/>
                    <label end="24" start="17" name="nn"/>
                    <label end="32" start="26" name="VVZ"/>
                    <label end="37" start="34" name="jj"/>
                    <label end="49" start="39" name="nn"/>
                    <label end="55" start="51" name="VVZ"/>
                    <label end="61" start="57" name="nn"/>
                    <label end="63" start="63" name=":"/>
                    <label end="67" start="65" name="dt"/>
                    <label end="76" start="69" name="nn"/>
                    <label end="79" start="78" name="in"/>
                    <label end="81" start="81" name="dt"/>
                    <label end="88" start="83" name="jj"/>
                    <label end="98" start="90" name="jj"/>
                    <label end="104" start="100" name="nn"/>
                    <label end="109" start="106" name="md"/>
                    <label end="116" start="111" name="VV"/>
                    <label end="119" start="118" name="dt"/>
                    <label end="131" start="121" name="nn"/>
                    <label end="137" start="133" name="wdt"/>
                    <label end="147" start="139" name="VVZ"/>
                    <label end="151" start="149" name="dt"/>
                    <label end="158" start="153" name="nn"/>
                    <label end="162" start="160" name="cc"/>
                    <label end="174" start="164" name="nn"/>
                    <label end="177" start="176" name="in"/>
                    <label end="188" start="179" name="jj"/>
                    <label end="195" start="190" name="nn"/>
                    <label end="206" start="197" name="nns"/>
                    <label end="208" start="208" name="sent"/>
                </layer>
                <layer rank="1" name="NER"/>
                <layer rank="1" name="WSL"/>
            </annotationSet>
            <annotationSet cDate="05/05/2008 03:19:04 PDT Mon" status="MANUAL" ID="2394552">
                <layer rank="1" name="Target">
                    <label cBy="597" end="147" start="139" name="Target"/>
                </layer>
                <layer rank="1" name="FE">
                    <label cBy="597" feID="3400" end="131" start="118" name="Cause"/>
                    <label cBy="597" feID="3400" end="137" start="133" name="Cause"/>
                    <label cBy="597" feID="3402" end="206" start="149" name="Effect"/>
                </layer>
                <layer rank="1" name="GF">
                    <label end="131" start="118" name="Ext"/>
                    <label end="137" start="133" name="Ext"/>
                    <label end="206" start="149" name="Obj"/>
                </layer>
                <layer rank="1" name="PT">
                    <label end="131" start="118" name="NP"/>
                    <label end="137" start="133" name="NP"/>
                    <label end="206" start="149" name="NP"/>
                </layer>
                <layer rank="1" name="Other">
                    <label end="131" start="118" name="Ant"/>
                    <label end="137" start="133" name="Rel"/>
                </layer>
                <layer rank="1" name="Sent"/>
                <layer rank="1" name="Verb"/>
            </annotationSet>
        </sentence>
        <sentence corpID="111" docID="421" sentNo="5" paragNo="310" aPos="54978603" ID="1473824">
            <text>This factor had considerable importance in engendering urban sprawl .</text>
            <annotationSet cDate="05/05/2008 03:19:04 PDT Mon" status="UNANN" ID="2394553">
                <layer rank="1" name="PENN">
                    <label end="3" start="0" name="dt"/>
                    <label end="10" start="5" name="nn"/>
                    <label end="14" start="12" name="VHD"/>
                    <label end="27" start="16" name="jj"/>
                    <label end="38" start="29" name="nn"/>
                    <label end="41" start="40" name="in"/>
                    <label end="53" start="43" name="VVG"/>
                    <label end="59" start="55" name="jj"/>
                    <label end="66" start="61" name="nn"/>
                    <label end="68" start="68" name="sent"/>
                </layer>
                <layer rank="1" name="NER"/>
                <layer rank="1" name="WSL"/>
            </annotationSet>
            <annotationSet cDate="05/05/2008 03:19:05 PDT Mon" status="MANUAL" ID="2394554">
                <layer rank="1" name="Target">
                    <label cBy="597" end="53" start="43" name="Target"/>
                </layer>
                <layer rank="1" name="FE">
                    <label cBy="597" feID="3400" end="10" start="0" name="Cause"/>
                    <label cBy="597" feID="3402" end="66" start="55" name="Effect"/>
                </layer>
                <layer rank="1" name="GF">
                    <label end="10" start="0" name="Ext"/>
                    <label end="66" start="55" name="Obj"/>
                </layer>
                <layer rank="1" name="PT">
                    <label end="10" start="0" name="NP"/>
                    <label end="66" start="55" name="NP"/>
                </layer>
                <layer rank="1" name="Other"/>
                <layer rank="1" name="Sent"/>
                <layer rank="1" name="Verb"/>
            </annotationSet>
        </sentence>
        <sentence corpID="111" docID="421" sentNo="5" paragNo="203" aPos="42264611" ID="1473836">
            <text>These areas of study engender more complicated ideas about the subject than do other psychological fields .</text>
            <annotationSet cDate="05/05/2008 03:19:08 PDT Mon" status="UNANN" ID="2394577">
                <layer rank="1" name="PENN">
                    <label end="4" start="0" name="dt"/>
                    <label end="10" start="6" name="nns"/>
                    <label end="13" start="12" name="in"/>
                    <label end="19" start="15" name="nn"/>
                    <label end="28" start="21" name="VV"/>
                    <label end="33" start="30" name="rbr"/>
                    <label end="45" start="35" name="jj"/>
                    <label end="51" start="47" name="nns"/>
                    <label end="57" start="53" name="in"/>
                    <label end="61" start="59" name="dt"/>
                    <label end="69" start="63" name="nn"/>
                    <label end="74" start="71" name="in"/>
                    <label end="77" start="76" name="VV"/>
                    <label end="83" start="79" name="jj"/>
                    <label end="97" start="85" name="jj"/>
                    <label end="104" start="99" name="nns"/>
                    <label end="106" start="106" name="sent"/>
                </layer>
                <layer rank="1" name="NER"/>
                <layer rank="1" name="WSL"/>
            </annotationSet>
            <annotationSet cDate="05/05/2008 03:19:08 PDT Mon" status="MANUAL" ID="2394578">
                <layer rank="1" name="Target">
                    <label cBy="597" end="28" start="21" name="Target"/>
                </layer>
                <layer rank="1" name="FE">
                    <label cBy="597" feID="3400" end="19" start="0" name="Cause"/>
                    <label cBy="597" feID="3402" end="69" start="30" name="Effect"/>
                </layer>
                <layer rank="1" name="GF">
                    <label end="19" start="0" name="Ext"/>
                    <label end="69" start="30" name="Obj"/>
                </layer>
                <layer rank="1" name="PT">
                    <label end="19" start="0" name="NP"/>
                    <label end="69" start="30" name="NP"/>
                </layer>
                <layer rank="1" name="Other"/>
                <layer rank="1" name="Sent"/>
                <layer rank="1" name="Verb"/>
            </annotationSet>
        </sentence>
    </subCorpus>
    <subCorpus name="other-matched-(1)">
        <sentence corpID="111" docID="421" sentNo="2" paragNo="115" aPos="2264057" ID="1473862">
            <text>Prolonged prosperity is as likely as prolonged adversity to engender the mood that it is time for a change .</text>
            <annotationSet cDate="05/05/2008 03:19:16 PDT Mon" status="UNANN" ID="2394629">
                <layer rank="1" name="PENN">
                    <label end="8" start="0" name="jj"/>
                    <label end="19" start="10" name="nn"/>
                    <label end="22" start="21" name="VBZ"/>
                    <label end="25" start="24" name="rb"/>
                    <label end="32" start="27" name="jj"/>
                    <label end="35" start="34" name="in"/>
                    <label end="45" start="37" name="jj"/>
                    <label end="55" start="47" name="nn"/>
                    <label end="58" start="57" name="to"/>
                    <label end="67" start="60" name="VV"/>
                    <label end="71" start="69" name="dt"/>
                    <label end="76" start="73" name="nn"/>
                    <label end="81" start="78" name="in"/>
                    <label end="84" start="83" name="PP"/>
                    <label end="87" start="86" name="VBZ"/>
                    <label end="92" start="89" name="nn"/>
                    <label end="96" start="94" name="in"/>
                    <label end="98" start="98" name="dt"/>
                    <label end="105" start="100" name="nn"/>
                    <label end="107" start="107" name="sent"/>
                </layer>
                <layer rank="1" name="NER"/>
                <layer rank="1" name="WSL"/>
            </annotationSet>
            <annotationSet cDate="05/05/2008 03:19:16 PDT Mon" status="MANUAL" ID="2394630">
                <layer rank="1" name="Target">
                    <label cBy="597" end="67" start="60" name="Target"/>
                </layer>
                <layer rank="1" name="FE">
                    <label cBy="597" feID="3400" end="19" start="0" name="Cause"/>
                    <label cBy="597" feID="3402" end="105" start="69" name="Effect"/>
                </layer>
                <layer rank="1" name="GF">
                    <label end="19" start="0" name="Ext"/>
                    <label end="105" start="69" name="Obj"/>
                </layer>
                <layer rank="1" name="PT">
                    <label end="19" start="0" name="NP"/>
                    <label end="105" start="69" name="NP"/>
                </layer>
                <layer rank="1" name="Other"/>
                <layer rank="1" name="Sent"/>
                <layer rank="1" name="Verb"/>
            </annotationSet>
        </sentence>
        <sentence corpID="111" docID="421" sentNo="3" paragNo="310" aPos="50240042" ID="1473875">
            <text>Among other things , this would have engendered the tradition of Herod 's Massacre of the Innocents .</text>
            <annotationSet cDate="05/05/2008 03:19:20 PDT Mon" status="UNANN" ID="2394655">
                <layer rank="1" name="PENN">
                    <label end="4" start="0" name="in"/>
                    <label end="10" start="6" name="jj"/>
                    <label end="17" start="12" name="nns"/>
                    <label end="19" start="19" name=","/>
                    <label end="24" start="21" name="dt"/>
                    <label end="30" start="26" name="md"/>
                    <label end="35" start="32" name="VH"/>
                    <label end="46" start="37" name="VVN"/>
                    <label end="50" start="48" name="dt"/>
                    <label end="60" start="52" name="nn"/>
                    <label end="63" start="62" name="in"/>
                    <label end="69" start="65" name="NP"/>
                    <label end="72" start="71" name="POS"/>
                    <label end="81" start="74" name="nn"/>
                    <label end="84" start="83" name="in"/>
                    <label end="88" start="86" name="dt"/>
                    <label end="98" start="90" name="nns"/>
                    <label end="100" start="100" name="sent"/>
                </layer>
                <layer rank="1" name="NER"/>
                <layer rank="1" name="WSL"/>
            </annotationSet>
            <annotationSet cDate="05/05/2008 03:19:21 PDT Mon" status="MANUAL" ID="2394656">
                <layer rank="1" name="Target">
                    <label cBy="597" end="46" start="37" name="Target"/>
                </layer>
                <layer rank="1" name="FE">
                    <label cBy="597" feID="3400" end="24" start="21" name="Cause"/>
                    <label cBy="597" feID="3402" end="98" start="48" name="Effect"/>
                </layer>
                <layer rank="1" name="GF">
                    <label end="24" start="21" name="Ext"/>
                    <label end="98" start="48" name="Obj"/>
                </layer>
                <layer rank="1" name="PT">
                    <label end="24" start="21" name="NP"/>
                    <label end="98" start="48" name="NP"/>
                </layer>
                <layer rank="1" name="Other"/>
                <layer rank="1" name="Sent"/>
                <layer rank="1" name="Verb"/>
            </annotationSet>
        </sentence>
        <sentence corpID="111" docID="421" sentNo="3" paragNo="76" aPos="85093473" ID="1473876">
            <text>You can still hear the resentment engendered in the villages by these schemes because of the way they were so clearly causing poverty and creating severe labour bottlenecks on the farm .</text>
            <annotationSet cDate="05/05/2008 03:19:21 PDT Mon" status="UNANN" ID="2394657">
                <layer rank="1" name="PENN">
                    <label end="2" start="0" name="PP"/>
                    <label end="6" start="4" name="md"/>
                    <label end="12" start="8" name="rb"/>
                    <label end="17" start="14" name="VV"/>
                    <label end="21" start="19" name="dt"/>
                    <label end="32" start="23" name="nn"/>
                    <label end="43" start="34" name="VVN"/>
                    <label end="46" start="45" name="in"/>
                    <label end="50" start="48" name="dt"/>
                    <label end="59" start="52" name="nns"/>
                    <label end="62" start="61" name="in"/>
                    <label end="68" start="64" name="dt"/>
                    <label end="76" start="70" name="nns"/>
                    <label end="84" start="78" name="in"/>
                    <label end="87" start="86" name="in"/>
                    <label end="91" start="89" name="dt"/>
                    <label end="95" start="93" name="nn"/>
                    <label end="100" start="97" name="PP"/>
                    <label end="105" start="102" name="VBD"/>
                    <label end="108" start="107" name="rb"/>
                    <label end="116" start="110" name="rb"/>
                    <label end="124" start="118" name="VVG"/>
                    <label end="132" start="126" name="nn"/>
                    <label end="136" start="134" name="cc"/>
                    <label end="145" start="138" name="VVG"/>
                    <label end="152" start="147" name="jj"/>
                    <label end="159" start="154" name="nn"/>
                    <label end="171" start="161" name="nns"/>
                    <label end="174" start="173" name="in"/>
                    <label end="178" start="176" name="dt"/>
                    <label end="183" start="180" name="nn"/>
                    <label end="185" start="185" name="sent"/>
                </layer>
                <layer rank="1" name="NER"/>
                <layer rank="1" name="WSL"/>
            </annotationSet>
            <annotationSet cDate="05/05/2008 03:19:21 PDT Mon" status="MANUAL" ID="2394658">
                <layer rank="1" name="Target">
                    <label cBy="597" end="43" start="34" name="Target"/>
                </layer>
                <layer rank="1" name="FE">
                    <label cBy="597" feID="3402" end="32" start="19" name="Effect"/>
                    <label cBy="597" feID="3403" end="59" start="45" name="Place"/>
                    <label cBy="597" feID="3400" end="76" start="61" name="Cause"/>
                </layer>
                <layer rank="1" name="GF">
                    <label end="32" start="19" name="Ext"/>
                    <label end="59" start="45" name="Dep"/>
                    <label end="76" start="61" name="Dep"/>
                </layer>
                <layer rank="1" name="PT">
                    <label end="32" start="19" name="NP"/>
                    <label end="59" start="45" name="PP"/>
                    <label end="76" start="61" name="PP"/>
                </layer>
                <layer rank="1" name="Other">
                    <label end="32" start="19" name="Ant"/>
                </layer>
                <layer rank="1" name="Sent"/>
                <layer rank="1" name="Verb"/>
            </annotationSet>
        </sentence>
    </subCorpus>
    <subCorpus name="other-unmatched-(1)"/>
</lexUnit>