<?xml version="1.0" encoding="UTF-8" standalone="yes"?>
<?xml-stylesheet type="text/xsl" href="lexUnit.xsl"?>
<lexUnit status="Finished_Initial" POS="PREP" name="on.prep" ID="6736" frame="Locative_relation" frameID="199" totalAnnotated="10" xsi:schemaLocation="../schema/lexUnit.xsd" xmlns="http://framenet.icsi.berkeley.edu" xmlns:xsi="http://www.w3.org/2001/XMLSchema-instance">
    <header>
        <corpus name="Orwell" ID="3">
            <document description="Orwell_1984_p1" ID="7"/>
        </corpus>
        <corpus name="BNC2" ID="111">
            <document description="bncp" ID="421"/>
        </corpus>
        <frame>
            <FE fgColor="FFFFFF" bgColor="1E90FF" type="Extra-Thematic" abbrev="Dir" name="Direction"/>
            <FE fgColor="FFFFFF" bgColor="9400D3" type="Extra-Thematic" abbrev="Dist" name="Distance"/>
            <FE fgColor="FFFFFF" bgColor="FF0000" type="Core" abbrev="Fig" name="Figure"/>
            <FE fgColor="FFFFFF" bgColor="00008B" type="Core-Unexpressed" abbrev="" name="Figures"/>
            <FE fgColor="FFFFFF" bgColor="008000" type="Core" abbrev="Grnd" name="Ground"/>
            <FE fgColor="FFFFFF" bgColor="FFA500" type="Peripheral" abbrev="tim" name="Time"/>
        </frame>
    </header>
    <definition>COD: physically in contact with and supported by (a surface), or located somewhere in the general surface area of (a place). </definition>
    <lexeme POS="PREP" name="on"/>
    <valences>
        <FERealization total="10">
            <FE name="Figure"/>
            <pattern total="7">
                <valenceUnit GF="Ext" PT="NP" FE="Figure"/>
                <annoSet ID="2318413"/>
                <annoSet ID="2318423"/>
                <annoSet ID="2318537"/>
                <annoSet ID="2318585"/>
                <annoSet ID="2318607"/>
                <annoSet ID="2318623"/>
                <annoSet ID="2599868"/>
            </pattern>
            <pattern total="3">
                <valenceUnit GF="Ext" PT="Sfin" FE="Figure"/>
                <annoSet ID="2318599"/>
                <annoSet ID="2318627"/>
                <annoSet ID="2318657"/>
            </pattern>
        </FERealization>
        <FERealization total="10">
            <FE name="Ground"/>
            <pattern total="9">
                <valenceUnit GF="Dep" PT="NP" FE="Ground"/>
                <annoSet ID="2318413"/>
                <annoSet ID="2318423"/>
                <annoSet ID="2318537"/>
                <annoSet ID="2318585"/>
                <annoSet ID="2318599"/>
                <annoSet ID="2318607"/>
                <annoSet ID="2318623"/>
                <annoSet ID="2318627"/>
                <annoSet ID="2318657"/>
            </pattern>
            <pattern total="1">
                <valenceUnit GF="Obj" PT="NP" FE="Ground"/>
                <annoSet ID="2599868"/>
            </pattern>
        </FERealization>
        <FEGroupRealization total="1">
            <FE name="Figure"/>
            <FE name="Figure"/>
            <FE name="Ground"/>
            <pattern total="1">
                <valenceUnit GF="Ext" PT="NP" FE="Figure"/>
                <valenceUnit GF="Ext" PT="NP" FE="Figure"/>
                <valenceUnit GF="Dep" PT="NP" FE="Ground"/>
                <annoSet ID="2318585"/>
            </pattern>
        </FEGroupRealization>
        <FEGroupRealization total="9">
            <FE name="Figure"/>
            <FE name="Ground"/>
            <pattern total="5">
                <valenceUnit GF="Ext" PT="NP" FE="Figure"/>
                <valenceUnit GF="Dep" PT="NP" FE="Ground"/>
                <annoSet ID="2318413"/>
                <annoSet ID="2318423"/>
                <annoSet ID="2318537"/>
                <annoSet ID="2318607"/>
                <annoSet ID="2318623"/>
            </pattern>
            <pattern total="1">
                <valenceUnit GF="Ext" PT="NP" FE="Figure"/>
                <valenceUnit GF="Obj" PT="NP" FE="Ground"/>
                <annoSet ID="2599868"/>
            </pattern>
            <pattern total="3">
                <valenceUnit GF="Ext" PT="Sfin" FE="Figure"/>
                <valenceUnit GF="Dep" PT="NP" FE="Ground"/>
                <annoSet ID="2318599"/>
                <annoSet ID="2318627"/>
                <annoSet ID="2318657"/>
            </pattern>
        </FEGroupRealization>
    </valences>
    <subCorpus name="01-Wdown,back-(1)">
        <sentence corpID="111" docID="421" sentNo="3" paragNo="1261" aPos="81768619" ID="1435328">
            <text>She stared down at her toe drawing patterns on the paving .</text>
            <annotationSet cDate="07/16/2007 12:46:33 PDT Mon" status="UNANN" ID="2318412">
                <layer rank="1" name="PENN">
                    <label end="2" start="0" name="PP"/>
                    <label end="9" start="4" name="VVD"/>
                    <label end="14" start="11" name="rb"/>
                    <label end="17" start="16" name="in"/>
                    <label end="21" start="19" name="PP$"/>
                    <label end="25" start="23" name="nn"/>
                    <label end="33" start="27" name="VVG"/>
                    <label end="42" start="35" name="nns"/>
                    <label end="45" start="44" name="in"/>
                    <label end="49" start="47" name="dt"/>
                    <label end="56" start="51" name="nn"/>
                    <label end="58" start="58" name="sent"/>
                </layer>
                <layer rank="1" name="NER"/>
                <layer rank="1" name="WSL"/>
            </annotationSet>
            <annotationSet cDate="07/16/2007 12:46:33 PDT Mon" status="MANUAL" ID="2318413">
                <layer rank="1" name="Target">
                    <label cBy="361" end="45" start="44" name="Target"/>
                </layer>
                <layer rank="1" name="FE">
                    <label cBy="361" feID="1622" end="42" start="19" name="Figure"/>
                    <label cBy="361" feID="1621" end="56" start="47" name="Ground"/>
                </layer>
                <layer rank="1" name="GF">
                    <label end="42" start="19" name="Ext"/>
                    <label end="56" start="47" name="Dep"/>
                </layer>
                <layer rank="1" name="PT">
                    <label end="42" start="19" name="NP"/>
                    <label end="56" start="47" name="NP"/>
                </layer>
                <layer rank="1" name="Other"/>
                <layer rank="1" name="Sent"/>
                <layer rank="1" name="Prep"/>
            </annotationSet>
        </sentence>
        <sentence corpID="111" docID="421" sentNo="7" paragNo="576" aPos="93055418" ID="1435333">
            <text>A drain on Gubberford Lane opposite Ashcroft regularly backs up when there is heavy rain .</text>
            <annotationSet cDate="07/16/2007 12:46:35 PDT Mon" status="UNANN" ID="2318422">
                <layer rank="1" name="PENN">
                    <label end="0" start="0" name="dt"/>
                    <label end="6" start="2" name="nn"/>
                    <label end="9" start="8" name="in"/>
                    <label end="20" start="11" name="NP"/>
                    <label end="25" start="22" name="NP"/>
                    <label end="34" start="27" name="in"/>
                    <label end="43" start="36" name="NP"/>
                    <label end="53" start="45" name="rb"/>
                    <label end="59" start="55" name="VVZ"/>
                    <label end="62" start="61" name="rp"/>
                    <label end="67" start="64" name="wrb"/>
                    <label end="73" start="69" name="ex"/>
                    <label end="76" start="75" name="VBZ"/>
                    <label end="82" start="78" name="jj"/>
                    <label end="87" start="84" name="nn"/>
                    <label end="89" start="89" name="sent"/>
                </layer>
                <layer rank="1" name="NER"/>
                <layer rank="1" name="WSL"/>
            </annotationSet>
            <annotationSet cDate="07/16/2007 12:46:35 PDT Mon" status="MANUAL" ID="2318423">
                <layer rank="1" name="Target">
                    <label cBy="361" end="9" start="8" name="Target"/>
                </layer>
                <layer rank="1" name="FE">
                    <label cBy="361" feID="1622" end="6" start="0" name="Figure"/>
                    <label cBy="361" feID="1621" end="25" start="11" name="Ground"/>
                </layer>
                <layer rank="1" name="GF">
                    <label end="6" start="0" name="Ext"/>
                    <label end="25" start="11" name="Dep"/>
                </layer>
                <layer rank="1" name="PT">
                    <label end="6" start="0" name="NP"/>
                    <label end="25" start="11" name="NP"/>
                </layer>
                <layer rank="1" name="Other"/>
                <layer rank="1" name="Sent"/>
                <layer rank="1" name="Prep"/>
            </annotationSet>
        </sentence>
    </subCorpus>
    <subCorpus name="03-Wright-(1)">
        <sentence corpID="111" docID="421" sentNo="4" paragNo="79" aPos="69303780" ID="1435390">
            <text>We saw a group of workers on the right bank working under military supervision .</text>
            <annotationSet cDate="07/16/2007 12:46:53 PDT Mon" status="UNANN" ID="2318536">
                <layer rank="1" name="PENN">
                    <label end="1" start="0" name="PP"/>
                    <label end="5" start="3" name="VVD"/>
                    <label end="7" start="7" name="dt"/>
                    <label end="13" start="9" name="nn"/>
                    <label end="16" start="15" name="in"/>
                    <label end="24" start="18" name="nns"/>
                    <label end="27" start="26" name="in"/>
                    <label end="31" start="29" name="dt"/>
                    <label end="37" start="33" name="jj"/>
                    <label end="42" start="39" name="nn"/>
                    <label end="50" start="44" name="VVG"/>
                    <label end="56" start="52" name="in"/>
                    <label end="65" start="58" name="jj"/>
                    <label end="77" start="67" name="nn"/>
                    <label end="79" start="79" name="sent"/>
                </layer>
                <layer rank="1" name="NER"/>
                <layer rank="1" name="WSL"/>
            </annotationSet>
            <annotationSet cDate="07/16/2007 12:46:53 PDT Mon" status="MANUAL" ID="2318537">
                <layer rank="1" name="Target">
                    <label cBy="361" end="27" start="26" name="Target"/>
                </layer>
                <layer rank="1" name="FE">
                    <label cBy="361" feID="1622" end="24" start="7" name="Figure"/>
                    <label cBy="361" feID="1621" end="42" start="29" name="Ground"/>
                </layer>
                <layer rank="1" name="GF">
                    <label end="24" start="7" name="Ext"/>
                    <label end="42" start="29" name="Dep"/>
                </layer>
                <layer rank="1" name="PT">
                    <label end="24" start="7" name="NP"/>
                    <label end="42" start="29" name="NP"/>
                </layer>
                <layer rank="1" name="Other"/>
                <layer rank="1" name="Sent"/>
                <layer rank="1" name="Prep"/>
            </annotationSet>
        </sentence>
    </subCorpus>
    <subCorpus name="other-matched-(1)">
        <sentence corpID="111" docID="421" sentNo="2" paragNo="418" aPos="68681080" ID="1435414">
            <text>Fenella , who on Renascia had walked everywhere , found her breath snatched from her as her mount followed Caspar down the great avenue of beeches that guarded Tara and out on to the Tree-fringed high road .</text>
            <annotationSet cDate="07/16/2007 12:47:00 PDT Mon" status="UNANN" ID="2318584">
                <layer rank="1" name="PENN">
                    <label end="6" start="0" name="NP"/>
                    <label end="8" start="8" name=","/>
                    <label end="12" start="10" name="wp"/>
                    <label end="15" start="14" name="in"/>
                    <label end="24" start="17" name="NP"/>
                    <label end="28" start="26" name="VHD"/>
                    <label end="35" start="30" name="VVD"/>
                    <label end="46" start="37" name="rb"/>
                    <label end="48" start="48" name=","/>
                    <label end="54" start="50" name="VVD"/>
                    <label end="58" start="56" name="PP$"/>
                    <label end="65" start="60" name="nn"/>
                    <label end="74" start="67" name="VVD"/>
                    <label end="79" start="76" name="in"/>
                    <label end="83" start="81" name="PP"/>
                    <label end="86" start="85" name="in"/>
                    <label end="90" start="88" name="PP"/>
                    <label end="96" start="92" name="VVP"/>
                    <label end="105" start="98" name="VVN"/>
                    <label end="112" start="107" name="NP"/>
                    <label end="117" start="114" name="in"/>
                    <label end="121" start="119" name="dt"/>
                    <label end="127" start="123" name="jj"/>
                    <label end="134" start="129" name="nn"/>
                    <label end="137" start="136" name="in"/>
                    <label end="145" start="139" name="nns"/>
                    <label end="150" start="147" name="wdt"/>
                    <label end="158" start="152" name="VVD"/>
                    <label end="163" start="160" name="NP"/>
                    <label end="167" start="165" name="cc"/>
                    <label end="171" start="169" name="rb"/>
                    <label end="174" start="173" name="in"/>
                    <label end="177" start="176" name="to"/>
                    <label end="181" start="179" name="dt"/>
                    <label end="194" start="183" name="VVN"/>
                    <label end="199" start="196" name="jj"/>
                    <label end="204" start="201" name="nn"/>
                    <label end="206" start="206" name="sent"/>
                </layer>
                <layer rank="1" name="NER"/>
                <layer rank="1" name="WSL"/>
            </annotationSet>
            <annotationSet cDate="07/16/2007 12:47:01 PDT Mon" status="MANUAL" ID="2318585">
                <layer rank="1" name="Target">
                    <label cBy="361" end="15" start="14" name="Target"/>
                </layer>
                <layer rank="1" name="FE">
                    <label cBy="361" feID="1622" end="6" start="0" name="Figure"/>
                    <label cBy="361" feID="1622" end="12" start="10" name="Figure"/>
                    <label cBy="361" feID="1621" end="24" start="17" name="Ground"/>
                </layer>
                <layer rank="1" name="GF">
                    <label end="6" start="0" name="Ext"/>
                    <label end="12" start="10" name="Ext"/>
                    <label end="24" start="17" name="Dep"/>
                </layer>
                <layer rank="1" name="PT">
                    <label end="6" start="0" name="NP"/>
                    <label end="12" start="10" name="NP"/>
                    <label end="24" start="17" name="NP"/>
                </layer>
                <layer rank="1" name="Other">
                    <label end="12" start="10" name="Rel"/>
                    <label end="6" start="0" name="Ant"/>
                </layer>
                <layer rank="1" name="Sent"/>
                <layer rank="1" name="Prep"/>
            </annotationSet>
        </sentence>
        <sentence corpID="111" docID="421" sentNo="3" paragNo="130" aPos="22276152" ID="1435421">
            <text>Indoors , the various chemical insect-killers , disinfectants and furniture-cleaning sprays may also contaminate the pet cat 's fur as the animal lies on the floor or on some other surface .</text>
            <annotationSet cDate="07/16/2007 12:47:03 PDT Mon" status="UNANN" ID="2318598">
                <layer rank="1" name="PENN">
                    <label end="6" start="0" name="rb"/>
                    <label end="8" start="8" name=","/>
                    <label end="12" start="10" name="dt"/>
                    <label end="20" start="14" name="jj"/>
                    <label end="29" start="22" name="nn"/>
                    <label end="44" start="31" name="nns"/>
                    <label end="46" start="46" name=","/>
                    <label end="60" start="48" name="nns"/>
                    <label end="64" start="62" name="cc"/>
                    <label end="83" start="66" name="nn"/>
                    <label end="90" start="85" name="nns"/>
                    <label end="94" start="92" name="md"/>
                    <label end="99" start="96" name="rb"/>
                    <label end="111" start="101" name="VV"/>
                    <label end="115" start="113" name="dt"/>
                    <label end="119" start="117" name="jj"/>
                    <label end="123" start="121" name="nn"/>
                    <label end="126" start="125" name="POS"/>
                    <label end="130" start="128" name="nn"/>
                    <label end="133" start="132" name="in"/>
                    <label end="137" start="135" name="dt"/>
                    <label end="144" start="139" name="nn"/>
                    <label end="149" start="146" name="VVZ"/>
                    <label end="152" start="151" name="in"/>
                    <label end="156" start="154" name="dt"/>
                    <label end="162" start="158" name="nn"/>
                    <label end="165" start="164" name="cc"/>
                    <label end="168" start="167" name="in"/>
                    <label end="173" start="170" name="dt"/>
                    <label end="179" start="175" name="jj"/>
                    <label end="187" start="181" name="nn"/>
                    <label end="189" start="189" name="sent"/>
                </layer>
                <layer rank="1" name="NER"/>
                <layer rank="1" name="WSL"/>
            </annotationSet>
            <annotationSet cDate="07/16/2007 12:47:03 PDT Mon" status="MANUAL" ID="2318599">
                <layer rank="1" name="Target">
                    <label cBy="361" end="168" start="167" name="Target"/>
                </layer>
                <layer rank="1" name="FE">
                    <label cBy="361" feID="1622" end="149" start="135" name="Figure"/>
                    <label cBy="361" feID="1621" end="187" start="170" name="Ground"/>
                </layer>
                <layer rank="1" name="GF">
                    <label end="149" start="135" name="Ext"/>
                    <label end="187" start="170" name="Dep"/>
                </layer>
                <layer rank="1" name="PT">
                    <label end="149" start="135" name="Sfin"/>
                    <label end="187" start="170" name="NP"/>
                </layer>
                <layer rank="1" name="Other"/>
                <layer rank="1" name="Sent"/>
                <layer rank="1" name="Prep"/>
            </annotationSet>
        </sentence>
        <sentence corpID="111" docID="421" sentNo="1" paragNo="388" aPos="41159820" ID="1435425">
            <text>Although the Austrian and Hungarian armies were ethnically very mixed and contained Germans , Magyars , Poles and even Italians , there were very few Czech , Slovene and Ruthenian regiments on the Russian Front .</text>
            <annotationSet cDate="07/16/2007 12:47:04 PDT Mon" status="UNANN" ID="2318606">
                <layer rank="1" name="PENN">
                    <label end="7" start="0" name="in"/>
                    <label end="11" start="9" name="dt"/>
                    <label end="20" start="13" name="jj"/>
                    <label end="24" start="22" name="cc"/>
                    <label end="34" start="26" name="jj"/>
                    <label end="41" start="36" name="nns"/>
                    <label end="46" start="43" name="VBD"/>
                    <label end="57" start="48" name="rb"/>
                    <label end="62" start="59" name="rb"/>
                    <label end="68" start="64" name="VVN"/>
                    <label end="72" start="70" name="cc"/>
                    <label end="82" start="74" name="VVN"/>
                    <label end="90" start="84" name="nns"/>
                    <label end="92" start="92" name=","/>
                    <label end="100" start="94" name="nns"/>
                    <label end="102" start="102" name=","/>
                    <label end="108" start="104" name="nns"/>
                    <label end="112" start="110" name="cc"/>
                    <label end="117" start="114" name="rb"/>
                    <label end="126" start="119" name="nns"/>
                    <label end="128" start="128" name=","/>
                    <label end="134" start="130" name="ex"/>
                    <label end="139" start="136" name="VBD"/>
                    <label end="144" start="141" name="rb"/>
                    <label end="148" start="146" name="jj"/>
                    <label end="154" start="150" name="jj"/>
                    <label end="156" start="156" name=","/>
                    <label end="164" start="158" name="jj"/>
                    <label end="168" start="166" name="cc"/>
                    <label end="178" start="170" name="jj"/>
                    <label end="188" start="180" name="nns"/>
                    <label end="191" start="190" name="in"/>
                    <label end="195" start="193" name="dt"/>
                    <label end="203" start="197" name="NP"/>
                    <label end="209" start="205" name="NP"/>
                    <label end="211" start="211" name="sent"/>
                </layer>
                <layer rank="1" name="NER"/>
                <layer rank="1" name="WSL"/>
            </annotationSet>
            <annotationSet cDate="07/16/2007 12:47:04 PDT Mon" status="MANUAL" ID="2318607">
                <layer rank="1" name="Target">
                    <label cBy="361" end="191" start="190" name="Target"/>
                </layer>
                <layer rank="1" name="FE">
                    <label cBy="361" feID="1622" end="188" start="141" name="Figure"/>
                    <label cBy="361" feID="1621" end="209" start="193" name="Ground"/>
                </layer>
                <layer rank="1" name="GF">
                    <label end="188" start="141" name="Ext"/>
                    <label end="209" start="193" name="Dep"/>
                </layer>
                <layer rank="1" name="PT">
                    <label end="188" start="141" name="NP"/>
                    <label end="209" start="193" name="NP"/>
                </layer>
                <layer rank="1" name="Other"/>
                <layer rank="1" name="Sent"/>
                <layer rank="1" name="Prep"/>
            </annotationSet>
        </sentence>
        <sentence corpID="111" docID="421" sentNo="2" paragNo="528" aPos="109782918" ID="1435433">
            <text>The driver , the only person on the train , was treated in hospital for shock .</text>
            <annotationSet cDate="07/16/2007 12:47:07 PDT Mon" status="UNANN" ID="2318622">
                <layer rank="1" name="PENN">
                    <label end="2" start="0" name="dt"/>
                    <label end="9" start="4" name="nn"/>
                    <label end="11" start="11" name=","/>
                    <label end="15" start="13" name="dt"/>
                    <label end="20" start="17" name="jj"/>
                    <label end="27" start="22" name="nn"/>
                    <label end="30" start="29" name="in"/>
                    <label end="34" start="32" name="dt"/>
                    <label end="40" start="36" name="nn"/>
                    <label end="42" start="42" name=","/>
                    <label end="46" start="44" name="VBD"/>
                    <label end="54" start="48" name="VVN"/>
                    <label end="57" start="56" name="in"/>
                    <label end="66" start="59" name="nn"/>
                    <label end="70" start="68" name="in"/>
                    <label end="76" start="72" name="nn"/>
                    <label end="78" start="78" name="sent"/>
                </layer>
                <layer rank="1" name="NER"/>
                <layer rank="1" name="WSL"/>
            </annotationSet>
            <annotationSet cDate="07/16/2007 12:47:07 PDT Mon" status="MANUAL" ID="2318623">
                <layer rank="1" name="Target">
                    <label cBy="361" end="30" start="29" name="Target"/>
                </layer>
                <layer rank="1" name="FE">
                    <label cBy="361" feID="1622" end="27" start="13" name="Figure"/>
                    <label cBy="361" feID="1621" end="40" start="32" name="Ground"/>
                </layer>
                <layer rank="1" name="GF">
                    <label end="27" start="13" name="Ext"/>
                    <label end="40" start="32" name="Dep"/>
                </layer>
                <layer rank="1" name="PT">
                    <label end="27" start="13" name="NP"/>
                    <label end="40" start="32" name="NP"/>
                </layer>
                <layer rank="1" name="Other"/>
                <layer rank="1" name="Sent"/>
                <layer rank="1" name="Prep"/>
            </annotationSet>
        </sentence>
        <sentence corpID="111" docID="421" sentNo="1" paragNo="1056" aPos="81822963" ID="1435435">
            <text>She perched herself uncomfortably on the only chair in the room as he sat down on the bed .</text>
            <annotationSet cDate="07/16/2007 12:47:07 PDT Mon" status="UNANN" ID="2318626">
                <layer rank="1" name="PENN">
                    <label end="2" start="0" name="PP"/>
                    <label end="10" start="4" name="VVD"/>
                    <label end="18" start="12" name="PP"/>
                    <label end="32" start="20" name="rb"/>
                    <label end="35" start="34" name="in"/>
                    <label end="39" start="37" name="dt"/>
                    <label end="44" start="41" name="jj"/>
                    <label end="50" start="46" name="nn"/>
                    <label end="53" start="52" name="in"/>
                    <label end="57" start="55" name="dt"/>
                    <label end="62" start="59" name="nn"/>
                    <label end="65" start="64" name="in"/>
                    <label end="68" start="67" name="PP"/>
                    <label end="72" start="70" name="VVD"/>
                    <label end="77" start="74" name="rp"/>
                    <label end="80" start="79" name="in"/>
                    <label end="84" start="82" name="dt"/>
                    <label end="88" start="86" name="nn"/>
                    <label end="90" start="90" name="sent"/>
                </layer>
                <layer rank="1" name="NER"/>
                <layer rank="1" name="WSL"/>
            </annotationSet>
            <annotationSet cDate="07/16/2007 12:47:07 PDT Mon" status="MANUAL" ID="2318627">
                <layer rank="1" name="Target">
                    <label cBy="361" end="35" start="34" name="Target"/>
                </layer>
                <layer rank="1" name="FE">
                    <label cBy="361" feID="1622" end="32" start="0" name="Figure"/>
                    <label cBy="361" feID="1621" end="62" start="37" name="Ground"/>
                </layer>
                <layer rank="1" name="GF">
                    <label end="32" start="0" name="Ext"/>
                    <label end="62" start="37" name="Dep"/>
                </layer>
                <layer rank="1" name="PT">
                    <label end="32" start="0" name="Sfin"/>
                    <label end="62" start="37" name="NP"/>
                </layer>
                <layer rank="1" name="Other"/>
                <layer rank="1" name="Sent"/>
                <layer rank="1" name="Prep"/>
            </annotationSet>
        </sentence>
        <sentence corpID="111" docID="421" sentNo="5" paragNo="276" aPos="54928857" ID="1435450">
            <text>When the female settles on her eggs , the male brings lumps of soil , moistened with his saliva , as she sits in the hole .</text>
            <annotationSet cDate="07/16/2007 12:47:12 PDT Mon" status="UNANN" ID="2318656">
                <layer rank="1" name="PENN">
                    <label end="3" start="0" name="wrb"/>
                    <label end="7" start="5" name="dt"/>
                    <label end="14" start="9" name="nn"/>
                    <label end="22" start="16" name="VVZ"/>
                    <label end="25" start="24" name="in"/>
                    <label end="29" start="27" name="PP$"/>
                    <label end="34" start="31" name="nns"/>
                    <label end="36" start="36" name=","/>
                    <label end="40" start="38" name="dt"/>
                    <label end="45" start="42" name="nn"/>
                    <label end="52" start="47" name="VVZ"/>
                    <label end="58" start="54" name="nns"/>
                    <label end="61" start="60" name="in"/>
                    <label end="66" start="63" name="nn"/>
                    <label end="68" start="68" name=","/>
                    <label end="78" start="70" name="VVN"/>
                    <label end="83" start="80" name="in"/>
                    <label end="87" start="85" name="PP$"/>
                    <label end="94" start="89" name="nn"/>
                    <label end="96" start="96" name=","/>
                    <label end="99" start="98" name="in"/>
                    <label end="103" start="101" name="PP"/>
                    <label end="108" start="105" name="VVZ"/>
                    <label end="111" start="110" name="in"/>
                    <label end="115" start="113" name="dt"/>
                    <label end="120" start="117" name="nn"/>
                    <label end="122" start="122" name="sent"/>
                </layer>
                <layer rank="1" name="NER"/>
                <layer rank="1" name="WSL"/>
            </annotationSet>
            <annotationSet cDate="07/16/2007 12:47:12 PDT Mon" status="MANUAL" ID="2318657">
                <layer rank="1" name="Target">
                    <label cBy="361" end="25" start="24" name="Target"/>
                </layer>
                <layer rank="1" name="FE">
                    <label cBy="361" feID="1622" end="22" start="5" name="Figure"/>
                    <label cBy="361" feID="1621" end="34" start="27" name="Ground"/>
                </layer>
                <layer rank="1" name="GF">
                    <label end="22" start="5" name="Ext"/>
                    <label end="34" start="27" name="Dep"/>
                </layer>
                <layer rank="1" name="PT">
                    <label end="22" start="5" name="Sfin"/>
                    <label end="34" start="27" name="NP"/>
                </layer>
                <layer rank="1" name="Other"/>
                <layer rank="1" name="Sent"/>
                <layer rank="1" name="Prep"/>
            </annotationSet>
        </sentence>
    </subCorpus>
    <subCorpus name="manually-added">
        <sentence corpID="3" docID="7" sentNo="9" paragNo="2" aPos="0" ID="312911">
            <text>On each landing , opposite the lift-shaft , the poster with the enormous face gazed from the wall .</text>
            <annotationSet cDate="01/06/2003 10:55:07 PST Mon" status="UNANN" ID="269187">
                <layer rank="1" name="BNC">
                    <label end="1" start="0" name="PRP"/>
                    <label end="6" start="3" name="DT0"/>
                    <label end="14" start="8" name="NN1"/>
                    <label end="16" start="16" name="PUN"/>
                    <label end="25" start="18" name="PRP"/>
                    <label end="29" start="27" name="AT0"/>
                    <label end="40" start="31" name="NN1"/>
                    <label end="42" start="42" name="PUN"/>
                    <label end="46" start="44" name="AT0"/>
                    <label end="53" start="48" name="NN1"/>
                    <label end="58" start="55" name="PRP"/>
                    <label end="62" start="60" name="AT0"/>
                    <label end="71" start="64" name="AJ0"/>
                    <label end="76" start="73" name="NN1"/>
                    <label end="82" start="78" name="VVD"/>
                    <label end="87" start="84" name="PRP"/>
                    <label end="91" start="89" name="AT0"/>
                    <label end="96" start="93" name="NN1"/>
                    <label end="98" start="98" name="PUN"/>
                </layer>
            </annotationSet>
            <annotationSet cDate="07/27/2010 04:01:40 PDT Tue" status="MANUAL" ID="2599868">
                <layer rank="1" name="Target">
                    <label cBy="664" end="1" start="0" name="Target"/>
                </layer>
                <layer rank="1" name="FE">
                    <label cBy="664" feID="1621" end="14" start="3" name="Ground"/>
                    <label cBy="664" feID="1622" end="76" start="44" name="Figure"/>
                </layer>
                <layer rank="1" name="GF">
                    <label end="14" start="3" name="Obj"/>
                    <label end="76" start="44" name="Ext"/>
                </layer>
                <layer rank="1" name="PT">
                    <label end="14" start="3" name="NP"/>
                    <label end="76" start="44" name="NP"/>
                </layer>
                <layer rank="1" name="Other"/>
                <layer rank="1" name="Sent"/>
                <layer rank="1" name="Prep"/>
            </annotationSet>
        </sentence>
    </subCorpus>
</lexUnit>