<?xml version="1.0" encoding="UTF-8" standalone="yes"?>
<?xml-stylesheet type="text/xsl" href="lexUnit.xsl"?>
<lexUnit status="Created" POS="PREP" name="in time.prep" ID="6717" frame="Time_vector" frameID="379" totalAnnotated="0" xsi:schemaLocation="../schema/lexUnit.xsd" xmlns="http://framenet.icsi.berkeley.edu" xmlns:xsi="http://www.w3.org/2001/XMLSchema-instance">
    <header>
        <frame>
            <FE fgColor="FFFFFF" bgColor="FF0000" type="Core" abbrev="Direction" name="Direction"/>
            <FE fgColor="FFFFFF" bgColor="006400" type="Core" abbrev="Distance" name="Distance"/>
            <FE fgColor="000000" bgColor="FFA500" type="Core" abbrev="Evt" name="Event"/>
            <FE fgColor="FFFFFF" bgColor="0000FF" type="Core" abbrev="lan" name="Landmark_event"/>
        </frame>
    </header>
    <definition>FN: at the usual or proper time</definition>
    <lexeme order="1" headword="true" breakBefore="false" POS="PREP" name="in"/>
    <lexeme order="2" headword="false" breakBefore="true" POS="N" name="time"/>
    <valences/>
</lexUnit>