<?xml version="1.0" encoding="UTF-8" standalone="yes"?>
<?xml-stylesheet type="text/xsl" href="lexUnit.xsl"?>
<lexUnit status="Created" POS="PREP" name="after.prep" ID="6715" frame="Time_vector" frameID="379" totalAnnotated="0" xsi:schemaLocation="../schema/lexUnit.xsd" xmlns="http://framenet.icsi.berkeley.edu" xmlns:xsi="http://www.w3.org/2001/XMLSchema-instance">
    <header>
        <frame>
            <FE fgColor="FFFFFF" bgColor="FF0000" type="Core" abbrev="Direction" name="Direction"/>
            <FE fgColor="FFFFFF" bgColor="006400" type="Core" abbrev="Distance" name="Distance"/>
            <FE fgColor="000000" bgColor="FFA500" type="Core" abbrev="Evt" name="Event"/>
            <FE fgColor="FFFFFF" bgColor="0000FF" type="Core" abbrev="lan" name="Landmark_event"/>
        </frame>
    </header>
    <definition>COD: in the time following </definition>
    <lexeme POS="PREP" name="after"/>
    <valences/>
</lexUnit>