<?xml version="1.0" encoding="UTF-8" standalone="yes"?>
<?xml-stylesheet type="text/xsl" href="lexUnit.xsl"?>
<lexUnit status="Finished_Initial" POS="N" name="detestation.n" ID="6711" frame="Experiencer_focus" frameID="48" totalAnnotated="6" xsi:schemaLocation="../schema/lexUnit.xsd" xmlns="http://framenet.icsi.berkeley.edu" xmlns:xsi="http://www.w3.org/2001/XMLSchema-instance">
    <header>
        <frame>
            <FE fgColor="FFFFFF" bgColor="2E8B57" type="Extra-Thematic" abbrev="cir" name="Circumstances"/>
            <FE fgColor="FFFFFF" bgColor="0000FF" type="Core" abbrev="Cont" name="Content"/>
            <FE fgColor="FFFFFF" bgColor="FF69B4" type="Peripheral" abbrev="Degr" name="Degree"/>
            <FE fgColor="FFFFFF" bgColor="00BFFF" type="Core" abbrev="Event" name="Event"/>
            <FE fgColor="FFFFFF" bgColor="800080" type="Core" abbrev="Exp" name="Experiencer"/>
            <FE fgColor="FFFFFF" bgColor="006400" type="Core-Unexpressed" abbrev="Expr" name="Expressor"/>
            <FE fgColor="FFFFFF" bgColor="FF00FF" type="Peripheral" abbrev="Manr" name="Manner"/>
            <FE fgColor="FFFFFF" bgColor="A52A2A" type="Extra-Thematic" abbrev="Par" name="Parameter"/>
            <FE fgColor="FFFFFF" bgColor="00008B" type="Extra-Thematic" abbrev="Reas" name="Reason"/>
            <FE fgColor="FFFFFF" bgColor="FFA500" type="Core-Unexpressed" abbrev="State" name="State"/>
            <FE fgColor="FFFFFF" bgColor="9F79EE" type="Peripheral" abbrev="tim" name="Time"/>
            <FE fgColor="FFFFFF" bgColor="FF0000" type="Core" abbrev="Top" name="Topic"/>
        </frame>
    </header>
    <definition>COD: intense dislike</definition>
    <lexeme POS="N" name="detestation"/>
    <valences>
        <governor type="Sup" lemma="with">
            <annoSet ID="1477599"/>
            <annoSet ID="1477607"/>
        </governor>
        <governor type="Gov" lemma="look">
            <annoSet ID="1477609"/>
        </governor>
        <FERealization total="2">
            <FE name="Content"/>
            <pattern total="2">
                <valenceUnit GF="Dep" PT="PP[of]" FE="Content"/>
                <annoSet ID="1477603"/>
                <annoSet ID="1477613"/>
            </pattern>
        </FERealization>
        <FERealization total="5">
            <FE name="Experiencer"/>
            <pattern total="3">
                <valenceUnit GF="Gen" PT="Poss" FE="Experiencer"/>
                <annoSet ID="1477603"/>
                <annoSet ID="1477611"/>
                <annoSet ID="1477613"/>
            </pattern>
            <pattern total="2">
                <valenceUnit GF="Ext" PT="NP" FE="Experiencer"/>
                <annoSet ID="1477599"/>
                <annoSet ID="1477607"/>
            </pattern>
        </FERealization>
        <FERealization total="1">
            <FE name="Manner"/>
            <pattern total="1">
                <valenceUnit GF="Dep" PT="AJP" FE="Manner"/>
                <annoSet ID="1477609"/>
            </pattern>
        </FERealization>
        <FERealization total="1">
            <FE name="Parameter"/>
            <pattern total="1">
                <valenceUnit GF="Dep" PT="AJP" FE="Parameter"/>
                <annoSet ID="1477603"/>
            </pattern>
        </FERealization>
        <FEGroupRealization total="1">
            <FE name="Content"/>
            <FE name="Experiencer"/>
            <pattern total="1">
                <valenceUnit GF="Dep" PT="PP[of]" FE="Content"/>
                <valenceUnit GF="Gen" PT="Poss" FE="Experiencer"/>
                <annoSet ID="1477613"/>
            </pattern>
        </FEGroupRealization>
        <FEGroupRealization total="1">
            <FE name="Content"/>
            <FE name="Experiencer"/>
            <FE name="Parameter"/>
            <pattern total="1">
                <valenceUnit GF="Dep" PT="PP[of]" FE="Content"/>
                <valenceUnit GF="Gen" PT="Poss" FE="Experiencer"/>
                <valenceUnit GF="Dep" PT="AJP" FE="Parameter"/>
                <annoSet ID="1477603"/>
            </pattern>
        </FEGroupRealization>
        <FEGroupRealization total="3">
            <FE name="Experiencer"/>
            <pattern total="2">
                <valenceUnit GF="Ext" PT="NP" FE="Experiencer"/>
                <annoSet ID="1477599"/>
                <annoSet ID="1477607"/>
            </pattern>
            <pattern total="1">
                <valenceUnit GF="Gen" PT="Poss" FE="Experiencer"/>
                <annoSet ID="1477611"/>
            </pattern>
        </FEGroupRealization>
        <FEGroupRealization total="1">
            <FE name="Manner"/>
            <pattern total="1">
                <valenceUnit GF="Dep" PT="AJP" FE="Manner"/>
                <annoSet ID="1477609"/>
            </pattern>
        </FEGroupRealization>
    </valences>
    <subCorpus name="N-001-all">
        <sentence sentNo="0" aPos="63918107" ID="1012495">
            <text>He looked at her with detestation , and so did April . </text>
            <annotationSet cDate="01/07/2003 11:00:47 PST Tue" status="UNANN" ID="1477598">
                <layer rank="1" name="BNC">
                    <label end="1" start="0" name="PNP"/>
                    <label end="8" start="3" name="VVD"/>
                    <label end="11" start="10" name="PRP"/>
                    <label end="15" start="13" name="PNP"/>
                    <label end="20" start="17" name="PRP"/>
                    <label end="32" start="22" name="NN1"/>
                    <label end="34" start="34" name="PUN"/>
                    <label end="38" start="36" name="CJC"/>
                    <label end="41" start="40" name="AV0"/>
                    <label end="45" start="43" name="VDD"/>
                    <label end="51" start="47" name="NP0"/>
                    <label end="53" start="53" name="PUN"/>
                </layer>
            </annotationSet>
            <annotationSet cDate="01/07/2003 11:00:47 PST Tue" status="MANUAL" ID="1477599">
                <layer rank="1" name="FE">
                    <label cBy="865" feID="201" end="1" start="0" name="Experiencer"/>
                </layer>
                <layer rank="1" name="GF">
                    <label end="1" start="0" name="Ext"/>
                </layer>
                <layer rank="1" name="PT">
                    <label end="1" start="0" name="NP"/>
                </layer>
                <layer rank="1" name="Sent"/>
                <layer rank="1" name="Other"/>
                <layer rank="1" name="Target">
                    <label cBy="103" end="32" start="22" name="Target"/>
                </layer>
                <layer rank="1" name="Noun">
                    <label end="20" start="17" name="Supp"/>
                </layer>
            </annotationSet>
        </sentence>
        <sentence sentNo="0" aPos="68264736" ID="1012497">
            <text>At the same time his pathological detestation of ` popery &quot; guaranteed that he would vote with the Whigs over great questions of policy , such as the Hanoverian succession and the war with France . </text>
            <annotationSet cDate="01/07/2003 11:00:47 PST Tue" status="UNANN" ID="1477602">
                <layer rank="1" name="BNC">
                    <label end="1" start="0" name="PRP"/>
                    <label end="5" start="3" name="AT0"/>
                    <label end="10" start="7" name="DT0"/>
                    <label end="15" start="12" name="NN1"/>
                    <label end="19" start="17" name="DPS"/>
                    <label end="32" start="21" name="AJ0"/>
                    <label end="44" start="34" name="NN1"/>
                    <label end="47" start="46" name="PRF"/>
                    <label end="49" start="49" name="PUQ"/>
                    <label end="56" start="51" name="NN1"/>
                    <label end="58" start="58" name="PUQ"/>
                    <label end="69" start="60" name="VVD-VVN"/>
                    <label end="74" start="71" name="CJT"/>
                    <label end="77" start="76" name="PNP"/>
                    <label end="83" start="79" name="VM0"/>
                    <label end="88" start="85" name="VVI"/>
                    <label end="93" start="90" name="PRP"/>
                    <label end="97" start="95" name="AT0"/>
                    <label end="103" start="99" name="NN2"/>
                    <label end="108" start="105" name="PRP"/>
                    <label end="114" start="110" name="AJ0"/>
                    <label end="124" start="116" name="NN2"/>
                    <label end="127" start="126" name="PRF"/>
                    <label end="134" start="129" name="NN1"/>
                    <label end="136" start="136" name="PUN"/>
                    <label end="141" start="138" name="PRP"/>
                    <label end="144" start="143" name="PRP"/>
                    <label end="148" start="146" name="AT0"/>
                    <label end="159" start="150" name="AJ0"/>
                    <label end="170" start="161" name="NN1"/>
                    <label end="174" start="172" name="CJC"/>
                    <label end="178" start="176" name="AT0"/>
                    <label end="182" start="180" name="NN1"/>
                    <label end="187" start="184" name="PRP"/>
                    <label end="194" start="189" name="NP0"/>
                    <label end="196" start="196" name="PUN"/>
                </layer>
            </annotationSet>
            <annotationSet cDate="01/07/2003 11:00:47 PST Tue" status="MANUAL" ID="1477603">
                <layer rank="1" name="FE">
                    <label cBy="865" feID="201" end="19" start="17" name="Experiencer"/>
                    <label cBy="865" feID="3394" end="32" start="21" name="Parameter"/>
                    <label cBy="865" feID="202" end="58" start="46" name="Content"/>
                </layer>
                <layer rank="1" name="GF">
                    <label end="19" start="17" name="Gen"/>
                    <label end="32" start="21" name="Dep"/>
                    <label end="58" start="46" name="Dep"/>
                </layer>
                <layer rank="1" name="PT">
                    <label end="19" start="17" name="Poss"/>
                    <label end="32" start="21" name="AJP"/>
                    <label end="58" start="46" name="PP"/>
                </layer>
                <layer rank="1" name="Sent"/>
                <layer rank="1" name="Other"/>
                <layer rank="1" name="Target">
                    <label cBy="103" end="44" start="34" name="Target"/>
                </layer>
                <layer rank="1" name="Noun"/>
            </annotationSet>
        </sentence>
        <sentence sentNo="0" aPos="88737896" ID="1012499">
            <text>They loathed the German guns and they looked with longing and detestation at Woolley , but in each of them fear had given way to a curiously objective fatalism . </text>
            <annotationSet cDate="01/07/2003 11:00:47 PST Tue" status="UNANN" ID="1477606">
                <layer rank="1" name="BNC">
                    <label end="3" start="0" name="PNP"/>
                    <label end="11" start="5" name="VVD"/>
                    <label end="15" start="13" name="AT0"/>
                    <label end="22" start="17" name="AJ0"/>
                    <label end="27" start="24" name="NN2"/>
                    <label end="31" start="29" name="CJC"/>
                    <label end="36" start="33" name="PNP"/>
                    <label end="43" start="38" name="VVD"/>
                    <label end="48" start="45" name="PRP"/>
                    <label end="56" start="50" name="NN1-VVG"/>
                    <label end="60" start="58" name="CJC"/>
                    <label end="72" start="62" name="NN1"/>
                    <label end="75" start="74" name="PRP"/>
                    <label end="83" start="77" name="NN1-NP0"/>
                    <label end="85" start="85" name="PUN"/>
                    <label end="89" start="87" name="CJC"/>
                    <label end="92" start="91" name="PRP"/>
                    <label end="97" start="94" name="DT0"/>
                    <label end="100" start="99" name="PRF"/>
                    <label end="105" start="102" name="PNP"/>
                    <label end="110" start="107" name="NN1"/>
                    <label end="114" start="112" name="VHD"/>
                    <label end="120" start="116" name="VVN"/>
                    <label end="124" start="122" name="NN1"/>
                    <label end="127" start="126" name="PRP"/>
                    <label end="129" start="129" name="AT0"/>
                    <label end="139" start="131" name="AV0"/>
                    <label end="149" start="141" name="AJ0"/>
                    <label end="158" start="151" name="NN1"/>
                    <label end="160" start="160" name="PUN"/>
                </layer>
            </annotationSet>
            <annotationSet cDate="01/07/2003 11:00:48 PST Tue" status="MANUAL" ID="1477607">
                <layer rank="1" name="FE">
                    <label cBy="865" feID="201" end="36" start="33" name="Experiencer"/>
                </layer>
                <layer rank="1" name="GF">
                    <label end="36" start="33" name="Ext"/>
                </layer>
                <layer rank="1" name="PT">
                    <label end="36" start="33" name="NP"/>
                </layer>
                <layer rank="1" name="Sent"/>
                <layer rank="1" name="Other"/>
                <layer rank="1" name="Target">
                    <label cBy="103" end="72" start="62" name="Target"/>
                </layer>
                <layer rank="1" name="Noun">
                    <label end="48" start="45" name="Supp"/>
                </layer>
            </annotationSet>
        </sentence>
        <sentence sentNo="0" aPos="100409235" ID="1012500">
            <text>Then , as she skewered him with a look of pure detestation , he reached out suddenly and caught her by the wrists . </text>
            <annotationSet cDate="01/07/2003 11:00:48 PST Tue" status="UNANN" ID="1477608">
                <layer rank="1" name="BNC">
                    <label end="3" start="0" name="AV0"/>
                    <label end="5" start="5" name="PUN"/>
                    <label end="8" start="7" name="CJS"/>
                    <label end="12" start="10" name="PNP"/>
                    <label end="21" start="14" name="VVD"/>
                    <label end="25" start="23" name="PNP"/>
                    <label end="30" start="27" name="PRP"/>
                    <label end="32" start="32" name="AT0"/>
                    <label end="37" start="34" name="NN1"/>
                    <label end="40" start="39" name="PRF"/>
                    <label end="45" start="42" name="AJ0"/>
                    <label end="57" start="47" name="NN1"/>
                    <label end="59" start="59" name="PUN"/>
                    <label end="62" start="61" name="PNP"/>
                    <label end="70" start="64" name="VVD"/>
                    <label end="74" start="72" name="AVP"/>
                    <label end="83" start="76" name="AV0"/>
                    <label end="87" start="85" name="CJC"/>
                    <label end="94" start="89" name="VVD-VVN"/>
                    <label end="98" start="96" name="PNP"/>
                    <label end="101" start="100" name="PRP"/>
                    <label end="105" start="103" name="AT0"/>
                    <label end="112" start="107" name="NN2"/>
                    <label end="114" start="114" name="PUN"/>
                </layer>
            </annotationSet>
            <annotationSet cDate="01/07/2003 11:00:48 PST Tue" status="MANUAL" ID="1477609">
                <layer rank="1" name="FE">
                    <label cBy="865" feID="2138" end="45" start="42" name="Manner"/>
                </layer>
                <layer rank="1" name="GF">
                    <label end="45" start="42" name="Dep"/>
                </layer>
                <layer rank="1" name="PT">
                    <label end="45" start="42" name="AJP"/>
                </layer>
                <layer rank="1" name="Sent"/>
                <layer rank="1" name="Other"/>
                <layer rank="1" name="Target">
                    <label cBy="103" end="57" start="47" name="Target"/>
                </layer>
                <layer rank="1" name="Noun">
                    <label end="57" start="39" name="X"/>
                    <label end="37" start="34" name="Gov"/>
                </layer>
            </annotationSet>
        </sentence>
        <sentence sentNo="0" aPos="107610852" ID="1012501">
            <text>He was trembling now with the intensity of his detestation , his voice precarious with passion . </text>
            <annotationSet cDate="01/07/2003 11:00:48 PST Tue" status="UNANN" ID="1477610">
                <layer rank="1" name="BNC">
                    <label end="1" start="0" name="PNP"/>
                    <label end="5" start="3" name="VBD"/>
                    <label end="15" start="7" name="VVG"/>
                    <label end="19" start="17" name="AV0"/>
                    <label end="24" start="21" name="PRP"/>
                    <label end="28" start="26" name="AT0"/>
                    <label end="38" start="30" name="NN1"/>
                    <label end="41" start="40" name="PRF"/>
                    <label end="45" start="43" name="DPS"/>
                    <label end="57" start="47" name="NN1"/>
                    <label end="59" start="59" name="PUN"/>
                    <label end="63" start="61" name="DPS"/>
                    <label end="69" start="65" name="NN1"/>
                    <label end="80" start="71" name="AJ0"/>
                    <label end="85" start="82" name="PRP"/>
                    <label end="93" start="87" name="NN1"/>
                    <label end="95" start="95" name="PUN"/>
                </layer>
            </annotationSet>
            <annotationSet cDate="01/07/2003 11:00:48 PST Tue" status="MANUAL" ID="1477611">
                <layer rank="1" name="FE">
                    <label cBy="865" feID="201" end="45" start="43" name="Experiencer"/>
                </layer>
                <layer rank="1" name="GF">
                    <label end="45" start="43" name="Gen"/>
                </layer>
                <layer rank="1" name="PT">
                    <label end="45" start="43" name="Poss"/>
                </layer>
                <layer rank="1" name="Sent"/>
                <layer rank="1" name="Other"/>
                <layer rank="1" name="Target">
                    <label cBy="103" end="57" start="47" name="Target"/>
                </layer>
                <layer rank="1" name="Noun"/>
            </annotationSet>
        </sentence>
        <sentence sentNo="0" aPos="107629594" ID="1012502">
            <text>In open hall , I tell you , he spat out his detestation of that man for every page and scullion to hear . </text>
            <annotationSet cDate="01/07/2003 11:00:48 PST Tue" status="UNANN" ID="1477612">
                <layer rank="1" name="BNC">
                    <label end="1" start="0" name="PRP"/>
                    <label end="6" start="3" name="AJ0"/>
                    <label end="11" start="8" name="NN1"/>
                    <label end="13" start="13" name="PUN"/>
                    <label end="15" start="15" name="PNP"/>
                    <label end="20" start="17" name="VVB"/>
                    <label end="24" start="22" name="PNP"/>
                    <label end="26" start="26" name="PUN"/>
                    <label end="29" start="28" name="PNP"/>
                    <label end="34" start="31" name="VVD"/>
                    <label end="38" start="36" name="AVP"/>
                    <label end="42" start="40" name="DPS"/>
                    <label end="54" start="44" name="NN1"/>
                    <label end="57" start="56" name="PRF"/>
                    <label end="62" start="59" name="DT0"/>
                    <label end="66" start="64" name="NN1"/>
                    <label end="70" start="68" name="PRP"/>
                    <label end="76" start="72" name="AT0"/>
                    <label end="81" start="78" name="NN1"/>
                    <label end="85" start="83" name="CJC"/>
                    <label end="94" start="87" name="NN1"/>
                    <label end="97" start="96" name="TO0"/>
                    <label end="102" start="99" name="VVI"/>
                    <label end="104" start="104" name="PUN"/>
                </layer>
            </annotationSet>
            <annotationSet cDate="01/07/2003 11:00:48 PST Tue" status="MANUAL" ID="1477613">
                <layer rank="1" name="FE">
                    <label cBy="865" feID="201" end="42" start="40" name="Experiencer"/>
                    <label cBy="865" feID="202" end="66" start="56" name="Content"/>
                </layer>
                <layer rank="1" name="GF">
                    <label end="42" start="40" name="Gen"/>
                    <label end="66" start="56" name="Dep"/>
                </layer>
                <layer rank="1" name="PT">
                    <label end="42" start="40" name="Poss"/>
                    <label end="66" start="56" name="PP"/>
                </layer>
                <layer rank="1" name="Sent"/>
                <layer rank="1" name="Other"/>
                <layer rank="1" name="Target">
                    <label cBy="103" end="54" start="44" name="Target"/>
                </layer>
                <layer rank="1" name="Noun"/>
            </annotationSet>
        </sentence>
    </subCorpus>
</lexUnit>