<?xml version="1.0" encoding="UTF-8" standalone="yes"?>
<?xml-stylesheet type="text/xsl" href="lexUnit.xsl"?>
<lexUnit status="Finished_Initial" POS="N" name="contrition.n" ID="6799" frame="Contrition" frameID="382" totalAnnotated="8" xsi:schemaLocation="../schema/lexUnit.xsd" xmlns="http://framenet.icsi.berkeley.edu" xmlns:xsi="http://www.w3.org/2001/XMLSchema-instance">
    <header>
        <frame>
            <FE fgColor="FFFFFF" bgColor="FF0000" type="Core" abbrev="Action" name="Action"/>
            <FE fgColor="FFFFFF" bgColor="00008B" type="Peripheral" abbrev="Authenticity" name="Authenticity"/>
            <FE fgColor="FFFFFF" bgColor="FF69B4" type="Peripheral" abbrev="Degr" name="Degree"/>
            <FE fgColor="000000" bgColor="FFFF00" type="Extra-Thematic" abbrev="Dep" name="Depictive"/>
            <FE fgColor="FFFFFF" bgColor="0000FF" type="Core" abbrev="E_state" name="Emotional_state"/>
            <FE fgColor="FFFFFF" bgColor="800080" type="Core" abbrev="Experiencer" name="Experiencer"/>
            <FE fgColor="FFFFFF" bgColor="008000" type="Core" abbrev="Expressor" name="Expressor"/>
            <FE fgColor="FFFFFF" bgColor="9F79EE" type="Extra-Thematic" abbrev="Man" name="Manner"/>
            <FE fgColor="000000" bgColor="7CCD73" type="Extra-Thematic" abbrev="Tim" name="Time"/>
        </frame>
    </header>
    <definition>COD: the state of feeling contrite</definition>
    <lexeme POS="N" name="contrition"/>
    <valences>
        <governor type="Gov" lemma="show">
            <annoSet ID="1533981"/>
        </governor>
        <FERealization total="2">
            <FE name="Degree"/>
            <pattern total="2">
                <valenceUnit GF="Dep" PT="AJP" FE="Degree"/>
                <annoSet ID="1533975"/>
                <annoSet ID="1534011"/>
            </pattern>
        </FERealization>
        <FERealization total="5">
            <FE name="Experiencer"/>
            <pattern total="1">
                <valenceUnit GF="Ext" PT="NP" FE="Experiencer"/>
                <annoSet ID="1533969"/>
            </pattern>
            <pattern total="4">
                <valenceUnit GF="Gen" PT="Poss" FE="Experiencer"/>
                <annoSet ID="1533957"/>
                <annoSet ID="1533985"/>
                <annoSet ID="1534029"/>
                <annoSet ID="1534031"/>
            </pattern>
        </FERealization>
        <FEGroupRealization total="2">
            <FE name="Degree"/>
            <pattern total="2">
                <valenceUnit GF="Dep" PT="AJP" FE="Degree"/>
                <annoSet ID="1533975"/>
                <annoSet ID="1534011"/>
            </pattern>
        </FEGroupRealization>
        <FEGroupRealization total="5">
            <FE name="Experiencer"/>
            <pattern total="1">
                <valenceUnit GF="Ext" PT="NP" FE="Experiencer"/>
                <annoSet ID="1533969"/>
            </pattern>
            <pattern total="4">
                <valenceUnit GF="Gen" PT="Poss" FE="Experiencer"/>
                <annoSet ID="1533957"/>
                <annoSet ID="1533985"/>
                <annoSet ID="1534029"/>
                <annoSet ID="1534031"/>
            </pattern>
        </FEGroupRealization>
    </valences>
    <subCorpus name="N-001-all">
        <sentence sentNo="0" aPos="863797" ID="1041231">
            <text>And with an involuntary movement I raised my eyes to the sky -- where God was -- beseeching Him , wanting Him to see my fear and my contrition . </text>
            <annotationSet cDate="01/08/2003 12:04:48 PST Wed" status="UNANN" ID="1533956">
                <layer rank="1" name="BNC">
                    <label end="2" start="0" name="CJC"/>
                    <label end="7" start="4" name="PRP"/>
                    <label end="10" start="9" name="AT0"/>
                    <label end="22" start="12" name="AJ0"/>
                    <label end="31" start="24" name="NN1"/>
                    <label end="33" start="33" name="PNP"/>
                    <label end="40" start="35" name="VVD"/>
                    <label end="43" start="42" name="DPS"/>
                    <label end="48" start="45" name="NN2"/>
                    <label end="51" start="50" name="PRP"/>
                    <label end="55" start="53" name="AT0"/>
                    <label end="59" start="57" name="NN1"/>
                    <label end="62" start="61" name="PUN"/>
                    <label end="68" start="64" name="AVQ-CJS"/>
                    <label end="72" start="70" name="NP0"/>
                    <label end="76" start="74" name="VBD"/>
                    <label end="79" start="78" name="PUN"/>
                    <label end="90" start="81" name="VVG"/>
                    <label end="94" start="92" name="PNP"/>
                    <label end="96" start="96" name="PUN"/>
                    <label end="104" start="98" name="VVG"/>
                    <label end="108" start="106" name="PNP"/>
                    <label end="111" start="110" name="TO0"/>
                    <label end="115" start="113" name="VVI"/>
                    <label end="118" start="117" name="DPS"/>
                    <label end="123" start="120" name="NN1"/>
                    <label end="127" start="125" name="CJC"/>
                    <label end="130" start="129" name="DPS"/>
                    <label end="141" start="132" name="NN1"/>
                    <label end="143" start="143" name="PUN"/>
                </layer>
            </annotationSet>
            <annotationSet cDate="01/08/2003 12:04:48 PST Wed" status="MANUAL" ID="1533957">
                <layer rank="1" name="FE">
                    <label cBy="865" feID="3407" end="130" start="129" name="Experiencer"/>
                </layer>
                <layer rank="1" name="GF">
                    <label end="130" start="129" name="Gen"/>
                </layer>
                <layer rank="1" name="PT">
                    <label end="130" start="129" name="Poss"/>
                </layer>
                <layer rank="1" name="Sent"/>
                <layer rank="1" name="Other"/>
                <layer rank="1" name="Target">
                    <label cBy="103" end="141" start="132" name="Target"/>
                </layer>
                <layer rank="1" name="Noun"/>
            </annotationSet>
        </sentence>
        <sentence sentNo="0" aPos="21476701" ID="1041237">
            <text>` Well , health without money is n't much catch either , &quot; Breeze muttered rebelliously , and then looked up in swift contrition . </text>
            <annotationSet cDate="01/08/2003 12:04:48 PST Wed" status="UNANN" ID="1533968">
                <layer rank="1" name="BNC">
                    <label end="0" start="0" name="PUQ"/>
                    <label end="5" start="2" name="ITJ"/>
                    <label end="7" start="7" name="PUN"/>
                    <label end="14" start="9" name="NN1"/>
                    <label end="22" start="16" name="PRP"/>
                    <label end="28" start="24" name="NN1"/>
                    <label end="31" start="30" name="VBZ"/>
                    <label end="35" start="33" name="XX0"/>
                    <label end="40" start="37" name="AV0"/>
                    <label end="46" start="42" name="VVB"/>
                    <label end="53" start="48" name="DT0"/>
                    <label end="55" start="55" name="PUN"/>
                    <label end="57" start="57" name="PUQ"/>
                    <label end="64" start="59" name="NN1"/>
                    <label end="73" start="66" name="VVD"/>
                    <label end="86" start="75" name="AV0"/>
                    <label end="88" start="88" name="PUN"/>
                    <label end="92" start="90" name="CJC"/>
                    <label end="97" start="94" name="AV0"/>
                    <label end="104" start="99" name="VVD-VVN"/>
                    <label end="107" start="106" name="AVP"/>
                    <label end="110" start="109" name="PRP"/>
                    <label end="116" start="112" name="AJ0"/>
                    <label end="127" start="118" name="NN1"/>
                    <label end="129" start="129" name="PUN"/>
                </layer>
            </annotationSet>
            <annotationSet cDate="01/08/2003 12:04:48 PST Wed" status="MANUAL" ID="1533969">
                <layer rank="1" name="FE">
                    <label cBy="865" feID="3407" end="64" start="59" name="Experiencer"/>
                </layer>
                <layer rank="1" name="GF">
                    <label end="64" start="59" name="Ext"/>
                </layer>
                <layer rank="1" name="PT">
                    <label end="64" start="59" name="NP"/>
                </layer>
                <layer rank="1" name="Sent"/>
                <layer rank="1" name="Other"/>
                <layer rank="1" name="Target">
                    <label cBy="103" end="127" start="118" name="Target"/>
                </layer>
                <layer rank="1" name="Noun">
                    <label end="110" start="109" name="Supp"/>
                </layer>
            </annotationSet>
        </sentence>
        <sentence sentNo="0" aPos="29653259" ID="1041240">
            <text>` Sorry , Nick , &quot; Ellen said , though not with any great contrition . </text>
            <annotationSet cDate="01/08/2003 12:04:49 PST Wed" status="UNANN" ID="1533974">
                <layer rank="1" name="BNC">
                    <label end="0" start="0" name="PUQ"/>
                    <label end="6" start="2" name="AJ0"/>
                    <label end="8" start="8" name="PUN"/>
                    <label end="13" start="10" name="NP0"/>
                    <label end="15" start="15" name="PUN"/>
                    <label end="17" start="17" name="PUQ"/>
                    <label end="23" start="19" name="NP0"/>
                    <label end="28" start="25" name="VVD"/>
                    <label end="30" start="30" name="PUN"/>
                    <label end="37" start="32" name="CJS"/>
                    <label end="41" start="39" name="XX0"/>
                    <label end="46" start="43" name="PRP"/>
                    <label end="50" start="48" name="DT0"/>
                    <label end="56" start="52" name="AJ0"/>
                    <label end="67" start="58" name="NN1"/>
                    <label end="69" start="69" name="PUN"/>
                </layer>
            </annotationSet>
            <annotationSet cDate="01/08/2003 12:04:49 PST Wed" status="MANUAL" ID="1533975">
                <layer rank="1" name="FE">
                    <label cBy="865" feID="3409" end="56" start="52" name="Degree"/>
                </layer>
                <layer rank="1" name="GF">
                    <label end="56" start="52" name="Dep"/>
                </layer>
                <layer rank="1" name="PT">
                    <label end="56" start="52" name="AJP"/>
                </layer>
                <layer rank="1" name="Sent"/>
                <layer rank="1" name="Other"/>
                <layer rank="1" name="Target">
                    <label cBy="103" end="67" start="58" name="Target"/>
                </layer>
                <layer rank="1" name="Noun"/>
            </annotationSet>
        </sentence>
        <sentence sentNo="0" aPos="54646834" ID="1041243">
            <text>No criminal charges were ever brought although Lowe , to show contrition , struck a deal to do community service -- back in his hometown of Dayton . </text>
            <annotationSet cDate="01/08/2003 12:04:49 PST Wed" status="UNANN" ID="1533980">
                <layer rank="1" name="BNC">
                    <label end="1" start="0" name="AT0"/>
                    <label end="10" start="3" name="AJ0"/>
                    <label end="18" start="12" name="NN2"/>
                    <label end="23" start="20" name="VBD"/>
                    <label end="28" start="25" name="AV0"/>
                    <label end="36" start="30" name="VVN"/>
                    <label end="45" start="38" name="CJS"/>
                    <label end="50" start="47" name="NP0"/>
                    <label end="52" start="52" name="PUN"/>
                    <label end="55" start="54" name="TO0"/>
                    <label end="60" start="57" name="VVI"/>
                    <label end="71" start="62" name="NN1"/>
                    <label end="73" start="73" name="PUN"/>
                    <label end="80" start="75" name="VVD-VVN"/>
                    <label end="82" start="82" name="AT0"/>
                    <label end="87" start="84" name="NN1"/>
                    <label end="90" start="89" name="TO0"/>
                    <label end="93" start="92" name="VDI"/>
                    <label end="103" start="95" name="NN0"/>
                    <label end="111" start="105" name="NN1"/>
                    <label end="114" start="113" name="PUN"/>
                    <label end="119" start="116" name="AVP"/>
                    <label end="122" start="121" name="PRP"/>
                    <label end="126" start="124" name="DPS"/>
                    <label end="135" start="128" name="NN1"/>
                    <label end="138" start="137" name="PRF"/>
                    <label end="145" start="140" name="NP0"/>
                    <label end="147" start="147" name="PUN"/>
                </layer>
            </annotationSet>
            <annotationSet cDate="01/08/2003 12:04:49 PST Wed" status="MANUAL" ID="1533981">
                <layer rank="1" name="FE"/>
                <layer rank="1" name="GF"/>
                <layer rank="1" name="PT"/>
                <layer rank="1" name="Sent"/>
                <layer rank="1" name="Other"/>
                <layer rank="1" name="Target">
                    <label cBy="103" end="71" start="62" name="Target"/>
                </layer>
                <layer rank="1" name="Noun">
                    <label end="60" start="57" name="Gov"/>
                    <label end="71" start="62" name="X"/>
                </layer>
            </annotationSet>
        </sentence>
        <sentence sentNo="0" aPos="60157858" ID="1041245">
            <text>His contrition amazed her . </text>
            <annotationSet cDate="01/08/2003 12:04:49 PST Wed" status="UNANN" ID="1533984">
                <layer rank="1" name="BNC">
                    <label end="2" start="0" name="DPS"/>
                    <label end="13" start="4" name="NN1"/>
                    <label end="20" start="15" name="VVD"/>
                    <label end="24" start="22" name="PNP"/>
                    <label end="26" start="26" name="PUN"/>
                </layer>
            </annotationSet>
            <annotationSet cDate="01/08/2003 12:04:49 PST Wed" status="MANUAL" ID="1533985">
                <layer rank="1" name="FE">
                    <label cBy="865" feID="3407" end="2" start="0" name="Experiencer"/>
                </layer>
                <layer rank="1" name="GF">
                    <label end="2" start="0" name="Gen"/>
                </layer>
                <layer rank="1" name="PT">
                    <label end="2" start="0" name="Poss"/>
                </layer>
                <layer rank="1" name="Sent"/>
                <layer rank="1" name="Other"/>
                <layer rank="1" name="Target">
                    <label cBy="103" end="13" start="4" name="Target"/>
                </layer>
                <layer rank="1" name="Noun"/>
            </annotationSet>
        </sentence>
        <sentence sentNo="0" aPos="81730880" ID="1041258">
            <text>As my hon. Friend the Member for East Lothian ( Mr. Home Robertson ) rightly pointed out , surely it is time for a little contrition . </text>
            <annotationSet cDate="01/08/2003 12:04:51 PST Wed" status="UNANN" ID="1534010">
                <layer rank="1" name="BNC">
                    <label end="1" start="0" name="CJS"/>
                    <label end="4" start="3" name="DPS"/>
                    <label end="9" start="6" name="AJ0"/>
                    <label end="16" start="11" name="NN1"/>
                    <label end="20" start="18" name="AT0"/>
                    <label end="27" start="22" name="NN1"/>
                    <label end="31" start="29" name="PRP"/>
                    <label end="36" start="33" name="NP0"/>
                    <label end="44" start="38" name="AJ0"/>
                    <label end="46" start="46" name="PUL"/>
                    <label end="50" start="48" name="NP0"/>
                    <label end="55" start="52" name="NP0"/>
                    <label end="65" start="57" name="NP0"/>
                    <label end="67" start="67" name="PUR"/>
                    <label end="75" start="69" name="AV0"/>
                    <label end="83" start="77" name="VVD-VVN"/>
                    <label end="87" start="85" name="AVP"/>
                    <label end="89" start="89" name="PUN"/>
                    <label end="96" start="91" name="AV0"/>
                    <label end="99" start="98" name="PNP"/>
                    <label end="102" start="101" name="VBZ"/>
                    <label end="107" start="104" name="NN1"/>
                    <label end="111" start="109" name="PRP"/>
                    <label end="113" start="113" name="AT0"/>
                    <label end="120" start="115" name="AJ0"/>
                    <label end="131" start="122" name="NN1"/>
                    <label end="133" start="133" name="PUN"/>
                </layer>
            </annotationSet>
            <annotationSet cDate="01/08/2003 12:04:51 PST Wed" status="MANUAL" ID="1534011">
                <layer rank="1" name="FE">
                    <label cBy="865" feID="3409" end="120" start="113" name="Degree"/>
                </layer>
                <layer rank="1" name="GF">
                    <label end="120" start="113" name="Dep"/>
                </layer>
                <layer rank="1" name="PT">
                    <label end="120" start="113" name="AJP"/>
                </layer>
                <layer rank="1" name="Sent"/>
                <layer rank="1" name="Other"/>
                <layer rank="1" name="Target">
                    <label cBy="103" end="131" start="122" name="Target"/>
                </layer>
                <layer rank="1" name="Noun"/>
            </annotationSet>
        </sentence>
        <sentence sentNo="0" aPos="104764142" ID="1041267">
            <text>` His plea of guilty is the only means by which he can express his contrition today and acknowledging it must be a lengthy prison sentence which he now faces . &quot; </text>
            <annotationSet cDate="01/08/2003 12:04:52 PST Wed" status="UNANN" ID="1534028">
                <layer rank="1" name="BNC">
                    <label end="0" start="0" name="PUQ"/>
                    <label end="4" start="2" name="DPS"/>
                    <label end="9" start="6" name="NN1"/>
                    <label end="12" start="11" name="PRF"/>
                    <label end="19" start="14" name="AJ0"/>
                    <label end="22" start="21" name="VBZ"/>
                    <label end="26" start="24" name="AT0"/>
                    <label end="31" start="28" name="AJ0"/>
                    <label end="37" start="33" name="NN0"/>
                    <label end="40" start="39" name="PRP"/>
                    <label end="46" start="42" name="DTQ"/>
                    <label end="49" start="48" name="PNP"/>
                    <label end="53" start="51" name="VM0"/>
                    <label end="61" start="55" name="VVI"/>
                    <label end="65" start="63" name="DPS"/>
                    <label end="76" start="67" name="NN1"/>
                    <label end="82" start="78" name="AV0"/>
                    <label end="86" start="84" name="CJC"/>
                    <label end="100" start="88" name="VVG"/>
                    <label end="103" start="102" name="PNP"/>
                    <label end="108" start="105" name="VM0"/>
                    <label end="111" start="110" name="VBI"/>
                    <label end="113" start="113" name="AT0"/>
                    <label end="121" start="115" name="AJ0"/>
                    <label end="128" start="123" name="NN1"/>
                    <label end="137" start="130" name="NN1"/>
                    <label end="143" start="139" name="DTQ"/>
                    <label end="146" start="145" name="PNP"/>
                    <label end="150" start="148" name="AV0"/>
                    <label end="156" start="152" name="NN2-VVZ"/>
                    <label end="158" start="158" name="PUN"/>
                    <label end="160" start="160" name="PUQ"/>
                </layer>
            </annotationSet>
            <annotationSet cDate="01/08/2003 12:04:52 PST Wed" status="MANUAL" ID="1534029">
                <layer rank="1" name="FE">
                    <label cBy="865" feID="3407" end="65" start="63" name="Experiencer"/>
                </layer>
                <layer rank="1" name="GF">
                    <label end="65" start="63" name="Gen"/>
                </layer>
                <layer rank="1" name="PT">
                    <label end="65" start="63" name="Poss"/>
                </layer>
                <layer rank="1" name="Sent"/>
                <layer rank="1" name="Other"/>
                <layer rank="1" name="Target">
                    <label cBy="103" end="76" start="67" name="Target"/>
                </layer>
                <layer rank="1" name="Noun"/>
            </annotationSet>
        </sentence>
        <sentence sentNo="0" aPos="106865158" ID="1041268">
            <text>He said he hoped his contrition would end the controversy as ` dragging on such issues always does more damage than good &quot; . </text>
            <annotationSet cDate="01/08/2003 12:04:52 PST Wed" status="UNANN" ID="1534030">
                <layer rank="1" name="BNC">
                    <label end="1" start="0" name="PNP"/>
                    <label end="6" start="3" name="VVD"/>
                    <label end="9" start="8" name="PNP"/>
                    <label end="15" start="11" name="VVD"/>
                    <label end="19" start="17" name="DPS"/>
                    <label end="30" start="21" name="NN1"/>
                    <label end="36" start="32" name="VM0"/>
                    <label end="40" start="38" name="VVI"/>
                    <label end="44" start="42" name="AT0"/>
                    <label end="56" start="46" name="NN1"/>
                    <label end="59" start="58" name="CJS"/>
                    <label end="61" start="61" name="PUQ"/>
                    <label end="70" start="63" name="VVG"/>
                    <label end="73" start="72" name="PRP"/>
                    <label end="78" start="75" name="DT0"/>
                    <label end="85" start="80" name="NN2"/>
                    <label end="92" start="87" name="AV0"/>
                    <label end="97" start="94" name="VDZ"/>
                    <label end="102" start="99" name="AV0"/>
                    <label end="109" start="104" name="VVI"/>
                    <label end="114" start="111" name="CJS"/>
                    <label end="119" start="116" name="AJ0"/>
                    <label end="121" start="121" name="PUQ"/>
                    <label end="123" start="123" name="PUN"/>
                </layer>
            </annotationSet>
            <annotationSet cDate="01/08/2003 12:04:52 PST Wed" status="MANUAL" ID="1534031">
                <layer rank="1" name="FE">
                    <label cBy="865" feID="3407" end="19" start="17" name="Experiencer"/>
                </layer>
                <layer rank="1" name="GF">
                    <label end="19" start="17" name="Gen"/>
                </layer>
                <layer rank="1" name="PT">
                    <label end="19" start="17" name="Poss"/>
                </layer>
                <layer rank="1" name="Sent"/>
                <layer rank="1" name="Other"/>
                <layer rank="1" name="Target">
                    <label cBy="103" end="30" start="21" name="Target"/>
                </layer>
                <layer rank="1" name="Noun"/>
            </annotationSet>
        </sentence>
    </subCorpus>
</lexUnit>