<?xml version="1.0" encoding="UTF-8" standalone="yes"?>
<?xml-stylesheet type="text/xsl" href="lexUnit.xsl"?>
<lexUnit status="Finished_Initial" POS="PREP" name="athwart.prep" ID="6752" frame="Locative_relation" frameID="199" totalAnnotated="11" xsi:schemaLocation="../schema/lexUnit.xsd" xmlns="http://framenet.icsi.berkeley.edu" xmlns:xsi="http://www.w3.org/2001/XMLSchema-instance">
    <header>
        <frame>
            <FE fgColor="FFFFFF" bgColor="1E90FF" type="Extra-Thematic" abbrev="Dir" name="Direction"/>
            <FE fgColor="FFFFFF" bgColor="9400D3" type="Extra-Thematic" abbrev="Dist" name="Distance"/>
            <FE fgColor="FFFFFF" bgColor="FF0000" type="Core" abbrev="Fig" name="Figure"/>
            <FE fgColor="FFFFFF" bgColor="00008B" type="Core-Unexpressed" abbrev="" name="Figures"/>
            <FE fgColor="FFFFFF" bgColor="008000" type="Core" abbrev="Grnd" name="Ground"/>
            <FE fgColor="FFFFFF" bgColor="FFA500" type="Peripheral" abbrev="tim" name="Time"/>
        </frame>
    </header>
    <definition>COD: from side to side of; across. </definition>
    <lexeme POS="PREP" name="athwart"/>
    <valences>
        <governor type="Sup" lemma="lie">
            <annoSet ID="1585637"/>
            <annoSet ID="1585639"/>
        </governor>
        <governor type="Sup" lemma="rest">
            <annoSet ID="1585651"/>
        </governor>
        <FERealization total="11">
            <FE name="Figure"/>
            <pattern total="11">
                <valenceUnit GF="Ext" PT="NP" FE="Figure"/>
                <annoSet ID="1585631"/>
                <annoSet ID="1585633"/>
                <annoSet ID="1585635"/>
                <annoSet ID="1585637"/>
                <annoSet ID="1585639"/>
                <annoSet ID="1585641"/>
                <annoSet ID="1585643"/>
                <annoSet ID="1585645"/>
                <annoSet ID="1585647"/>
                <annoSet ID="1585649"/>
                <annoSet ID="1585651"/>
            </pattern>
        </FERealization>
        <FERealization total="11">
            <FE name="Ground"/>
            <pattern total="11">
                <valenceUnit GF="Obj" PT="NP" FE="Ground"/>
                <annoSet ID="1585631"/>
                <annoSet ID="1585633"/>
                <annoSet ID="1585635"/>
                <annoSet ID="1585637"/>
                <annoSet ID="1585639"/>
                <annoSet ID="1585641"/>
                <annoSet ID="1585643"/>
                <annoSet ID="1585645"/>
                <annoSet ID="1585647"/>
                <annoSet ID="1585649"/>
                <annoSet ID="1585651"/>
            </pattern>
        </FERealization>
        <FEGroupRealization total="2">
            <FE name="Figure"/>
            <FE name="Figure"/>
            <FE name="Ground"/>
            <pattern total="2">
                <valenceUnit GF="Ext" PT="NP" FE="Figure"/>
                <valenceUnit GF="Ext" PT="NP" FE="Figure"/>
                <valenceUnit GF="Obj" PT="NP" FE="Ground"/>
                <annoSet ID="1585639"/>
                <annoSet ID="1585641"/>
            </pattern>
        </FEGroupRealization>
        <FEGroupRealization total="9">
            <FE name="Figure"/>
            <FE name="Ground"/>
            <pattern total="9">
                <valenceUnit GF="Ext" PT="NP" FE="Figure"/>
                <valenceUnit GF="Obj" PT="NP" FE="Ground"/>
                <annoSet ID="1585631"/>
                <annoSet ID="1585633"/>
                <annoSet ID="1585635"/>
                <annoSet ID="1585637"/>
                <annoSet ID="1585643"/>
                <annoSet ID="1585645"/>
                <annoSet ID="1585647"/>
                <annoSet ID="1585649"/>
                <annoSet ID="1585651"/>
            </pattern>
        </FEGroupRealization>
    </valences>
    <subCorpus name="01-Wstand-T">
        <sentence sentNo="0" aPos="0" ID="1067113">
            <text>This massive upthrust stands athwart the main watershed of the Highlands , its waters draining west into Loch Duich and the Atlantic , and east into Glen Affric with an ultimate destination in the North Sea .</text>
            <annotationSet cDate="01/08/2003 01:04:57 PST Wed" status="UNANN" ID="1585630">
                <layer rank="1" name="BNC">
                    <label end="3" start="0" name="dtp"/>
                    <label end="11" start="5" name="jj"/>
                    <label end="20" start="13" name="nn"/>
                    <label end="27" start="22" name="VBZ"/>
                    <label end="35" start="29" name="in"/>
                    <label end="39" start="37" name="dt"/>
                    <label end="44" start="41" name="jj"/>
                    <label end="54" start="46" name="nn"/>
                    <label end="57" start="56" name="of"/>
                    <label end="61" start="59" name="dt"/>
                    <label end="71" start="63" name="location"/>
                    <label end="73" start="73" name="cma"/>
                    <label end="77" start="75" name="prps"/>
                    <label end="84" start="79" name="nns"/>
                    <label end="93" start="86" name="VBG"/>
                    <label end="98" start="95" name="rb"/>
                    <label end="103" start="100" name="in"/>
                    <label end="114" start="105" name="location"/>
                    <label end="118" start="116" name="cc"/>
                    <label end="122" start="120" name="dt"/>
                    <label end="131" start="124" name="location"/>
                    <label end="133" start="133" name="cma"/>
                    <label end="137" start="135" name="cc"/>
                    <label end="142" start="139" name="rb"/>
                    <label end="147" start="144" name="in"/>
                    <label end="159" start="149" name="location"/>
                    <label end="164" start="161" name="in"/>
                    <label end="167" start="166" name="dt"/>
                    <label end="176" start="169" name="jj"/>
                    <label end="188" start="178" name="nn"/>
                    <label end="191" start="190" name="in"/>
                    <label end="195" start="193" name="dt"/>
                    <label end="205" start="197" name="location"/>
                    <label end="207" start="207" name="sent"/>
                </layer>
            </annotationSet>
            <annotationSet cDate="01/08/2003 01:04:57 PST Wed" status="AUTO_EDITED" ID="1585631">
                <layer rank="1" name="Target">
                    <label cBy="709" end="35" start="29" name="Target"/>
                </layer>
                <layer rank="1" name="FE">
                    <label cBy="709" feID="1621" end="71" start="37" name="Ground"/>
                    <label cBy="618" feID="1622" end="20" start="0" name="Figure"/>
                </layer>
                <layer rank="1" name="PT">
                    <label end="71" start="37" name="NP"/>
                    <label end="20" start="0" name="NP"/>
                </layer>
                <layer rank="1" name="GF">
                    <label end="71" start="37" name="Obj"/>
                    <label end="20" start="0" name="Ext"/>
                </layer>
                <layer rank="1" name="Sent"/>
                <layer rank="1" name="Other"/>
                <layer rank="1" name="Prep"/>
            </annotationSet>
        </sentence>
        <sentence sentNo="0" aPos="0" ID="1067114">
            <text>The king himself stood athwart the arch and observed her from behind his mask .</text>
            <annotationSet cDate="01/08/2003 01:04:57 PST Wed" status="UNANN" ID="1585632">
                <layer rank="1" name="BNC">
                    <label end="2" start="0" name="dt"/>
                    <label end="7" start="4" name="nn"/>
                    <label end="15" start="9" name="PRP"/>
                    <label end="21" start="17" name="VBD"/>
                    <label end="29" start="23" name="in"/>
                    <label end="33" start="31" name="dt"/>
                    <label end="38" start="35" name="nn"/>
                    <label end="42" start="40" name="cc"/>
                    <label end="51" start="44" name="VBD"/>
                    <label end="55" start="53" name="PRP"/>
                    <label end="60" start="57" name="in"/>
                    <label end="67" start="62" name="in"/>
                    <label end="71" start="69" name="prps"/>
                    <label end="76" start="73" name="nn"/>
                    <label end="78" start="78" name="sent"/>
                </layer>
            </annotationSet>
            <annotationSet cDate="01/08/2003 01:04:57 PST Wed" status="AUTO_EDITED" ID="1585633">
                <layer rank="1" name="Target">
                    <label cBy="709" end="29" start="23" name="Target"/>
                </layer>
                <layer rank="1" name="FE">
                    <label cBy="709" feID="1621" end="38" start="31" name="Ground"/>
                    <label cBy="618" feID="1622" end="15" start="0" name="Figure"/>
                </layer>
                <layer rank="1" name="PT">
                    <label end="38" start="31" name="NP"/>
                    <label end="15" start="0" name="NP"/>
                </layer>
                <layer rank="1" name="GF">
                    <label end="38" start="31" name="Obj"/>
                    <label end="15" start="0" name="Ext"/>
                </layer>
                <layer rank="1" name="Sent"/>
                <layer rank="1" name="Other"/>
                <layer rank="1" name="Prep"/>
            </annotationSet>
        </sentence>
    </subCorpus>
    <subCorpus name="01-Wsit-T">
        <sentence sentNo="0" aPos="0" ID="1067115">
            <text>Modern Yugoslavia sat athwart fault lines of European history : the fourth-century division of the Roman empire , the 11th-century division of Christendom , the 17th-century border between the Ottoman and Habsburg empires .</text>
            <annotationSet cDate="01/08/2003 01:04:57 PST Wed" status="UNANN" ID="1585634">
                <layer rank="1" name="BNC">
                    <label end="5" start="0" name="NNP"/>
                    <label end="16" start="7" name="location"/>
                    <label end="20" start="18" name="VBD"/>
                    <label end="28" start="22" name="in"/>
                    <label end="34" start="30" name="nn"/>
                    <label end="40" start="36" name="nns"/>
                    <label end="43" start="42" name="of"/>
                    <label end="52" start="45" name="jj"/>
                    <label end="60" start="54" name="nn"/>
                    <label end="62" start="62" name=":"/>
                    <label end="66" start="64" name="dt"/>
                    <label end="81" start="68" name="date"/>
                    <label end="90" start="83" name="nn"/>
                    <label end="93" start="92" name="of"/>
                    <label end="97" start="95" name="dt"/>
                    <label end="103" start="99" name="NNP"/>
                    <label end="110" start="105" name="nn"/>
                    <label end="112" start="112" name="cma"/>
                    <label end="116" start="114" name="dt"/>
                    <label end="129" start="118" name="date"/>
                    <label end="138" start="131" name="nn"/>
                    <label end="141" start="140" name="of"/>
                    <label end="153" start="143" name="NNP"/>
                    <label end="155" start="155" name="cma"/>
                    <label end="159" start="157" name="dt"/>
                    <label end="172" start="161" name="date"/>
                    <label end="179" start="174" name="nn"/>
                    <label end="187" start="181" name="in"/>
                    <label end="191" start="189" name="dt"/>
                    <label end="199" start="193" name="NNP"/>
                    <label end="203" start="201" name="cc"/>
                    <label end="212" start="205" name="NNP"/>
                    <label end="220" start="214" name="nns"/>
                    <label end="222" start="222" name="sent"/>
                </layer>
            </annotationSet>
            <annotationSet cDate="01/08/2003 01:04:57 PST Wed" status="AUTO_EDITED" ID="1585635">
                <layer rank="1" name="Target">
                    <label cBy="709" end="28" start="22" name="Target"/>
                </layer>
                <layer rank="1" name="FE">
                    <label cBy="709" feID="1621" end="60" start="30" name="Ground"/>
                    <label cBy="618" feID="1622" end="16" start="0" name="Figure"/>
                </layer>
                <layer rank="1" name="PT">
                    <label end="60" start="30" name="NP"/>
                    <label end="16" start="0" name="NP"/>
                </layer>
                <layer rank="1" name="GF">
                    <label end="60" start="30" name="Obj"/>
                    <label end="16" start="0" name="Ext"/>
                </layer>
                <layer rank="1" name="Sent">
                    <label end="0" start="0" name="Metaphor"/>
                </layer>
                <layer rank="1" name="Other"/>
                <layer rank="1" name="Prep"/>
            </annotationSet>
        </sentence>
    </subCorpus>
    <subCorpus name="01-Wperch-T"/>
    <subCorpus name="01-Wbe-T">
        <sentence sentNo="0" aPos="0" ID="1067116">
            <text>A classical palace was created lying athwart Park and Fourth Avenues , surrounded by a raised roadway offering access to the wheeled traffic which would soon pitch the railways into dramatic decline .</text>
            <annotationSet cDate="01/08/2003 01:04:58 PST Wed" status="UNANN" ID="1585636">
                <layer rank="1" name="BNC">
                    <label end="0" start="0" name="dt-a"/>
                    <label end="10" start="2" name="jj"/>
                    <label end="17" start="12" name="nn"/>
                    <label end="21" start="19" name="bedz"/>
                    <label end="29" start="23" name="VBN"/>
                    <label end="35" start="31" name="VBG"/>
                    <label end="43" start="37" name="rb"/>
                    <label end="48" start="45" name="person"/>
                    <label end="52" start="50" name="cc"/>
                    <label end="67" start="54" name="location"/>
                    <label end="69" start="69" name="cma"/>
                    <label end="80" start="71" name="VBN"/>
                    <label end="83" start="82" name="by"/>
                    <label end="85" start="85" name="dt-a"/>
                    <label end="92" start="87" name="VBN"/>
                    <label end="100" start="94" name="nn"/>
                    <label end="109" start="102" name="nn"/>
                    <label end="116" start="111" name="nn"/>
                    <label end="119" start="118" name="to"/>
                    <label end="123" start="121" name="dt"/>
                    <label end="131" start="125" name="VBN"/>
                    <label end="139" start="133" name="nn"/>
                    <label end="145" start="141" name="wdt"/>
                    <label end="151" start="147" name="md"/>
                    <label end="156" start="153" name="rb"/>
                    <label end="162" start="158" name="vb"/>
                    <label end="166" start="164" name="dt"/>
                    <label end="175" start="168" name="nns"/>
                    <label end="180" start="177" name="in"/>
                    <label end="189" start="182" name="jj"/>
                    <label end="197" start="191" name="nn"/>
                    <label end="199" start="199" name="sent"/>
                </layer>
            </annotationSet>
            <annotationSet cDate="01/08/2003 01:04:58 PST Wed" status="AUTO_EDITED" ID="1585637">
                <layer rank="1" name="Target">
                    <label cBy="709" end="43" start="37" name="Target"/>
                </layer>
                <layer rank="1" name="FE">
                    <label cBy="709" feID="1621" end="67" start="45" name="Ground"/>
                    <label cBy="296" feID="1622" end="17" start="0" name="Figure"/>
                </layer>
                <layer rank="1" name="PT">
                    <label end="67" start="45" name="NP"/>
                    <label end="17" start="0" name="NP"/>
                </layer>
                <layer rank="1" name="GF">
                    <label end="67" start="45" name="Obj"/>
                    <label end="17" start="0" name="Ext"/>
                </layer>
                <layer rank="1" name="Sent"/>
                <layer rank="1" name="Other"/>
                <layer rank="1" name="Prep">
                    <label end="35" start="31" name="Supp"/>
                </layer>
            </annotationSet>
        </sentence>
    </subCorpus>
    <subCorpus name="01-Wrun-T"/>
    <subCorpus name="01-Wlie-T">
        <sentence sentNo="0" aPos="0" ID="1067117">
            <text>The storms seem to be formed in the strangely disturbed band of atmosphere that lies athwart the equator between the two trade wind regions , and is known as the intertropical convergence zone .</text>
            <annotationSet cDate="01/08/2003 01:04:58 PST Wed" status="UNANN" ID="1585638">
                <layer rank="1" name="BNC">
                    <label end="2" start="0" name="dt"/>
                    <label end="9" start="4" name="nns"/>
                    <label end="14" start="11" name="vbp"/>
                    <label end="17" start="16" name="to"/>
                    <label end="20" start="19" name="be"/>
                    <label end="27" start="22" name="VBN"/>
                    <label end="30" start="29" name="in"/>
                    <label end="34" start="32" name="dt"/>
                    <label end="44" start="36" name="rb"/>
                    <label end="54" start="46" name="VBN"/>
                    <label end="59" start="56" name="nn"/>
                    <label end="62" start="61" name="of"/>
                    <label end="73" start="64" name="nn"/>
                    <label end="78" start="75" name="wdt"/>
                    <label end="83" start="80" name="VBZ"/>
                    <label end="91" start="85" name="in"/>
                    <label end="95" start="93" name="dt"/>
                    <label end="103" start="97" name="nn"/>
                    <label end="111" start="105" name="in"/>
                    <label end="115" start="113" name="dt"/>
                    <label end="119" start="117" name="cd"/>
                    <label end="125" start="121" name="nn"/>
                    <label end="130" start="127" name="nn"/>
                    <label end="138" start="132" name="nns"/>
                    <label end="140" start="140" name="cma"/>
                    <label end="144" start="142" name="cc"/>
                    <label end="147" start="146" name="bez"/>
                    <label end="153" start="149" name="VBN"/>
                    <label end="156" start="155" name="as"/>
                    <label end="160" start="158" name="dt"/>
                    <label end="174" start="162" name="jj"/>
                    <label end="186" start="176" name="nn"/>
                    <label end="191" start="188" name="nn"/>
                    <label end="193" start="193" name="sent"/>
                </layer>
            </annotationSet>
            <annotationSet cDate="01/08/2003 01:04:58 PST Wed" status="AUTO_EDITED" ID="1585639">
                <layer rank="1" name="Target">
                    <label cBy="709" end="91" start="85" name="Target"/>
                </layer>
                <layer rank="1" name="FE">
                    <label cBy="709" feID="1621" end="138" start="93" name="Ground"/>
                    <label cBy="605" feID="1622" end="78" start="75" name="Figure"/>
                    <label cBy="605" feID="1622" end="73" start="32" name="Figure"/>
                </layer>
                <layer rank="1" name="PT">
                    <label end="138" start="93" name="NP"/>
                    <label end="78" start="75" name="NP"/>
                    <label end="73" start="32" name="NP"/>
                </layer>
                <layer rank="1" name="GF">
                    <label end="138" start="93" name="Obj"/>
                    <label end="78" start="75" name="Ext"/>
                    <label end="73" start="32" name="Ext"/>
                </layer>
                <layer rank="1" name="Sent"/>
                <layer rank="1" name="Other">
                    <label end="78" start="75" name="Rel"/>
                    <label end="73" start="32" name="Ant"/>
                </layer>
                <layer rank="1" name="Prep">
                    <label end="83" start="80" name="Supp"/>
                </layer>
            </annotationSet>
        </sentence>
        <sentence sentNo="0" aPos="0" ID="1067118">
            <text>Alcester therefore resembles a minority of other small towns which lie beside rather than athwart main roads , such as Dorn ( p. 253 ) .</text>
            <annotationSet cDate="01/08/2003 01:04:58 PST Wed" status="UNANN" ID="1585640">
                <layer rank="1" name="BNC">
                    <label end="7" start="0" name="NNP"/>
                    <label end="17" start="9" name="rb"/>
                    <label end="27" start="19" name="VBZ"/>
                    <label end="29" start="29" name="dt-a"/>
                    <label end="38" start="31" name="nn"/>
                    <label end="41" start="40" name="of"/>
                    <label end="47" start="43" name="jj"/>
                    <label end="53" start="49" name="jj"/>
                    <label end="59" start="55" name="nns"/>
                    <label end="65" start="61" name="wdt"/>
                    <label end="69" start="67" name="vbp"/>
                    <label end="76" start="71" name="rb"/>
                    <label end="83" start="78" name="rb"/>
                    <label end="88" start="85" name="than"/>
                    <label end="96" start="90" name="in"/>
                    <label end="101" start="98" name="jj"/>
                    <label end="107" start="103" name="nns"/>
                    <label end="109" start="109" name="cma"/>
                    <label end="114" start="111" name="such"/>
                    <label end="117" start="116" name="as"/>
                    <label end="122" start="119" name="organization"/>
                    <label end="124" start="124" name="("/>
                    <label end="127" start="126" name="organization"/>
                    <label end="131" start="129" name="cd"/>
                    <label end="133" start="133" name=")"/>
                    <label end="135" start="135" name="sent"/>
                </layer>
            </annotationSet>
            <annotationSet cDate="01/08/2003 01:04:58 PST Wed" status="AUTO_EDITED" ID="1585641">
                <layer rank="1" name="Target">
                    <label cBy="709" end="96" start="90" name="Target"/>
                </layer>
                <layer rank="1" name="FE">
                    <label cBy="709" feID="1621" end="107" start="98" name="Ground"/>
                    <label cBy="605" feID="1622" end="59" start="29" name="Figure"/>
                    <label cBy="605" feID="1622" end="65" start="61" name="Figure"/>
                </layer>
                <layer rank="1" name="PT">
                    <label end="107" start="98" name="NP"/>
                    <label end="59" start="29" name="NP"/>
                    <label end="65" start="61" name="NP"/>
                </layer>
                <layer rank="1" name="GF">
                    <label end="107" start="98" name="Obj"/>
                    <label end="59" start="29" name="Ext"/>
                    <label end="65" start="61" name="Ext"/>
                </layer>
                <layer rank="1" name="Sent"/>
                <layer rank="1" name="Other">
                    <label end="59" start="29" name="Ant"/>
                    <label end="65" start="61" name="Rel"/>
                </layer>
                <layer rank="1" name="Prep"/>
            </annotationSet>
        </sentence>
    </subCorpus>
    <subCorpus name="02-NP-T">
        <sentence sentNo="0" aPos="0" ID="1067119">
            <text>Down the green hill athwart a cedarn cover !</text>
            <annotationSet cDate="01/08/2003 01:04:58 PST Wed" status="UNANN" ID="1585642">
                <layer rank="1" name="BNC">
                    <label end="3" start="0" name="in"/>
                    <label end="7" start="5" name="dt"/>
                    <label end="13" start="9" name="jj"/>
                    <label end="18" start="15" name="nn"/>
                    <label end="26" start="20" name="in"/>
                    <label end="28" start="28" name="dt-a"/>
                    <label end="35" start="30" name="jj"/>
                    <label end="41" start="37" name="nn"/>
                    <label end="43" start="43" name="sent"/>
                </layer>
            </annotationSet>
            <annotationSet cDate="01/08/2003 01:04:58 PST Wed" status="AUTO_EDITED" ID="1585643">
                <layer rank="1" name="Target">
                    <label cBy="709" end="26" start="20" name="Target"/>
                </layer>
                <layer rank="1" name="FE">
                    <label cBy="709" feID="1622" end="18" start="5" name="Figure"/>
                    <label cBy="709" feID="1621" end="41" start="28" name="Ground"/>
                </layer>
                <layer rank="1" name="PT">
                    <label end="18" start="5" name="NP"/>
                    <label end="41" start="28" name="NP"/>
                </layer>
                <layer rank="1" name="GF">
                    <label end="18" start="5" name="Ext"/>
                    <label end="41" start="28" name="Obj"/>
                </layer>
                <layer rank="1" name="Sent"/>
                <layer rank="1" name="Other"/>
                <layer rank="1" name="Prep"/>
            </annotationSet>
        </sentence>
        <sentence sentNo="0" aPos="0" ID="1067120">
            <text>The hungover handjob athwart the unmade bed -- you ca n't do it .</text>
            <annotationSet cDate="01/08/2003 01:04:58 PST Wed" status="UNANN" ID="1585644">
                <layer rank="1" name="BNC">
                    <label end="2" start="0" name="dt"/>
                    <label end="11" start="4" name="nn"/>
                    <label end="19" start="13" name="nn"/>
                    <label end="27" start="21" name="in"/>
                    <label end="31" start="29" name="dt"/>
                    <label end="38" start="33" name="jj"/>
                    <label end="42" start="40" name="nn"/>
                    <label end="45" start="44" name=":"/>
                    <label end="49" start="47" name="PRP"/>
                    <label end="52" start="51" name="md"/>
                    <label end="56" start="54" name="not"/>
                    <label end="59" start="58" name="do"/>
                    <label end="62" start="61" name="PRP"/>
                    <label end="64" start="64" name="sent"/>
                </layer>
            </annotationSet>
            <annotationSet cDate="01/08/2003 01:04:58 PST Wed" status="AUTO_EDITED" ID="1585645">
                <layer rank="1" name="Target">
                    <label cBy="709" end="27" start="21" name="Target"/>
                </layer>
                <layer rank="1" name="FE">
                    <label cBy="709" feID="1622" end="19" start="0" name="Figure"/>
                    <label cBy="709" feID="1621" end="42" start="29" name="Ground"/>
                </layer>
                <layer rank="1" name="PT">
                    <label end="19" start="0" name="NP"/>
                    <label end="42" start="29" name="NP"/>
                </layer>
                <layer rank="1" name="GF">
                    <label end="19" start="0" name="Ext"/>
                    <label end="42" start="29" name="Obj"/>
                </layer>
                <layer rank="1" name="Sent"/>
                <layer rank="1" name="Other"/>
                <layer rank="1" name="Prep"/>
            </annotationSet>
        </sentence>
        <sentence sentNo="0" aPos="0" ID="1067121">
            <text>But oh ! that deep romantic chasm which slanted Down the green hill athwart a cedarn cover !</text>
            <annotationSet cDate="01/08/2003 01:04:58 PST Wed" status="UNANN" ID="1585646">
                <layer rank="1" name="BNC">
                    <label end="2" start="0" name="cc"/>
                    <label end="5" start="4" name="uh"/>
                    <label end="7" start="7" name="sent"/>
                    <label end="12" start="9" name="comp"/>
                    <label end="17" start="14" name="jj"/>
                    <label end="26" start="19" name="jj"/>
                    <label end="32" start="28" name="nn"/>
                    <label end="38" start="34" name="wdt"/>
                    <label end="46" start="40" name="VBD"/>
                    <label end="51" start="48" name="in"/>
                    <label end="55" start="53" name="dt"/>
                    <label end="61" start="57" name="jj"/>
                    <label end="66" start="63" name="nn"/>
                    <label end="74" start="68" name="in"/>
                    <label end="76" start="76" name="dt-a"/>
                    <label end="83" start="78" name="jj"/>
                    <label end="89" start="85" name="nn"/>
                    <label end="91" start="91" name="sent"/>
                </layer>
            </annotationSet>
            <annotationSet cDate="01/08/2003 01:04:58 PST Wed" status="AUTO_EDITED" ID="1585647">
                <layer rank="1" name="Target">
                    <label cBy="709" end="74" start="68" name="Target"/>
                </layer>
                <layer rank="1" name="FE">
                    <label cBy="709" feID="1622" end="66" start="53" name="Figure"/>
                    <label cBy="709" feID="1621" end="89" start="76" name="Ground"/>
                </layer>
                <layer rank="1" name="PT">
                    <label end="66" start="53" name="NP"/>
                    <label end="89" start="76" name="NP"/>
                </layer>
                <layer rank="1" name="GF">
                    <label end="66" start="53" name="Ext"/>
                    <label end="89" start="76" name="Obj"/>
                </layer>
                <layer rank="1" name="Sent"/>
                <layer rank="1" name="Other"/>
                <layer rank="1" name="Prep"/>
            </annotationSet>
        </sentence>
    </subCorpus>
    <subCorpus name="03-T-NP">
        <sentence sentNo="0" aPos="0" ID="1067122">
            <text>The two wings of the Dutch-Belgian brigade stretched a half-mile on either side of the highway while , athwart the road itself , was a battery of six Dutch nine-pounder cannons .</text>
            <annotationSet cDate="01/08/2003 01:04:58 PST Wed" status="UNANN" ID="1585648">
                <layer rank="1" name="BNC">
                    <label end="2" start="0" name="dt"/>
                    <label end="6" start="4" name="cd"/>
                    <label end="12" start="8" name="nns"/>
                    <label end="15" start="14" name="of"/>
                    <label end="19" start="17" name="dt"/>
                    <label end="33" start="21" name="jj"/>
                    <label end="41" start="35" name="nn"/>
                    <label end="51" start="43" name="VBD"/>
                    <label end="53" start="53" name="dt-a"/>
                    <label end="63" start="55" name="nn"/>
                    <label end="66" start="65" name="in"/>
                    <label end="73" start="68" name="dt"/>
                    <label end="78" start="75" name="nn"/>
                    <label end="81" start="80" name="of"/>
                    <label end="85" start="83" name="dt"/>
                    <label end="93" start="87" name="nn"/>
                    <label end="99" start="95" name="comp"/>
                    <label end="101" start="101" name="cma"/>
                    <label end="109" start="103" name="in"/>
                    <label end="113" start="111" name="dt"/>
                    <label end="118" start="115" name="nn"/>
                    <label end="125" start="120" name="PRP"/>
                    <label end="127" start="127" name="cma"/>
                    <label end="131" start="129" name="bedz"/>
                    <label end="133" start="133" name="dt-a"/>
                    <label end="141" start="135" name="nn"/>
                    <label end="144" start="143" name="of"/>
                    <label end="148" start="146" name="cd"/>
                    <label end="154" start="150" name="jj"/>
                    <label end="167" start="156" name="nn"/>
                    <label end="175" start="169" name="nns"/>
                    <label end="177" start="177" name="sent"/>
                </layer>
            </annotationSet>
            <annotationSet cDate="01/08/2003 01:04:58 PST Wed" status="MANUAL" ID="1585649">
                <layer rank="1" name="Target">
                    <label cBy="709" end="109" start="103" name="Target"/>
                </layer>
                <layer rank="1" name="FE">
                    <label cBy="618" feID="1621" end="125" start="111" name="Ground"/>
                    <label cBy="618" feID="1622" end="175" start="133" name="Figure"/>
                </layer>
                <layer rank="1" name="PT">
                    <label end="125" start="111" name="NP"/>
                    <label end="175" start="133" name="NP"/>
                </layer>
                <layer rank="1" name="GF">
                    <label end="125" start="111" name="Obj"/>
                    <label end="175" start="133" name="Ext"/>
                </layer>
                <layer rank="1" name="Sent"/>
                <layer rank="1" name="Other"/>
                <layer rank="1" name="Prep">
                    <label end="131" start="129" name="Cop"/>
                </layer>
            </annotationSet>
        </sentence>
        <sentence sentNo="0" aPos="0" ID="1067123">
            <text>The three arc-lamps had come to rest athwart the sunken bomber , sharply illuminating the fuselage and the two wings .</text>
            <annotationSet cDate="01/08/2003 01:04:58 PST Wed" status="UNANN" ID="1585650">
                <layer rank="1" name="BNC">
                    <label end="2" start="0" name="dt"/>
                    <label end="8" start="4" name="cd"/>
                    <label end="18" start="10" name="nns"/>
                    <label end="22" start="20" name="hvd"/>
                    <label end="27" start="24" name="VBN"/>
                    <label end="30" start="29" name="to"/>
                    <label end="35" start="32" name="vb"/>
                    <label end="43" start="37" name="in"/>
                    <label end="47" start="45" name="dt"/>
                    <label end="54" start="49" name="jj"/>
                    <label end="61" start="56" name="nn"/>
                    <label end="63" start="63" name="cma"/>
                    <label end="71" start="65" name="rb"/>
                    <label end="84" start="73" name="VBG"/>
                    <label end="88" start="86" name="dt"/>
                    <label end="97" start="90" name="nn"/>
                    <label end="101" start="99" name="cc"/>
                    <label end="105" start="103" name="dt"/>
                    <label end="109" start="107" name="cd"/>
                    <label end="115" start="111" name="nns"/>
                    <label end="117" start="117" name="sent"/>
                </layer>
            </annotationSet>
            <annotationSet cDate="01/08/2003 01:04:59 PST Wed" status="AUTO_EDITED" ID="1585651">
                <layer rank="1" name="Target">
                    <label cBy="709" end="43" start="37" name="Target"/>
                </layer>
                <layer rank="1" name="FE">
                    <label cBy="709" feID="1621" end="61" start="45" name="Ground"/>
                    <label cBy="296" feID="1622" end="18" start="0" name="Figure"/>
                </layer>
                <layer rank="1" name="PT">
                    <label end="61" start="45" name="NP"/>
                    <label end="18" start="0" name="NP"/>
                </layer>
                <layer rank="1" name="GF">
                    <label end="61" start="45" name="Obj"/>
                    <label end="18" start="0" name="Ext"/>
                </layer>
                <layer rank="1" name="Sent"/>
                <layer rank="1" name="Other"/>
                <layer rank="1" name="Prep">
                    <label end="35" start="32" name="Supp"/>
                </layer>
            </annotationSet>
        </sentence>
    </subCorpus>
    <subCorpus name="04-NP-Wprep:supp"/>
    <subCorpus name="05-Wrb-W-T"/>
    <subCorpus name="06-Wup-T"/>
    <subCorpus name="06-Wdown-T"/>
    <subCorpus name="06-Wback-T"/>
    <subCorpus name="other-matched"/>
    <subCorpus name="other-unmatched"/>
</lexUnit>