<?xml version="1.0" encoding="UTF-8" standalone="yes"?>
<?xml-stylesheet type="text/xsl" href="lexUnit.xsl"?>
<lexUnit status="FN1_Sent" POS="N" name="riposte.n" ID="672" frame="Communication_response" frameID="42" totalAnnotated="16" xsi:schemaLocation="../schema/lexUnit.xsd" xmlns="http://framenet.icsi.berkeley.edu" xmlns:xsi="http://www.w3.org/2001/XMLSchema-instance">
    <header>
        <frame>
            <FE fgColor="FFFFFF" bgColor="008000" type="Core" abbrev="Add" name="Addressee"/>
            <FE fgColor="FFFFFF" bgColor="9400D3" type="Extra-Thematic" abbrev="Depict" name="Depictive"/>
            <FE fgColor="000000" bgColor="d0d0d0" type="Peripheral" abbrev="dur" name="Duration"/>
            <FE fgColor="FFFFFF" bgColor="FFA500" type="Extra-Thematic" abbrev="ICause" name="Internal_cause"/>
            <FE fgColor="FFFFFF" bgColor="FF00FF" type="Peripheral" abbrev="Manr" name="Manner"/>
            <FE fgColor="FFFFFF" bgColor="A52A2A" type="Peripheral" abbrev="Mns" name="Means"/>
            <FE fgColor="FFFFFF" bgColor="7CCD73" type="Peripheral" abbrev="Medium" name="Medium"/>
            <FE fgColor="FFFFFF" bgColor="0000FF" type="Core" abbrev="Msg" name="Message"/>
            <FE fgColor="FFFFFF" bgColor="FF69B4" type="Peripheral" abbrev="pla" name="Place"/>
            <FE fgColor="FFFFFF" bgColor="1E90FF" type="Peripheral" abbrev="pur" name="Purpose"/>
            <FE fgColor="FFFFFF" bgColor="FF0000" type="Core" abbrev="Spkr" name="Speaker"/>
            <FE fgColor="FFFFFF" bgColor="2E8B57" type="Peripheral" abbrev="tim" name="Time"/>
            <FE fgColor="FFFFFF" bgColor="800080" type="Core" abbrev="Top" name="Topic"/>
            <FE fgColor="FFFFFF" bgColor="00BFFF" type="Core" abbrev="Trig" name="Trigger"/>
        </frame>
    </header>
    <definition>FN: reply quickly or cleverly</definition>
    <lexeme POS="N" name="riposte"/>
    <valences>
        <governor type="Sup" lemma="have">
            <annoSet ID="1741493"/>
        </governor>
        <governor type="Sup" lemma="make">
            <annoSet ID="1741477"/>
            <annoSet ID="1741579"/>
        </governor>
        <FERealization total="3">
            <FE name="Addressee"/>
            <pattern total="3">
                <valenceUnit GF="Dep" PT="PP[to]" FE="Addressee"/>
                <annoSet ID="1741493"/>
                <annoSet ID="1741523"/>
                <annoSet ID="1741557"/>
            </pattern>
        </FERealization>
        <FERealization total="3">
            <FE name="Message"/>
            <pattern total="3">
                <valenceUnit GF="Dep" PT="Sfin" FE="Message"/>
                <annoSet ID="1741561"/>
                <annoSet ID="1741563"/>
                <annoSet ID="1741655"/>
            </pattern>
        </FERealization>
        <FERealization total="11">
            <FE name="Speaker"/>
            <pattern total="8">
                <valenceUnit GF="Ext" PT="NP" FE="Speaker"/>
                <annoSet ID="1741477"/>
                <annoSet ID="1741493"/>
                <annoSet ID="1741555"/>
                <annoSet ID="1741559"/>
                <annoSet ID="1741561"/>
                <annoSet ID="1741563"/>
                <annoSet ID="1741579"/>
                <annoSet ID="1741653"/>
            </pattern>
            <pattern total="2">
                <valenceUnit GF="Gen" PT="Poss" FE="Speaker"/>
                <annoSet ID="1741555"/>
                <annoSet ID="1741557"/>
            </pattern>
            <pattern total="1">
                <valenceUnit GF="Dep" PT="PP[from]" FE="Speaker"/>
                <annoSet ID="1741479"/>
            </pattern>
            <pattern total="1">
                <valenceUnit GF="Dep" PT="PP[of]" FE="Speaker"/>
                <annoSet ID="1741485"/>
            </pattern>
        </FERealization>
        <FERealization total="1">
            <FE name="Topic"/>
            <pattern total="1">
                <valenceUnit GF="Dep" PT="PPing[about]" FE="Topic"/>
                <annoSet ID="1741477"/>
            </pattern>
        </FERealization>
        <FERealization total="4">
            <FE name="Trigger"/>
            <pattern total="1">
                <valenceUnit GF="Dep" PT="Sfin" FE="Trigger"/>
                <annoSet ID="1741563"/>
            </pattern>
            <pattern total="2">
                <valenceUnit GF="Dep" PT="NP" FE="Trigger"/>
                <annoSet ID="1741517"/>
                <annoSet ID="1741519"/>
            </pattern>
            <pattern total="1">
                <valenceUnit GF="Dep" PT="PP[to]" FE="Trigger"/>
                <annoSet ID="1741503"/>
            </pattern>
        </FERealization>
        <FEGroupRealization total="1">
            <FE name="Addressee"/>
            <pattern total="1">
                <valenceUnit GF="Dep" PT="PP[to]" FE="Addressee"/>
                <annoSet ID="1741523"/>
            </pattern>
        </FEGroupRealization>
        <FEGroupRealization total="2">
            <FE name="Addressee"/>
            <FE name="Speaker"/>
            <pattern total="1">
                <valenceUnit GF="Dep" PT="PP[to]" FE="Addressee"/>
                <valenceUnit GF="Ext" PT="NP" FE="Speaker"/>
                <annoSet ID="1741493"/>
            </pattern>
            <pattern total="1">
                <valenceUnit GF="Dep" PT="PP[to]" FE="Addressee"/>
                <valenceUnit GF="Gen" PT="Poss" FE="Speaker"/>
                <annoSet ID="1741557"/>
            </pattern>
        </FEGroupRealization>
        <FEGroupRealization total="1">
            <FE name="Message"/>
            <pattern total="1">
                <valenceUnit GF="Dep" PT="Sfin" FE="Message"/>
                <annoSet ID="1741655"/>
            </pattern>
        </FEGroupRealization>
        <FEGroupRealization total="1">
            <FE name="Message"/>
            <FE name="Speaker"/>
            <pattern total="1">
                <valenceUnit GF="Dep" PT="Sfin" FE="Message"/>
                <valenceUnit GF="Ext" PT="NP" FE="Speaker"/>
                <annoSet ID="1741561"/>
            </pattern>
        </FEGroupRealization>
        <FEGroupRealization total="1">
            <FE name="Message"/>
            <FE name="Speaker"/>
            <FE name="Trigger"/>
            <pattern total="1">
                <valenceUnit GF="Dep" PT="Sfin" FE="Message"/>
                <valenceUnit GF="Ext" PT="NP" FE="Speaker"/>
                <valenceUnit GF="Dep" PT="Sfin" FE="Trigger"/>
                <annoSet ID="1741563"/>
            </pattern>
        </FEGroupRealization>
        <FEGroupRealization total="5">
            <FE name="Speaker"/>
            <pattern total="3">
                <valenceUnit GF="Ext" PT="NP" FE="Speaker"/>
                <annoSet ID="1741559"/>
                <annoSet ID="1741579"/>
                <annoSet ID="1741653"/>
            </pattern>
            <pattern total="1">
                <valenceUnit GF="Dep" PT="PP[from]" FE="Speaker"/>
                <annoSet ID="1741479"/>
            </pattern>
            <pattern total="1">
                <valenceUnit GF="Dep" PT="PP[of]" FE="Speaker"/>
                <annoSet ID="1741485"/>
            </pattern>
        </FEGroupRealization>
        <FEGroupRealization total="1">
            <FE name="Speaker"/>
            <FE name="Speaker"/>
            <pattern total="1">
                <valenceUnit GF="Ext" PT="NP" FE="Speaker"/>
                <valenceUnit GF="Gen" PT="Poss" FE="Speaker"/>
                <annoSet ID="1741555"/>
            </pattern>
        </FEGroupRealization>
        <FEGroupRealization total="1">
            <FE name="Speaker"/>
            <FE name="Topic"/>
            <pattern total="1">
                <valenceUnit GF="Ext" PT="NP" FE="Speaker"/>
                <valenceUnit GF="Dep" PT="PPing[about]" FE="Topic"/>
                <annoSet ID="1741477"/>
            </pattern>
        </FEGroupRealization>
        <FEGroupRealization total="3">
            <FE name="Trigger"/>
            <pattern total="2">
                <valenceUnit GF="Dep" PT="NP" FE="Trigger"/>
                <annoSet ID="1741517"/>
                <annoSet ID="1741519"/>
            </pattern>
            <pattern total="1">
                <valenceUnit GF="Dep" PT="PP[to]" FE="Trigger"/>
                <annoSet ID="1741503"/>
            </pattern>
        </FEGroupRealization>
    </valences>
    <subCorpus name="N-noposs-ppabout.tsc">
        <sentence sentNo="0" aPos="82160476" ID="1145185">
            <text>It is astonishing that he should have made a riposte about housing benefit being available to the poor for housing costs and to have given the impression that he was in favour of housing benefit. </text>
            <annotationSet cDate="01/08/2003 04:16:56 PST Wed" status="UNANN" ID="1741476">
                <layer rank="1" name="BNC">
                    <label end="1" start="0" name="PNP"/>
                    <label end="4" start="3" name="VBZ"/>
                    <label end="16" start="6" name="AJ0"/>
                    <label end="21" start="18" name="CJT"/>
                    <label end="24" start="23" name="PNP"/>
                    <label end="31" start="26" name="VM0"/>
                    <label end="36" start="33" name="VHI"/>
                    <label end="41" start="38" name="VVN"/>
                    <label end="43" start="43" name="AT0"/>
                    <label end="51" start="45" name="NN1"/>
                    <label end="57" start="53" name="PRP"/>
                    <label end="65" start="59" name="NN1-VVG"/>
                    <label end="73" start="67" name="NN1"/>
                    <label end="79" start="75" name="VBG"/>
                    <label end="89" start="81" name="AJ0"/>
                    <label end="92" start="91" name="PRP"/>
                    <label end="96" start="94" name="AT0"/>
                    <label end="101" start="98" name="AJ0"/>
                    <label end="105" start="103" name="PRP"/>
                    <label end="113" start="107" name="NN1-VVG"/>
                    <label end="119" start="115" name="NN2"/>
                    <label end="123" start="121" name="CJC"/>
                    <label end="126" start="125" name="TO0"/>
                    <label end="131" start="128" name="VHI"/>
                    <label end="137" start="133" name="VVN"/>
                    <label end="141" start="139" name="AT0"/>
                    <label end="152" start="143" name="NN1"/>
                    <label end="157" start="154" name="CJT"/>
                    <label end="160" start="159" name="PNP"/>
                    <label end="164" start="162" name="VBD"/>
                    <label end="167" start="166" name="PRP"/>
                    <label end="174" start="169" name="PRP"/>
                    <label end="177" start="176" name="PRP"/>
                    <label end="185" start="179" name="NN1-VVG"/>
                    <label end="194" start="187" name="NN1"/>
                </layer>
            </annotationSet>
            <annotationSet cDate="01/08/2003 04:16:56 PST Wed" status="MANUAL" ID="1741477">
                <layer rank="1" name="FE">
                    <label cBy="103" feID="177" end="24" start="23" name="Speaker"/>
                    <label cBy="103" feID="180" end="119" start="53" name="Topic"/>
                </layer>
                <layer rank="1" name="GF">
                    <label end="24" start="23" name="Ext"/>
                    <label end="119" start="53" name="Dep"/>
                </layer>
                <layer rank="1" name="PT">
                    <label end="24" start="23" name="NP"/>
                    <label end="119" start="53" name="PPing"/>
                </layer>
                <layer rank="1" name="Sent"/>
                <layer rank="1" name="Other"/>
                <layer rank="1" name="Target">
                    <label cBy="103" end="51" start="45" name="Target"/>
                </layer>
                <layer rank="1" name="Noun">
                    <label end="41" start="38" name="Supp"/>
                </layer>
            </annotationSet>
        </sentence>
    </subCorpus>
    <subCorpus name="N-noposs-ppfrom.tsc">
        <sentence sentNo="0" aPos="13001158" ID="1145186">
            <text>This account provoked an immediate riposte from Postman (1955), who objected that no mechanism had been specified to explain the process by which differentiation occurs and argued that associative processes constituted a possibility. </text>
            <annotationSet cDate="01/08/2003 04:16:56 PST Wed" status="UNANN" ID="1741478">
                <layer rank="1" name="BNC">
                    <label end="3" start="0" name="DT0"/>
                    <label end="11" start="5" name="NN1"/>
                    <label end="20" start="13" name="VVD"/>
                    <label end="23" start="22" name="AT0"/>
                    <label end="33" start="25" name="AJ0"/>
                    <label end="41" start="35" name="NN1"/>
                    <label end="46" start="43" name="PRP"/>
                    <label end="54" start="48" name="NN1-NP0"/>
                    <label end="62" start="56" name="PUL"/>
                    <label end="66" start="64" name="CRD"/>
                    <label end="75" start="68" name="PUR"/>
                    <label end="80" start="77" name="PUN"/>
                    <label end="83" start="82" name="PNQ"/>
                    <label end="93" start="85" name="VVD"/>
                    <label end="97" start="95" name="CJT"/>
                    <label end="102" start="99" name="AT0"/>
                    <label end="112" start="104" name="NN1"/>
                    <label end="115" start="114" name="VHD"/>
                    <label end="123" start="117" name="VBN"/>
                    <label end="127" start="125" name="VVN"/>
                    <label end="135" start="129" name="TO0"/>
                    <label end="138" start="137" name="VVI"/>
                    <label end="144" start="140" name="AT0"/>
                    <label end="160" start="146" name="NN1"/>
                    <label end="167" start="162" name="PRP"/>
                    <label end="171" start="169" name="DTQ"/>
                    <label end="178" start="173" name="NN1"/>
                    <label end="183" start="180" name="VVZ"/>
                    <label end="195" start="185" name="CJC"/>
                    <label end="205" start="197" name="VVD"/>
                    <label end="217" start="207" name="CJT-DT0"/>
                    <label end="219" start="219" name="AJ0"/>
                    <label end="232" start="221" name="NN2"/>
                </layer>
            </annotationSet>
            <annotationSet cDate="01/08/2003 04:16:56 PST Wed" status="MANUAL" ID="1741479">
                <layer rank="1" name="FE">
                    <label cBy="103" feID="177" end="54" start="43" name="Speaker"/>
                </layer>
                <layer rank="1" name="GF">
                    <label end="54" start="43" name="Dep"/>
                </layer>
                <layer rank="1" name="PT">
                    <label end="54" start="43" name="PP"/>
                </layer>
                <layer rank="1" name="Sent"/>
                <layer rank="1" name="Other"/>
                <layer rank="1" name="Target">
                    <label cBy="103" end="41" start="35" name="Target"/>
                </layer>
                <layer rank="1" name="Noun"/>
            </annotationSet>
        </sentence>
    </subCorpus>
    <subCorpus name="N-noposs-ppof.tsc">
        <sentence sentNo="0" aPos="89639924" ID="1145189">
            <text>The riposte of Mr Mohamed Al Fayed himself was intriguing. </text>
            <annotationSet cDate="01/08/2003 04:16:56 PST Wed" status="UNANN" ID="1741484">
                <layer rank="1" name="BNC">
                    <label end="2" start="0" name="AT0"/>
                    <label end="10" start="4" name="NN1"/>
                    <label end="13" start="12" name="PRF"/>
                    <label end="16" start="15" name="NP0"/>
                    <label end="24" start="18" name="NP0"/>
                    <label end="27" start="26" name="NP0"/>
                    <label end="33" start="29" name="NP0"/>
                    <label end="41" start="35" name="PNX"/>
                    <label end="45" start="43" name="VBD"/>
                    <label end="57" start="47" name="AJ0"/>
                </layer>
            </annotationSet>
            <annotationSet cDate="01/08/2003 04:16:56 PST Wed" status="MANUAL" ID="1741485">
                <layer rank="1" name="FE">
                    <label cBy="103" feID="177" end="41" start="12" name="Speaker"/>
                </layer>
                <layer rank="1" name="GF">
                    <label end="41" start="12" name="Dep"/>
                </layer>
                <layer rank="1" name="PT">
                    <label end="41" start="12" name="PP"/>
                </layer>
                <layer rank="1" name="Sent"/>
                <layer rank="1" name="Other"/>
                <layer rank="1" name="Target">
                    <label cBy="103" end="10" start="4" name="Target"/>
                </layer>
                <layer rank="1" name="Noun"/>
            </annotationSet>
        </sentence>
    </subCorpus>
    <subCorpus name="N-noposs-ppother.tsc"/>
    <subCorpus name="N-noposs-ppto.tsc">
        <sentence sentNo="0" aPos="10053239" ID="1145193">
            <text>BJORN BORG has a typically stubborn riposte to those saddened by the sight of one of the game's greatest champions being reduced at times to a level barely above that of a novice . </text>
            <annotationSet cDate="01/08/2003 04:16:57 PST Wed" status="UNANN" ID="1741492">
                <layer rank="1" name="BNC">
                    <label end="4" start="0" name="NP0"/>
                    <label end="9" start="6" name="NP0"/>
                    <label end="13" start="11" name="VHZ"/>
                    <label end="15" start="15" name="AT0"/>
                    <label end="25" start="17" name="AV0"/>
                    <label end="34" start="27" name="AJ0"/>
                    <label end="42" start="36" name="NN1"/>
                    <label end="45" start="44" name="PRP"/>
                    <label end="51" start="47" name="DT0"/>
                    <label end="60" start="53" name="VVD-VVN"/>
                    <label end="63" start="62" name="PRP"/>
                    <label end="67" start="65" name="AT0"/>
                    <label end="73" start="69" name="NN1"/>
                    <label end="76" start="75" name="PRF"/>
                    <label end="80" start="78" name="CRD"/>
                    <label end="83" start="82" name="PRF"/>
                    <label end="87" start="85" name="AT0"/>
                    <label end="94" start="89" name="NN1"/>
                    <label end="103" start="96" name="POS"/>
                    <label end="113" start="105" name="AJS"/>
                    <label end="119" start="115" name="NN2"/>
                    <label end="127" start="121" name="VBG"/>
                    <label end="130" start="129" name="VVN"/>
                    <label end="136" start="132" name="PRP"/>
                    <label end="139" start="138" name="NN2"/>
                    <label end="141" start="141" name="PRP"/>
                    <label end="147" start="143" name="AT0"/>
                    <label end="154" start="149" name="AJ0-NN1"/>
                    <label end="160" start="156" name="AV0"/>
                    <label end="165" start="162" name="PRP"/>
                    <label end="168" start="167" name="DT0"/>
                    <label end="170" start="170" name="PRF"/>
                    <label end="177" start="172" name="AT0"/>
                    <label end="179" start="179" name="NN1"/>
                </layer>
            </annotationSet>
            <annotationSet cDate="01/08/2003 04:16:57 PST Wed" status="MANUAL" ID="1741493">
                <layer rank="1" name="FE">
                    <label cBy="103" feID="177" end="9" start="0" name="Speaker"/>
                    <label cBy="103" feID="178" end="177" start="44" name="Addressee"/>
                </layer>
                <layer rank="1" name="GF">
                    <label end="9" start="0" name="Ext"/>
                    <label end="177" start="44" name="Dep"/>
                </layer>
                <layer rank="1" name="PT">
                    <label end="9" start="0" name="NP"/>
                    <label end="177" start="44" name="PP"/>
                </layer>
                <layer rank="1" name="Sent"/>
                <layer rank="1" name="Other"/>
                <layer rank="1" name="Target">
                    <label cBy="103" end="42" start="36" name="Target"/>
                </layer>
                <layer rank="1" name="Noun">
                    <label end="13" start="11" name="Supp"/>
                </layer>
            </annotationSet>
        </sentence>
        <sentence sentNo="0" aPos="28639580" ID="1145198">
            <text>A riposte to that argument was provided by Sea Containers, the shipping group headed by James Sherwood. </text>
            <annotationSet cDate="01/08/2003 04:16:58 PST Wed" status="UNANN" ID="1741502">
                <layer rank="1" name="BNC">
                    <label end="0" start="0" name="AT0"/>
                    <label end="8" start="2" name="NN1"/>
                    <label end="11" start="10" name="PRP"/>
                    <label end="16" start="13" name="DT0"/>
                    <label end="25" start="18" name="NN1"/>
                    <label end="29" start="27" name="VBD"/>
                    <label end="38" start="31" name="VVN"/>
                    <label end="41" start="40" name="PRP"/>
                    <label end="45" start="43" name="NP0"/>
                    <label end="57" start="47" name="NP0"/>
                    <label end="61" start="59" name="PUN"/>
                    <label end="70" start="63" name="AT0"/>
                    <label end="76" start="72" name="NN1"/>
                    <label end="83" start="78" name="NN0"/>
                    <label end="86" start="85" name="VVN"/>
                    <label end="92" start="88" name="PRP"/>
                    <label end="102" start="94" name="NP0"/>
                </layer>
            </annotationSet>
            <annotationSet cDate="01/08/2003 04:16:58 PST Wed" status="MANUAL" ID="1741503">
                <layer rank="1" name="FE">
                    <label cBy="103" feID="182" end="25" start="10" name="Trigger"/>
                </layer>
                <layer rank="1" name="GF">
                    <label end="25" start="10" name="Dep"/>
                </layer>
                <layer rank="1" name="PT">
                    <label end="25" start="10" name="PP"/>
                </layer>
                <layer rank="1" name="Sent"/>
                <layer rank="1" name="Other"/>
                <layer rank="1" name="Target">
                    <label cBy="103" end="8" start="2" name="Target"/>
                </layer>
                <layer rank="1" name="Noun"/>
            </annotationSet>
        </sentence>
        <sentence sentNo="0" aPos="62766983" ID="1145205">
            <text>This was not percipience in my mother, but a belated riposte to my revelation, the day before, of the role of the chrysanthemum in foreign culture . </text>
            <annotationSet cDate="01/08/2003 04:17:00 PST Wed" status="UNANN" ID="1741516">
                <layer rank="1" name="BNC">
                    <label end="3" start="0" name="DT0"/>
                    <label end="7" start="5" name="VBD"/>
                    <label end="11" start="9" name="XX0"/>
                    <label end="23" start="13" name="NN1"/>
                    <label end="26" start="25" name="PRP"/>
                    <label end="29" start="28" name="DPS"/>
                    <label end="37" start="31" name="NN1"/>
                    <label end="41" start="39" name="PUN"/>
                    <label end="43" start="43" name="CJC"/>
                    <label end="51" start="45" name="AT0"/>
                    <label end="59" start="53" name="AJ0"/>
                    <label end="62" start="61" name="NN1"/>
                    <label end="65" start="64" name="PRP"/>
                    <label end="77" start="67" name="DPS"/>
                    <label end="81" start="79" name="NN1"/>
                    <label end="85" start="83" name="PUN"/>
                    <label end="93" start="87" name="AT0"/>
                    <label end="96" start="95" name="NN1"/>
                    <label end="100" start="98" name="CJS"/>
                    <label end="105" start="102" name="PUN"/>
                    <label end="108" start="107" name="PRF"/>
                    <label end="112" start="110" name="AT0"/>
                    <label end="126" start="114" name="NN1"/>
                    <label end="129" start="128" name="PRF"/>
                    <label end="137" start="131" name="AT0"/>
                    <label end="145" start="139" name="NN1"/>
                    <label end="147" start="147" name="PRP"/>
                </layer>
            </annotationSet>
            <annotationSet cDate="01/08/2003 04:17:01 PST Wed" status="MANUAL" ID="1741517">
                <layer rank="1" name="FE">
                    <label cBy="103" feID="182" end="145" start="61" name="Trigger"/>
                </layer>
                <layer rank="1" name="GF">
                    <label end="145" start="61" name="Dep"/>
                </layer>
                <layer rank="1" name="PT">
                    <label end="145" start="61" name="NP"/>
                </layer>
                <layer rank="1" name="Sent"/>
                <layer rank="1" name="Other"/>
                <layer rank="1" name="Target">
                    <label cBy="103" end="59" start="53" name="Target"/>
                </layer>
                <layer rank="1" name="Noun"/>
            </annotationSet>
        </sentence>
        <sentence sentNo="0" aPos="68193317" ID="1145206">
            <text>She composed her most important poem, The Woman's Labour: an Epistle to Mr. Stephen Duck, as a riposte to his comments about the idleness of rural women . </text>
            <annotationSet cDate="01/08/2003 04:17:01 PST Wed" status="UNANN" ID="1741518">
                <layer rank="1" name="BNC">
                    <label end="2" start="0" name="PNP"/>
                    <label end="11" start="4" name="VVD"/>
                    <label end="15" start="13" name="PNP"/>
                    <label end="20" start="17" name="AV0"/>
                    <label end="30" start="22" name="AJ0"/>
                    <label end="36" start="32" name="NN1"/>
                    <label end="40" start="38" name="PUN"/>
                    <label end="48" start="42" name="AT0"/>
                    <label end="56" start="50" name="NN1"/>
                    <label end="59" start="58" name="POS"/>
                    <label end="67" start="61" name="AJ0"/>
                    <label end="70" start="69" name="PUN"/>
                    <label end="74" start="72" name="AT0"/>
                    <label end="82" start="76" name="NN1"/>
                    <label end="88" start="84" name="PRP"/>
                    <label end="91" start="90" name="NP0"/>
                    <label end="93" start="93" name="NP0"/>
                    <label end="101" start="95" name="NP0"/>
                    <label end="104" start="103" name="PUN"/>
                    <label end="108" start="106" name="CJS-PRP"/>
                    <label end="117" start="110" name="AT0"/>
                    <label end="123" start="119" name="NN1"/>
                    <label end="127" start="125" name="PRP"/>
                    <label end="136" start="129" name="DPS"/>
                    <label end="139" start="138" name="NN2"/>
                    <label end="145" start="141" name="PRP"/>
                    <label end="151" start="147" name="AT0"/>
                    <label end="153" start="153" name="NN1"/>
                </layer>
            </annotationSet>
            <annotationSet cDate="01/08/2003 04:17:01 PST Wed" status="MANUAL" ID="1741519">
                <layer rank="1" name="FE">
                    <label cBy="103" feID="182" end="151" start="103" name="Trigger"/>
                </layer>
                <layer rank="1" name="GF">
                    <label end="151" start="103" name="Dep"/>
                </layer>
                <layer rank="1" name="PT">
                    <label end="151" start="103" name="NP"/>
                </layer>
                <layer rank="1" name="Sent"/>
                <layer rank="1" name="Other"/>
                <layer rank="1" name="Target">
                    <label cBy="103" end="101" start="95" name="Target"/>
                </layer>
                <layer rank="1" name="Noun"/>
            </annotationSet>
        </sentence>
        <sentence sentNo="0" aPos="80506620" ID="1145208">
            <text>The English socialist William Morris was so appalled that he published News from Nowhere as a riposte to Bellamy . </text>
            <annotationSet cDate="01/08/2003 04:17:02 PST Wed" status="UNANN" ID="1741522">
                <layer rank="1" name="BNC">
                    <label end="2" start="0" name="AT0"/>
                    <label end="10" start="4" name="AJ0"/>
                    <label end="20" start="12" name="AJ0-NN1"/>
                    <label end="28" start="22" name="NP0"/>
                    <label end="35" start="30" name="NP0"/>
                    <label end="39" start="37" name="VBD"/>
                    <label end="42" start="41" name="AV0"/>
                    <label end="51" start="44" name="VVN"/>
                    <label end="56" start="53" name="CJT"/>
                    <label end="59" start="58" name="PNP"/>
                    <label end="69" start="61" name="VVD"/>
                    <label end="74" start="71" name="NN1"/>
                    <label end="79" start="76" name="PRP"/>
                    <label end="87" start="81" name="AV0"/>
                    <label end="90" start="89" name="CJS-PRP"/>
                    <label end="92" start="92" name="AT0"/>
                    <label end="100" start="94" name="NN1"/>
                    <label end="103" start="102" name="PRP"/>
                    <label end="111" start="105" name="NN1-NP0"/>
                    <label end="113" start="113" name="PUN"/>
                </layer>
            </annotationSet>
            <annotationSet cDate="01/08/2003 04:17:02 PST Wed" status="MANUAL" ID="1741523">
                <layer rank="1" name="FE">
                    <label cBy="103" feID="178" end="111" start="102" name="Addressee"/>
                </layer>
                <layer rank="1" name="GF">
                    <label end="111" start="102" name="Dep"/>
                </layer>
                <layer rank="1" name="PT">
                    <label end="111" start="102" name="PP"/>
                </layer>
                <layer rank="1" name="Sent"/>
                <layer rank="1" name="Other"/>
                <layer rank="1" name="Target">
                    <label cBy="103" end="100" start="94" name="Target"/>
                </layer>
                <layer rank="1" name="Noun"/>
            </annotationSet>
        </sentence>
    </subCorpus>
    <subCorpus name="N-poss-pother.tsc"/>
    <subCorpus name="N-poss-ppto.tsc"/>
    <subCorpus name="N-poss.tsc">
        <sentence sentNo="0" aPos="60158053" ID="1145224">
            <text>She had imagined many different types of verbal duel with Edward and had practised her ripostes , but not this one. </text>
            <annotationSet cDate="01/08/2003 04:17:04 PST Wed" status="UNANN" ID="1741554">
                <layer rank="1" name="BNC">
                    <label end="2" start="0" name="PNP"/>
                    <label end="6" start="4" name="VHD"/>
                    <label end="15" start="8" name="VVN"/>
                    <label end="20" start="17" name="DT0"/>
                    <label end="30" start="22" name="AJ0"/>
                    <label end="36" start="32" name="NN2"/>
                    <label end="39" start="38" name="PRF"/>
                    <label end="46" start="41" name="AJ0"/>
                    <label end="51" start="48" name="NN1"/>
                    <label end="56" start="53" name="PRP"/>
                    <label end="63" start="58" name="NP0"/>
                    <label end="67" start="65" name="CJC"/>
                    <label end="71" start="69" name="VHD"/>
                    <label end="81" start="73" name="VVN"/>
                    <label end="85" start="83" name="DPS"/>
                    <label end="94" start="87" name="NN2"/>
                    <label end="96" start="96" name="PUN"/>
                    <label end="100" start="98" name="CJC"/>
                    <label end="104" start="102" name="XX0"/>
                    <label end="109" start="106" name="DT0"/>
                    <label end="114" start="111" name="PNI"/>
                </layer>
            </annotationSet>
            <annotationSet cDate="01/08/2003 04:17:04 PST Wed" status="MANUAL" ID="1741555">
                <layer rank="1" name="FE">
                    <label cBy="103" feID="177" end="2" start="0" name="Speaker"/>
                    <label cBy="103" feID="177" end="85" start="83" name="Speaker"/>
                </layer>
                <layer rank="1" name="GF">
                    <label end="2" start="0" name="Ext"/>
                    <label end="85" start="83" name="Gen"/>
                </layer>
                <layer rank="1" name="PT">
                    <label end="2" start="0" name="NP"/>
                    <label end="85" start="83" name="Poss"/>
                </layer>
                <layer rank="1" name="Sent"/>
                <layer rank="1" name="Other"/>
                <layer rank="1" name="Target">
                    <label cBy="103" end="94" start="87" name="Target"/>
                </layer>
                <layer rank="1" name="Noun"/>
            </annotationSet>
        </sentence>
        <sentence sentNo="0" aPos="66260977" ID="1145225">
            <text>In her polemical riposte to those scholars and clerics and poets of her time who resisted women's advancement in letters or other learning , Pizan flourishes a dramatic catalogue of female high achievers and heroines, from Judith to Circe. </text>
            <annotationSet cDate="01/08/2003 04:17:04 PST Wed" status="UNANN" ID="1741556">
                <layer rank="1" name="BNC">
                    <label end="1" start="0" name="PRP"/>
                    <label end="5" start="3" name="DPS"/>
                    <label end="15" start="7" name="AJ0"/>
                    <label end="23" start="17" name="NN1"/>
                    <label end="26" start="25" name="PRP"/>
                    <label end="32" start="28" name="DT0"/>
                    <label end="41" start="34" name="NN2"/>
                    <label end="45" start="43" name="CJC"/>
                    <label end="53" start="47" name="NN2"/>
                    <label end="57" start="55" name="CJC"/>
                    <label end="63" start="59" name="NN2"/>
                    <label end="66" start="65" name="PRF"/>
                    <label end="70" start="68" name="DPS"/>
                    <label end="75" start="72" name="NN1"/>
                    <label end="79" start="77" name="PNQ"/>
                    <label end="88" start="81" name="VVD"/>
                    <label end="96" start="90" name="NN2"/>
                    <label end="108" start="98" name="POS"/>
                    <label end="111" start="110" name="NN1"/>
                    <label end="119" start="113" name="PRP"/>
                    <label end="122" start="121" name="NN2"/>
                    <label end="128" start="124" name="CJC"/>
                    <label end="137" start="130" name="AJ0"/>
                    <label end="139" start="139" name="NN1"/>
                    <label end="145" start="141" name="PUN"/>
                    <label end="156" start="147" name="NN1-NP0"/>
                    <label end="158" start="158" name="VVZ"/>
                    <label end="167" start="160" name="AT0"/>
                    <label end="177" start="169" name="AJ0"/>
                    <label end="180" start="179" name="NN1"/>
                    <label end="187" start="182" name="PRF"/>
                    <label end="192" start="189" name="AJ0-NN1"/>
                    <label end="202" start="194" name="AV0"/>
                    <label end="206" start="204" name="VVZ"/>
                    <label end="216" start="208" name="CJC"/>
                    <label end="221" start="218" name="NN2-VVZ"/>
                    <label end="228" start="223" name="PUN"/>
                    <label end="231" start="230" name="PRP"/>
                    <label end="238" start="233" name="NP0"/>
                </layer>
            </annotationSet>
            <annotationSet cDate="01/08/2003 04:17:04 PST Wed" status="MANUAL" ID="1741557">
                <layer rank="1" name="FE">
                    <label cBy="103" feID="177" end="5" start="3" name="Speaker"/>
                    <label cBy="103" feID="178" end="137" start="25" name="Addressee"/>
                </layer>
                <layer rank="1" name="GF">
                    <label end="5" start="3" name="Gen"/>
                    <label end="137" start="25" name="Dep"/>
                </layer>
                <layer rank="1" name="PT">
                    <label end="5" start="3" name="Poss"/>
                    <label end="137" start="25" name="PP"/>
                </layer>
                <layer rank="1" name="Sent"/>
                <layer rank="1" name="Other"/>
                <layer rank="1" name="Target">
                    <label cBy="103" end="23" start="17" name="Target"/>
                </layer>
                <layer rank="1" name="Noun"/>
            </annotationSet>
        </sentence>
        <sentence sentNo="0" aPos="69825792" ID="1145226">
            <text>`You 'll be wanting us to stand round the piano singing hymns next, &quot; said his mother unfairly, and forestalled his indignant riposte by replacing the receiver. </text>
            <annotationSet cDate="01/08/2003 04:17:04 PST Wed" status="UNANN" ID="1741558">
                <layer rank="1" name="BNC">
                    <label end="3" start="0" name="PUQ"/>
                    <label end="7" start="5" name="PNP"/>
                    <label end="10" start="9" name="VM0"/>
                    <label end="18" start="12" name="VBI"/>
                    <label end="21" start="20" name="VVG"/>
                    <label end="24" start="23" name="PNP"/>
                    <label end="30" start="26" name="TO0"/>
                    <label end="36" start="32" name="VVI"/>
                    <label end="40" start="38" name="AVP-PRP"/>
                    <label end="46" start="42" name="AT0"/>
                    <label end="54" start="48" name="NN1"/>
                    <label end="60" start="56" name="NN1-VVG"/>
                    <label end="66" start="62" name="NN2-VVZ"/>
                    <label end="68" start="68" name="ORD"/>
                    <label end="73" start="70" name="PUN"/>
                    <label end="77" start="75" name="PUQ"/>
                    <label end="84" start="79" name="VVD"/>
                    <label end="94" start="86" name="DPS"/>
                    <label end="98" start="96" name="NN1"/>
                    <label end="110" start="100" name="AV0"/>
                    <label end="114" start="112" name="PUN"/>
                    <label end="124" start="116" name="CJC"/>
                    <label end="132" start="126" name="VVD"/>
                    <label end="135" start="134" name="DPS"/>
                    <label end="145" start="137" name="AJ0"/>
                    <label end="149" start="147" name="NN1"/>
                    <label end="159" start="151" name="PRP"/>
                </layer>
            </annotationSet>
            <annotationSet cDate="01/08/2003 04:17:04 PST Wed" status="MANUAL" ID="1741559">
                <layer rank="1" name="FE">
                    <label cBy="103" feID="177" end="114" start="112" name="Speaker"/>
                </layer>
                <layer rank="1" name="GF">
                    <label end="114" start="112" name="Ext"/>
                </layer>
                <layer rank="1" name="PT">
                    <label end="114" start="112" name="NP"/>
                </layer>
                <layer rank="1" name="Sent"/>
                <layer rank="1" name="Other"/>
                <layer rank="1" name="Target">
                    <label cBy="103" end="132" start="126" name="Target"/>
                </layer>
                <layer rank="1" name="Noun"/>
            </annotationSet>
        </sentence>
        <sentence sentNo="0" aPos="76318409" ID="1145227">
            <text>Wellington's riposte was that she had never been to South Africa, while he had and was therefore in a position to judge properly . </text>
            <annotationSet cDate="01/08/2003 04:17:04 PST Wed" status="UNANN" ID="1741560">
                <layer rank="1" name="BNC">
                    <label end="11" start="0" name="NP0"/>
                    <label end="19" start="13" name="POS"/>
                    <label end="23" start="21" name="NN1"/>
                    <label end="28" start="25" name="VBD"/>
                    <label end="32" start="30" name="CJT"/>
                    <label end="36" start="34" name="PNP"/>
                    <label end="42" start="38" name="VHD"/>
                    <label end="47" start="44" name="AV0"/>
                    <label end="50" start="49" name="VBN"/>
                    <label end="56" start="52" name="PRP"/>
                    <label end="64" start="58" name="NP0"/>
                    <label end="70" start="66" name="NP0"/>
                    <label end="73" start="72" name="PUN"/>
                    <label end="77" start="75" name="CJS"/>
                    <label end="81" start="79" name="PNP"/>
                    <label end="85" start="83" name="VHD"/>
                    <label end="95" start="87" name="CJC"/>
                    <label end="98" start="97" name="VBD"/>
                    <label end="100" start="100" name="AV0"/>
                    <label end="109" start="102" name="PRP"/>
                    <label end="112" start="111" name="AT0"/>
                    <label end="118" start="114" name="NN1"/>
                    <label end="127" start="120" name="TO0"/>
                    <label end="129" start="129" name="VVI"/>
                </layer>
            </annotationSet>
            <annotationSet cDate="01/08/2003 04:17:04 PST Wed" status="MANUAL" ID="1741561">
                <layer rank="1" name="FE">
                    <label cBy="103" feID="177" end="11" start="0" name="Speaker"/>
                    <label cBy="103" feID="179" end="127" start="25" name="Message"/>
                </layer>
                <layer rank="1" name="GF">
                    <label end="11" start="0" name="Ext"/>
                    <label end="127" start="25" name="Dep"/>
                </layer>
                <layer rank="1" name="PT">
                    <label end="11" start="0" name="NP"/>
                    <label end="127" start="25" name="Sfin"/>
                </layer>
                <layer rank="1" name="Sent"/>
                <layer rank="1" name="Other"/>
                <layer rank="1" name="Target">
                    <label cBy="103" end="19" start="13" name="Target"/>
                </layer>
                <layer rank="1" name="Noun">
                    <label end="23" start="21" name="Cop"/>
                </layer>
            </annotationSet>
        </sentence>
        <sentence sentNo="0" aPos="79168773" ID="1145228">
            <text>`Better than singing boastful tunes like `Rule Britannia &quot; as though you Brits weren't beaten hollow by us poor rebels, &quot; was her riposte to that . </text>
            <annotationSet cDate="01/08/2003 04:17:04 PST Wed" status="UNANN" ID="1741562">
                <layer rank="1" name="BNC">
                    <label end="6" start="0" name="PUQ"/>
                    <label end="11" start="8" name="AV0"/>
                    <label end="19" start="13" name="CJS"/>
                    <label end="28" start="21" name="VVG"/>
                    <label end="34" start="30" name="AJ0"/>
                    <label end="39" start="36" name="NN2"/>
                    <label end="45" start="41" name="PRP"/>
                    <label end="55" start="47" name="PUQ"/>
                    <label end="57" start="57" name="NN1"/>
                    <label end="60" start="59" name="NN1-NP0"/>
                    <label end="67" start="62" name="PUQ"/>
                    <label end="71" start="69" name="CJS"/>
                    <label end="77" start="73" name="CJS"/>
                    <label end="85" start="79" name="PNP"/>
                    <label end="92" start="87" name="NN2-VVZ"/>
                    <label end="99" start="94" name="VBD"/>
                    <label end="102" start="101" name="XX0"/>
                    <label end="105" start="104" name="AJ0-VVN"/>
                    <label end="110" start="107" name="AJ0-NN1"/>
                    <label end="118" start="112" name="PRP"/>
                    <label end="120" start="120" name="PNP"/>
                    <label end="124" start="122" name="AJ0"/>
                    <label end="128" start="126" name="NN2"/>
                    <label end="136" start="130" name="PUN"/>
                    <label end="139" start="138" name="PUQ"/>
                    <label end="144" start="141" name="VBD"/>
                    <label end="146" start="146" name="DPS"/>
                </layer>
            </annotationSet>
            <annotationSet cDate="01/08/2003 04:17:05 PST Wed" status="MANUAL" ID="1741563">
                <layer rank="1" name="FE">
                    <label cBy="103" feID="179" end="120" start="0" name="Message"/>
                    <label cBy="103" feID="177" end="128" start="126" name="Speaker"/>
                    <label cBy="103" feID="182" end="144" start="138" name="Trigger"/>
                </layer>
                <layer rank="1" name="GF">
                    <label end="120" start="0" name="Dep"/>
                    <label end="128" start="126" name="Ext"/>
                    <label end="144" start="138" name="Dep"/>
                </layer>
                <layer rank="1" name="PT">
                    <label end="120" start="0" name="Sfin"/>
                    <label end="128" start="126" name="NP"/>
                    <label end="144" start="138" name="Sfin"/>
                </layer>
                <layer rank="1" name="Sent"/>
                <layer rank="1" name="Other"/>
                <layer rank="1" name="Target">
                    <label cBy="103" end="136" start="130" name="Target"/>
                </layer>
                <layer rank="1" name="Noun">
                    <label end="124" start="122" name="Cop"/>
                </layer>
            </annotationSet>
        </sentence>
    </subCorpus>
    <subCorpus name="N-other.tsc">
        <sentence sentNo="0" aPos="3833410" ID="1145236">
            <text>Considering Maurice's wife was an exceptionally plain woman, there were a good many ripostes Charlie could have made , ripostes which might have been transparently insulting. </text>
            <annotationSet cDate="01/08/2003 04:17:06 PST Wed" status="UNANN" ID="1741578">
                <layer rank="1" name="BNC">
                    <label end="10" start="0" name="CJS-PRP"/>
                    <label end="20" start="12" name="NP0"/>
                    <label end="25" start="22" name="POS"/>
                    <label end="29" start="27" name="NN1"/>
                    <label end="32" start="31" name="VBD"/>
                    <label end="46" start="34" name="AT0"/>
                    <label end="52" start="48" name="AV0"/>
                    <label end="59" start="54" name="AJ0"/>
                    <label end="65" start="61" name="NN1"/>
                    <label end="70" start="67" name="PUN"/>
                    <label end="72" start="72" name="EX0"/>
                    <label end="77" start="74" name="VBD"/>
                    <label end="82" start="79" name="DT0"/>
                    <label end="91" start="84" name="DT0"/>
                    <label end="99" start="93" name="DT0"/>
                    <label end="105" start="101" name="NN2"/>
                    <label end="110" start="107" name="NN1-NP0"/>
                    <label end="115" start="112" name="VM0"/>
                    <label end="117" start="117" name="VHI"/>
                    <label end="126" start="119" name="VVN"/>
                    <label end="132" start="128" name="PUN"/>
                    <label end="138" start="134" name="NN2"/>
                    <label end="143" start="140" name="DTQ"/>
                    <label end="148" start="145" name="VM0"/>
                    <label end="162" start="150" name="VHI"/>
                    <label end="173" start="164" name="VBN"/>
                </layer>
            </annotationSet>
            <annotationSet cDate="01/08/2003 04:17:06 PST Wed" status="MANUAL" ID="1741579">
                <layer rank="1" name="FE">
                    <label cBy="103" feID="177" end="99" start="93" name="Speaker"/>
                </layer>
                <layer rank="1" name="GF">
                    <label end="99" start="93" name="Ext"/>
                </layer>
                <layer rank="1" name="PT">
                    <label end="99" start="93" name="NP"/>
                </layer>
                <layer rank="1" name="Sent"/>
                <layer rank="1" name="Other"/>
                <layer rank="1" name="Target">
                    <label cBy="103" end="91" start="84" name="Target"/>
                </layer>
                <layer rank="1" name="Noun">
                    <label end="115" start="112" name="Supp"/>
                </layer>
            </annotationSet>
        </sentence>
        <sentence sentNo="0" aPos="105871869" ID="1145273">
            <text>Yet few among the Scotland captain's admirers could have predicted he would fashion such a heroic riposte . </text>
            <annotationSet cDate="01/08/2003 04:17:11 PST Wed" status="UNANN" ID="1741652">
                <layer rank="1" name="BNC">
                    <label end="2" start="0" name="AV0"/>
                    <label end="6" start="4" name="DT0"/>
                    <label end="12" start="8" name="PRP"/>
                    <label end="16" start="14" name="AT0"/>
                    <label end="25" start="18" name="NP0"/>
                    <label end="35" start="27" name="NN1"/>
                    <label end="44" start="37" name="POS"/>
                    <label end="50" start="46" name="NN2"/>
                    <label end="55" start="52" name="VM0"/>
                    <label end="65" start="57" name="VHI"/>
                    <label end="68" start="67" name="VVN"/>
                    <label end="74" start="70" name="PNP"/>
                    <label end="82" start="76" name="VM0"/>
                    <label end="87" start="84" name="VVI"/>
                    <label end="89" start="89" name="DT0"/>
                    <label end="96" start="91" name="AT0"/>
                    <label end="104" start="98" name="AJ0"/>
                    <label end="106" start="106" name="NN1"/>
                </layer>
            </annotationSet>
            <annotationSet cDate="01/08/2003 04:17:11 PST Wed" status="MANUAL" ID="1741653">
                <layer rank="1" name="FE">
                    <label cBy="103" feID="177" end="68" start="67" name="Speaker"/>
                </layer>
                <layer rank="1" name="GF">
                    <label end="68" start="67" name="Ext"/>
                </layer>
                <layer rank="1" name="PT">
                    <label end="68" start="67" name="NP"/>
                </layer>
                <layer rank="1" name="Sent"/>
                <layer rank="1" name="Other"/>
                <layer rank="1" name="Target">
                    <label cBy="103" end="104" start="98" name="Target"/>
                </layer>
                <layer rank="1" name="Noun"/>
            </annotationSet>
        </sentence>
        <sentence sentNo="0" aPos="107675047" ID="1145274">
            <text>`Who goes there? &quot; came back the riposte . </text>
            <annotationSet cDate="01/08/2003 04:17:11 PST Wed" status="UNANN" ID="1741654">
                <layer rank="1" name="BNC">
                    <label end="3" start="0" name="PUQ"/>
                    <label end="8" start="5" name="PNQ"/>
                    <label end="15" start="10" name="VVZ"/>
                    <label end="17" start="17" name="AV0"/>
                    <label end="22" start="19" name="PUN"/>
                    <label end="27" start="24" name="PUQ"/>
                    <label end="31" start="29" name="VVD"/>
                    <label end="39" start="33" name="AVP"/>
                    <label end="41" start="41" name="AT0"/>
                </layer>
            </annotationSet>
            <annotationSet cDate="01/08/2003 04:17:11 PST Wed" status="MANUAL" ID="1741655">
                <layer rank="1" name="FE">
                    <label cBy="103" feID="179" end="17" start="0" name="Message"/>
                </layer>
                <layer rank="1" name="GF">
                    <label end="17" start="0" name="Dep"/>
                </layer>
                <layer rank="1" name="PT">
                    <label end="17" start="0" name="Sfin"/>
                </layer>
                <layer rank="1" name="Sent"/>
                <layer rank="1" name="Other"/>
                <layer rank="1" name="Target">
                    <label cBy="103" end="39" start="33" name="Target"/>
                </layer>
                <layer rank="1" name="Noun"/>
            </annotationSet>
        </sentence>
    </subCorpus>
    <subCorpus name="N-ppabout.tsc"/>
    <subCorpus name="N-ppfrom.tsc"/>
    <subCorpus name="N-ppof.tsc"/>
    <subCorpus name="N-ppother.tsc"/>
    <subCorpus name="N-ppto.tsc"/>
    <subCorpus name="N-pother.tsc"/>
</lexUnit>