<?xml version="1.0" encoding="UTF-8" standalone="yes"?>
<?xml-stylesheet type="text/xsl" href="lexUnit.xsl"?>
<lexUnit status="Finished_Initial" POS="PREP" name="underneath.prep" ID="6764" frame="Locative_relation" frameID="199" totalAnnotated="22" xsi:schemaLocation="../schema/lexUnit.xsd" xmlns="http://framenet.icsi.berkeley.edu" xmlns:xsi="http://www.w3.org/2001/XMLSchema-instance">
    <header>
        <frame>
            <FE fgColor="FFFFFF" bgColor="1E90FF" type="Extra-Thematic" abbrev="Dir" name="Direction"/>
            <FE fgColor="FFFFFF" bgColor="9400D3" type="Extra-Thematic" abbrev="Dist" name="Distance"/>
            <FE fgColor="FFFFFF" bgColor="FF0000" type="Core" abbrev="Fig" name="Figure"/>
            <FE fgColor="FFFFFF" bgColor="00008B" type="Core-Unexpressed" abbrev="" name="Figures"/>
            <FE fgColor="FFFFFF" bgColor="008000" type="Core" abbrev="Grnd" name="Ground"/>
            <FE fgColor="FFFFFF" bgColor="FFA500" type="Peripheral" abbrev="tim" name="Time"/>
        </frame>
    </header>
    <definition>COD: situated directly below.</definition>
    <lexeme POS="PREP" name="underneath"/>
    <valences>
        <FERealization total="1">
            <FE name="Direction"/>
            <pattern total="1">
                <valenceUnit GF="Dep" PT="AVP" FE="Direction"/>
                <annoSet ID="1481529"/>
            </pattern>
        </FERealization>
        <FERealization total="2">
            <FE name="Distance"/>
            <pattern total="2">
                <valenceUnit GF="Dep" PT="AVP" FE="Distance"/>
                <annoSet ID="1481413"/>
                <annoSet ID="1481459"/>
            </pattern>
        </FERealization>
        <FERealization total="22">
            <FE name="Figure"/>
            <pattern total="22">
                <valenceUnit GF="Ext" PT="NP" FE="Figure"/>
                <annoSet ID="1481371"/>
                <annoSet ID="1481373"/>
                <annoSet ID="1481387"/>
                <annoSet ID="1481391"/>
                <annoSet ID="1481413"/>
                <annoSet ID="1481421"/>
                <annoSet ID="1481427"/>
                <annoSet ID="1481453"/>
                <annoSet ID="1481457"/>
                <annoSet ID="1481459"/>
                <annoSet ID="1481467"/>
                <annoSet ID="1481487"/>
                <annoSet ID="1481505"/>
                <annoSet ID="1481521"/>
                <annoSet ID="1481529"/>
                <annoSet ID="1481531"/>
                <annoSet ID="1481545"/>
                <annoSet ID="1481557"/>
                <annoSet ID="1481563"/>
                <annoSet ID="1481617"/>
                <annoSet ID="1481627"/>
                <annoSet ID="1481631"/>
            </pattern>
        </FERealization>
        <FERealization total="22">
            <FE name="Ground"/>
            <pattern total="22">
                <valenceUnit GF="Obj" PT="NP" FE="Ground"/>
                <annoSet ID="1481371"/>
                <annoSet ID="1481373"/>
                <annoSet ID="1481387"/>
                <annoSet ID="1481391"/>
                <annoSet ID="1481413"/>
                <annoSet ID="1481421"/>
                <annoSet ID="1481427"/>
                <annoSet ID="1481453"/>
                <annoSet ID="1481457"/>
                <annoSet ID="1481459"/>
                <annoSet ID="1481467"/>
                <annoSet ID="1481487"/>
                <annoSet ID="1481505"/>
                <annoSet ID="1481521"/>
                <annoSet ID="1481529"/>
                <annoSet ID="1481531"/>
                <annoSet ID="1481545"/>
                <annoSet ID="1481557"/>
                <annoSet ID="1481563"/>
                <annoSet ID="1481617"/>
                <annoSet ID="1481627"/>
                <annoSet ID="1481631"/>
            </pattern>
        </FERealization>
        <FEGroupRealization total="1">
            <FE name="Direction"/>
            <FE name="Figure"/>
            <FE name="Ground"/>
            <pattern total="1">
                <valenceUnit GF="Dep" PT="AVP" FE="Direction"/>
                <valenceUnit GF="Ext" PT="NP" FE="Figure"/>
                <valenceUnit GF="Obj" PT="NP" FE="Ground"/>
                <annoSet ID="1481529"/>
            </pattern>
        </FEGroupRealization>
        <FEGroupRealization total="2">
            <FE name="Distance"/>
            <FE name="Figure"/>
            <FE name="Ground"/>
            <pattern total="2">
                <valenceUnit GF="Dep" PT="AVP" FE="Distance"/>
                <valenceUnit GF="Ext" PT="NP" FE="Figure"/>
                <valenceUnit GF="Obj" PT="NP" FE="Ground"/>
                <annoSet ID="1481413"/>
                <annoSet ID="1481459"/>
            </pattern>
        </FEGroupRealization>
        <FEGroupRealization total="19">
            <FE name="Figure"/>
            <FE name="Ground"/>
            <pattern total="19">
                <valenceUnit GF="Ext" PT="NP" FE="Figure"/>
                <valenceUnit GF="Obj" PT="NP" FE="Ground"/>
                <annoSet ID="1481371"/>
                <annoSet ID="1481373"/>
                <annoSet ID="1481387"/>
                <annoSet ID="1481391"/>
                <annoSet ID="1481421"/>
                <annoSet ID="1481427"/>
                <annoSet ID="1481453"/>
                <annoSet ID="1481457"/>
                <annoSet ID="1481467"/>
                <annoSet ID="1481487"/>
                <annoSet ID="1481505"/>
                <annoSet ID="1481521"/>
                <annoSet ID="1481531"/>
                <annoSet ID="1481545"/>
                <annoSet ID="1481557"/>
                <annoSet ID="1481563"/>
                <annoSet ID="1481617"/>
                <annoSet ID="1481627"/>
                <annoSet ID="1481631"/>
            </pattern>
        </FEGroupRealization>
    </valences>
    <subCorpus name="V-429-s20-lcoll-be">
        <sentence sentNo="0" aPos="38171605" ID="1014381">
            <text>When Mr Patel had passed , the previous evening and that morning , the man 's head and shoulders had been underneath the car , and no , he had not come into the shop at all . </text>
            <annotationSet cDate="01/07/2003 11:05:01 PST Tue" status="UNANN" ID="1481370">
                <layer rank="1" name="BNC">
                    <label end="3" start="0" name="CJS"/>
                    <label end="6" start="5" name="NP0"/>
                    <label end="12" start="8" name="NP0"/>
                    <label end="16" start="14" name="VHD"/>
                    <label end="23" start="18" name="VVN"/>
                    <label end="25" start="25" name="PUN"/>
                    <label end="29" start="27" name="AT0"/>
                    <label end="38" start="31" name="AJ0"/>
                    <label end="46" start="40" name="NN1"/>
                    <label end="50" start="48" name="CJC"/>
                    <label end="55" start="52" name="DT0"/>
                    <label end="63" start="57" name="NN1"/>
                    <label end="65" start="65" name="PUN"/>
                    <label end="69" start="67" name="AT0"/>
                    <label end="73" start="71" name="NN1"/>
                    <label end="76" start="75" name="POS"/>
                    <label end="81" start="78" name="NN1"/>
                    <label end="85" start="83" name="CJC"/>
                    <label end="95" start="87" name="NN2"/>
                    <label end="99" start="97" name="VHD"/>
                    <label end="104" start="101" name="VBN"/>
                    <label end="115" start="106" name="PRP"/>
                    <label end="119" start="117" name="AT0"/>
                    <label end="123" start="121" name="NN1"/>
                    <label end="125" start="125" name="PUN"/>
                    <label end="129" start="127" name="CJC"/>
                    <label end="132" start="131" name="ITJ"/>
                    <label end="134" start="134" name="PUN"/>
                    <label end="137" start="136" name="PNP"/>
                    <label end="141" start="139" name="VHD"/>
                    <label end="145" start="143" name="XX0"/>
                    <label end="150" start="147" name="VVN"/>
                    <label end="155" start="152" name="PRP"/>
                    <label end="159" start="157" name="AT0"/>
                    <label end="164" start="161" name="NN1"/>
                    <label end="167" start="166" name="AV0"/>
                    <label end="171" start="169" name="AV0"/>
                    <label end="173" start="173" name="PUN"/>
                </layer>
            </annotationSet>
            <annotationSet cDate="01/07/2003 11:05:01 PST Tue" status="MANUAL" ID="1481371">
                <layer rank="1" name="FE">
                    <label cBy="532" feID="1622" end="95" start="67" name="Figure"/>
                    <label cBy="532" feID="1621" end="123" start="117" name="Ground"/>
                </layer>
                <layer rank="1" name="GF">
                    <label end="95" start="67" name="Ext"/>
                    <label end="123" start="117" name="Obj"/>
                </layer>
                <layer rank="1" name="PT">
                    <label end="95" start="67" name="NP"/>
                    <label end="123" start="117" name="NP"/>
                </layer>
                <layer rank="1" name="Sent"/>
                <layer rank="1" name="Other"/>
                <layer rank="1" name="Target">
                    <label cBy="103" end="115" start="106" name="Target"/>
                </layer>
                <layer rank="1" name="Verb"/>
            </annotationSet>
        </sentence>
        <sentence sentNo="0" aPos="60857101" ID="1014382">
            <text>The tiny motherboard is upgradeable but the processor is underneath the disk drive cage , so you might have to remove the motherboard completely to upgrade it . </text>
            <annotationSet cDate="01/07/2003 11:05:01 PST Tue" status="UNANN" ID="1481372">
                <layer rank="1" name="BNC">
                    <label end="2" start="0" name="AT0"/>
                    <label end="7" start="4" name="AJ0"/>
                    <label end="19" start="9" name="NN1"/>
                    <label end="22" start="21" name="VBZ"/>
                    <label end="34" start="24" name="AJ0"/>
                    <label end="38" start="36" name="CJC"/>
                    <label end="42" start="40" name="AT0"/>
                    <label end="52" start="44" name="NN1"/>
                    <label end="55" start="54" name="VBZ"/>
                    <label end="66" start="57" name="AV0"/>
                    <label end="70" start="68" name="AT0"/>
                    <label end="75" start="72" name="NN1"/>
                    <label end="81" start="77" name="NN1-VVB"/>
                    <label end="86" start="83" name="NN1"/>
                    <label end="88" start="88" name="PUN"/>
                    <label end="91" start="90" name="CJS"/>
                    <label end="95" start="93" name="PNP"/>
                    <label end="101" start="97" name="VM0"/>
                    <label end="106" start="103" name="VHI"/>
                    <label end="109" start="108" name="TO0"/>
                    <label end="116" start="111" name="VVI"/>
                    <label end="120" start="118" name="AT0"/>
                    <label end="132" start="122" name="NN1"/>
                    <label end="143" start="134" name="AV0"/>
                    <label end="146" start="145" name="TO0"/>
                    <label end="154" start="148" name="VVI"/>
                    <label end="157" start="156" name="PNP"/>
                    <label end="159" start="159" name="PUN"/>
                </layer>
            </annotationSet>
            <annotationSet cDate="01/07/2003 11:05:01 PST Tue" status="MANUAL" ID="1481373">
                <layer rank="1" name="FE">
                    <label cBy="532" feID="1622" end="52" start="40" name="Figure"/>
                    <label cBy="532" feID="1621" end="86" start="68" name="Ground"/>
                </layer>
                <layer rank="1" name="GF">
                    <label end="52" start="40" name="Ext"/>
                    <label end="86" start="68" name="Obj"/>
                </layer>
                <layer rank="1" name="PT">
                    <label end="52" start="40" name="NP"/>
                    <label end="86" start="68" name="NP"/>
                </layer>
                <layer rank="1" name="Sent"/>
                <layer rank="1" name="Other"/>
                <layer rank="1" name="Target">
                    <label cBy="103" end="66" start="57" name="Target"/>
                </layer>
                <layer rank="1" name="Verb"/>
            </annotationSet>
        </sentence>
        <sentence sentNo="0" aPos="101613292" ID="1014389">
            <text>There was a raised dais at one end underneath a skylight , with a sort of bed on it . </text>
            <annotationSet cDate="01/07/2003 11:05:02 PST Tue" status="UNANN" ID="1481386">
                <layer rank="1" name="BNC">
                    <label end="4" start="0" name="EX0"/>
                    <label end="8" start="6" name="VBD"/>
                    <label end="10" start="10" name="AT0"/>
                    <label end="17" start="12" name="AJ0"/>
                    <label end="22" start="19" name="NN1"/>
                    <label end="25" start="24" name="PRP"/>
                    <label end="29" start="27" name="CRD"/>
                    <label end="33" start="31" name="NN1"/>
                    <label end="44" start="35" name="PRP"/>
                    <label end="46" start="46" name="AT0"/>
                    <label end="55" start="48" name="NN1"/>
                    <label end="57" start="57" name="PUN"/>
                    <label end="62" start="59" name="PRP"/>
                    <label end="64" start="64" name="AT0"/>
                    <label end="69" start="66" name="NN1"/>
                    <label end="72" start="71" name="PRF"/>
                    <label end="76" start="74" name="NN1"/>
                    <label end="79" start="78" name="PRP"/>
                    <label end="82" start="81" name="PNP"/>
                    <label end="84" start="84" name="PUN"/>
                </layer>
            </annotationSet>
            <annotationSet cDate="01/07/2003 11:05:02 PST Tue" status="MANUAL" ID="1481387">
                <layer rank="1" name="FE">
                    <label cBy="532" feID="1622" end="22" start="10" name="Figure"/>
                    <label cBy="532" feID="1621" end="55" start="46" name="Ground"/>
                </layer>
                <layer rank="1" name="GF">
                    <label end="22" start="10" name="Ext"/>
                    <label end="55" start="46" name="Obj"/>
                </layer>
                <layer rank="1" name="PT">
                    <label end="22" start="10" name="NP"/>
                    <label end="55" start="46" name="NP"/>
                </layer>
                <layer rank="1" name="Sent"/>
                <layer rank="1" name="Other"/>
                <layer rank="1" name="Target">
                    <label cBy="103" end="44" start="35" name="Target"/>
                </layer>
                <layer rank="1" name="Verb"/>
            </annotationSet>
        </sentence>
        <sentence sentNo="0" aPos="105410785" ID="1014391">
            <text>` It was underneath the rear of a white Mercedes wagon , &quot; he said . </text>
            <annotationSet cDate="01/07/2003 11:05:02 PST Tue" status="UNANN" ID="1481390">
                <layer rank="1" name="BNC">
                    <label end="0" start="0" name="PUQ"/>
                    <label end="3" start="2" name="PNP"/>
                    <label end="7" start="5" name="VBD"/>
                    <label end="18" start="9" name="PRP"/>
                    <label end="22" start="20" name="AT0"/>
                    <label end="27" start="24" name="NN1"/>
                    <label end="30" start="29" name="PRF"/>
                    <label end="32" start="32" name="AT0"/>
                    <label end="38" start="34" name="AJ0"/>
                    <label end="47" start="40" name="NP0"/>
                    <label end="53" start="49" name="NN1"/>
                    <label end="55" start="55" name="PUN"/>
                    <label end="57" start="57" name="PUQ"/>
                    <label end="60" start="59" name="PNP"/>
                    <label end="65" start="62" name="VVD"/>
                    <label end="67" start="67" name="PUN"/>
                </layer>
            </annotationSet>
            <annotationSet cDate="01/07/2003 11:05:02 PST Tue" status="MANUAL" ID="1481391">
                <layer rank="1" name="FE">
                    <label cBy="532" feID="1622" end="3" start="2" name="Figure"/>
                    <label cBy="532" feID="1621" end="53" start="20" name="Ground"/>
                </layer>
                <layer rank="1" name="GF">
                    <label end="3" start="2" name="Ext"/>
                    <label end="53" start="20" name="Obj"/>
                </layer>
                <layer rank="1" name="PT">
                    <label end="3" start="2" name="NP"/>
                    <label end="53" start="20" name="NP"/>
                </layer>
                <layer rank="1" name="Sent"/>
                <layer rank="1" name="Other"/>
                <layer rank="1" name="Target">
                    <label cBy="103" end="18" start="9" name="Target"/>
                </layer>
                <layer rank="1" name="Verb"/>
            </annotationSet>
        </sentence>
    </subCorpus>
    <subCorpus name="V-429-s20-lcoll-directly">
        <sentence sentNo="0" aPos="97266603" ID="1014402">
            <text>It seemed directly underneath her . </text>
            <annotationSet cDate="01/07/2003 11:05:03 PST Tue" status="UNANN" ID="1481412">
                <layer rank="1" name="BNC">
                    <label end="1" start="0" name="PNP"/>
                    <label end="8" start="3" name="VVD"/>
                    <label end="17" start="10" name="AV0"/>
                    <label end="28" start="19" name="AV0"/>
                    <label end="32" start="30" name="PNP"/>
                    <label end="34" start="34" name="PUN"/>
                </layer>
            </annotationSet>
            <annotationSet cDate="01/07/2003 11:05:03 PST Tue" status="MANUAL" ID="1481413">
                <layer rank="1" name="FE">
                    <label cBy="532" feID="1622" end="1" start="0" name="Figure"/>
                    <label cBy="532" feID="3401" end="17" start="10" name="Distance"/>
                    <label cBy="532" feID="1621" end="32" start="30" name="Ground"/>
                </layer>
                <layer rank="1" name="GF">
                    <label end="1" start="0" name="Ext"/>
                    <label end="17" start="10" name="Dep"/>
                    <label end="32" start="30" name="Obj"/>
                </layer>
                <layer rank="1" name="PT">
                    <label end="1" start="0" name="NP"/>
                    <label end="17" start="10" name="AVP"/>
                    <label end="32" start="30" name="NP"/>
                </layer>
                <layer rank="1" name="Sent"/>
                <layer rank="1" name="Other"/>
                <layer rank="1" name="Target">
                    <label cBy="103" end="28" start="19" name="Target"/>
                </layer>
                <layer rank="1" name="Verb"/>
            </annotationSet>
        </sentence>
    </subCorpus>
    <subCorpus name="V-429-s20-lcoll-down">
        <sentence sentNo="0" aPos="48355189" ID="1014406">
            <text>Whitlock drove his white BMW down the ramp into the basement carpark underneath his apartment block in Manhattan . </text>
            <annotationSet cDate="01/07/2003 11:05:03 PST Tue" status="UNANN" ID="1481420">
                <layer rank="1" name="BNC">
                    <label end="7" start="0" name="NN1-NP0"/>
                    <label end="13" start="9" name="VVD"/>
                    <label end="17" start="15" name="DPS"/>
                    <label end="23" start="19" name="AJ0"/>
                    <label end="27" start="25" name="NN1"/>
                    <label end="32" start="29" name="AVP-PRP"/>
                    <label end="36" start="34" name="AT0"/>
                    <label end="41" start="38" name="NN1"/>
                    <label end="46" start="43" name="PRP"/>
                    <label end="50" start="48" name="AT0"/>
                    <label end="59" start="52" name="NN1"/>
                    <label end="67" start="61" name="NN1-VVB"/>
                    <label end="78" start="69" name="PRP"/>
                    <label end="82" start="80" name="DPS"/>
                    <label end="92" start="84" name="NN1"/>
                    <label end="98" start="94" name="NN1"/>
                    <label end="101" start="100" name="PRP"/>
                    <label end="111" start="103" name="NP0"/>
                    <label end="113" start="113" name="PUN"/>
                </layer>
            </annotationSet>
            <annotationSet cDate="01/07/2003 11:05:03 PST Tue" status="MANUAL" ID="1481421">
                <layer rank="1" name="FE">
                    <label cBy="532" feID="1622" end="67" start="48" name="Figure"/>
                    <label cBy="532" feID="1621" end="111" start="80" name="Ground"/>
                </layer>
                <layer rank="1" name="GF">
                    <label end="67" start="48" name="Ext"/>
                    <label end="111" start="80" name="Obj"/>
                </layer>
                <layer rank="1" name="PT">
                    <label end="67" start="48" name="NP"/>
                    <label end="111" start="80" name="NP"/>
                </layer>
                <layer rank="1" name="Sent"/>
                <layer rank="1" name="Other"/>
                <layer rank="1" name="Target">
                    <label cBy="103" end="78" start="69" name="Target"/>
                </layer>
                <layer rank="1" name="Verb"/>
            </annotationSet>
        </sentence>
        <sentence sentNo="0" aPos="87553853" ID="1014409">
            <text>The crane then lowered me down towards the two men underneath me who shouted for me to put my arms out so that they could grab me . </text>
            <annotationSet cDate="01/07/2003 11:05:04 PST Tue" status="UNANN" ID="1481426">
                <layer rank="1" name="BNC">
                    <label end="2" start="0" name="AT0"/>
                    <label end="8" start="4" name="NN1"/>
                    <label end="13" start="10" name="AV0"/>
                    <label end="21" start="15" name="VVD"/>
                    <label end="24" start="23" name="PNP"/>
                    <label end="29" start="26" name="AVP"/>
                    <label end="37" start="31" name="PRP"/>
                    <label end="41" start="39" name="AT0"/>
                    <label end="45" start="43" name="CRD"/>
                    <label end="49" start="47" name="NN2"/>
                    <label end="60" start="51" name="PRP"/>
                    <label end="63" start="62" name="PNP"/>
                    <label end="67" start="65" name="PNQ"/>
                    <label end="75" start="69" name="VVD"/>
                    <label end="79" start="77" name="PRP"/>
                    <label end="82" start="81" name="PNP"/>
                    <label end="85" start="84" name="TO0"/>
                    <label end="89" start="87" name="VVI"/>
                    <label end="92" start="91" name="DPS"/>
                    <label end="97" start="94" name="NN2"/>
                    <label end="101" start="99" name="AVP"/>
                    <label end="104" start="103" name="CJS"/>
                    <label end="109" start="106" name="CJS"/>
                    <label end="114" start="111" name="PNP"/>
                    <label end="120" start="116" name="VM0"/>
                    <label end="125" start="122" name="VVI"/>
                    <label end="128" start="127" name="PNP"/>
                    <label end="130" start="130" name="PUN"/>
                </layer>
            </annotationSet>
            <annotationSet cDate="01/07/2003 11:05:04 PST Tue" status="MANUAL" ID="1481427">
                <layer rank="1" name="FE">
                    <label cBy="532" feID="1622" end="49" start="39" name="Figure"/>
                    <label cBy="532" feID="1621" end="63" start="62" name="Ground"/>
                </layer>
                <layer rank="1" name="GF">
                    <label end="49" start="39" name="Ext"/>
                    <label end="63" start="62" name="Obj"/>
                </layer>
                <layer rank="1" name="PT">
                    <label end="49" start="39" name="NP"/>
                    <label end="63" start="62" name="NP"/>
                </layer>
                <layer rank="1" name="Sent"/>
                <layer rank="1" name="Other"/>
                <layer rank="1" name="Target">
                    <label cBy="103" end="60" start="51" name="Target"/>
                </layer>
                <layer rank="1" name="Verb"/>
            </annotationSet>
        </sentence>
    </subCorpus>
    <subCorpus name="V-429-s20-lcoll-hand">
        <sentence sentNo="0" aPos="100522797" ID="1014422">
            <text>She squeezed his hand underneath the table and he gave her a darting smile in response . </text>
            <annotationSet cDate="01/07/2003 11:05:05 PST Tue" status="UNANN" ID="1481452">
                <layer rank="1" name="BNC">
                    <label end="2" start="0" name="PNP"/>
                    <label end="11" start="4" name="VVD"/>
                    <label end="15" start="13" name="DPS"/>
                    <label end="20" start="17" name="NN1"/>
                    <label end="31" start="22" name="PRP"/>
                    <label end="35" start="33" name="AT0"/>
                    <label end="41" start="37" name="NN1"/>
                    <label end="45" start="43" name="CJC"/>
                    <label end="48" start="47" name="PNP"/>
                    <label end="53" start="50" name="VVD"/>
                    <label end="57" start="55" name="PNP"/>
                    <label end="59" start="59" name="AT0"/>
                    <label end="67" start="61" name="AJ0"/>
                    <label end="73" start="69" name="NN1"/>
                    <label end="76" start="75" name="PRP"/>
                    <label end="85" start="78" name="NN1"/>
                    <label end="87" start="87" name="PUN"/>
                </layer>
            </annotationSet>
            <annotationSet cDate="01/07/2003 11:05:05 PST Tue" status="MANUAL" ID="1481453">
                <layer rank="1" name="FE">
                    <label cBy="532" feID="1622" end="20" start="13" name="Figure"/>
                    <label cBy="532" feID="1621" end="41" start="33" name="Ground"/>
                </layer>
                <layer rank="1" name="GF">
                    <label end="20" start="13" name="Ext"/>
                    <label end="41" start="33" name="Obj"/>
                </layer>
                <layer rank="1" name="PT">
                    <label end="20" start="13" name="NP"/>
                    <label end="41" start="33" name="NP"/>
                </layer>
                <layer rank="1" name="Sent"/>
                <layer rank="1" name="Other"/>
                <layer rank="1" name="Target">
                    <label cBy="103" end="31" start="22" name="Target"/>
                </layer>
                <layer rank="1" name="Verb"/>
            </annotationSet>
        </sentence>
        <sentence sentNo="0" aPos="107778181" ID="1014424">
            <text>Her son was deeply asleep , one hand underneath his cheek . </text>
            <annotationSet cDate="01/07/2003 11:05:05 PST Tue" status="UNANN" ID="1481456">
                <layer rank="1" name="BNC">
                    <label end="2" start="0" name="DPS"/>
                    <label end="6" start="4" name="NN1"/>
                    <label end="10" start="8" name="VBD"/>
                    <label end="17" start="12" name="AV0"/>
                    <label end="24" start="19" name="AJ0"/>
                    <label end="26" start="26" name="PUN"/>
                    <label end="30" start="28" name="CRD"/>
                    <label end="35" start="32" name="NN1"/>
                    <label end="46" start="37" name="PRP"/>
                    <label end="50" start="48" name="DPS"/>
                    <label end="56" start="52" name="NN1"/>
                    <label end="58" start="58" name="PUN"/>
                </layer>
            </annotationSet>
            <annotationSet cDate="01/07/2003 11:05:05 PST Tue" status="MANUAL" ID="1481457">
                <layer rank="1" name="FE">
                    <label cBy="532" feID="1622" end="35" start="28" name="Figure"/>
                    <label cBy="532" feID="1621" end="56" start="48" name="Ground"/>
                </layer>
                <layer rank="1" name="GF">
                    <label end="35" start="28" name="Ext"/>
                    <label end="56" start="48" name="Obj"/>
                </layer>
                <layer rank="1" name="PT">
                    <label end="35" start="28" name="NP"/>
                    <label end="56" start="48" name="NP"/>
                </layer>
                <layer rank="1" name="Sent"/>
                <layer rank="1" name="Other"/>
                <layer rank="1" name="Target">
                    <label cBy="103" end="46" start="37" name="Target"/>
                </layer>
                <layer rank="1" name="Verb"/>
            </annotationSet>
        </sentence>
    </subCorpus>
    <subCorpus name="V-429-s20-lcoll-just">
        <sentence sentNo="0" aPos="912883" ID="1014425">
            <text>Slowly pull the barbell upwards , keeping it close to the stomach and chest until it is just underneath the chin and the elbows are pointing upwards . </text>
            <annotationSet cDate="01/07/2003 11:05:06 PST Tue" status="UNANN" ID="1481458">
                <layer rank="1" name="BNC">
                    <label end="5" start="0" name="AV0"/>
                    <label end="10" start="7" name="VVB"/>
                    <label end="14" start="12" name="AT0"/>
                    <label end="22" start="16" name="NN1"/>
                    <label end="30" start="24" name="AV0"/>
                    <label end="32" start="32" name="PUN"/>
                    <label end="40" start="34" name="VVG"/>
                    <label end="43" start="42" name="PNP"/>
                    <label end="49" start="45" name="AV0"/>
                    <label end="52" start="51" name="PRP"/>
                    <label end="56" start="54" name="AT0"/>
                    <label end="64" start="58" name="NN1"/>
                    <label end="68" start="66" name="CJC"/>
                    <label end="74" start="70" name="NN1"/>
                    <label end="80" start="76" name="CJS"/>
                    <label end="83" start="82" name="PNP"/>
                    <label end="86" start="85" name="VBZ"/>
                    <label end="91" start="88" name="AV0"/>
                    <label end="102" start="93" name="PRP"/>
                    <label end="106" start="104" name="AT0"/>
                    <label end="111" start="108" name="NN1"/>
                    <label end="115" start="113" name="CJC"/>
                    <label end="119" start="117" name="AT0"/>
                    <label end="126" start="121" name="NN2"/>
                    <label end="130" start="128" name="VBB"/>
                    <label end="139" start="132" name="VVG"/>
                    <label end="147" start="141" name="AV0"/>
                    <label end="149" start="149" name="PUN"/>
                </layer>
            </annotationSet>
            <annotationSet cDate="01/07/2003 11:05:06 PST Tue" status="MANUAL" ID="1481459">
                <layer rank="1" name="FE">
                    <label cBy="532" feID="3401" end="91" start="88" name="Distance"/>
                    <label cBy="532" feID="1621" end="111" start="104" name="Ground"/>
                    <label cBy="618" feID="1622" end="83" start="82" name="Figure"/>
                </layer>
                <layer rank="1" name="GF">
                    <label end="91" start="88" name="Dep"/>
                    <label end="111" start="104" name="Obj"/>
                    <label end="83" start="82" name="Ext"/>
                </layer>
                <layer rank="1" name="PT">
                    <label end="91" start="88" name="AVP"/>
                    <label end="111" start="104" name="NP"/>
                    <label end="83" start="82" name="NP"/>
                </layer>
                <layer rank="1" name="Sent"/>
                <layer rank="1" name="Other"/>
                <layer rank="1" name="Target">
                    <label cBy="103" end="102" start="93" name="Target"/>
                </layer>
                <layer rank="1" name="Verb"/>
            </annotationSet>
        </sentence>
        <sentence sentNo="0" aPos="47435160" ID="1014429">
            <text>Just press the button underneath the table when you wish us to return . &quot; </text>
            <annotationSet cDate="01/07/2003 11:05:06 PST Tue" status="UNANN" ID="1481466">
                <layer rank="1" name="BNC">
                    <label end="3" start="0" name="AV0"/>
                    <label end="9" start="5" name="VVB"/>
                    <label end="13" start="11" name="AT0"/>
                    <label end="20" start="15" name="NN1"/>
                    <label end="31" start="22" name="PRP"/>
                    <label end="35" start="33" name="AT0"/>
                    <label end="41" start="37" name="NN1"/>
                    <label end="46" start="43" name="AVQ-CJS"/>
                    <label end="50" start="48" name="PNP"/>
                    <label end="55" start="52" name="VVB"/>
                    <label end="58" start="57" name="PNP"/>
                    <label end="61" start="60" name="TO0"/>
                    <label end="68" start="63" name="VVI"/>
                    <label end="70" start="70" name="PUN"/>
                    <label end="72" start="72" name="PUQ"/>
                </layer>
            </annotationSet>
            <annotationSet cDate="01/07/2003 11:05:06 PST Tue" status="MANUAL" ID="1481467">
                <layer rank="1" name="FE">
                    <label cBy="532" feID="1622" end="20" start="11" name="Figure"/>
                    <label cBy="532" feID="1621" end="41" start="33" name="Ground"/>
                </layer>
                <layer rank="1" name="GF">
                    <label end="20" start="11" name="Ext"/>
                    <label end="41" start="33" name="Obj"/>
                </layer>
                <layer rank="1" name="PT">
                    <label end="20" start="11" name="NP"/>
                    <label end="41" start="33" name="NP"/>
                </layer>
                <layer rank="1" name="Sent"/>
                <layer rank="1" name="Other"/>
                <layer rank="1" name="Target">
                    <label cBy="103" end="31" start="22" name="Target"/>
                </layer>
                <layer rank="1" name="Verb"/>
            </annotationSet>
        </sentence>
    </subCorpus>
    <subCorpus name="V-429-s20-lcoll-right">
        <sentence sentNo="0" aPos="70064139" ID="1014439">
            <text>2 The defender crosses his hands , placing his right hand underneath the attacker 's right arm and his left hand on top of the defender 's left arm . </text>
            <annotationSet cDate="01/07/2003 11:05:07 PST Tue" status="UNANN" ID="1481486">
                <layer rank="1" name="BNC">
                    <label end="0" start="0" name="CRD"/>
                    <label end="4" start="2" name="AT0"/>
                    <label end="13" start="6" name="NN1"/>
                    <label end="21" start="15" name="VVZ"/>
                    <label end="25" start="23" name="DPS"/>
                    <label end="31" start="27" name="NN2"/>
                    <label end="33" start="33" name="PUN"/>
                    <label end="41" start="35" name="VVG"/>
                    <label end="45" start="43" name="DPS"/>
                    <label end="51" start="47" name="AJ0-NN1"/>
                    <label end="56" start="53" name="NN1"/>
                    <label end="67" start="58" name="PRP"/>
                    <label end="71" start="69" name="AT0"/>
                    <label end="80" start="73" name="NN1"/>
                    <label end="83" start="82" name="POS"/>
                    <label end="89" start="85" name="AJ0"/>
                    <label end="93" start="91" name="NN1"/>
                    <label end="97" start="95" name="CJC"/>
                    <label end="101" start="99" name="DPS"/>
                    <label end="106" start="103" name="AJ0"/>
                    <label end="111" start="108" name="NN1"/>
                    <label end="114" start="113" name="PRP"/>
                    <label end="118" start="116" name="PRP"/>
                    <label end="121" start="120" name="PRP"/>
                    <label end="125" start="123" name="AT0"/>
                    <label end="134" start="127" name="NN1"/>
                    <label end="137" start="136" name="POS"/>
                    <label end="142" start="139" name="AJ0"/>
                    <label end="146" start="144" name="NN1"/>
                    <label end="148" start="148" name="PUN"/>
                </layer>
            </annotationSet>
            <annotationSet cDate="01/07/2003 11:05:07 PST Tue" status="MANUAL" ID="1481487">
                <layer rank="1" name="FE">
                    <label cBy="532" feID="1622" end="56" start="47" name="Figure"/>
                    <label cBy="532" feID="1621" end="93" start="69" name="Ground"/>
                </layer>
                <layer rank="1" name="GF">
                    <label end="56" start="47" name="Ext"/>
                    <label end="93" start="69" name="Obj"/>
                </layer>
                <layer rank="1" name="PT">
                    <label end="56" start="47" name="NP"/>
                    <label end="93" start="69" name="NP"/>
                </layer>
                <layer rank="1" name="Sent"/>
                <layer rank="1" name="Other"/>
                <layer rank="1" name="Target">
                    <label cBy="103" end="67" start="58" name="Target"/>
                </layer>
                <layer rank="1" name="Verb"/>
            </annotationSet>
        </sentence>
    </subCorpus>
    <subCorpus name="V-429-s20-lcoll-up">
        <sentence sentNo="0" aPos="24432236" ID="1014448">
            <text>Engrossed in the technique of sweeping the net through the water , inwards and then up against the rock , underneath the long fronds , it is easy to lose track of what is happening around you . </text>
            <annotationSet cDate="01/07/2003 11:05:08 PST Tue" status="UNANN" ID="1481504">
                <layer rank="1" name="BNC">
                    <label end="8" start="0" name="VVD"/>
                    <label end="11" start="10" name="PRP"/>
                    <label end="15" start="13" name="AT0"/>
                    <label end="25" start="17" name="NN1"/>
                    <label end="28" start="27" name="PRF"/>
                    <label end="37" start="30" name="VVG"/>
                    <label end="41" start="39" name="AT0"/>
                    <label end="45" start="43" name="AJ0-NN1"/>
                    <label end="53" start="47" name="PRP"/>
                    <label end="57" start="55" name="AT0"/>
                    <label end="63" start="59" name="NN1"/>
                    <label end="65" start="65" name="PUN"/>
                    <label end="73" start="67" name="AV0"/>
                    <label end="77" start="75" name="CJC"/>
                    <label end="82" start="79" name="AV0"/>
                    <label end="85" start="84" name="AVP"/>
                    <label end="93" start="87" name="PRP"/>
                    <label end="97" start="95" name="AT0"/>
                    <label end="102" start="99" name="NN1"/>
                    <label end="104" start="104" name="PUN"/>
                    <label end="115" start="106" name="PRP"/>
                    <label end="119" start="117" name="AT0"/>
                    <label end="124" start="121" name="AJ0"/>
                    <label end="131" start="126" name="NN2"/>
                    <label end="133" start="133" name="PUN"/>
                    <label end="136" start="135" name="PNP"/>
                    <label end="139" start="138" name="VBZ"/>
                    <label end="144" start="141" name="AJ0"/>
                    <label end="147" start="146" name="TO0"/>
                    <label end="152" start="149" name="VVI"/>
                    <label end="158" start="154" name="NN1"/>
                    <label end="161" start="160" name="PRF"/>
                    <label end="166" start="163" name="DTQ"/>
                    <label end="169" start="168" name="VBZ"/>
                    <label end="179" start="171" name="VVG"/>
                    <label end="186" start="181" name="AVP-PRP"/>
                    <label end="190" start="188" name="PNP"/>
                    <label end="192" start="192" name="PUN"/>
                </layer>
            </annotationSet>
            <annotationSet cDate="01/07/2003 11:05:08 PST Tue" status="MANUAL" ID="1481505">
                <layer rank="1" name="FE">
                    <label cBy="532" feID="1622" end="102" start="95" name="Figure"/>
                    <label cBy="532" feID="1621" end="131" start="117" name="Ground"/>
                </layer>
                <layer rank="1" name="GF">
                    <label end="102" start="95" name="Ext"/>
                    <label end="131" start="117" name="Obj"/>
                </layer>
                <layer rank="1" name="PT">
                    <label end="102" start="95" name="NP"/>
                    <label end="131" start="117" name="NP"/>
                </layer>
                <layer rank="1" name="Sent"/>
                <layer rank="1" name="Other"/>
                <layer rank="1" name="Target">
                    <label cBy="103" end="115" start="106" name="Target"/>
                </layer>
                <layer rank="1" name="Verb"/>
            </annotationSet>
        </sentence>
        <sentence sentNo="0" aPos="58580720" ID="1014456">
            <text>But how else could Hencke 's ID end up on a body underneath tons of rubble ? &quot; </text>
            <annotationSet cDate="01/07/2003 11:05:09 PST Tue" status="UNANN" ID="1481520">
                <layer rank="1" name="BNC">
                    <label end="2" start="0" name="CJC"/>
                    <label end="6" start="4" name="AVQ"/>
                    <label end="11" start="8" name="AV0"/>
                    <label end="17" start="13" name="VM0"/>
                    <label end="24" start="19" name="NP0"/>
                    <label end="27" start="26" name="POS"/>
                    <label end="30" start="29" name="NN1"/>
                    <label end="34" start="32" name="NN1-VVB"/>
                    <label end="37" start="36" name="AVP"/>
                    <label end="40" start="39" name="PRP"/>
                    <label end="42" start="42" name="AT0"/>
                    <label end="47" start="44" name="NN1"/>
                    <label end="58" start="49" name="PRP"/>
                    <label end="63" start="60" name="NN2"/>
                    <label end="66" start="65" name="PRF"/>
                    <label end="73" start="68" name="NN1"/>
                    <label end="75" start="75" name="PUN"/>
                    <label end="77" start="77" name="PUQ"/>
                </layer>
            </annotationSet>
            <annotationSet cDate="01/07/2003 11:05:09 PST Tue" status="MANUAL" ID="1481521">
                <layer rank="1" name="FE">
                    <label cBy="532" feID="1622" end="47" start="42" name="Figure"/>
                    <label cBy="532" feID="1621" end="73" start="60" name="Ground"/>
                </layer>
                <layer rank="1" name="GF">
                    <label end="47" start="42" name="Ext"/>
                    <label end="73" start="60" name="Obj"/>
                </layer>
                <layer rank="1" name="PT">
                    <label end="47" start="42" name="NP"/>
                    <label end="73" start="60" name="NP"/>
                </layer>
                <layer rank="1" name="Sent"/>
                <layer rank="1" name="Other"/>
                <layer rank="1" name="Target">
                    <label cBy="103" end="58" start="49" name="Target"/>
                </layer>
                <layer rank="1" name="Verb"/>
            </annotationSet>
        </sentence>
        <sentence sentNo="0" aPos="90464838" ID="1014460">
            <text>She drew her legs up underneath her , sat cross-legged on the duvet . </text>
            <annotationSet cDate="01/07/2003 11:05:11 PST Tue" status="UNANN" ID="1481528">
                <layer rank="1" name="BNC">
                    <label end="2" start="0" name="PNP"/>
                    <label end="7" start="4" name="VVD"/>
                    <label end="11" start="9" name="DPS"/>
                    <label end="16" start="13" name="NN2"/>
                    <label end="19" start="18" name="AVP"/>
                    <label end="30" start="21" name="PRP"/>
                    <label end="34" start="32" name="PNP"/>
                    <label end="36" start="36" name="PUN"/>
                    <label end="40" start="38" name="VVD"/>
                    <label end="53" start="42" name="AJ0"/>
                    <label end="56" start="55" name="PRP"/>
                    <label end="60" start="58" name="AT0"/>
                    <label end="66" start="62" name="NN1"/>
                    <label end="68" start="68" name="PUN"/>
                </layer>
            </annotationSet>
            <annotationSet cDate="01/07/2003 11:05:11 PST Tue" status="MANUAL" ID="1481529">
                <layer rank="1" name="FE">
                    <label cBy="532" feID="1622" end="16" start="9" name="Figure"/>
                    <label cBy="532" feID="3404" end="19" start="18" name="Direction"/>
                    <label cBy="532" feID="1621" end="34" start="32" name="Ground"/>
                </layer>
                <layer rank="1" name="GF">
                    <label end="16" start="9" name="Ext"/>
                    <label end="19" start="18" name="Dep"/>
                    <label end="34" start="32" name="Obj"/>
                </layer>
                <layer rank="1" name="PT">
                    <label end="16" start="9" name="NP"/>
                    <label end="19" start="18" name="AVP"/>
                    <label end="34" start="32" name="NP"/>
                </layer>
                <layer rank="1" name="Sent"/>
                <layer rank="1" name="Other"/>
                <layer rank="1" name="Target">
                    <label cBy="103" end="30" start="21" name="Target"/>
                </layer>
                <layer rank="1" name="Verb"/>
            </annotationSet>
        </sentence>
        <sentence sentNo="0" aPos="95388204" ID="1014461">
            <text>Dusting your hands with icing sugar or cornflour to prevent sticking , carefully pick up the fondant by sliding your hands underneath it . </text>
            <annotationSet cDate="01/07/2003 11:05:11 PST Tue" status="UNANN" ID="1481530">
                <layer rank="1" name="BNC">
                    <label end="6" start="0" name="VVG"/>
                    <label end="11" start="8" name="DPS"/>
                    <label end="17" start="13" name="NN2"/>
                    <label end="22" start="19" name="PRP"/>
                    <label end="28" start="24" name="NN1-VVG"/>
                    <label end="34" start="30" name="NN1"/>
                    <label end="37" start="36" name="CJC"/>
                    <label end="47" start="39" name="VVB"/>
                    <label end="50" start="49" name="TO0"/>
                    <label end="58" start="52" name="VVI"/>
                    <label end="67" start="60" name="VVG"/>
                    <label end="69" start="69" name="PUN"/>
                    <label end="79" start="71" name="AV0"/>
                    <label end="84" start="81" name="VVB"/>
                    <label end="87" start="86" name="AVP"/>
                    <label end="91" start="89" name="AT0"/>
                    <label end="99" start="93" name="AJ0-NN1"/>
                    <label end="102" start="101" name="PRP"/>
                    <label end="110" start="104" name="VVG"/>
                    <label end="115" start="112" name="DPS"/>
                    <label end="121" start="117" name="NN2"/>
                    <label end="132" start="123" name="PRP"/>
                    <label end="135" start="134" name="PNP"/>
                    <label end="137" start="137" name="PUN"/>
                </layer>
            </annotationSet>
            <annotationSet cDate="01/07/2003 11:05:12 PST Tue" status="MANUAL" ID="1481531">
                <layer rank="1" name="FE">
                    <label cBy="532" feID="1622" end="121" start="117" name="Figure"/>
                    <label cBy="532" feID="1621" end="135" start="134" name="Ground"/>
                </layer>
                <layer rank="1" name="GF">
                    <label end="121" start="117" name="Ext"/>
                    <label end="135" start="134" name="Obj"/>
                </layer>
                <layer rank="1" name="PT">
                    <label end="121" start="117" name="NP"/>
                    <label end="135" start="134" name="NP"/>
                </layer>
                <layer rank="1" name="Sent"/>
                <layer rank="1" name="Other"/>
                <layer rank="1" name="Target">
                    <label cBy="103" end="132" start="123" name="Target"/>
                </layer>
                <layer rank="1" name="Verb"/>
            </annotationSet>
        </sentence>
    </subCorpus>
    <subCorpus name="V-429-s20-rcoll-bed"/>
    <subCorpus name="V-429-s20-rcoll-car">
        <sentence sentNo="0" aPos="69050907" ID="1014468">
            <text>A river ran underneath the road there , and the car was lying next to the bridge wall , below the road . </text>
            <annotationSet cDate="01/07/2003 11:05:12 PST Tue" status="UNANN" ID="1481544">
                <layer rank="1" name="BNC">
                    <label end="0" start="0" name="AT0"/>
                    <label end="6" start="2" name="NN1"/>
                    <label end="10" start="8" name="VVD"/>
                    <label end="21" start="12" name="PRP"/>
                    <label end="25" start="23" name="AT0"/>
                    <label end="30" start="27" name="NN1"/>
                    <label end="36" start="32" name="AV0"/>
                    <label end="38" start="38" name="PUN"/>
                    <label end="42" start="40" name="CJC"/>
                    <label end="46" start="44" name="AT0"/>
                    <label end="50" start="48" name="NN1"/>
                    <label end="54" start="52" name="VBD"/>
                    <label end="60" start="56" name="VVG"/>
                    <label end="65" start="62" name="PRP"/>
                    <label end="68" start="67" name="PRP"/>
                    <label end="72" start="70" name="AT0"/>
                    <label end="79" start="74" name="NN1"/>
                    <label end="84" start="81" name="NN1"/>
                    <label end="86" start="86" name="PUN"/>
                    <label end="92" start="88" name="PRP"/>
                    <label end="96" start="94" name="AT0"/>
                    <label end="101" start="98" name="NN1"/>
                    <label end="103" start="103" name="PUN"/>
                </layer>
            </annotationSet>
            <annotationSet cDate="01/07/2003 11:05:12 PST Tue" status="MANUAL" ID="1481545">
                <layer rank="1" name="FE">
                    <label cBy="532" feID="1622" end="6" start="0" name="Figure"/>
                    <label cBy="532" feID="1621" end="30" start="23" name="Ground"/>
                </layer>
                <layer rank="1" name="GF">
                    <label end="6" start="0" name="Ext"/>
                    <label end="30" start="23" name="Obj"/>
                </layer>
                <layer rank="1" name="PT">
                    <label end="6" start="0" name="NP"/>
                    <label end="30" start="23" name="NP"/>
                </layer>
                <layer rank="1" name="Sent"/>
                <layer rank="1" name="Other"/>
                <layer rank="1" name="Target">
                    <label cBy="103" end="21" start="12" name="Target"/>
                </layer>
                <layer rank="1" name="Verb"/>
            </annotationSet>
        </sentence>
    </subCorpus>
    <subCorpus name="V-429-s20-rcoll-table">
        <sentence sentNo="0" aPos="23133320" ID="1014474">
            <text>Underneath the table , carved into the stone , was some kind of design . </text>
            <annotationSet cDate="01/07/2003 11:05:13 PST Tue" status="UNANN" ID="1481556">
                <layer rank="1" name="BNC">
                    <label end="9" start="0" name="PRP"/>
                    <label end="13" start="11" name="AT0"/>
                    <label end="19" start="15" name="NN1"/>
                    <label end="21" start="21" name="PUN"/>
                    <label end="28" start="23" name="VVD-VVN"/>
                    <label end="33" start="30" name="PRP"/>
                    <label end="37" start="35" name="AT0"/>
                    <label end="43" start="39" name="NN1"/>
                    <label end="45" start="45" name="PUN"/>
                    <label end="49" start="47" name="VBD"/>
                    <label end="54" start="51" name="DT0"/>
                    <label end="59" start="56" name="NN1"/>
                    <label end="62" start="61" name="PRF"/>
                    <label end="69" start="64" name="NN1"/>
                    <label end="71" start="71" name="PUN"/>
                </layer>
            </annotationSet>
            <annotationSet cDate="01/07/2003 11:05:13 PST Tue" status="MANUAL" ID="1481557">
                <layer rank="1" name="FE">
                    <label cBy="532" feID="1621" end="19" start="11" name="Ground"/>
                    <label cBy="532" feID="1622" end="69" start="51" name="Figure"/>
                </layer>
                <layer rank="1" name="GF">
                    <label end="19" start="11" name="Obj"/>
                    <label end="69" start="51" name="Ext"/>
                </layer>
                <layer rank="1" name="PT">
                    <label end="19" start="11" name="NP"/>
                    <label end="69" start="51" name="NP"/>
                </layer>
                <layer rank="1" name="Sent"/>
                <layer rank="1" name="Other"/>
                <layer rank="1" name="Target">
                    <label cBy="103" end="9" start="0" name="Target"/>
                </layer>
                <layer rank="1" name="Verb"/>
            </annotationSet>
        </sentence>
        <sentence sentNo="0" aPos="75128621" ID="1014477">
            <text>Folly dropped her handbag underneath the table and took the next in the queue . </text>
            <annotationSet cDate="01/07/2003 11:05:13 PST Tue" status="UNANN" ID="1481562">
                <layer rank="1" name="BNC">
                    <label end="4" start="0" name="NP0"/>
                    <label end="12" start="6" name="VVD-VVN"/>
                    <label end="16" start="14" name="DPS"/>
                    <label end="24" start="18" name="NN1-VVB"/>
                    <label end="35" start="26" name="PRP"/>
                    <label end="39" start="37" name="AT0"/>
                    <label end="45" start="41" name="NN1"/>
                    <label end="49" start="47" name="CJC"/>
                    <label end="54" start="51" name="VVD"/>
                    <label end="58" start="56" name="AT0"/>
                    <label end="63" start="60" name="ORD"/>
                    <label end="66" start="65" name="PRP"/>
                    <label end="70" start="68" name="AT0"/>
                    <label end="76" start="72" name="NN1"/>
                    <label end="78" start="78" name="PUN"/>
                </layer>
            </annotationSet>
            <annotationSet cDate="01/07/2003 11:05:13 PST Tue" status="MANUAL" ID="1481563">
                <layer rank="1" name="FE">
                    <label cBy="532" feID="1621" end="45" start="37" name="Ground"/>
                    <label cBy="532" feID="1622" end="24" start="18" name="Figure"/>
                </layer>
                <layer rank="1" name="GF">
                    <label end="45" start="37" name="Obj"/>
                    <label end="24" start="18" name="Ext"/>
                </layer>
                <layer rank="1" name="PT">
                    <label end="45" start="37" name="NP"/>
                    <label end="24" start="18" name="NP"/>
                </layer>
                <layer rank="1" name="Sent"/>
                <layer rank="1" name="Other"/>
                <layer rank="1" name="Target">
                    <label cBy="103" end="35" start="26" name="Target"/>
                </layer>
                <layer rank="1" name="Verb"/>
            </annotationSet>
        </sentence>
    </subCorpus>
    <subCorpus name="V-880-s20-intrans-simple"/>
    <subCorpus name="V-890-s20-intrans-adverb"/>
    <subCorpus name="V-900-s20-other">
        <sentence sentNo="0" aPos="37064463" ID="1014504">
            <text>And underneath the toys she found the letter . </text>
            <annotationSet cDate="01/07/2003 11:05:16 PST Tue" status="UNANN" ID="1481616">
                <layer rank="1" name="BNC">
                    <label end="2" start="0" name="CJC"/>
                    <label end="13" start="4" name="PRP"/>
                    <label end="17" start="15" name="AT0"/>
                    <label end="22" start="19" name="NN2"/>
                    <label end="26" start="24" name="PNP"/>
                    <label end="32" start="28" name="VVD"/>
                    <label end="36" start="34" name="AT0"/>
                    <label end="43" start="38" name="NN1"/>
                    <label end="45" start="45" name="PUN"/>
                </layer>
            </annotationSet>
            <annotationSet cDate="01/07/2003 11:05:16 PST Tue" status="MANUAL" ID="1481617">
                <layer rank="1" name="FE">
                    <label cBy="532" feID="1621" end="22" start="15" name="Ground"/>
                    <label cBy="532" feID="1622" end="43" start="34" name="Figure"/>
                </layer>
                <layer rank="1" name="GF">
                    <label end="22" start="15" name="Obj"/>
                    <label end="43" start="34" name="Ext"/>
                </layer>
                <layer rank="1" name="PT">
                    <label end="22" start="15" name="NP"/>
                    <label end="43" start="34" name="NP"/>
                </layer>
                <layer rank="1" name="Sent"/>
                <layer rank="1" name="Other"/>
                <layer rank="1" name="Target">
                    <label cBy="103" end="13" start="4" name="Target"/>
                </layer>
                <layer rank="1" name="Verb"/>
            </annotationSet>
        </sentence>
        <sentence sentNo="0" aPos="62106076" ID="1014509">
            <text>And underneath this archway you used to have meat stalls and fish stalls and it used to be called the shambles . </text>
            <annotationSet cDate="01/07/2003 11:05:17 PST Tue" status="UNANN" ID="1481626">
                <layer rank="1" name="BNC">
                    <label end="2" start="0" name="CJC"/>
                    <label end="13" start="4" name="PRP"/>
                    <label end="18" start="15" name="DT0"/>
                    <label end="26" start="20" name="NN1"/>
                    <label end="30" start="28" name="PNP"/>
                    <label end="35" start="32" name="VM0"/>
                    <label end="38" start="37" name="TO0"/>
                    <label end="43" start="40" name="VHI"/>
                    <label end="48" start="45" name="NN1"/>
                    <label end="55" start="50" name="NN2"/>
                    <label end="59" start="57" name="CJC"/>
                    <label end="64" start="61" name="NN0"/>
                    <label end="71" start="66" name="NN2"/>
                    <label end="75" start="73" name="CJC"/>
                    <label end="78" start="77" name="PNP"/>
                    <label end="83" start="80" name="VM0"/>
                    <label end="86" start="85" name="TO0"/>
                    <label end="89" start="88" name="VBI"/>
                    <label end="96" start="91" name="VVN"/>
                    <label end="100" start="98" name="AT0"/>
                    <label end="109" start="102" name="NN2"/>
                    <label end="111" start="111" name="PUN"/>
                </layer>
            </annotationSet>
            <annotationSet cDate="01/07/2003 11:05:17 PST Tue" status="MANUAL" ID="1481627">
                <layer rank="1" name="FE">
                    <label cBy="532" feID="1621" end="26" start="15" name="Ground"/>
                    <label cBy="532" feID="1622" end="71" start="45" name="Figure"/>
                </layer>
                <layer rank="1" name="GF">
                    <label end="26" start="15" name="Obj"/>
                    <label end="71" start="45" name="Ext"/>
                </layer>
                <layer rank="1" name="PT">
                    <label end="26" start="15" name="NP"/>
                    <label end="71" start="45" name="NP"/>
                </layer>
                <layer rank="1" name="Sent"/>
                <layer rank="1" name="Other"/>
                <layer rank="1" name="Target">
                    <label cBy="103" end="13" start="4" name="Target"/>
                </layer>
                <layer rank="1" name="Verb"/>
            </annotationSet>
        </sentence>
        <sentence sentNo="0" aPos="74058920" ID="1014511">
            <text>Underneath the coat was a mohair suit the same colour as mine . </text>
            <annotationSet cDate="01/07/2003 11:05:17 PST Tue" status="UNANN" ID="1481630">
                <layer rank="1" name="BNC">
                    <label end="9" start="0" name="PRP"/>
                    <label end="13" start="11" name="AT0"/>
                    <label end="18" start="15" name="NN1"/>
                    <label end="22" start="20" name="VBD"/>
                    <label end="24" start="24" name="AT0"/>
                    <label end="31" start="26" name="NN1"/>
                    <label end="36" start="33" name="VVB"/>
                    <label end="40" start="38" name="AT0"/>
                    <label end="45" start="42" name="DT0"/>
                    <label end="52" start="47" name="NN1"/>
                    <label end="55" start="54" name="AV0"/>
                    <label end="60" start="57" name="PNP"/>
                    <label end="62" start="62" name="PUN"/>
                </layer>
            </annotationSet>
            <annotationSet cDate="01/07/2003 11:05:17 PST Tue" status="MANUAL" ID="1481631">
                <layer rank="1" name="FE">
                    <label cBy="532" feID="1621" end="18" start="11" name="Ground"/>
                    <label cBy="532" feID="1622" end="60" start="24" name="Figure"/>
                </layer>
                <layer rank="1" name="GF">
                    <label end="18" start="11" name="Obj"/>
                    <label end="60" start="24" name="Ext"/>
                </layer>
                <layer rank="1" name="PT">
                    <label end="18" start="11" name="NP"/>
                    <label end="60" start="24" name="NP"/>
                </layer>
                <layer rank="1" name="Sent"/>
                <layer rank="1" name="Other"/>
                <layer rank="1" name="Target">
                    <label cBy="103" end="9" start="0" name="Target"/>
                </layer>
                <layer rank="1" name="Verb"/>
            </annotationSet>
        </sentence>
    </subCorpus>
</lexUnit>