<?xml version="1.0" encoding="UTF-8" standalone="yes"?>
<?xml-stylesheet type="text/xsl" href="lexUnit.xsl"?>
<lexUnit status="Created" POS="V" name="bring about.v" ID="6744" frame="Cause_to_start" frameID="381" totalAnnotated="0" xsi:schemaLocation="../schema/lexUnit.xsd" xmlns="http://framenet.icsi.berkeley.edu" xmlns:xsi="http://www.w3.org/2001/XMLSchema-instance">
    <header>
        <frame>
            <FE fgColor="FFFFFF" bgColor="FF0000" type="Core" abbrev="Cause" name="Cause"/>
            <FE fgColor="FFFFFF" bgColor="7CCD73" type="Extra-Thematic" abbrev="Cir" name="Circumstances"/>
            <FE fgColor="000000" bgColor="00BFFF" type="Extra-Thematic" abbrev="Ses" name="Concessive"/>
            <FE fgColor="00008B" bgColor="FFFF00" type="Extra-Thematic" abbrev="Con" name="Consecutive"/>
            <FE fgColor="FFFFFF" bgColor="808080" type="Extra-Thematic" abbrev="Con" name="Containing_event"/>
            <FE fgColor="FF0000" bgColor="FFD700" type="Extra-Thematic" abbrev="Dep" name="Depictive"/>
            <FE fgColor="FFFFFF" bgColor="0000FF" type="Core" abbrev="Effect" name="Effect"/>
            <FE fgColor="000000" bgColor="EEE8AA" type="Extra-Thematic" abbrev="Epi" name="Epistemic_stance"/>
            <FE fgColor="006400" bgColor="A9A9A9" type="Extra-Thematic" abbrev="Eve" name="Event_description"/>
            <FE fgColor="FFFFFF" bgColor="00008B" type="Extra-Thematic" abbrev="Exp" name="Explanation"/>
            <FE fgColor="FFFFFF" bgColor="FF00FF" type="Peripheral" abbrev="Man" name="Manner"/>
            <FE fgColor="FFFFFF" bgColor="A52A2A" type="Peripheral" abbrev="Mns" name="Means"/>
            <FE fgColor="000000" bgColor="2E8B57" type="Peripheral" abbrev="Med" name="Medium"/>
            <FE fgColor="000000" bgColor="FF69B4" type="Extra-Thematic" abbrev="Par" name="Particular_iteration"/>
            <FE fgColor="FFFFFF" bgColor="008000" type="Peripheral" abbrev="Place" name="Place"/>
            <FE fgColor="FFFFFF" bgColor="800080" type="Extra-Thematic" abbrev="Pur" name="Purpose"/>
            <FE fgColor="FFFFFF" bgColor="9F79EE" type="Extra-Thematic" abbrev="Sub" name="Subevent"/>
            <FE fgColor="FFFFFF" bgColor="FFA500" type="Peripheral" abbrev="Tim" name="Time"/>
        </frame>
    </header>
    <definition>COD: cause something to happen</definition>
    <lexeme order="1" headword="true" breakBefore="false" POS="V" name="bring"/>
    <lexeme order="2" headword="false" breakBefore="true" POS="PREP" name="about"/>
    <valences/>
</lexUnit>