<?xml version="1.0" encoding="UTF-8" standalone="yes"?>
<?xml-stylesheet type="text/xsl" href="lexUnit.xsl"?>
<lexUnit status="Created" POS="PREP" name="around.prep" ID="6753" frame="Locative_relation" frameID="199" totalAnnotated="0" xsi:schemaLocation="../schema/lexUnit.xsd" xmlns="http://framenet.icsi.berkeley.edu" xmlns:xsi="http://www.w3.org/2001/XMLSchema-instance">
    <header>
        <frame>
            <FE fgColor="FFFFFF" bgColor="1E90FF" type="Extra-Thematic" abbrev="Dir" name="Direction"/>
            <FE fgColor="FFFFFF" bgColor="9400D3" type="Extra-Thematic" abbrev="Dist" name="Distance"/>
            <FE fgColor="FFFFFF" bgColor="FF0000" type="Core" abbrev="Fig" name="Figure"/>
            <FE fgColor="FFFFFF" bgColor="00008B" type="Core-Unexpressed" abbrev="" name="Figures"/>
            <FE fgColor="FFFFFF" bgColor="008000" type="Core" abbrev="Grnd" name="Ground"/>
            <FE fgColor="FFFFFF" bgColor="FFA500" type="Peripheral" abbrev="tim" name="Time"/>
        </frame>
    </header>
    <definition>COD: on every side of. </definition>
    <lexeme POS="PREP" name="around"/>
    <valences/>
</lexUnit>