<?xml version="1.0" encoding="UTF-8" standalone="yes"?>
<?xml-stylesheet type="text/xsl" href="lexUnit.xsl"?>
<lexUnit status="Finished_Initial" POS="N" name="repentance.n" ID="6805" frame="Contrition" frameID="382" totalAnnotated="15" xsi:schemaLocation="../schema/lexUnit.xsd" xmlns="http://framenet.icsi.berkeley.edu" xmlns:xsi="http://www.w3.org/2001/XMLSchema-instance">
    <header>
        <frame>
            <FE fgColor="FFFFFF" bgColor="FF0000" type="Core" abbrev="Action" name="Action"/>
            <FE fgColor="FFFFFF" bgColor="00008B" type="Peripheral" abbrev="Authenticity" name="Authenticity"/>
            <FE fgColor="FFFFFF" bgColor="FF69B4" type="Peripheral" abbrev="Degr" name="Degree"/>
            <FE fgColor="000000" bgColor="FFFF00" type="Extra-Thematic" abbrev="Dep" name="Depictive"/>
            <FE fgColor="FFFFFF" bgColor="0000FF" type="Core" abbrev="E_state" name="Emotional_state"/>
            <FE fgColor="FFFFFF" bgColor="800080" type="Core" abbrev="Experiencer" name="Experiencer"/>
            <FE fgColor="FFFFFF" bgColor="008000" type="Core" abbrev="Expressor" name="Expressor"/>
            <FE fgColor="FFFFFF" bgColor="9F79EE" type="Extra-Thematic" abbrev="Man" name="Manner"/>
            <FE fgColor="000000" bgColor="7CCD73" type="Extra-Thematic" abbrev="Tim" name="Time"/>
        </frame>
    </header>
    <definition>FN: a feeling or expression of sincere regret</definition>
    <lexeme POS="N" name="repentance"/>
    <valences>
        <governor type="Sup" lemma="without">
            <annoSet ID="1535331"/>
        </governor>
        <governor type="Gov" lemma="inspire">
            <annoSet ID="1535389"/>
        </governor>
        <governor type="Gov" lemma="profess">
            <annoSet ID="1535379"/>
        </governor>
        <governor type="Gov" lemma="show">
            <annoSet ID="1535415"/>
            <annoSet ID="1535425"/>
        </governor>
        <FERealization total="1">
            <FE name="Action"/>
            <pattern total="1">
                <valenceUnit GF="Dep" PT="PP[for]" FE="Action"/>
                <annoSet ID="1535429"/>
            </pattern>
        </FERealization>
        <FERealization total="6">
            <FE name="Authenticity"/>
            <pattern total="1">
                <valenceUnit GF="Dep" PT="A" FE="Authenticity"/>
                <annoSet ID="1535317"/>
            </pattern>
            <pattern total="5">
                <valenceUnit GF="Dep" PT="AJP" FE="Authenticity"/>
                <annoSet ID="1535291"/>
                <annoSet ID="1535315"/>
                <annoSet ID="1535331"/>
                <annoSet ID="1535371"/>
                <annoSet ID="1535439"/>
            </pattern>
        </FERealization>
        <FERealization total="1">
            <FE name="Degree"/>
            <pattern total="1">
                <valenceUnit GF="Dep" PT="AJP" FE="Degree"/>
                <annoSet ID="1535323"/>
            </pattern>
        </FERealization>
        <FERealization total="5">
            <FE name="Experiencer"/>
            <pattern total="1">
                <valenceUnit GF="Ext" PT="NP" FE="Experiencer"/>
                <annoSet ID="1535331"/>
            </pattern>
            <pattern total="3">
                <valenceUnit GF="Gen" PT="Poss" FE="Experiencer"/>
                <annoSet ID="1535289"/>
                <annoSet ID="1535291"/>
                <annoSet ID="1535295"/>
            </pattern>
            <pattern total="1">
                <valenceUnit GF="Dep" PT="PP[of]" FE="Experiencer"/>
                <annoSet ID="1535285"/>
            </pattern>
        </FERealization>
        <FERealization total="1">
            <FE name="Expressor"/>
            <pattern total="1">
                <valenceUnit GF="Ext" PT="NP" FE="Expressor"/>
                <annoSet ID="1535315"/>
            </pattern>
        </FERealization>
        <FEGroupRealization total="1">
            <FE name="Action"/>
            <pattern total="1">
                <valenceUnit GF="Dep" PT="PP[for]" FE="Action"/>
                <annoSet ID="1535429"/>
            </pattern>
        </FEGroupRealization>
        <FEGroupRealization total="3">
            <FE name="Authenticity"/>
            <pattern total="1">
                <valenceUnit GF="Dep" PT="A" FE="Authenticity"/>
                <annoSet ID="1535317"/>
            </pattern>
            <pattern total="2">
                <valenceUnit GF="Dep" PT="AJP" FE="Authenticity"/>
                <annoSet ID="1535371"/>
                <annoSet ID="1535439"/>
            </pattern>
        </FEGroupRealization>
        <FEGroupRealization total="2">
            <FE name="Authenticity"/>
            <FE name="Experiencer"/>
            <pattern total="1">
                <valenceUnit GF="Dep" PT="AJP" FE="Authenticity"/>
                <valenceUnit GF="Ext" PT="NP" FE="Experiencer"/>
                <annoSet ID="1535331"/>
            </pattern>
            <pattern total="1">
                <valenceUnit GF="Dep" PT="AJP" FE="Authenticity"/>
                <valenceUnit GF="Gen" PT="Poss" FE="Experiencer"/>
                <annoSet ID="1535291"/>
            </pattern>
        </FEGroupRealization>
        <FEGroupRealization total="1">
            <FE name="Authenticity"/>
            <FE name="Expressor"/>
            <FE name="Expressor"/>
            <pattern total="1">
                <valenceUnit GF="Dep" PT="AJP" FE="Authenticity"/>
                <valenceUnit GF="Ext" PT="NP" FE="Expressor"/>
                <valenceUnit GF="Ext" PT="NP" FE="Expressor"/>
                <annoSet ID="1535315"/>
            </pattern>
        </FEGroupRealization>
        <FEGroupRealization total="1">
            <FE name="Degree"/>
            <pattern total="1">
                <valenceUnit GF="Dep" PT="AJP" FE="Degree"/>
                <annoSet ID="1535323"/>
            </pattern>
        </FEGroupRealization>
        <FEGroupRealization total="3">
            <FE name="Experiencer"/>
            <pattern total="1">
                <valenceUnit GF="Dep" PT="PP[of]" FE="Experiencer"/>
                <annoSet ID="1535285"/>
            </pattern>
            <pattern total="2">
                <valenceUnit GF="Gen" PT="Poss" FE="Experiencer"/>
                <annoSet ID="1535289"/>
                <annoSet ID="1535295"/>
            </pattern>
        </FEGroupRealization>
    </valences>
    <subCorpus name="N-250-s20-ppby"/>
    <subCorpus name="N-250-s20-ppfor"/>
    <subCorpus name="N-250-s20-ppof">
        <sentence sentNo="0" aPos="14007516" ID="1041895">
            <text>It is God who rejoices at the repentance of a sinner , just as the father rejoices at the return of the prodigal son . </text>
            <annotationSet cDate="01/08/2003 12:06:18 PST Wed" status="UNANN" ID="1535284">
                <layer rank="1" name="BNC">
                    <label end="1" start="0" name="PNP"/>
                    <label end="4" start="3" name="VBZ"/>
                    <label end="8" start="6" name="NP0"/>
                    <label end="12" start="10" name="PNQ"/>
                    <label end="21" start="14" name="VVZ"/>
                    <label end="24" start="23" name="PRP"/>
                    <label end="28" start="26" name="AT0"/>
                    <label end="39" start="30" name="NN1"/>
                    <label end="42" start="41" name="PRF"/>
                    <label end="44" start="44" name="AT0"/>
                    <label end="51" start="46" name="NN1"/>
                    <label end="53" start="53" name="PUN"/>
                    <label end="58" start="55" name="AV0"/>
                    <label end="61" start="60" name="CJS-PRP"/>
                    <label end="65" start="63" name="AT0"/>
                    <label end="72" start="67" name="NN1"/>
                    <label end="81" start="74" name="NN2-VVZ"/>
                    <label end="84" start="83" name="PRP"/>
                    <label end="88" start="86" name="AT0"/>
                    <label end="95" start="90" name="NN1"/>
                    <label end="98" start="97" name="PRF"/>
                    <label end="102" start="100" name="AT0"/>
                    <label end="111" start="104" name="AJ0"/>
                    <label end="115" start="113" name="NN1"/>
                    <label end="117" start="117" name="PUN"/>
                </layer>
            </annotationSet>
            <annotationSet cDate="01/08/2003 12:06:18 PST Wed" status="MANUAL" ID="1535285">
                <layer rank="1" name="FE">
                    <label cBy="618" feID="3407" end="51" start="41" name="Experiencer"/>
                </layer>
                <layer rank="1" name="GF">
                    <label end="51" start="41" name="Dep"/>
                </layer>
                <layer rank="1" name="PT">
                    <label end="51" start="41" name="PP"/>
                </layer>
                <layer rank="1" name="Sent"/>
                <layer rank="1" name="Other"/>
                <layer rank="1" name="Target">
                    <label cBy="103" end="39" start="30" name="Target"/>
                </layer>
                <layer rank="1" name="Noun"/>
            </annotationSet>
        </sentence>
    </subCorpus>
    <subCorpus name="N-280-s20-poss">
        <sentence sentNo="0" aPos="13396558" ID="1041897">
            <text>Not in public , at least , if you make a thorough job of your repentance . </text>
            <annotationSet cDate="01/08/2003 12:06:18 PST Wed" status="UNANN" ID="1535288">
                <layer rank="1" name="BNC">
                    <label end="2" start="0" name="XX0"/>
                    <label end="5" start="4" name="AV0"/>
                    <label end="12" start="7" name="AV0"/>
                    <label end="14" start="14" name="PUN"/>
                    <label end="17" start="16" name="AV0"/>
                    <label end="23" start="19" name="AV0"/>
                    <label end="25" start="25" name="PUN"/>
                    <label end="28" start="27" name="CJS"/>
                    <label end="32" start="30" name="PNP"/>
                    <label end="37" start="34" name="VVB"/>
                    <label end="39" start="39" name="AT0"/>
                    <label end="48" start="41" name="AJ0"/>
                    <label end="52" start="50" name="NN1"/>
                    <label end="55" start="54" name="PRF"/>
                    <label end="60" start="57" name="DPS"/>
                    <label end="71" start="62" name="NN1"/>
                    <label end="73" start="73" name="PUN"/>
                </layer>
            </annotationSet>
            <annotationSet cDate="01/08/2003 12:06:18 PST Wed" status="MANUAL" ID="1535289">
                <layer rank="1" name="FE">
                    <label cBy="618" feID="3407" end="60" start="57" name="Experiencer"/>
                </layer>
                <layer rank="1" name="GF">
                    <label end="60" start="57" name="Gen"/>
                </layer>
                <layer rank="1" name="PT">
                    <label end="60" start="57" name="Poss"/>
                </layer>
                <layer rank="1" name="Sent"/>
                <layer rank="1" name="Other"/>
                <layer rank="1" name="Target">
                    <label cBy="103" end="71" start="62" name="Target"/>
                </layer>
                <layer rank="1" name="Noun"/>
            </annotationSet>
        </sentence>
        <sentence sentNo="0" aPos="38385615" ID="1041898">
            <text>The victims attended the feast after Drachenfels ' feigned repentance convinced the wisest and best that he had truly turned from evil . </text>
            <annotationSet cDate="01/08/2003 12:06:18 PST Wed" status="UNANN" ID="1535290">
                <layer rank="1" name="BNC">
                    <label end="2" start="0" name="AT0"/>
                    <label end="10" start="4" name="NN2"/>
                    <label end="19" start="12" name="VVD"/>
                    <label end="23" start="21" name="AT0"/>
                    <label end="29" start="25" name="NN1"/>
                    <label end="35" start="31" name="PRP"/>
                    <label end="47" start="37" name="NN2"/>
                    <label end="49" start="49" name="POS"/>
                    <label end="57" start="51" name="AJ0"/>
                    <label end="68" start="59" name="NN1"/>
                    <label end="78" start="70" name="VVD-VVN"/>
                    <label end="82" start="80" name="AT0"/>
                    <label end="89" start="84" name="AJS"/>
                    <label end="93" start="91" name="CJC"/>
                    <label end="98" start="95" name="AV0"/>
                    <label end="103" start="100" name="CJT"/>
                    <label end="106" start="105" name="PNP"/>
                    <label end="110" start="108" name="VHD"/>
                    <label end="116" start="112" name="AV0"/>
                    <label end="123" start="118" name="VVN"/>
                    <label end="128" start="125" name="PRP"/>
                    <label end="133" start="130" name="NN1"/>
                    <label end="135" start="135" name="PUN"/>
                </layer>
            </annotationSet>
            <annotationSet cDate="01/08/2003 12:06:18 PST Wed" status="MANUAL" ID="1535291">
                <layer rank="1" name="FE">
                    <label cBy="618" feID="3489" end="57" start="51" name="Authenticity"/>
                    <label cBy="618" feID="3407" end="49" start="37" name="Experiencer"/>
                </layer>
                <layer rank="1" name="GF">
                    <label end="57" start="51" name="Dep"/>
                    <label end="49" start="37" name="Gen"/>
                </layer>
                <layer rank="1" name="PT">
                    <label end="57" start="51" name="AJP"/>
                    <label end="49" start="37" name="Poss"/>
                </layer>
                <layer rank="1" name="Sent"/>
                <layer rank="1" name="Other"/>
                <layer rank="1" name="Target">
                    <label cBy="103" end="68" start="59" name="Target"/>
                </layer>
                <layer rank="1" name="Noun"/>
            </annotationSet>
        </sentence>
        <sentence sentNo="0" aPos="84951035" ID="1041900">
            <text>His sentence , of four years in prison with one year 's deprivation of political rights , took into consideration his repentance and his assistance in &quot; exposing &quot; others , the court said . </text>
            <annotationSet cDate="01/08/2003 12:06:18 PST Wed" status="UNANN" ID="1535294">
                <layer rank="1" name="BNC">
                    <label end="2" start="0" name="DPS"/>
                    <label end="11" start="4" name="NN1"/>
                    <label end="13" start="13" name="PUN"/>
                    <label end="16" start="15" name="PRF"/>
                    <label end="21" start="18" name="CRD"/>
                    <label end="27" start="23" name="NN2"/>
                    <label end="30" start="29" name="PRP"/>
                    <label end="37" start="32" name="NN1"/>
                    <label end="42" start="39" name="PRP"/>
                    <label end="46" start="44" name="CRD"/>
                    <label end="51" start="48" name="NN1"/>
                    <label end="54" start="53" name="POS"/>
                    <label end="66" start="56" name="NN1"/>
                    <label end="69" start="68" name="PRF"/>
                    <label end="79" start="71" name="AJ0"/>
                    <label end="86" start="81" name="NN2"/>
                    <label end="88" start="88" name="PUN"/>
                    <label end="93" start="90" name="VVD"/>
                    <label end="98" start="95" name="PRP"/>
                    <label end="112" start="100" name="NN1"/>
                    <label end="116" start="114" name="DPS"/>
                    <label end="127" start="118" name="NN1"/>
                    <label end="131" start="129" name="CJC"/>
                    <label end="135" start="133" name="DPS"/>
                    <label end="146" start="137" name="NN1"/>
                    <label end="149" start="148" name="PRP"/>
                    <label end="151" start="151" name="PUQ"/>
                    <label end="160" start="153" name="AJ0-VVG"/>
                    <label end="162" start="162" name="PUQ"/>
                    <label end="169" start="164" name="NN2"/>
                    <label end="171" start="171" name="PUN"/>
                    <label end="175" start="173" name="AT0"/>
                    <label end="181" start="177" name="NN1"/>
                    <label end="186" start="183" name="VVD"/>
                    <label end="188" start="188" name="PUN"/>
                </layer>
            </annotationSet>
            <annotationSet cDate="01/08/2003 12:06:19 PST Wed" status="MANUAL" ID="1535295">
                <layer rank="1" name="FE">
                    <label cBy="618" feID="3407" end="116" start="114" name="Experiencer"/>
                </layer>
                <layer rank="1" name="GF">
                    <label end="116" start="114" name="Gen"/>
                </layer>
                <layer rank="1" name="PT">
                    <label end="116" start="114" name="Poss"/>
                </layer>
                <layer rank="1" name="Sent"/>
                <layer rank="1" name="Other"/>
                <layer rank="1" name="Target">
                    <label cBy="103" end="127" start="118" name="Target"/>
                </layer>
                <layer rank="1" name="Noun"/>
            </annotationSet>
        </sentence>
    </subCorpus>
    <subCorpus name="N-290-s20-posscmpd"/>
    <subCorpus name="N-300-s20-cmpd"/>
    <subCorpus name="N-330-s20-period">
        <sentence sentNo="0" aPos="23356332" ID="1041910">
            <text>She looked up at Phoebe with an anguished expression that was nearly honest repentance . </text>
            <annotationSet cDate="01/08/2003 12:06:20 PST Wed" status="UNANN" ID="1535314">
                <layer rank="1" name="BNC">
                    <label end="2" start="0" name="PNP"/>
                    <label end="9" start="4" name="VVD"/>
                    <label end="12" start="11" name="AVP"/>
                    <label end="15" start="14" name="PRP"/>
                    <label end="22" start="17" name="NN1-NP0"/>
                    <label end="27" start="24" name="PRP"/>
                    <label end="30" start="29" name="AT0"/>
                    <label end="40" start="32" name="AJ0"/>
                    <label end="51" start="42" name="NN1"/>
                    <label end="56" start="53" name="CJT"/>
                    <label end="60" start="58" name="VBD"/>
                    <label end="67" start="62" name="AV0"/>
                    <label end="74" start="69" name="AJ0"/>
                    <label end="85" start="76" name="NN1"/>
                    <label end="87" start="87" name="PUN"/>
                </layer>
            </annotationSet>
            <annotationSet cDate="01/08/2003 12:06:20 PST Wed" status="MANUAL" ID="1535315">
                <layer rank="1" name="FE">
                    <label cBy="618" feID="3410" end="51" start="29" name="Expressor"/>
                    <label cBy="618" feID="3489" end="74" start="62" name="Authenticity"/>
                    <label cBy="309" feID="3410" end="56" start="53" name="Expressor"/>
                </layer>
                <layer rank="1" name="GF">
                    <label end="51" start="29" name="Ext"/>
                    <label end="74" start="62" name="Dep"/>
                    <label end="56" start="53" name="Ext"/>
                </layer>
                <layer rank="1" name="PT">
                    <label end="51" start="29" name="NP"/>
                    <label end="74" start="62" name="AJP"/>
                    <label end="56" start="53" name="NP"/>
                </layer>
                <layer rank="1" name="Sent"/>
                <layer rank="1" name="Other">
                    <label end="51" start="29" name="Ant"/>
                    <label end="56" start="53" name="Rel"/>
                </layer>
                <layer rank="1" name="Target">
                    <label cBy="103" end="85" start="76" name="Target"/>
                </layer>
                <layer rank="1" name="Noun">
                    <label end="60" start="58" name="Cop"/>
                </layer>
            </annotationSet>
        </sentence>
        <sentence sentNo="0" aPos="26154559" ID="1041911">
            <text>I am too old now to play at any mock repentance . &quot; </text>
            <annotationSet cDate="01/08/2003 12:06:21 PST Wed" status="UNANN" ID="1535316">
                <layer rank="1" name="BNC">
                    <label end="0" start="0" name="PNP"/>
                    <label end="3" start="2" name="VBB"/>
                    <label end="7" start="5" name="AV0"/>
                    <label end="11" start="9" name="AJ0"/>
                    <label end="15" start="13" name="AV0"/>
                    <label end="18" start="17" name="TO0"/>
                    <label end="23" start="20" name="VVI"/>
                    <label end="26" start="25" name="PRP"/>
                    <label end="30" start="28" name="DT0"/>
                    <label end="35" start="32" name="AJ0"/>
                    <label end="46" start="37" name="NN1"/>
                    <label end="48" start="48" name="PUN"/>
                    <label end="50" start="50" name="PUQ"/>
                </layer>
            </annotationSet>
            <annotationSet cDate="01/08/2003 12:06:22 PST Wed" status="MANUAL" ID="1535317">
                <layer rank="1" name="FE">
                    <label cBy="618" feID="3489" end="35" start="32" name="Authenticity"/>
                </layer>
                <layer rank="1" name="GF">
                    <label end="35" start="32" name="Dep"/>
                </layer>
                <layer rank="1" name="PT">
                    <label end="35" start="32" name="A"/>
                </layer>
                <layer rank="1" name="Sent"/>
                <layer rank="1" name="Other"/>
                <layer rank="1" name="Target">
                    <label cBy="103" end="46" start="37" name="Target"/>
                </layer>
                <layer rank="1" name="Noun"/>
            </annotationSet>
        </sentence>
        <sentence sentNo="0" aPos="38496206" ID="1041914">
            <text>Personal misfortune was regarded either as a test of faith which had to be patiently endured , or as a punishment for past transgressions requiring deep repentance . </text>
            <annotationSet cDate="01/08/2003 12:06:23 PST Wed" status="UNANN" ID="1535322">
                <layer rank="1" name="BNC">
                    <label end="7" start="0" name="AJ0"/>
                    <label end="18" start="9" name="NN1"/>
                    <label end="22" start="20" name="VBD"/>
                    <label end="31" start="24" name="VVN"/>
                    <label end="38" start="33" name="DT0"/>
                    <label end="41" start="40" name="CJS-PRP"/>
                    <label end="43" start="43" name="AT0"/>
                    <label end="48" start="45" name="NN1"/>
                    <label end="51" start="50" name="PRF"/>
                    <label end="57" start="53" name="NN1"/>
                    <label end="63" start="59" name="DTQ"/>
                    <label end="67" start="65" name="VHD"/>
                    <label end="70" start="69" name="TO0"/>
                    <label end="73" start="72" name="VBI"/>
                    <label end="83" start="75" name="AV0"/>
                    <label end="91" start="85" name="VVN"/>
                    <label end="93" start="93" name="PUN"/>
                    <label end="96" start="95" name="CJC"/>
                    <label end="99" start="98" name="CJS-PRP"/>
                    <label end="101" start="101" name="AT0"/>
                    <label end="112" start="103" name="NN1"/>
                    <label end="116" start="114" name="PRP"/>
                    <label end="121" start="118" name="AJ0"/>
                    <label end="136" start="123" name="NN2"/>
                    <label end="146" start="138" name="VVG"/>
                    <label end="151" start="148" name="AJ0"/>
                    <label end="162" start="153" name="NN1"/>
                    <label end="164" start="164" name="PUN"/>
                </layer>
            </annotationSet>
            <annotationSet cDate="01/08/2003 12:06:23 PST Wed" status="MANUAL" ID="1535323">
                <layer rank="1" name="FE">
                    <label cBy="618" feID="3409" end="151" start="148" name="Degree"/>
                </layer>
                <layer rank="1" name="GF">
                    <label end="151" start="148" name="Dep"/>
                </layer>
                <layer rank="1" name="PT">
                    <label end="151" start="148" name="AJP"/>
                </layer>
                <layer rank="1" name="Sent"/>
                <layer rank="1" name="Other"/>
                <layer rank="1" name="Target">
                    <label cBy="103" end="162" start="153" name="Target"/>
                </layer>
                <layer rank="1" name="Noun"/>
            </annotationSet>
        </sentence>
        <sentence sentNo="0" aPos="67901411" ID="1041918">
            <text>Even at his worst , he implies that he never transcended the ultimate standards of gentlemanly conduct and human decency , or at least never did so without sincere repentance . </text>
            <annotationSet cDate="01/08/2003 12:06:23 PST Wed" status="UNANN" ID="1535330">
                <layer rank="1" name="BNC">
                    <label end="3" start="0" name="AV0"/>
                    <label end="6" start="5" name="PRP"/>
                    <label end="10" start="8" name="DPS"/>
                    <label end="16" start="12" name="AJS"/>
                    <label end="18" start="18" name="PUN"/>
                    <label end="21" start="20" name="PNP"/>
                    <label end="29" start="23" name="VVZ"/>
                    <label end="34" start="31" name="CJT"/>
                    <label end="37" start="36" name="PNP"/>
                    <label end="43" start="39" name="AV0"/>
                    <label end="55" start="45" name="VVD"/>
                    <label end="59" start="57" name="AT0"/>
                    <label end="68" start="61" name="AJ0"/>
                    <label end="78" start="70" name="NN2"/>
                    <label end="81" start="80" name="PRF"/>
                    <label end="93" start="83" name="AJ0"/>
                    <label end="101" start="95" name="NN1"/>
                    <label end="105" start="103" name="CJC"/>
                    <label end="111" start="107" name="AJ0"/>
                    <label end="119" start="113" name="NN1"/>
                    <label end="121" start="121" name="PUN"/>
                    <label end="124" start="123" name="CJC"/>
                    <label end="127" start="126" name="AV0"/>
                    <label end="133" start="129" name="AV0"/>
                    <label end="139" start="135" name="AV0"/>
                    <label end="143" start="141" name="VDD"/>
                    <label end="146" start="145" name="AV0"/>
                    <label end="154" start="148" name="PRP"/>
                    <label end="162" start="156" name="AJ0"/>
                    <label end="173" start="164" name="NN1"/>
                    <label end="175" start="175" name="PUN"/>
                </layer>
            </annotationSet>
            <annotationSet cDate="01/08/2003 12:06:23 PST Wed" status="MANUAL" ID="1535331">
                <layer rank="1" name="FE">
                    <label cBy="618" feID="3489" end="162" start="156" name="Authenticity"/>
                    <label cBy="618" feID="3407" end="37" start="36" name="Experiencer"/>
                </layer>
                <layer rank="1" name="GF">
                    <label end="162" start="156" name="Dep"/>
                    <label end="37" start="36" name="Ext"/>
                </layer>
                <layer rank="1" name="PT">
                    <label end="162" start="156" name="AJP"/>
                    <label end="37" start="36" name="NP"/>
                </layer>
                <layer rank="1" name="Sent"/>
                <layer rank="1" name="Other"/>
                <layer rank="1" name="Target">
                    <label cBy="103" end="173" start="164" name="Target"/>
                </layer>
                <layer rank="1" name="Noun">
                    <label end="154" start="148" name="Supp"/>
                </layer>
            </annotationSet>
        </sentence>
    </subCorpus>
    <subCorpus name="N-340-s20-ppother"/>
    <subCorpus name="N-340a-s20-ppother"/>
    <subCorpus name="N-380-s20-other">
        <sentence sentNo="0" aPos="10482603" ID="1041938">
            <text>This was in order to ` convince him of his misery and the necessity of true repentance and reformation &quot; . </text>
            <annotationSet cDate="01/08/2003 12:06:26 PST Wed" status="UNANN" ID="1535370">
                <layer rank="1" name="BNC">
                    <label end="3" start="0" name="DT0"/>
                    <label end="7" start="5" name="VBD"/>
                    <label end="10" start="9" name="PRP"/>
                    <label end="16" start="12" name="NN1"/>
                    <label end="19" start="18" name="PRP"/>
                    <label end="21" start="21" name="PUQ"/>
                    <label end="30" start="23" name="NN1"/>
                    <label end="34" start="32" name="PNP"/>
                    <label end="37" start="36" name="PRF"/>
                    <label end="41" start="39" name="DPS"/>
                    <label end="48" start="43" name="NN1"/>
                    <label end="52" start="50" name="CJC"/>
                    <label end="56" start="54" name="AT0"/>
                    <label end="66" start="58" name="NN1"/>
                    <label end="69" start="68" name="PRF"/>
                    <label end="74" start="71" name="AJ0"/>
                    <label end="85" start="76" name="NN1"/>
                    <label end="89" start="87" name="CJC"/>
                    <label end="101" start="91" name="NN1"/>
                    <label end="103" start="103" name="PUQ"/>
                    <label end="105" start="105" name="PUN"/>
                </layer>
            </annotationSet>
            <annotationSet cDate="01/08/2003 12:06:26 PST Wed" status="MANUAL" ID="1535371">
                <layer rank="1" name="FE">
                    <label cBy="618" feID="3489" end="74" start="71" name="Authenticity"/>
                </layer>
                <layer rank="1" name="GF">
                    <label end="74" start="71" name="Dep"/>
                </layer>
                <layer rank="1" name="PT">
                    <label end="74" start="71" name="AJP"/>
                </layer>
                <layer rank="1" name="Sent"/>
                <layer rank="1" name="Other"/>
                <layer rank="1" name="Target">
                    <label cBy="103" end="85" start="76" name="Target"/>
                </layer>
                <layer rank="1" name="Noun"/>
            </annotationSet>
        </sentence>
        <sentence sentNo="0" aPos="16794296" ID="1041942">
            <text>They were encouraged to profess repentance and contrition which in the view of CD and others simply promoted hypocrisy , hence his satire on ` Model Prisoners &quot; in DC 61 . </text>
            <annotationSet cDate="01/08/2003 12:06:26 PST Wed" status="UNANN" ID="1535378">
                <layer rank="1" name="BNC">
                    <label end="3" start="0" name="PNP"/>
                    <label end="8" start="5" name="VBD"/>
                    <label end="19" start="10" name="VVN"/>
                    <label end="22" start="21" name="TO0"/>
                    <label end="30" start="24" name="VVI"/>
                    <label end="41" start="32" name="NN1"/>
                    <label end="45" start="43" name="CJC"/>
                    <label end="56" start="47" name="NN1"/>
                    <label end="62" start="58" name="DTQ"/>
                    <label end="65" start="64" name="PRP"/>
                    <label end="69" start="67" name="AT0"/>
                    <label end="74" start="71" name="NN1"/>
                    <label end="77" start="76" name="PRF"/>
                    <label end="80" start="79" name="CRD"/>
                    <label end="84" start="82" name="CJC"/>
                    <label end="91" start="86" name="NN2"/>
                    <label end="98" start="93" name="AV0"/>
                    <label end="107" start="100" name="AJ0-VVD"/>
                    <label end="117" start="109" name="AJ0-NN1"/>
                    <label end="119" start="119" name="PUN"/>
                    <label end="125" start="121" name="AV0"/>
                    <label end="129" start="127" name="DPS"/>
                    <label end="136" start="131" name="NN1-VVB"/>
                    <label end="139" start="138" name="PRP"/>
                    <label end="141" start="141" name="PUQ"/>
                    <label end="147" start="143" name="AJ0-NN1"/>
                    <label end="157" start="149" name="NN2"/>
                    <label end="159" start="159" name="PUQ"/>
                    <label end="162" start="161" name="PRP"/>
                    <label end="165" start="164" name="NP0"/>
                    <label end="168" start="167" name="CRD"/>
                    <label end="170" start="170" name="PUN"/>
                </layer>
            </annotationSet>
            <annotationSet cDate="01/08/2003 12:06:26 PST Wed" status="MANUAL" ID="1535379">
                <layer rank="1" name="FE"/>
                <layer rank="1" name="GF"/>
                <layer rank="1" name="PT"/>
                <layer rank="1" name="Sent"/>
                <layer rank="1" name="Other"/>
                <layer rank="1" name="Target">
                    <label cBy="103" end="41" start="32" name="Target"/>
                </layer>
                <layer rank="1" name="Noun">
                    <label end="30" start="24" name="Gov"/>
                    <label end="41" start="32" name="X"/>
                </layer>
            </annotationSet>
        </sentence>
        <sentence sentNo="0" aPos="48295851" ID="1041947">
            <text>Her hope is that ` by enabling insight , they may inspire repentance &quot; . </text>
            <annotationSet cDate="01/08/2003 12:06:27 PST Wed" status="UNANN" ID="1535388">
                <layer rank="1" name="BNC">
                    <label end="2" start="0" name="DPS"/>
                    <label end="7" start="4" name="NN1"/>
                    <label end="10" start="9" name="VBZ"/>
                    <label end="15" start="12" name="CJT-DT0"/>
                    <label end="17" start="17" name="PUQ"/>
                    <label end="20" start="19" name="PRP"/>
                    <label end="29" start="22" name="AJ0-VVG"/>
                    <label end="37" start="31" name="NN1"/>
                    <label end="39" start="39" name="PUN"/>
                    <label end="44" start="41" name="PNP"/>
                    <label end="48" start="46" name="VM0"/>
                    <label end="56" start="50" name="VVI"/>
                    <label end="67" start="58" name="NN1"/>
                    <label end="69" start="69" name="PUQ"/>
                    <label end="71" start="71" name="PUN"/>
                </layer>
            </annotationSet>
            <annotationSet cDate="01/08/2003 12:06:27 PST Wed" status="MANUAL" ID="1535389">
                <layer rank="1" name="FE"/>
                <layer rank="1" name="GF"/>
                <layer rank="1" name="PT"/>
                <layer rank="1" name="Sent"/>
                <layer rank="1" name="Other"/>
                <layer rank="1" name="Target">
                    <label cBy="103" end="67" start="58" name="Target"/>
                </layer>
                <layer rank="1" name="Noun">
                    <label end="56" start="50" name="Gov"/>
                    <label end="67" start="58" name="X"/>
                </layer>
            </annotationSet>
        </sentence>
    </subCorpus>
    <subCorpus name="N-429-s20-lgov-feel"/>
    <subCorpus name="N-429-s20-lgov-show">
        <sentence sentNo="0" aPos="64206760" ID="1041960">
            <text>You have n't shown any repentance . &quot; </text>
            <annotationSet cDate="01/08/2003 12:06:28 PST Wed" status="UNANN" ID="1535414">
                <layer rank="1" name="BNC">
                    <label end="2" start="0" name="PNP"/>
                    <label end="7" start="4" name="VHB"/>
                    <label end="11" start="9" name="XX0"/>
                    <label end="17" start="13" name="VVN"/>
                    <label end="21" start="19" name="DT0"/>
                    <label end="32" start="23" name="NN1"/>
                    <label end="34" start="34" name="PUN"/>
                    <label end="36" start="36" name="PUQ"/>
                </layer>
            </annotationSet>
            <annotationSet cDate="01/08/2003 12:06:28 PST Wed" status="MANUAL" ID="1535415">
                <layer rank="1" name="FE"/>
                <layer rank="1" name="GF"/>
                <layer rank="1" name="PT"/>
                <layer rank="1" name="Sent"/>
                <layer rank="1" name="Other"/>
                <layer rank="1" name="Target">
                    <label cBy="103" end="32" start="23" name="Target"/>
                </layer>
                <layer rank="1" name="Noun">
                    <label end="17" start="13" name="Gov"/>
                    <label end="32" start="19" name="X"/>
                </layer>
            </annotationSet>
        </sentence>
        <sentence sentNo="0" aPos="86649633" ID="1041965">
            <text>The official news agency , Xinhua , stated that he had been released because he had shown repentance . </text>
            <annotationSet cDate="01/08/2003 12:06:29 PST Wed" status="UNANN" ID="1535424">
                <layer rank="1" name="BNC">
                    <label end="2" start="0" name="AT0"/>
                    <label end="11" start="4" name="AJ0"/>
                    <label end="16" start="13" name="NN1"/>
                    <label end="23" start="18" name="NN1"/>
                    <label end="25" start="25" name="PUN"/>
                    <label end="32" start="27" name="NP0"/>
                    <label end="34" start="34" name="PUN"/>
                    <label end="41" start="36" name="VVD-VVN"/>
                    <label end="46" start="43" name="CJT"/>
                    <label end="49" start="48" name="PNP"/>
                    <label end="53" start="51" name="VHD"/>
                    <label end="58" start="55" name="VBN"/>
                    <label end="67" start="60" name="VVN"/>
                    <label end="75" start="69" name="CJS"/>
                    <label end="78" start="77" name="PNP"/>
                    <label end="82" start="80" name="VHD"/>
                    <label end="88" start="84" name="VVN"/>
                    <label end="99" start="90" name="NN1"/>
                    <label end="101" start="101" name="PUN"/>
                </layer>
            </annotationSet>
            <annotationSet cDate="01/08/2003 12:06:29 PST Wed" status="MANUAL" ID="1535425">
                <layer rank="1" name="FE"/>
                <layer rank="1" name="GF"/>
                <layer rank="1" name="PT"/>
                <layer rank="1" name="Sent"/>
                <layer rank="1" name="Other"/>
                <layer rank="1" name="Target">
                    <label cBy="103" end="99" start="90" name="Target"/>
                </layer>
                <layer rank="1" name="Noun">
                    <label end="88" start="84" name="Gov"/>
                    <label end="99" start="90" name="X"/>
                </layer>
            </annotationSet>
        </sentence>
    </subCorpus>
    <subCorpus name="N-429-s20-lgov-to">
        <sentence sentNo="0" aPos="7007725" ID="1041967">
            <text>It was the middle-class , and especially Dissenters and Evangelicals , who wrote regular diaries as an aid to daily reviews of conduct and repentance for sin . </text>
            <annotationSet cDate="01/08/2003 12:06:29 PST Wed" status="UNANN" ID="1535428">
                <layer rank="1" name="BNC">
                    <label end="1" start="0" name="PNP"/>
                    <label end="5" start="3" name="VBD"/>
                    <label end="9" start="7" name="AT0"/>
                    <label end="22" start="11" name="AJ0"/>
                    <label end="24" start="24" name="PUN"/>
                    <label end="28" start="26" name="CJC"/>
                    <label end="39" start="30" name="AV0"/>
                    <label end="50" start="41" name="NP0"/>
                    <label end="54" start="52" name="CJC"/>
                    <label end="67" start="56" name="NN2"/>
                    <label end="69" start="69" name="PUN"/>
                    <label end="73" start="71" name="PNQ"/>
                    <label end="79" start="75" name="VVD"/>
                    <label end="87" start="81" name="AJ0"/>
                    <label end="95" start="89" name="NN2"/>
                    <label end="98" start="97" name="PRP"/>
                    <label end="101" start="100" name="AT0"/>
                    <label end="105" start="103" name="NN1"/>
                    <label end="108" start="107" name="PRP"/>
                    <label end="114" start="110" name="AJ0"/>
                    <label end="122" start="116" name="NN2"/>
                    <label end="125" start="124" name="PRF"/>
                    <label end="133" start="127" name="NN1"/>
                    <label end="137" start="135" name="CJC"/>
                    <label end="148" start="139" name="NN1"/>
                    <label end="152" start="150" name="PRP"/>
                    <label end="156" start="154" name="NN1"/>
                    <label end="158" start="158" name="PUN"/>
                </layer>
            </annotationSet>
            <annotationSet cDate="01/08/2003 12:06:29 PST Wed" status="MANUAL" ID="1535429">
                <layer rank="1" name="FE">
                    <label cBy="618" feID="3408" end="156" start="150" name="Action"/>
                </layer>
                <layer rank="1" name="GF">
                    <label end="156" start="150" name="Dep"/>
                </layer>
                <layer rank="1" name="PT">
                    <label end="156" start="150" name="PP"/>
                </layer>
                <layer rank="1" name="Sent"/>
                <layer rank="1" name="Other"/>
                <layer rank="1" name="Target">
                    <label cBy="103" end="148" start="139" name="Target"/>
                </layer>
                <layer rank="1" name="Noun"/>
            </annotationSet>
        </sentence>
        <sentence sentNo="0" aPos="49134809" ID="1041972">
            <text>Yet even after all the disobedience , God still promises to respond to the call of genuine repentance . </text>
            <annotationSet cDate="01/08/2003 12:06:30 PST Wed" status="UNANN" ID="1535438">
                <layer rank="1" name="BNC">
                    <label end="2" start="0" name="AV0"/>
                    <label end="7" start="4" name="AV0"/>
                    <label end="13" start="9" name="PRP"/>
                    <label end="17" start="15" name="DT0"/>
                    <label end="21" start="19" name="AT0"/>
                    <label end="34" start="23" name="NN1"/>
                    <label end="36" start="36" name="PUN"/>
                    <label end="40" start="38" name="NP0"/>
                    <label end="46" start="42" name="AV0"/>
                    <label end="55" start="48" name="VVZ"/>
                    <label end="58" start="57" name="TO0"/>
                    <label end="66" start="60" name="VVI"/>
                    <label end="69" start="68" name="PRP"/>
                    <label end="73" start="71" name="AT0"/>
                    <label end="78" start="75" name="NN1"/>
                    <label end="81" start="80" name="PRF"/>
                    <label end="89" start="83" name="AJ0"/>
                    <label end="100" start="91" name="NN1"/>
                    <label end="102" start="102" name="PUN"/>
                </layer>
            </annotationSet>
            <annotationSet cDate="01/08/2003 12:06:30 PST Wed" status="MANUAL" ID="1535439">
                <layer rank="1" name="FE">
                    <label cBy="618" feID="3489" end="89" start="83" name="Authenticity"/>
                </layer>
                <layer rank="1" name="GF">
                    <label end="89" start="83" name="Dep"/>
                </layer>
                <layer rank="1" name="PT">
                    <label end="89" start="83" name="AJP"/>
                </layer>
                <layer rank="1" name="Sent"/>
                <layer rank="1" name="Other"/>
                <layer rank="1" name="Target">
                    <label cBy="103" end="100" start="91" name="Target"/>
                </layer>
                <layer rank="1" name="Noun"/>
            </annotationSet>
        </sentence>
    </subCorpus>
</lexUnit>