<?xml version="1.0" encoding="UTF-8" standalone="yes"?>
<?xml-stylesheet type="text/xsl" href="lexUnit.xsl"?>
<lexUnit status="FN1_Sent" POS="V" name="attest.v" ID="688" frame="Statement" frameID="43" totalAnnotated="14" xsi:schemaLocation="../schema/lexUnit.xsd" xmlns="http://framenet.icsi.berkeley.edu" xmlns:xsi="http://www.w3.org/2001/XMLSchema-instance">
    <header>
        <frame>
            <FE fgColor="FFFFFF" bgColor="006400" type="Extra-Thematic" abbrev="Add" name="Addressee"/>
            <FE fgColor="000000" bgColor="2E8B57" type="Extra-Thematic" abbrev="" name="Containing_event"/>
            <FE fgColor="000000" bgColor="EEE8AA" type="Extra-Thematic" abbrev="Deg" name="Degree"/>
            <FE fgColor="FFFFFF" bgColor="9400D3" type="Extra-Thematic" abbrev="Dep" name="Depictive"/>
            <FE fgColor="FFFFFF" bgColor="00008B" type="Extra-Thematic" abbrev="Epi" name="Epistemic_stance"/>
            <FE fgColor="00008B" bgColor="FFFF00" type="Extra-Thematic" abbrev="Eve" name="Event_description"/>
            <FE fgColor="FFFFFF" bgColor="1E90FF" type="Extra-Thematic" abbrev="" name="Frequency"/>
            <FE fgColor="000000" bgColor="d0d0d0" type="Extra-Thematic" abbrev="Gro" name="Group"/>
            <FE fgColor="FFFFFF" bgColor="7CCD7C" type="Extra-Thematic" abbrev="ICause" name="Internal_cause"/>
            <FE fgColor="FFFFFF" bgColor="2E8B57" type="Extra-Thematic" abbrev="" name="Iteration"/>
            <FE fgColor="FFFFFF" bgColor="FF00FF" type="Peripheral" abbrev="Manr" name="Manner"/>
            <FE fgColor="FFFFFF" bgColor="A52A2A" type="Peripheral" abbrev="Mns" name="Means"/>
            <FE fgColor="FFFFFF" bgColor="808080" type="Core" abbrev="Medium" name="Medium"/>
            <FE fgColor="FFFFFF" bgColor="00BFFF" type="Core" abbrev="Msg" name="Message"/>
            <FE fgColor="FFFFFF" bgColor="9F79EE" type="Extra-Thematic" abbrev="" name="Occasion"/>
            <FE fgColor="FFFFFF" bgColor="90876C" type="Extra-Thematic" abbrev="par" name="Particular_iteration"/>
            <FE fgColor="FFFFFF" bgColor="008000" type="Peripheral" abbrev="Pla" name="Place"/>
            <FE fgColor="FFFFFF" bgColor="FF0000" type="Core" abbrev="Spkr" name="Speaker"/>
            <FE fgColor="FFFFFF" bgColor="FFA500" type="Peripheral" abbrev="Time" name="Time"/>
            <FE fgColor="FFFFFF" bgColor="0000FF" type="Core" abbrev="Top" name="Topic"/>
        </frame>
    </header>
    <definition>COD: declare that something exists or is the case.</definition>
    <lexeme POS="V" name="attest"/>
    <valences>
        <FERealization total="1">
            <FE name="Means"/>
            <pattern total="1">
                <valenceUnit GF="Dep" PT="PP[by]" FE="Means"/>
                <annoSet ID="482472"/>
            </pattern>
        </FERealization>
        <FERealization total="14">
            <FE name="Message"/>
            <pattern total="3">
                <valenceUnit GF="Dep" PT="QUO" FE="Message"/>
                <annoSet ID="482266"/>
                <annoSet ID="482472"/>
                <annoSet ID="482476"/>
            </pattern>
            <pattern total="3">
                <valenceUnit GF="Dep" PT="AVP" FE="Message"/>
                <annoSet ID="482256"/>
                <annoSet ID="482262"/>
                <annoSet ID="482322"/>
            </pattern>
            <pattern total="1">
                <valenceUnit GF="Ext" PT="AVP" FE="Message"/>
                <annoSet ID="482310"/>
            </pattern>
            <pattern total="1">
                <valenceUnit GF="Ext" PT="NP" FE="Message"/>
                <annoSet ID="482344"/>
            </pattern>
            <pattern total="6">
                <valenceUnit GF="Dep" PT="Sfin" FE="Message"/>
                <annoSet ID="482532"/>
                <annoSet ID="482534"/>
                <annoSet ID="482536"/>
                <annoSet ID="482538"/>
                <annoSet ID="482540"/>
                <annoSet ID="482548"/>
            </pattern>
        </FERealization>
        <FERealization total="14">
            <FE name="Speaker"/>
            <pattern total="12">
                <valenceUnit GF="Ext" PT="NP" FE="Speaker"/>
                <annoSet ID="482256"/>
                <annoSet ID="482262"/>
                <annoSet ID="482266"/>
                <annoSet ID="482322"/>
                <annoSet ID="482472"/>
                <annoSet ID="482476"/>
                <annoSet ID="482532"/>
                <annoSet ID="482534"/>
                <annoSet ID="482536"/>
                <annoSet ID="482538"/>
                <annoSet ID="482540"/>
                <annoSet ID="482548"/>
            </pattern>
            <pattern total="1">
                <valenceUnit GF="" PT="CNI" FE="Speaker"/>
                <annoSet ID="482310"/>
            </pattern>
            <pattern total="1">
                <valenceUnit GF="Dep" PT="PP[by]" FE="Speaker"/>
                <annoSet ID="482344"/>
            </pattern>
        </FERealization>
        <FEGroupRealization total="1">
            <FE name="Means"/>
            <FE name="Message"/>
            <FE name="Speaker"/>
            <pattern total="1">
                <valenceUnit GF="Dep" PT="PP[by]" FE="Means"/>
                <valenceUnit GF="Dep" PT="QUO" FE="Message"/>
                <valenceUnit GF="Ext" PT="NP" FE="Speaker"/>
                <annoSet ID="482472"/>
            </pattern>
        </FEGroupRealization>
        <FEGroupRealization total="13">
            <FE name="Message"/>
            <FE name="Speaker"/>
            <pattern total="3">
                <valenceUnit GF="Dep" PT="AVP" FE="Message"/>
                <valenceUnit GF="Ext" PT="NP" FE="Speaker"/>
                <annoSet ID="482256"/>
                <annoSet ID="482262"/>
                <annoSet ID="482322"/>
            </pattern>
            <pattern total="1">
                <valenceUnit GF="Ext" PT="AVP" FE="Message"/>
                <valenceUnit GF="" PT="CNI" FE="Speaker"/>
                <annoSet ID="482310"/>
            </pattern>
            <pattern total="1">
                <valenceUnit GF="Ext" PT="NP" FE="Message"/>
                <valenceUnit GF="Dep" PT="PP[by]" FE="Speaker"/>
                <annoSet ID="482344"/>
            </pattern>
            <pattern total="2">
                <valenceUnit GF="Dep" PT="QUO" FE="Message"/>
                <valenceUnit GF="Ext" PT="NP" FE="Speaker"/>
                <annoSet ID="482266"/>
                <annoSet ID="482476"/>
            </pattern>
            <pattern total="6">
                <valenceUnit GF="Dep" PT="Sfin" FE="Message"/>
                <valenceUnit GF="Ext" PT="NP" FE="Speaker"/>
                <annoSet ID="482532"/>
                <annoSet ID="482534"/>
                <annoSet ID="482536"/>
                <annoSet ID="482538"/>
                <annoSet ID="482540"/>
                <annoSet ID="482548"/>
            </pattern>
        </FEGroupRealization>
    </valences>
    <subCorpus name="V-coordpass"/>
    <subCorpus name="V-intrans-other"/>
    <subCorpus name="V-intrans-simple">
        <sentence sentNo="0" aPos="19923225" ID="421051">
            <text>In addition , tonics from plants can be used preventively by healthy people , as our grandparents may attest . </text>
            <annotationSet cDate="01/07/2003 03:13:54 PST Tue" status="UNANN" ID="482255">
                <layer rank="1" name="BNC">
                    <label end="1" start="0" name="AV0"/>
                    <label end="10" start="3" name="AV0"/>
                    <label end="12" start="12" name="PUN"/>
                    <label end="19" start="14" name="NN2"/>
                    <label end="24" start="21" name="PRP"/>
                    <label end="31" start="26" name="NN2"/>
                    <label end="35" start="33" name="VM0"/>
                    <label end="38" start="37" name="VBI"/>
                    <label end="43" start="40" name="VVN"/>
                    <label end="56" start="45" name="AV0"/>
                    <label end="59" start="58" name="PRP"/>
                    <label end="67" start="61" name="AJ0"/>
                    <label end="74" start="69" name="NN0"/>
                    <label end="76" start="76" name="PUN"/>
                    <label end="79" start="78" name="CJS"/>
                    <label end="83" start="81" name="DPS"/>
                    <label end="96" start="85" name="NN2"/>
                    <label end="100" start="98" name="VM0"/>
                    <label end="107" start="102" name="VVI"/>
                    <label end="109" start="109" name="PUN"/>
                </layer>
            </annotationSet>
            <annotationSet cDate="01/07/2003 03:13:54 PST Tue" status="MANUAL" ID="482256">
                <layer rank="1" name="FE">
                    <label cBy="103" feID="185" end="79" start="78" name="Message"/>
                    <label cBy="103" feID="183" end="96" start="81" name="Speaker"/>
                </layer>
                <layer rank="1" name="GF">
                    <label end="79" start="78" name="Dep"/>
                    <label end="96" start="81" name="Ext"/>
                </layer>
                <layer rank="1" name="PT">
                    <label end="79" start="78" name="AVP"/>
                    <label end="96" start="81" name="NP"/>
                </layer>
                <layer rank="1" name="Sent">
                    <label end="0" start="0" name="sense1"/>
                </layer>
                <layer rank="1" name="Other"/>
                <layer rank="1" name="Target">
                    <label cBy="103" end="107" start="102" name="Target"/>
                </layer>
                <layer rank="1" name="Verb"/>
            </annotationSet>
        </sentence>
        <sentence sentNo="0" aPos="41317443" ID="421054">
            <text>As Mr Perez will attest , that is no small accomplishment . </text>
            <annotationSet cDate="01/07/2003 03:13:54 PST Tue" status="UNANN" ID="482261">
                <layer rank="1" name="BNC">
                    <label end="1" start="0" name="CJS"/>
                    <label end="4" start="3" name="NP0"/>
                    <label end="10" start="6" name="NP0"/>
                    <label end="15" start="12" name="VM0"/>
                    <label end="22" start="17" name="VVI"/>
                    <label end="24" start="24" name="PUN"/>
                    <label end="29" start="26" name="CJT-DT0"/>
                    <label end="32" start="31" name="VBZ"/>
                    <label end="35" start="34" name="AT0"/>
                    <label end="41" start="37" name="AJ0"/>
                    <label end="56" start="43" name="NN1"/>
                    <label end="58" start="58" name="PUN"/>
                </layer>
            </annotationSet>
            <annotationSet cDate="01/07/2003 03:13:54 PST Tue" status="MANUAL" ID="482262">
                <layer rank="1" name="FE">
                    <label cBy="103" feID="185" end="1" start="0" name="Message"/>
                    <label cBy="103" feID="183" end="10" start="3" name="Speaker"/>
                </layer>
                <layer rank="1" name="GF">
                    <label end="1" start="0" name="Dep"/>
                    <label end="10" start="3" name="Ext"/>
                </layer>
                <layer rank="1" name="PT">
                    <label end="1" start="0" name="AVP"/>
                    <label end="10" start="3" name="NP"/>
                </layer>
                <layer rank="1" name="Sent">
                    <label end="0" start="0" name="sense1"/>
                </layer>
                <layer rank="1" name="Other"/>
                <layer rank="1" name="Target">
                    <label cBy="103" end="22" start="17" name="Target"/>
                </layer>
                <layer rank="1" name="Verb"/>
            </annotationSet>
        </sentence>
        <sentence sentNo="0" aPos="43349712" ID="421056">
            <text>God intended it , he attests . </text>
            <annotationSet cDate="01/07/2003 03:13:54 PST Tue" status="UNANN" ID="482265">
                <layer rank="1" name="BNC">
                    <label end="2" start="0" name="NP0"/>
                    <label end="11" start="4" name="VVD"/>
                    <label end="14" start="13" name="PNP"/>
                    <label end="16" start="16" name="PUN"/>
                    <label end="19" start="18" name="PNP"/>
                    <label end="27" start="21" name="VVZ"/>
                    <label end="29" start="29" name="PUN"/>
                </layer>
            </annotationSet>
            <annotationSet cDate="01/07/2003 03:13:55 PST Tue" status="MANUAL" ID="482266">
                <layer rank="1" name="FE">
                    <label cBy="103" feID="185" end="14" start="0" name="Message"/>
                    <label cBy="103" feID="183" end="19" start="18" name="Speaker"/>
                </layer>
                <layer rank="1" name="GF">
                    <label end="14" start="0" name="Dep"/>
                    <label end="19" start="18" name="Ext"/>
                </layer>
                <layer rank="1" name="PT">
                    <label end="14" start="0" name="QUO"/>
                    <label end="19" start="18" name="NP"/>
                </layer>
                <layer rank="1" name="Sent">
                    <label end="0" start="0" name="sense1"/>
                </layer>
                <layer rank="1" name="Other"/>
                <layer rank="1" name="Target">
                    <label cBy="103" end="27" start="21" name="Target"/>
                </layer>
                <layer rank="1" name="Verb"/>
            </annotationSet>
        </sentence>
        <sentence sentNo="0" aPos="90620872" ID="421078">
            <text>However , as is widely attested , irrespective of minimum wages , women do tend to earn less than men in the First as well as the Third World . </text>
            <annotationSet cDate="01/07/2003 03:13:57 PST Tue" status="UNANN" ID="482309">
                <layer rank="1" name="BNC">
                    <label end="6" start="0" name="AV0"/>
                    <label end="8" start="8" name="PUN"/>
                    <label end="11" start="10" name="CJS"/>
                    <label end="14" start="13" name="VBZ"/>
                    <label end="21" start="16" name="AV0"/>
                    <label end="30" start="23" name="VVN"/>
                    <label end="32" start="32" name="PUN"/>
                    <label end="45" start="34" name="PRP"/>
                    <label end="48" start="47" name="PRP"/>
                    <label end="56" start="50" name="AJ0"/>
                    <label end="62" start="58" name="NN2"/>
                    <label end="64" start="64" name="PUN"/>
                    <label end="70" start="66" name="NN2"/>
                    <label end="73" start="72" name="VDB"/>
                    <label end="78" start="75" name="VVI"/>
                    <label end="81" start="80" name="TO0"/>
                    <label end="86" start="83" name="VVI"/>
                    <label end="91" start="88" name="AV0"/>
                    <label end="96" start="93" name="CJS"/>
                    <label end="100" start="98" name="NN2"/>
                    <label end="103" start="102" name="PRP"/>
                    <label end="107" start="105" name="AT0"/>
                    <label end="113" start="109" name="ORD"/>
                    <label end="116" start="115" name="CJC"/>
                    <label end="121" start="118" name="CJC"/>
                    <label end="124" start="123" name="CJC"/>
                    <label end="128" start="126" name="AT0"/>
                    <label end="134" start="130" name="ORD"/>
                    <label end="140" start="136" name="NN1"/>
                    <label end="142" start="142" name="PUN"/>
                </layer>
            </annotationSet>
            <annotationSet cDate="01/07/2003 03:13:57 PST Tue" status="MANUAL" ID="482310">
                <layer rank="1" name="FE">
                    <label cBy="103" feID="185" end="11" start="10" name="Message"/>
                    <label cBy="103" feID="183" itype="CNI" name="Speaker"/>
                </layer>
                <layer rank="1" name="GF">
                    <label end="11" start="10" name="Ext"/>
                </layer>
                <layer rank="1" name="PT">
                    <label end="11" start="10" name="AVP"/>
                </layer>
                <layer rank="1" name="Sent">
                    <label end="0" start="0" name="sense1"/>
                </layer>
                <layer rank="1" name="Other"/>
                <layer rank="1" name="Target">
                    <label cBy="103" end="30" start="23" name="Target"/>
                </layer>
                <layer rank="1" name="Verb"/>
            </annotationSet>
        </sentence>
        <sentence sentNo="0" aPos="106688159" ID="421084">
            <text>One is that , as David Mellor or several members of the royal family might attest , cumulative disclosures acquire momentum . </text>
            <annotationSet cDate="01/07/2003 03:13:58 PST Tue" status="UNANN" ID="482321">
                <layer rank="1" name="BNC">
                    <label end="2" start="0" name="CRD-PNI"/>
                    <label end="5" start="4" name="VBZ"/>
                    <label end="10" start="7" name="CJT-DT0"/>
                    <label end="12" start="12" name="PUN"/>
                    <label end="15" start="14" name="CJS"/>
                    <label end="21" start="17" name="NP0"/>
                    <label end="28" start="23" name="NP0"/>
                    <label end="31" start="30" name="CJC"/>
                    <label end="39" start="33" name="DT0"/>
                    <label end="47" start="41" name="NN2"/>
                    <label end="50" start="49" name="PRF"/>
                    <label end="54" start="52" name="AT0"/>
                    <label end="60" start="56" name="AJ0"/>
                    <label end="67" start="62" name="NN0"/>
                    <label end="73" start="69" name="VM0"/>
                    <label end="80" start="75" name="VVI"/>
                    <label end="82" start="82" name="PUN"/>
                    <label end="93" start="84" name="AJ0"/>
                    <label end="105" start="95" name="NN2"/>
                    <label end="113" start="107" name="VVB"/>
                    <label end="122" start="115" name="NN1"/>
                    <label end="124" start="124" name="PUN"/>
                </layer>
            </annotationSet>
            <annotationSet cDate="01/07/2003 03:13:58 PST Tue" status="MANUAL" ID="482322">
                <layer rank="1" name="FE">
                    <label cBy="103" feID="185" end="15" start="14" name="Message"/>
                    <label cBy="103" feID="183" end="67" start="17" name="Speaker"/>
                </layer>
                <layer rank="1" name="GF">
                    <label end="15" start="14" name="Dep"/>
                    <label end="67" start="17" name="Ext"/>
                </layer>
                <layer rank="1" name="PT">
                    <label end="15" start="14" name="AVP"/>
                    <label end="67" start="17" name="NP"/>
                </layer>
                <layer rank="1" name="Sent">
                    <label end="0" start="0" name="sense1"/>
                </layer>
                <layer rank="1" name="Other"/>
                <layer rank="1" name="Target">
                    <label cBy="103" end="80" start="75" name="Target"/>
                </layer>
                <layer rank="1" name="Verb"/>
            </annotationSet>
        </sentence>
    </subCorpus>
    <subCorpus name="V-invertquote"/>
    <subCorpus name="V-np-ppto">
        <sentence sentNo="0" aPos="55157901" ID="421095">
            <text>The broad guiding principle , attested by many authorities , is that one looks to see what the taxpayer has done to earn the profit in question . </text>
            <annotationSet cDate="01/07/2003 03:14:00 PST Tue" status="UNANN" ID="482343">
                <layer rank="1" name="BNC">
                    <label end="2" start="0" name="AT0"/>
                    <label end="8" start="4" name="AJ0"/>
                    <label end="16" start="10" name="AJ0-NN1"/>
                    <label end="26" start="18" name="NN1"/>
                    <label end="28" start="28" name="PUN"/>
                    <label end="37" start="30" name="VVN"/>
                    <label end="40" start="39" name="PRP"/>
                    <label end="45" start="42" name="DT0"/>
                    <label end="57" start="47" name="NN2"/>
                    <label end="59" start="59" name="PUN"/>
                    <label end="62" start="61" name="VBZ"/>
                    <label end="67" start="64" name="DT0"/>
                    <label end="71" start="69" name="CRD-PNI"/>
                    <label end="77" start="73" name="VVZ"/>
                    <label end="80" start="79" name="TO0"/>
                    <label end="84" start="82" name="VVI"/>
                    <label end="89" start="86" name="DTQ"/>
                    <label end="93" start="91" name="AT0"/>
                    <label end="102" start="95" name="NN1"/>
                    <label end="106" start="104" name="VHZ"/>
                    <label end="111" start="108" name="VDN"/>
                    <label end="114" start="113" name="TO0"/>
                    <label end="119" start="116" name="VVI"/>
                    <label end="123" start="121" name="AT0"/>
                    <label end="130" start="125" name="NN1"/>
                    <label end="133" start="132" name="PRP"/>
                    <label end="142" start="135" name="NN1"/>
                    <label end="144" start="144" name="PUN"/>
                </layer>
            </annotationSet>
            <annotationSet cDate="01/07/2003 03:14:00 PST Tue" status="MANUAL" ID="482344">
                <layer rank="1" name="FE">
                    <label cBy="103" feID="185" end="26" start="0" name="Message"/>
                    <label cBy="103" feID="183" end="57" start="39" name="Speaker"/>
                </layer>
                <layer rank="1" name="GF">
                    <label end="26" start="0" name="Ext"/>
                    <label end="57" start="39" name="Dep"/>
                </layer>
                <layer rank="1" name="PT">
                    <label end="26" start="0" name="NP"/>
                    <label end="57" start="39" name="PP"/>
                </layer>
                <layer rank="1" name="Sent">
                    <label end="0" start="0" name="sense1"/>
                </layer>
                <layer rank="1" name="Other"/>
                <layer rank="1" name="Target">
                    <label cBy="103" end="37" start="30" name="Target"/>
                </layer>
                <layer rank="1" name="Verb"/>
            </annotationSet>
        </sentence>
    </subCorpus>
    <subCorpus name="V-ppto"/>
    <subCorpus name="V-quote">
        <sentence sentNo="0" aPos="16427879" ID="421159">
            <text>In a last attempt to avoid this very un-English measure the Liberal Government introduced a scheme , organized by Lord Derby , whereby men ` attested &quot; their willingness to serve if called upon . </text>
            <annotationSet cDate="01/07/2003 03:14:12 PST Tue" status="UNANN" ID="482471">
                <layer rank="1" name="BNC">
                    <label end="1" start="0" name="PRP"/>
                    <label end="3" start="3" name="AT0"/>
                    <label end="8" start="5" name="ORD"/>
                    <label end="16" start="10" name="NN1"/>
                    <label end="19" start="18" name="TO0"/>
                    <label end="25" start="21" name="VVI"/>
                    <label end="30" start="27" name="DT0"/>
                    <label end="35" start="32" name="AJ0-AV0"/>
                    <label end="46" start="37" name="AJ0"/>
                    <label end="54" start="48" name="NN1-VVB"/>
                    <label end="58" start="56" name="AT0"/>
                    <label end="66" start="60" name="AJ0"/>
                    <label end="77" start="68" name="NN0"/>
                    <label end="88" start="79" name="VVD-VVN"/>
                    <label end="90" start="90" name="AT0"/>
                    <label end="97" start="92" name="NN1"/>
                    <label end="99" start="99" name="PUN"/>
                    <label end="109" start="101" name="VVN"/>
                    <label end="112" start="111" name="PRP"/>
                    <label end="117" start="114" name="NP0"/>
                    <label end="123" start="119" name="NP0"/>
                    <label end="125" start="125" name="PUN"/>
                    <label end="133" start="127" name="AVQ"/>
                    <label end="137" start="135" name="NN2"/>
                    <label end="139" start="139" name="PUQ"/>
                    <label end="148" start="141" name="VVD"/>
                    <label end="150" start="150" name="PUQ"/>
                    <label end="156" start="152" name="DPS"/>
                    <label end="168" start="158" name="NN1"/>
                    <label end="171" start="170" name="TO0"/>
                    <label end="177" start="173" name="VVI"/>
                    <label end="180" start="179" name="CJS"/>
                    <label end="187" start="182" name="VVN"/>
                    <label end="192" start="189" name="PRP"/>
                    <label end="194" start="194" name="PUN"/>
                </layer>
            </annotationSet>
            <annotationSet cDate="01/07/2003 03:14:12 PST Tue" status="MANUAL" ID="482472">
                <layer rank="1" name="FE">
                    <label cBy="103" feID="1518" end="133" start="90" name="Means"/>
                    <label cBy="103" feID="183" end="137" start="135" name="Speaker"/>
                    <label cBy="103" feID="185" end="192" start="150" name="Message"/>
                </layer>
                <layer rank="1" name="GF">
                    <label end="133" start="90" name="Dep"/>
                    <label end="137" start="135" name="Ext"/>
                    <label end="192" start="150" name="Dep"/>
                </layer>
                <layer rank="1" name="PT">
                    <label end="133" start="90" name="PP"/>
                    <label end="137" start="135" name="NP"/>
                    <label end="192" start="150" name="QUO"/>
                </layer>
                <layer rank="1" name="Sent">
                    <label end="0" start="0" name="sense1"/>
                </layer>
                <layer rank="1" name="Other"/>
                <layer rank="1" name="Target">
                    <label cBy="103" end="148" start="141" name="Target"/>
                </layer>
                <layer rank="1" name="Verb"/>
            </annotationSet>
        </sentence>
        <sentence sentNo="0" aPos="52424006" ID="421163">
            <text>` I absolutely adored Johnny , &quot; Henrietta attests . </text>
            <annotationSet cDate="01/07/2003 03:14:12 PST Tue" status="UNANN" ID="482475">
                <layer rank="1" name="BNC">
                    <label end="0" start="0" name="PUQ"/>
                    <label end="2" start="2" name="PNP"/>
                    <label end="13" start="4" name="AV0"/>
                    <label end="20" start="15" name="VVD"/>
                    <label end="27" start="22" name="NP0"/>
                    <label end="29" start="29" name="PUN"/>
                    <label end="31" start="31" name="PUQ"/>
                    <label end="41" start="33" name="NP0"/>
                    <label end="49" start="43" name="VVZ"/>
                    <label end="51" start="51" name="PUN"/>
                </layer>
            </annotationSet>
            <annotationSet cDate="01/07/2003 03:14:12 PST Tue" status="MANUAL" ID="482476">
                <layer rank="1" name="FE">
                    <label cBy="103" feID="185" end="31" start="0" name="Message"/>
                    <label cBy="103" feID="183" end="41" start="33" name="Speaker"/>
                </layer>
                <layer rank="1" name="GF">
                    <label end="31" start="0" name="Dep"/>
                    <label end="41" start="33" name="Ext"/>
                </layer>
                <layer rank="1" name="PT">
                    <label end="31" start="0" name="QUO"/>
                    <label end="41" start="33" name="NP"/>
                </layer>
                <layer rank="1" name="Sent">
                    <label end="0" start="0" name="sense1"/>
                </layer>
                <layer rank="1" name="Other"/>
                <layer rank="1" name="Target">
                    <label cBy="103" end="49" start="43" name="Target"/>
                </layer>
                <layer rank="1" name="Verb"/>
            </annotationSet>
        </sentence>
    </subCorpus>
    <subCorpus name="V-sfin"/>
    <subCorpus name="V-surepass"/>
    <subCorpus name="V-that-sfin">
        <sentence sentNo="0" aPos="40411416" ID="421217">
            <text>Croatian country manager Huw Jenkins attested that contracts are still being signed and cash is still being paid , while moves towards privatisation are freeing up budgets that were previously frozen . </text>
            <annotationSet cDate="01/07/2003 03:14:18 PST Tue" status="UNANN" ID="482531">
                <layer rank="1" name="BNC">
                    <label end="7" start="0" name="AJ0"/>
                    <label end="15" start="9" name="NN1"/>
                    <label end="23" start="17" name="NN1"/>
                    <label end="27" start="25" name="NP0"/>
                    <label end="35" start="29" name="NP0"/>
                    <label end="44" start="37" name="VVD"/>
                    <label end="49" start="46" name="CJT"/>
                    <label end="59" start="51" name="NN2"/>
                    <label end="63" start="61" name="VBB"/>
                    <label end="69" start="65" name="AV0"/>
                    <label end="75" start="71" name="VBG"/>
                    <label end="82" start="77" name="VVN"/>
                    <label end="86" start="84" name="CJC"/>
                    <label end="91" start="88" name="NN1"/>
                    <label end="94" start="93" name="VBZ"/>
                    <label end="100" start="96" name="AV0"/>
                    <label end="106" start="102" name="VBG"/>
                    <label end="111" start="108" name="VVN"/>
                    <label end="113" start="113" name="PUN"/>
                    <label end="119" start="115" name="CJS"/>
                    <label end="125" start="121" name="NN2-VVZ"/>
                    <label end="133" start="127" name="PRP"/>
                    <label end="147" start="135" name="NN1"/>
                    <label end="151" start="149" name="VBB"/>
                    <label end="159" start="153" name="VVG"/>
                    <label end="162" start="161" name="AVP"/>
                    <label end="170" start="164" name="NN2"/>
                    <label end="175" start="172" name="CJT"/>
                    <label end="180" start="177" name="VBD"/>
                    <label end="191" start="182" name="AV0"/>
                    <label end="198" start="193" name="VVN"/>
                    <label end="200" start="200" name="PUN"/>
                </layer>
            </annotationSet>
            <annotationSet cDate="01/07/2003 03:14:19 PST Tue" status="MANUAL" ID="482532">
                <layer rank="1" name="FE">
                    <label cBy="103" feID="183" end="35" start="0" name="Speaker"/>
                    <label cBy="103" feID="185" end="198" start="46" name="Message"/>
                </layer>
                <layer rank="1" name="GF">
                    <label end="35" start="0" name="Ext"/>
                    <label end="198" start="46" name="Dep"/>
                </layer>
                <layer rank="1" name="PT">
                    <label end="35" start="0" name="NP"/>
                    <label end="198" start="46" name="Sfin"/>
                </layer>
                <layer rank="1" name="Sent">
                    <label end="0" start="0" name="sense1"/>
                </layer>
                <layer rank="1" name="Other"/>
                <layer rank="1" name="Target">
                    <label cBy="103" end="44" start="37" name="Target"/>
                </layer>
                <layer rank="1" name="Verb"/>
            </annotationSet>
        </sentence>
        <sentence sentNo="0" aPos="40664522" ID="421220">
            <text>O'Connell attests that this is a much more elegant way of offering bespoke software , formerly a high revenue earner for the company . </text>
            <annotationSet cDate="01/07/2003 03:14:19 PST Tue" status="UNANN" ID="482533">
                <layer rank="1" name="BNC">
                    <label end="8" start="0" name="NP0"/>
                    <label end="16" start="10" name="VVZ"/>
                    <label end="21" start="18" name="CJT"/>
                    <label end="26" start="23" name="DT0"/>
                    <label end="29" start="28" name="VBZ"/>
                    <label end="31" start="31" name="AT0"/>
                    <label end="36" start="33" name="AV0"/>
                    <label end="41" start="38" name="AV0"/>
                    <label end="49" start="43" name="AJ0"/>
                    <label end="53" start="51" name="NN1"/>
                    <label end="56" start="55" name="PRF"/>
                    <label end="65" start="58" name="AJ0-VVG"/>
                    <label end="73" start="67" name="NN1"/>
                    <label end="82" start="75" name="NN1"/>
                    <label end="84" start="84" name="PUN"/>
                    <label end="93" start="86" name="AV0"/>
                    <label end="95" start="95" name="AT0"/>
                    <label end="100" start="97" name="AJ0"/>
                    <label end="108" start="102" name="NN1"/>
                    <label end="115" start="110" name="NN1"/>
                    <label end="119" start="117" name="PRP"/>
                    <label end="123" start="121" name="AT0"/>
                    <label end="131" start="125" name="NN1"/>
                    <label end="133" start="133" name="PUN"/>
                </layer>
            </annotationSet>
            <annotationSet cDate="01/07/2003 03:14:19 PST Tue" status="MANUAL" ID="482534">
                <layer rank="1" name="FE">
                    <label cBy="103" feID="183" end="8" start="0" name="Speaker"/>
                    <label cBy="103" feID="185" end="82" start="18" name="Message"/>
                </layer>
                <layer rank="1" name="GF">
                    <label end="8" start="0" name="Ext"/>
                    <label end="82" start="18" name="Dep"/>
                </layer>
                <layer rank="1" name="PT">
                    <label end="8" start="0" name="NP"/>
                    <label end="82" start="18" name="Sfin"/>
                </layer>
                <layer rank="1" name="Sent">
                    <label end="0" start="0" name="sense1"/>
                </layer>
                <layer rank="1" name="Other"/>
                <layer rank="1" name="Target">
                    <label cBy="103" end="16" start="10" name="Target"/>
                </layer>
                <layer rank="1" name="Verb"/>
            </annotationSet>
        </sentence>
        <sentence sentNo="0" aPos="52413736" ID="421222">
            <text>She also attests that , though she found a friend in the painting tutor Colin Hayes , ` the warmth and heart of the school was John Minton whose compassion , sophistication and wit were immensely necessary &quot; . </text>
            <annotationSet cDate="01/07/2003 03:14:19 PST Tue" status="UNANN" ID="482535">
                <layer rank="1" name="BNC">
                    <label end="2" start="0" name="PNP"/>
                    <label end="7" start="4" name="AV0"/>
                    <label end="15" start="9" name="VVZ"/>
                    <label end="20" start="17" name="CJT"/>
                    <label end="22" start="22" name="PUN"/>
                    <label end="29" start="24" name="CJS"/>
                    <label end="33" start="31" name="PNP"/>
                    <label end="39" start="35" name="VVD"/>
                    <label end="41" start="41" name="AT0"/>
                    <label end="48" start="43" name="NN1"/>
                    <label end="51" start="50" name="PRP"/>
                    <label end="55" start="53" name="AT0"/>
                    <label end="64" start="57" name="NN1"/>
                    <label end="70" start="66" name="NN1"/>
                    <label end="76" start="72" name="NP0"/>
                    <label end="82" start="78" name="NP0"/>
                    <label end="84" start="84" name="PUN"/>
                    <label end="86" start="86" name="PUQ"/>
                    <label end="90" start="88" name="AT0"/>
                    <label end="97" start="92" name="NN1"/>
                    <label end="101" start="99" name="CJC"/>
                    <label end="107" start="103" name="NN1"/>
                    <label end="110" start="109" name="PRF"/>
                    <label end="114" start="112" name="AT0"/>
                    <label end="121" start="116" name="NN1"/>
                    <label end="125" start="123" name="VBD"/>
                    <label end="130" start="127" name="NP0"/>
                    <label end="137" start="132" name="NP0"/>
                    <label end="143" start="139" name="DTQ"/>
                    <label end="154" start="145" name="NN1"/>
                    <label end="156" start="156" name="PUN"/>
                    <label end="171" start="158" name="NN1"/>
                    <label end="175" start="173" name="CJC"/>
                    <label end="179" start="177" name="NN1"/>
                    <label end="184" start="181" name="VBD"/>
                    <label end="194" start="186" name="AV0"/>
                    <label end="204" start="196" name="AJ0"/>
                    <label end="206" start="206" name="PUQ"/>
                    <label end="208" start="208" name="PUN"/>
                </layer>
            </annotationSet>
            <annotationSet cDate="01/07/2003 03:14:20 PST Tue" status="MANUAL" ID="482536">
                <layer rank="1" name="FE">
                    <label cBy="103" feID="183" end="2" start="0" name="Speaker"/>
                    <label cBy="103" feID="185" end="206" start="17" name="Message"/>
                </layer>
                <layer rank="1" name="GF">
                    <label end="2" start="0" name="Ext"/>
                    <label end="206" start="17" name="Dep"/>
                </layer>
                <layer rank="1" name="PT">
                    <label end="2" start="0" name="NP"/>
                    <label end="206" start="17" name="Sfin"/>
                </layer>
                <layer rank="1" name="Sent">
                    <label end="0" start="0" name="sense1"/>
                </layer>
                <layer rank="1" name="Other"/>
                <layer rank="1" name="Target">
                    <label cBy="103" end="15" start="9" name="Target"/>
                </layer>
                <layer rank="1" name="Verb"/>
            </annotationSet>
        </sentence>
        <sentence sentNo="0" aPos="52413865" ID="421225">
            <text>In conversation Weight also attests that he knew nobody he liked sitting alone with more than John Minton . </text>
            <annotationSet cDate="01/07/2003 03:14:20 PST Tue" status="UNANN" ID="482537">
                <layer rank="1" name="BNC">
                    <label end="1" start="0" name="PRP"/>
                    <label end="14" start="3" name="NN1"/>
                    <label end="21" start="16" name="NN1"/>
                    <label end="26" start="23" name="AV0"/>
                    <label end="34" start="28" name="VVZ"/>
                    <label end="39" start="36" name="CJT"/>
                    <label end="42" start="41" name="PNP"/>
                    <label end="47" start="44" name="VVD"/>
                    <label end="54" start="49" name="PNI"/>
                    <label end="57" start="56" name="PNP"/>
                    <label end="63" start="59" name="VVD"/>
                    <label end="71" start="65" name="VVG"/>
                    <label end="77" start="73" name="AJ0-AV0"/>
                    <label end="82" start="79" name="PRP"/>
                    <label end="87" start="84" name="DT0"/>
                    <label end="92" start="89" name="CJS"/>
                    <label end="97" start="94" name="NP0"/>
                    <label end="104" start="99" name="NP0"/>
                    <label end="106" start="106" name="PUN"/>
                </layer>
            </annotationSet>
            <annotationSet cDate="01/07/2003 03:14:20 PST Tue" status="MANUAL" ID="482538">
                <layer rank="1" name="FE">
                    <label cBy="103" feID="183" end="21" start="16" name="Speaker"/>
                    <label cBy="103" feID="185" end="104" start="36" name="Message"/>
                </layer>
                <layer rank="1" name="GF">
                    <label end="21" start="16" name="Ext"/>
                    <label end="104" start="36" name="Dep"/>
                </layer>
                <layer rank="1" name="PT">
                    <label end="21" start="16" name="NP"/>
                    <label end="104" start="36" name="Sfin"/>
                </layer>
                <layer rank="1" name="Sent">
                    <label end="0" start="0" name="sense1"/>
                </layer>
                <layer rank="1" name="Other"/>
                <layer rank="1" name="Target">
                    <label cBy="103" end="34" start="28" name="Target"/>
                </layer>
                <layer rank="1" name="Verb"/>
            </annotationSet>
        </sentence>
        <sentence sentNo="0" aPos="69359421" ID="421227">
            <text>The deceased 's solicitor , Eustace Tolby , attested that Newley was on the verge of instituting divorce proceedings against his wife . </text>
            <annotationSet cDate="01/07/2003 03:14:20 PST Tue" status="UNANN" ID="482539">
                <layer rank="1" name="BNC">
                    <label end="2" start="0" name="AT0"/>
                    <label end="11" start="4" name="AJ0"/>
                    <label end="14" start="13" name="VBZ"/>
                    <label end="24" start="16" name="NN1"/>
                    <label end="26" start="26" name="PUN"/>
                    <label end="34" start="28" name="NP0"/>
                    <label end="40" start="36" name="NP0"/>
                    <label end="42" start="42" name="PUN"/>
                    <label end="51" start="44" name="VVD"/>
                    <label end="56" start="53" name="CJT"/>
                    <label end="63" start="58" name="NP0"/>
                    <label end="67" start="65" name="VBD"/>
                    <label end="70" start="69" name="PRP"/>
                    <label end="74" start="72" name="AT0"/>
                    <label end="80" start="76" name="NN1"/>
                    <label end="83" start="82" name="PRF"/>
                    <label end="95" start="85" name="AJ0-VVG"/>
                    <label end="103" start="97" name="NN1"/>
                    <label end="115" start="105" name="NN2"/>
                    <label end="123" start="117" name="PRP"/>
                    <label end="127" start="125" name="DPS"/>
                    <label end="132" start="129" name="NN1"/>
                    <label end="134" start="134" name="PUN"/>
                </layer>
            </annotationSet>
            <annotationSet cDate="01/07/2003 03:14:20 PST Tue" status="MANUAL" ID="482540">
                <layer rank="1" name="FE">
                    <label cBy="103" feID="183" end="42" start="0" name="Speaker"/>
                    <label cBy="103" feID="185" end="132" start="53" name="Message"/>
                </layer>
                <layer rank="1" name="GF">
                    <label end="42" start="0" name="Ext"/>
                    <label end="132" start="53" name="Dep"/>
                </layer>
                <layer rank="1" name="PT">
                    <label end="42" start="0" name="NP"/>
                    <label end="132" start="53" name="Sfin"/>
                </layer>
                <layer rank="1" name="Sent">
                    <label end="0" start="0" name="sense1"/>
                </layer>
                <layer rank="1" name="Other"/>
                <layer rank="1" name="Target">
                    <label cBy="103" end="51" start="44" name="Target"/>
                </layer>
                <layer rank="1" name="Verb"/>
            </annotationSet>
        </sentence>
    </subCorpus>
    <subCorpus name="V-trans-other">
        <sentence sentNo="0" aPos="40541167" ID="421235">
            <text>So , to prove IBM is still on the right track , Graham attests one of the biggest industry myths is that IBM gives huge discounts on its mainframes . </text>
            <annotationSet cDate="01/07/2003 03:14:20 PST Tue" status="UNANN" ID="482547">
                <layer rank="1" name="BNC">
                    <label end="1" start="0" name="AV0"/>
                    <label end="3" start="3" name="PUN"/>
                    <label end="6" start="5" name="TO0"/>
                    <label end="12" start="8" name="VVI"/>
                    <label end="16" start="14" name="NP0"/>
                    <label end="19" start="18" name="VBZ"/>
                    <label end="25" start="21" name="AV0"/>
                    <label end="28" start="27" name="PRP"/>
                    <label end="32" start="30" name="AT0"/>
                    <label end="38" start="34" name="AJ0"/>
                    <label end="44" start="40" name="NN1"/>
                    <label end="46" start="46" name="PUN"/>
                    <label end="53" start="48" name="NP0"/>
                    <label end="61" start="55" name="VVZ"/>
                    <label end="65" start="63" name="CRD"/>
                    <label end="68" start="67" name="PRF"/>
                    <label end="72" start="70" name="AT0"/>
                    <label end="80" start="74" name="AJS"/>
                    <label end="89" start="82" name="NN1"/>
                    <label end="95" start="91" name="NN2"/>
                    <label end="98" start="97" name="VBZ"/>
                    <label end="103" start="100" name="CJT"/>
                    <label end="107" start="105" name="NP0"/>
                    <label end="113" start="109" name="VVZ"/>
                    <label end="118" start="115" name="AJ0"/>
                    <label end="128" start="120" name="NN2"/>
                    <label end="131" start="130" name="PRP"/>
                    <label end="135" start="133" name="DPS"/>
                    <label end="146" start="137" name="NN2"/>
                    <label end="148" start="148" name="PUN"/>
                </layer>
            </annotationSet>
            <annotationSet cDate="01/07/2003 03:14:20 PST Tue" status="MANUAL" ID="482548">
                <layer rank="1" name="FE">
                    <label cBy="103" feID="183" end="53" start="48" name="Speaker"/>
                    <label cBy="103" feID="185" end="146" start="63" name="Message"/>
                </layer>
                <layer rank="1" name="GF">
                    <label end="53" start="48" name="Ext"/>
                    <label end="146" start="63" name="Dep"/>
                </layer>
                <layer rank="1" name="PT">
                    <label end="53" start="48" name="NP"/>
                    <label end="146" start="63" name="Sfin"/>
                </layer>
                <layer rank="1" name="Sent">
                    <label end="0" start="0" name="sense1"/>
                </layer>
                <layer rank="1" name="Other"/>
                <layer rank="1" name="Target">
                    <label cBy="103" end="61" start="55" name="Target"/>
                </layer>
                <layer rank="1" name="Verb"/>
            </annotationSet>
        </sentence>
    </subCorpus>
    <subCorpus name="V-trans-simple"/>
</lexUnit>