<?xml version="1.0" encoding="UTF-8" standalone="yes"?>
<?xml-stylesheet type="text/xsl" href="lexUnit.xsl"?>
<lexUnit status="Finished_Initial" POS="N" name="remorse.n" ID="6809" frame="Contrition" frameID="382" totalAnnotated="30" xsi:schemaLocation="../schema/lexUnit.xsd" xmlns="http://framenet.icsi.berkeley.edu" xmlns:xsi="http://www.w3.org/2001/XMLSchema-instance">
    <header>
        <frame>
            <FE fgColor="FFFFFF" bgColor="FF0000" type="Core" abbrev="Action" name="Action"/>
            <FE fgColor="FFFFFF" bgColor="00008B" type="Peripheral" abbrev="Authenticity" name="Authenticity"/>
            <FE fgColor="FFFFFF" bgColor="FF69B4" type="Peripheral" abbrev="Degr" name="Degree"/>
            <FE fgColor="000000" bgColor="FFFF00" type="Extra-Thematic" abbrev="Dep" name="Depictive"/>
            <FE fgColor="FFFFFF" bgColor="0000FF" type="Core" abbrev="E_state" name="Emotional_state"/>
            <FE fgColor="FFFFFF" bgColor="800080" type="Core" abbrev="Experiencer" name="Experiencer"/>
            <FE fgColor="FFFFFF" bgColor="008000" type="Core" abbrev="Expressor" name="Expressor"/>
            <FE fgColor="FFFFFF" bgColor="9F79EE" type="Extra-Thematic" abbrev="Man" name="Manner"/>
            <FE fgColor="000000" bgColor="7CCD73" type="Extra-Thematic" abbrev="Tim" name="Time"/>
        </frame>
    </header>
    <definition>COD: deep regret or guilt for a wrong committed</definition>
    <lexeme POS="N" name="remorse"/>
    <valences>
        <governor type="Sup" lemma="feel">
            <annoSet ID="1534067"/>
            <annoSet ID="1534079"/>
            <annoSet ID="1534157"/>
            <annoSet ID="1534173"/>
        </governor>
        <governor type="Sup" lemma="without">
            <annoSet ID="1534301"/>
        </governor>
        <governor type="Gov" lemma="express">
            <annoSet ID="1534061"/>
            <annoSet ID="1534119"/>
        </governor>
        <governor type="Gov" lemma="show">
            <annoSet ID="1534213"/>
        </governor>
        <FERealization total="17">
            <FE name="Action"/>
            <pattern total="2">
                <valenceUnit GF="Dep" PT="PP[about]" FE="Action"/>
                <annoSet ID="1534169"/>
                <annoSet ID="1534173"/>
            </pattern>
            <pattern total="2">
                <valenceUnit GF="Dep" PT="PP[at]" FE="Action"/>
                <annoSet ID="1534047"/>
                <annoSet ID="1534277"/>
            </pattern>
            <pattern total="6">
                <valenceUnit GF="Dep" PT="PP[for]" FE="Action"/>
                <annoSet ID="1534055"/>
                <annoSet ID="1534061"/>
                <annoSet ID="1534067"/>
                <annoSet ID="1534177"/>
                <annoSet ID="1534201"/>
                <annoSet ID="1534269"/>
            </pattern>
            <pattern total="3">
                <valenceUnit GF="Dep" PT="PP[over]" FE="Action"/>
                <annoSet ID="1534075"/>
                <annoSet ID="1534179"/>
                <annoSet ID="1534241"/>
            </pattern>
            <pattern total="1">
                <valenceUnit GF="Dep" PT="PPing[at]" FE="Action"/>
                <annoSet ID="1534079"/>
            </pattern>
            <pattern total="2">
                <valenceUnit GF="Dep" PT="PPing[for]" FE="Action"/>
                <annoSet ID="1534085"/>
                <annoSet ID="1534253"/>
            </pattern>
            <pattern total="1">
                <valenceUnit GF="Dep" PT="Sfin" FE="Action"/>
                <annoSet ID="1534033"/>
            </pattern>
        </FERealization>
        <FERealization total="3">
            <FE name="Authenticity"/>
            <pattern total="3">
                <valenceUnit GF="Dep" PT="AJP" FE="Authenticity"/>
                <annoSet ID="1534249"/>
                <annoSet ID="1534251"/>
                <annoSet ID="1534275"/>
            </pattern>
        </FERealization>
        <FERealization total="4">
            <FE name="Degree"/>
            <pattern total="2">
                <valenceUnit GF="Dep" PT="AJP" FE="Degree"/>
                <annoSet ID="1534067"/>
                <annoSet ID="1534097"/>
            </pattern>
            <pattern total="2">
                <valenceUnit GF="Dep" PT="AVP" FE="Degree"/>
                <annoSet ID="1534157"/>
                <annoSet ID="1534241"/>
            </pattern>
        </FERealization>
        <FERealization total="14">
            <FE name="Experiencer"/>
            <pattern total="9">
                <valenceUnit GF="Ext" PT="NP" FE="Experiencer"/>
                <annoSet ID="1534055"/>
                <annoSet ID="1534067"/>
                <annoSet ID="1534079"/>
                <annoSet ID="1534157"/>
                <annoSet ID="1534159"/>
                <annoSet ID="1534169"/>
                <annoSet ID="1534173"/>
                <annoSet ID="1534177"/>
                <annoSet ID="1534301"/>
            </pattern>
            <pattern total="4">
                <valenceUnit GF="Gen" PT="Poss" FE="Experiencer"/>
                <annoSet ID="1534037"/>
                <annoSet ID="1534097"/>
                <annoSet ID="1534115"/>
                <annoSet ID="1534119"/>
            </pattern>
            <pattern total="1">
                <valenceUnit GF="Dep" PT="PP[of]" FE="Experiencer"/>
                <annoSet ID="1534077"/>
            </pattern>
        </FERealization>
        <FERealization total="1">
            <FE name="Expressor"/>
            <pattern total="1">
                <valenceUnit GF="Dep" PT="PP[in]" FE="Expressor"/>
                <annoSet ID="1534071"/>
            </pattern>
        </FERealization>
        <FEGroupRealization total="10">
            <FE name="Action"/>
            <pattern total="2">
                <valenceUnit GF="Dep" PT="PP[at]" FE="Action"/>
                <annoSet ID="1534047"/>
                <annoSet ID="1534277"/>
            </pattern>
            <pattern total="3">
                <valenceUnit GF="Dep" PT="PP[for]" FE="Action"/>
                <annoSet ID="1534061"/>
                <annoSet ID="1534201"/>
                <annoSet ID="1534269"/>
            </pattern>
            <pattern total="2">
                <valenceUnit GF="Dep" PT="PP[over]" FE="Action"/>
                <annoSet ID="1534075"/>
                <annoSet ID="1534179"/>
            </pattern>
            <pattern total="2">
                <valenceUnit GF="Dep" PT="PPing[for]" FE="Action"/>
                <annoSet ID="1534085"/>
                <annoSet ID="1534253"/>
            </pattern>
            <pattern total="1">
                <valenceUnit GF="Dep" PT="Sfin" FE="Action"/>
                <annoSet ID="1534033"/>
            </pattern>
        </FEGroupRealization>
        <FEGroupRealization total="1">
            <FE name="Action"/>
            <FE name="Degree"/>
            <pattern total="1">
                <valenceUnit GF="Dep" PT="PP[over]" FE="Action"/>
                <valenceUnit GF="Dep" PT="AVP" FE="Degree"/>
                <annoSet ID="1534241"/>
            </pattern>
        </FEGroupRealization>
        <FEGroupRealization total="1">
            <FE name="Action"/>
            <FE name="Degree"/>
            <FE name="Experiencer"/>
            <pattern total="1">
                <valenceUnit GF="Dep" PT="PP[for]" FE="Action"/>
                <valenceUnit GF="Dep" PT="AJP" FE="Degree"/>
                <valenceUnit GF="Ext" PT="NP" FE="Experiencer"/>
                <annoSet ID="1534067"/>
            </pattern>
        </FEGroupRealization>
        <FEGroupRealization total="5">
            <FE name="Action"/>
            <FE name="Experiencer"/>
            <pattern total="2">
                <valenceUnit GF="Dep" PT="PP[about]" FE="Action"/>
                <valenceUnit GF="Ext" PT="NP" FE="Experiencer"/>
                <annoSet ID="1534169"/>
                <annoSet ID="1534173"/>
            </pattern>
            <pattern total="2">
                <valenceUnit GF="Dep" PT="PP[for]" FE="Action"/>
                <valenceUnit GF="Ext" PT="NP" FE="Experiencer"/>
                <annoSet ID="1534055"/>
                <annoSet ID="1534177"/>
            </pattern>
            <pattern total="1">
                <valenceUnit GF="Dep" PT="PPing[at]" FE="Action"/>
                <valenceUnit GF="Ext" PT="NP" FE="Experiencer"/>
                <annoSet ID="1534079"/>
            </pattern>
        </FEGroupRealization>
        <FEGroupRealization total="3">
            <FE name="Authenticity"/>
            <pattern total="3">
                <valenceUnit GF="Dep" PT="AJP" FE="Authenticity"/>
                <annoSet ID="1534249"/>
                <annoSet ID="1534251"/>
                <annoSet ID="1534275"/>
            </pattern>
        </FEGroupRealization>
        <FEGroupRealization total="2">
            <FE name="Degree"/>
            <FE name="Experiencer"/>
            <pattern total="1">
                <valenceUnit GF="Dep" PT="AJP" FE="Degree"/>
                <valenceUnit GF="Gen" PT="Poss" FE="Experiencer"/>
                <annoSet ID="1534097"/>
            </pattern>
            <pattern total="1">
                <valenceUnit GF="Dep" PT="AVP" FE="Degree"/>
                <valenceUnit GF="Ext" PT="NP" FE="Experiencer"/>
                <annoSet ID="1534157"/>
            </pattern>
        </FEGroupRealization>
        <FEGroupRealization total="6">
            <FE name="Experiencer"/>
            <pattern total="2">
                <valenceUnit GF="Ext" PT="NP" FE="Experiencer"/>
                <annoSet ID="1534159"/>
                <annoSet ID="1534301"/>
            </pattern>
            <pattern total="1">
                <valenceUnit GF="Dep" PT="PP[of]" FE="Experiencer"/>
                <annoSet ID="1534077"/>
            </pattern>
            <pattern total="3">
                <valenceUnit GF="Gen" PT="Poss" FE="Experiencer"/>
                <annoSet ID="1534037"/>
                <annoSet ID="1534115"/>
                <annoSet ID="1534119"/>
            </pattern>
        </FEGroupRealization>
        <FEGroupRealization total="1">
            <FE name="Expressor"/>
            <pattern total="1">
                <valenceUnit GF="Dep" PT="PP[in]" FE="Expressor"/>
                <annoSet ID="1534071"/>
            </pattern>
        </FEGroupRealization>
    </valences>
    <subCorpus name="N-200-s20-sthat">
        <sentence sentNo="0" aPos="61240002" ID="1041269">
            <text>As Ory astutely remarks , Sartre 's preface is as much an expression of remorse that he had failed to rehabilitate Nizan successfully in 1947 , as it is a eulogy of the dynamic Nizan-Sartre relationship in the early 1920s . </text>
            <annotationSet cDate="01/08/2003 12:04:52 PST Wed" status="UNANN" ID="1534032">
                <layer rank="1" name="BNC">
                    <label end="1" start="0" name="CJS"/>
                    <label end="5" start="3" name="NP0"/>
                    <label end="14" start="7" name="AV0"/>
                    <label end="22" start="16" name="VVZ"/>
                    <label end="24" start="24" name="PUN"/>
                    <label end="31" start="26" name="NP0"/>
                    <label end="34" start="33" name="POS"/>
                    <label end="42" start="36" name="NN1"/>
                    <label end="45" start="44" name="VBZ"/>
                    <label end="48" start="47" name="AV0"/>
                    <label end="53" start="50" name="AV0"/>
                    <label end="56" start="55" name="AT0"/>
                    <label end="67" start="58" name="NN1"/>
                    <label end="70" start="69" name="PRF"/>
                    <label end="78" start="72" name="NN1"/>
                    <label end="83" start="80" name="CJT"/>
                    <label end="86" start="85" name="PNP"/>
                    <label end="90" start="88" name="VHD"/>
                    <label end="97" start="92" name="VVN"/>
                    <label end="100" start="99" name="TO0"/>
                    <label end="113" start="102" name="VVI"/>
                    <label end="119" start="115" name="AJ0"/>
                    <label end="132" start="121" name="AV0"/>
                    <label end="135" start="134" name="PRP"/>
                    <label end="140" start="137" name="CRD"/>
                    <label end="142" start="142" name="PUN"/>
                    <label end="145" start="144" name="CJS"/>
                    <label end="148" start="147" name="PNP"/>
                    <label end="151" start="150" name="VBZ"/>
                    <label end="153" start="153" name="AT0"/>
                    <label end="160" start="155" name="NN1"/>
                    <label end="163" start="162" name="PRF"/>
                    <label end="167" start="165" name="AT0"/>
                    <label end="175" start="169" name="AJ0"/>
                    <label end="188" start="177" name="NP0"/>
                    <label end="201" start="190" name="NN1"/>
                    <label end="204" start="203" name="PRP"/>
                    <label end="208" start="206" name="AT0"/>
                    <label end="214" start="210" name="AJ0-AV0"/>
                    <label end="220" start="216" name="CRD"/>
                    <label end="222" start="222" name="PUN"/>
                </layer>
            </annotationSet>
            <annotationSet cDate="01/08/2003 12:04:52 PST Wed" status="MANUAL" ID="1534033">
                <layer rank="1" name="FE">
                    <label cBy="618" feID="3408" end="140" start="80" name="Action"/>
                </layer>
                <layer rank="1" name="GF">
                    <label end="140" start="80" name="Dep"/>
                </layer>
                <layer rank="1" name="PT">
                    <label end="140" start="80" name="Sfin"/>
                </layer>
                <layer rank="1" name="Sent"/>
                <layer rank="1" name="Other"/>
                <layer rank="1" name="Target">
                    <label cBy="103" end="78" start="72" name="Target"/>
                </layer>
                <layer rank="1" name="Noun"/>
            </annotationSet>
        </sentence>
    </subCorpus>
    <subCorpus name="N-220-s20-vpto">
        <sentence sentNo="0" aPos="60065395" ID="1041271">
            <text>He was too deep in his own remorse to listen to the younger man . </text>
            <annotationSet cDate="01/08/2003 12:04:53 PST Wed" status="UNANN" ID="1534036">
                <layer rank="1" name="BNC">
                    <label end="1" start="0" name="PNP"/>
                    <label end="5" start="3" name="VBD"/>
                    <label end="9" start="7" name="AV0"/>
                    <label end="14" start="11" name="AJ0-AV0"/>
                    <label end="17" start="16" name="PRP"/>
                    <label end="21" start="19" name="DPS"/>
                    <label end="25" start="23" name="DT0"/>
                    <label end="33" start="27" name="NN1-VVB"/>
                    <label end="36" start="35" name="TO0"/>
                    <label end="43" start="38" name="VVI"/>
                    <label end="46" start="45" name="PRP"/>
                    <label end="50" start="48" name="AT0"/>
                    <label end="58" start="52" name="AJC"/>
                    <label end="62" start="60" name="NN1"/>
                    <label end="64" start="64" name="PUN"/>
                </layer>
            </annotationSet>
            <annotationSet cDate="01/08/2003 12:04:53 PST Wed" status="MANUAL" ID="1534037">
                <layer rank="1" name="FE">
                    <label cBy="618" feID="3407" end="25" start="19" name="Experiencer"/>
                </layer>
                <layer rank="1" name="GF">
                    <label end="25" start="19" name="Gen"/>
                </layer>
                <layer rank="1" name="PT">
                    <label end="25" start="19" name="Poss"/>
                </layer>
                <layer rank="1" name="Sent"/>
                <layer rank="1" name="Other"/>
                <layer rank="1" name="Target">
                    <label cBy="103" end="33" start="27" name="Target"/>
                </layer>
                <layer rank="1" name="Noun"/>
            </annotationSet>
        </sentence>
    </subCorpus>
    <subCorpus name="N-250-s20-ppabout"/>
    <subCorpus name="N-250-s20-ppat">
        <sentence sentNo="0" aPos="8117280" ID="1041276">
            <text>Not surprisingly this can lead to a great deal of guilt and remorse at the thought of things left unsaid , or perhaps an argument that had taken place just before the person left the house , never to return . </text>
            <annotationSet cDate="01/08/2003 12:04:53 PST Wed" status="UNANN" ID="1534046">
                <layer rank="1" name="BNC">
                    <label end="2" start="0" name="XX0"/>
                    <label end="15" start="4" name="AV0"/>
                    <label end="20" start="17" name="DT0"/>
                    <label end="24" start="22" name="VM0"/>
                    <label end="29" start="26" name="VVI"/>
                    <label end="32" start="31" name="PRP"/>
                    <label end="34" start="34" name="PNI"/>
                    <label end="40" start="36" name="PNI"/>
                    <label end="45" start="42" name="PNI"/>
                    <label end="48" start="47" name="PRF"/>
                    <label end="54" start="50" name="NN1"/>
                    <label end="58" start="56" name="CJC"/>
                    <label end="66" start="60" name="NN1-VVB"/>
                    <label end="69" start="68" name="PRP"/>
                    <label end="73" start="71" name="AT0"/>
                    <label end="81" start="75" name="NN1"/>
                    <label end="84" start="83" name="PRF"/>
                    <label end="91" start="86" name="NN2"/>
                    <label end="96" start="93" name="VVD-VVN"/>
                    <label end="103" start="98" name="VVD-VVN"/>
                    <label end="105" start="105" name="PUN"/>
                    <label end="108" start="107" name="CJC"/>
                    <label end="116" start="110" name="AV0"/>
                    <label end="119" start="118" name="AT0"/>
                    <label end="128" start="121" name="NN1"/>
                    <label end="133" start="130" name="CJT"/>
                    <label end="137" start="135" name="VHD"/>
                    <label end="143" start="139" name="VVN"/>
                    <label end="149" start="145" name="NN1-VVB"/>
                    <label end="154" start="151" name="AV0"/>
                    <label end="161" start="156" name="CJS-PRP"/>
                    <label end="165" start="163" name="AT0"/>
                    <label end="172" start="167" name="NN1"/>
                    <label end="177" start="174" name="VVD-VVN"/>
                    <label end="181" start="179" name="AT0"/>
                    <label end="187" start="183" name="NN1"/>
                    <label end="189" start="189" name="PUN"/>
                    <label end="195" start="191" name="AV0"/>
                    <label end="198" start="197" name="TO0"/>
                    <label end="205" start="200" name="VVI"/>
                    <label end="207" start="207" name="PUN"/>
                </layer>
            </annotationSet>
            <annotationSet cDate="01/08/2003 12:04:53 PST Wed" status="MANUAL" ID="1534047">
                <layer rank="1" name="FE">
                    <label cBy="618" feID="3408" end="205" start="68" name="Action"/>
                </layer>
                <layer rank="1" name="GF">
                    <label end="205" start="68" name="Dep"/>
                </layer>
                <layer rank="1" name="PT">
                    <label end="205" start="68" name="PP"/>
                </layer>
                <layer rank="1" name="Sent"/>
                <layer rank="1" name="Other"/>
                <layer rank="1" name="Target">
                    <label cBy="103" end="66" start="60" name="Target"/>
                </layer>
                <layer rank="1" name="Noun"/>
            </annotationSet>
        </sentence>
    </subCorpus>
    <subCorpus name="N-250-s20-ppfor">
        <sentence sentNo="0" aPos="31925365" ID="1041280">
            <text>She made the promise in remorse for his suffering over revelations of their close friendship . </text>
            <annotationSet cDate="01/08/2003 12:04:55 PST Wed" status="UNANN" ID="1534054">
                <layer rank="1" name="BNC">
                    <label end="2" start="0" name="PNP"/>
                    <label end="7" start="4" name="VVD"/>
                    <label end="11" start="9" name="AT0"/>
                    <label end="19" start="13" name="NN1"/>
                    <label end="22" start="21" name="PRP"/>
                    <label end="30" start="24" name="NN1"/>
                    <label end="34" start="32" name="PRP"/>
                    <label end="38" start="36" name="DPS"/>
                    <label end="48" start="40" name="NN1-VVG"/>
                    <label end="53" start="50" name="AVP-PRP"/>
                    <label end="65" start="55" name="NN2"/>
                    <label end="68" start="67" name="PRF"/>
                    <label end="74" start="70" name="DPS"/>
                    <label end="80" start="76" name="AJ0"/>
                    <label end="91" start="82" name="NN1"/>
                    <label end="93" start="93" name="PUN"/>
                </layer>
            </annotationSet>
            <annotationSet cDate="01/08/2003 12:04:55 PST Wed" status="MANUAL" ID="1534055">
                <layer rank="1" name="FE">
                    <label cBy="618" feID="3407" end="2" start="0" name="Experiencer"/>
                    <label cBy="618" feID="3408" end="91" start="32" name="Action"/>
                </layer>
                <layer rank="1" name="GF">
                    <label end="2" start="0" name="Ext"/>
                    <label end="91" start="32" name="Dep"/>
                </layer>
                <layer rank="1" name="PT">
                    <label end="2" start="0" name="NP"/>
                    <label end="91" start="32" name="PP"/>
                </layer>
                <layer rank="1" name="Sent"/>
                <layer rank="1" name="Other"/>
                <layer rank="1" name="Target">
                    <label cBy="103" end="30" start="24" name="Target"/>
                </layer>
                <layer rank="1" name="Noun">
                    <label end="22" start="21" name="Supp"/>
                </layer>
            </annotationSet>
        </sentence>
        <sentence sentNo="0" aPos="85126441" ID="1041283">
            <text>In the final months of his life Atwater expressed remorse for some of the methods which he had employed during his career . </text>
            <annotationSet cDate="01/08/2003 12:04:56 PST Wed" status="UNANN" ID="1534060">
                <layer rank="1" name="BNC">
                    <label end="1" start="0" name="PRP"/>
                    <label end="5" start="3" name="AT0"/>
                    <label end="11" start="7" name="AJ0"/>
                    <label end="18" start="13" name="NN2"/>
                    <label end="21" start="20" name="PRF"/>
                    <label end="25" start="23" name="DPS"/>
                    <label end="30" start="27" name="NN1"/>
                    <label end="38" start="32" name="NN1-NP0"/>
                    <label end="48" start="40" name="VVD-VVN"/>
                    <label end="56" start="50" name="NN1-VVB"/>
                    <label end="60" start="58" name="PRP"/>
                    <label end="65" start="62" name="DT0"/>
                    <label end="68" start="67" name="PRF"/>
                    <label end="72" start="70" name="AT0"/>
                    <label end="80" start="74" name="NN2"/>
                    <label end="86" start="82" name="DTQ"/>
                    <label end="89" start="88" name="PNP"/>
                    <label end="93" start="91" name="VHD"/>
                    <label end="102" start="95" name="VVN"/>
                    <label end="109" start="104" name="PRP"/>
                    <label end="113" start="111" name="DPS"/>
                    <label end="120" start="115" name="NN1"/>
                    <label end="122" start="122" name="PUN"/>
                </layer>
            </annotationSet>
            <annotationSet cDate="01/08/2003 12:04:56 PST Wed" status="MANUAL" ID="1534061">
                <layer rank="1" name="FE">
                    <label cBy="618" feID="3408" end="120" start="58" name="Action"/>
                </layer>
                <layer rank="1" name="GF">
                    <label end="120" start="58" name="Dep"/>
                </layer>
                <layer rank="1" name="PT">
                    <label end="120" start="58" name="PP"/>
                </layer>
                <layer rank="1" name="Sent"/>
                <layer rank="1" name="Other"/>
                <layer rank="1" name="Target">
                    <label cBy="103" end="56" start="50" name="Target"/>
                </layer>
                <layer rank="1" name="Noun">
                    <label end="48" start="40" name="Gov"/>
                    <label end="120" start="50" name="X"/>
                </layer>
            </annotationSet>
        </sentence>
        <sentence sentNo="0" aPos="102995966" ID="1041286">
            <text>Since the crash , Gooch had felt considerable remorse for the deaths . </text>
            <annotationSet cDate="01/08/2003 12:04:57 PST Wed" status="UNANN" ID="1534066">
                <layer rank="1" name="BNC">
                    <label end="4" start="0" name="CJS"/>
                    <label end="8" start="6" name="AT0"/>
                    <label end="14" start="10" name="NN1"/>
                    <label end="16" start="16" name="PUN"/>
                    <label end="22" start="18" name="NP0"/>
                    <label end="26" start="24" name="VHD"/>
                    <label end="31" start="28" name="VVN"/>
                    <label end="44" start="33" name="AJ0"/>
                    <label end="52" start="46" name="NN1"/>
                    <label end="56" start="54" name="PRP"/>
                    <label end="60" start="58" name="AT0"/>
                    <label end="67" start="62" name="NN2"/>
                    <label end="69" start="69" name="PUN"/>
                </layer>
            </annotationSet>
            <annotationSet cDate="01/08/2003 12:04:57 PST Wed" status="MANUAL" ID="1534067">
                <layer rank="1" name="FE">
                    <label cBy="618" feID="3407" end="22" start="18" name="Experiencer"/>
                    <label cBy="618" feID="3409" end="44" start="33" name="Degree"/>
                    <label cBy="618" feID="3408" end="67" start="54" name="Action"/>
                </layer>
                <layer rank="1" name="GF">
                    <label end="22" start="18" name="Ext"/>
                    <label end="44" start="33" name="Dep"/>
                    <label end="67" start="54" name="Dep"/>
                </layer>
                <layer rank="1" name="PT">
                    <label end="22" start="18" name="NP"/>
                    <label end="44" start="33" name="AJP"/>
                    <label end="67" start="54" name="PP"/>
                </layer>
                <layer rank="1" name="Sent"/>
                <layer rank="1" name="Other"/>
                <layer rank="1" name="Target">
                    <label cBy="103" end="52" start="46" name="Target"/>
                </layer>
                <layer rank="1" name="Noun">
                    <label end="31" start="28" name="Supp"/>
                </layer>
            </annotationSet>
        </sentence>
    </subCorpus>
    <subCorpus name="N-250-s20-ppin">
        <sentence sentNo="0" aPos="79904135" ID="1041288">
            <text>She saw the quick remorse in Rose 's face and stretched out a hand to her . </text>
            <annotationSet cDate="01/08/2003 12:04:57 PST Wed" status="UNANN" ID="1534070">
                <layer rank="1" name="BNC">
                    <label end="2" start="0" name="PNP"/>
                    <label end="6" start="4" name="VVD"/>
                    <label end="10" start="8" name="AT0"/>
                    <label end="16" start="12" name="AJ0"/>
                    <label end="24" start="18" name="NN1"/>
                    <label end="27" start="26" name="PRP"/>
                    <label end="32" start="29" name="NP0"/>
                    <label end="35" start="34" name="POS"/>
                    <label end="40" start="37" name="NN1"/>
                    <label end="44" start="42" name="CJC"/>
                    <label end="54" start="46" name="VVD"/>
                    <label end="58" start="56" name="AVP"/>
                    <label end="60" start="60" name="AT0"/>
                    <label end="65" start="62" name="NN1"/>
                    <label end="68" start="67" name="PRP"/>
                    <label end="72" start="70" name="PNP"/>
                    <label end="74" start="74" name="PUN"/>
                </layer>
            </annotationSet>
            <annotationSet cDate="01/08/2003 12:04:57 PST Wed" status="MANUAL" ID="1534071">
                <layer rank="1" name="FE">
                    <label cBy="618" feID="3410" end="40" start="26" name="Expressor"/>
                </layer>
                <layer rank="1" name="GF">
                    <label end="40" start="26" name="Dep"/>
                </layer>
                <layer rank="1" name="PT">
                    <label end="40" start="26" name="PP"/>
                </layer>
                <layer rank="1" name="Sent"/>
                <layer rank="1" name="Other"/>
                <layer rank="1" name="Target">
                    <label cBy="103" end="24" start="18" name="Target"/>
                </layer>
                <layer rank="1" name="Noun"/>
            </annotationSet>
        </sentence>
    </subCorpus>
    <subCorpus name="N-250-s20-ppover">
        <sentence sentNo="0" aPos="32423436" ID="1041290">
            <text>Thinking now of the battles she had fought with her own children , especially her daughter , Margharita , she felt a pang of remorse over the woman she had buried a few hours earlier . </text>
            <annotationSet cDate="01/08/2003 12:04:57 PST Wed" status="UNANN" ID="1534074">
                <layer rank="1" name="BNC">
                    <label end="7" start="0" name="VVG"/>
                    <label end="11" start="9" name="AV0"/>
                    <label end="14" start="13" name="PRF"/>
                    <label end="18" start="16" name="AT0"/>
                    <label end="26" start="20" name="NN2"/>
                    <label end="30" start="28" name="PNP"/>
                    <label end="34" start="32" name="VHD"/>
                    <label end="41" start="36" name="VVN"/>
                    <label end="46" start="43" name="PRP"/>
                    <label end="50" start="48" name="DPS"/>
                    <label end="54" start="52" name="DT0"/>
                    <label end="63" start="56" name="NN2"/>
                    <label end="65" start="65" name="PUN"/>
                    <label end="76" start="67" name="AV0"/>
                    <label end="80" start="78" name="DPS"/>
                    <label end="89" start="82" name="NN1"/>
                    <label end="91" start="91" name="PUN"/>
                    <label end="102" start="93" name="NP0"/>
                    <label end="104" start="104" name="PUN"/>
                    <label end="108" start="106" name="PNP"/>
                    <label end="113" start="110" name="VVD"/>
                    <label end="115" start="115" name="AT0"/>
                    <label end="120" start="117" name="NN1"/>
                    <label end="123" start="122" name="PRF"/>
                    <label end="131" start="125" name="NN1"/>
                    <label end="136" start="133" name="PRP"/>
                    <label end="140" start="138" name="AT0"/>
                    <label end="146" start="142" name="NN1"/>
                    <label end="150" start="148" name="PNP"/>
                    <label end="154" start="152" name="VHD"/>
                    <label end="161" start="156" name="VVN"/>
                    <label end="163" start="163" name="DT0"/>
                    <label end="167" start="165" name="DT0"/>
                    <label end="173" start="169" name="NN2"/>
                    <label end="181" start="175" name="AV0"/>
                    <label end="183" start="183" name="PUN"/>
                </layer>
            </annotationSet>
            <annotationSet cDate="01/08/2003 12:04:57 PST Wed" status="MANUAL" ID="1534075">
                <layer rank="1" name="FE">
                    <label cBy="618" feID="3408" end="181" start="133" name="Action"/>
                </layer>
                <layer rank="1" name="GF">
                    <label end="181" start="133" name="Dep"/>
                </layer>
                <layer rank="1" name="PT">
                    <label end="181" start="133" name="PP"/>
                </layer>
                <layer rank="1" name="Sent"/>
                <layer rank="1" name="Other"/>
                <layer rank="1" name="Target">
                    <label cBy="103" end="131" start="125" name="Target"/>
                </layer>
                <layer rank="1" name="Noun"/>
            </annotationSet>
        </sentence>
    </subCorpus>
    <subCorpus name="N-250-s34-ppof">
        <sentence sentNo="0" aPos="87370998" ID="1041291">
            <text>But it was the remorse of youth -- intense , yet so shallow its depth is plumbed at a glance . </text>
            <annotationSet cDate="01/08/2003 12:04:57 PST Wed" status="UNANN" ID="1534076">
                <layer rank="1" name="BNC">
                    <label end="2" start="0" name="CJC"/>
                    <label end="5" start="4" name="PNP"/>
                    <label end="9" start="7" name="VBD"/>
                    <label end="13" start="11" name="AT0"/>
                    <label end="21" start="15" name="NN1"/>
                    <label end="24" start="23" name="PRF"/>
                    <label end="30" start="26" name="NN1"/>
                    <label end="33" start="32" name="PUN"/>
                    <label end="41" start="35" name="AJ0"/>
                    <label end="43" start="43" name="PUN"/>
                    <label end="47" start="45" name="AV0"/>
                    <label end="50" start="49" name="AV0"/>
                    <label end="58" start="52" name="AJ0"/>
                    <label end="62" start="60" name="DPS"/>
                    <label end="68" start="64" name="NN1"/>
                    <label end="71" start="70" name="VBZ"/>
                    <label end="79" start="73" name="VVN"/>
                    <label end="82" start="81" name="PRP"/>
                    <label end="84" start="84" name="AT0"/>
                    <label end="91" start="86" name="NN1"/>
                    <label end="93" start="93" name="PUN"/>
                </layer>
            </annotationSet>
            <annotationSet cDate="01/08/2003 12:04:57 PST Wed" status="MANUAL" ID="1534077">
                <layer rank="1" name="FE">
                    <label cBy="618" feID="3407" end="30" start="23" name="Experiencer"/>
                </layer>
                <layer rank="1" name="GF">
                    <label end="30" start="23" name="Dep"/>
                </layer>
                <layer rank="1" name="PT">
                    <label end="30" start="23" name="PP"/>
                </layer>
                <layer rank="1" name="Sent"/>
                <layer rank="1" name="Other"/>
                <layer rank="1" name="Target">
                    <label cBy="103" end="21" start="15" name="Target"/>
                </layer>
                <layer rank="1" name="Noun"/>
            </annotationSet>
        </sentence>
    </subCorpus>
    <subCorpus name="N-260-s20-pingat">
        <sentence sentNo="0" aPos="31253352" ID="1041292">
            <text>Far from rejoicing , Sanson felt nothing but remorse at having to kill his king , reportedly kneeling each night before the blade he had used , and praying for the soul of Louis XVI . </text>
            <annotationSet cDate="01/08/2003 12:04:57 PST Wed" status="UNANN" ID="1534078">
                <layer rank="1" name="BNC">
                    <label end="2" start="0" name="AV0"/>
                    <label end="7" start="4" name="AV0"/>
                    <label end="17" start="9" name="AJ0-VVG"/>
                    <label end="19" start="19" name="PUN"/>
                    <label end="26" start="21" name="NP0"/>
                    <label end="31" start="28" name="VVD"/>
                    <label end="39" start="33" name="PNI"/>
                    <label end="43" start="41" name="CJC"/>
                    <label end="51" start="45" name="NN1-VVB"/>
                    <label end="54" start="53" name="PRP"/>
                    <label end="61" start="56" name="VHG"/>
                    <label end="64" start="63" name="TO0"/>
                    <label end="69" start="66" name="VVI"/>
                    <label end="73" start="71" name="DPS"/>
                    <label end="78" start="75" name="NN1"/>
                    <label end="80" start="80" name="PUN"/>
                    <label end="91" start="82" name="AV0"/>
                    <label end="100" start="93" name="VVG"/>
                    <label end="105" start="102" name="DT0"/>
                    <label end="111" start="107" name="NN1"/>
                    <label end="118" start="113" name="PRP"/>
                    <label end="122" start="120" name="AT0"/>
                    <label end="128" start="124" name="NN1"/>
                    <label end="131" start="130" name="PNP"/>
                    <label end="135" start="133" name="VHD"/>
                    <label end="140" start="137" name="VVN"/>
                    <label end="142" start="142" name="PUN"/>
                    <label end="146" start="144" name="CJC"/>
                    <label end="154" start="148" name="VVG"/>
                    <label end="158" start="156" name="PRP"/>
                    <label end="162" start="160" name="AT0"/>
                    <label end="167" start="164" name="NN1"/>
                    <label end="170" start="169" name="PRF"/>
                    <label end="176" start="172" name="NP0"/>
                    <label end="180" start="178" name="CRD"/>
                    <label end="182" start="182" name="PUN"/>
                </layer>
            </annotationSet>
            <annotationSet cDate="01/08/2003 12:04:57 PST Wed" status="MANUAL" ID="1534079">
                <layer rank="1" name="FE">
                    <label cBy="618" feID="3407" end="26" start="21" name="Experiencer"/>
                    <label cBy="618" feID="3408" end="78" start="53" name="Action"/>
                </layer>
                <layer rank="1" name="GF">
                    <label end="26" start="21" name="Ext"/>
                    <label end="78" start="53" name="Dep"/>
                </layer>
                <layer rank="1" name="PT">
                    <label end="26" start="21" name="NP"/>
                    <label end="78" start="53" name="PPing"/>
                </layer>
                <layer rank="1" name="Sent"/>
                <layer rank="1" name="Other"/>
                <layer rank="1" name="Target">
                    <label cBy="103" end="51" start="45" name="Target"/>
                </layer>
                <layer rank="1" name="Noun">
                    <label end="31" start="28" name="Supp"/>
                </layer>
            </annotationSet>
        </sentence>
    </subCorpus>
    <subCorpus name="N-260-s20-pingfor">
        <sentence sentNo="0" aPos="101104863" ID="1041295">
            <text>Relief and remorse for doubting him flooded her as his hands moved to relieve himself of his jeans . </text>
            <annotationSet cDate="01/08/2003 12:04:58 PST Wed" status="UNANN" ID="1534084">
                <layer rank="1" name="BNC">
                    <label end="5" start="0" name="NN1-NP0"/>
                    <label end="9" start="7" name="CJC"/>
                    <label end="17" start="11" name="NN1-VVB"/>
                    <label end="21" start="19" name="PRP"/>
                    <label end="30" start="23" name="VVG"/>
                    <label end="34" start="32" name="PNP"/>
                    <label end="42" start="36" name="VVD"/>
                    <label end="46" start="44" name="PNP"/>
                    <label end="49" start="48" name="CJS-PRP"/>
                    <label end="53" start="51" name="DPS"/>
                    <label end="59" start="55" name="NN2"/>
                    <label end="65" start="61" name="VVD-VVN"/>
                    <label end="68" start="67" name="TO0"/>
                    <label end="76" start="70" name="VVI"/>
                    <label end="84" start="78" name="PNX"/>
                    <label end="87" start="86" name="PRF"/>
                    <label end="91" start="89" name="DPS"/>
                    <label end="97" start="93" name="NN2"/>
                    <label end="99" start="99" name="PUN"/>
                </layer>
            </annotationSet>
            <annotationSet cDate="01/08/2003 12:04:58 PST Wed" status="MANUAL" ID="1534085">
                <layer rank="1" name="FE">
                    <label cBy="618" feID="3408" end="34" start="19" name="Action"/>
                </layer>
                <layer rank="1" name="GF">
                    <label end="34" start="19" name="Dep"/>
                </layer>
                <layer rank="1" name="PT">
                    <label end="34" start="19" name="PPing"/>
                </layer>
                <layer rank="1" name="Sent"/>
                <layer rank="1" name="Other"/>
                <layer rank="1" name="Target">
                    <label cBy="103" end="17" start="11" name="Target"/>
                </layer>
                <layer rank="1" name="Noun"/>
            </annotationSet>
        </sentence>
    </subCorpus>
    <subCorpus name="N-280-s20-poss">
        <sentence sentNo="0" aPos="28959944" ID="1041301">
            <text>Mr Nicholl discovered the crime to Carey 's great remorse . </text>
            <annotationSet cDate="01/08/2003 12:04:58 PST Wed" status="UNANN" ID="1534096">
                <layer rank="1" name="BNC">
                    <label end="1" start="0" name="NP0"/>
                    <label end="9" start="3" name="NP0"/>
                    <label end="20" start="11" name="VVD"/>
                    <label end="24" start="22" name="AT0"/>
                    <label end="30" start="26" name="NN1"/>
                    <label end="33" start="32" name="PRP"/>
                    <label end="39" start="35" name="NP0"/>
                    <label end="42" start="41" name="POS"/>
                    <label end="48" start="44" name="AJ0"/>
                    <label end="56" start="50" name="NN1"/>
                    <label end="58" start="58" name="PUN"/>
                </layer>
            </annotationSet>
            <annotationSet cDate="01/08/2003 12:04:58 PST Wed" status="MANUAL" ID="1534097">
                <layer rank="1" name="FE">
                    <label cBy="618" feID="3409" end="48" start="44" name="Degree"/>
                    <label cBy="618" feID="3407" end="42" start="35" name="Experiencer"/>
                </layer>
                <layer rank="1" name="GF">
                    <label end="48" start="44" name="Dep"/>
                    <label end="42" start="35" name="Gen"/>
                </layer>
                <layer rank="1" name="PT">
                    <label end="48" start="44" name="AJP"/>
                    <label end="42" start="35" name="Poss"/>
                </layer>
                <layer rank="1" name="Sent"/>
                <layer rank="1" name="Other"/>
                <layer rank="1" name="Target">
                    <label cBy="103" end="56" start="50" name="Target"/>
                </layer>
                <layer rank="1" name="Noun"/>
            </annotationSet>
        </sentence>
        <sentence sentNo="0" aPos="87961524" ID="1041310">
            <text>Martin 's remorse was real , his guilt admitted as he turned away to check his beat . </text>
            <annotationSet cDate="01/08/2003 12:04:59 PST Wed" status="UNANN" ID="1534114">
                <layer rank="1" name="BNC">
                    <label end="5" start="0" name="NP0"/>
                    <label end="8" start="7" name="POS"/>
                    <label end="16" start="10" name="NN1"/>
                    <label end="20" start="18" name="VBD"/>
                    <label end="25" start="22" name="AJ0"/>
                    <label end="27" start="27" name="PUN"/>
                    <label end="31" start="29" name="DPS"/>
                    <label end="37" start="33" name="NN1"/>
                    <label end="46" start="39" name="VVD-VVN"/>
                    <label end="49" start="48" name="CJS"/>
                    <label end="52" start="51" name="PNP"/>
                    <label end="59" start="54" name="VVD"/>
                    <label end="64" start="61" name="AVP"/>
                    <label end="67" start="66" name="TO0"/>
                    <label end="73" start="69" name="VVI"/>
                    <label end="77" start="75" name="DPS"/>
                    <label end="82" start="79" name="NN1"/>
                    <label end="84" start="84" name="PUN"/>
                </layer>
            </annotationSet>
            <annotationSet cDate="01/08/2003 12:04:59 PST Wed" status="MANUAL" ID="1534115">
                <layer rank="1" name="FE">
                    <label cBy="618" feID="3407" end="8" start="0" name="Experiencer"/>
                </layer>
                <layer rank="1" name="GF">
                    <label end="8" start="0" name="Gen"/>
                </layer>
                <layer rank="1" name="PT">
                    <label end="8" start="0" name="Poss"/>
                </layer>
                <layer rank="1" name="Sent"/>
                <layer rank="1" name="Other"/>
                <layer rank="1" name="Target">
                    <label cBy="103" end="16" start="10" name="Target"/>
                </layer>
                <layer rank="1" name="Noun"/>
            </annotationSet>
        </sentence>
        <sentence sentNo="0" aPos="105344837" ID="1041312">
            <text>Mr Farrell said Lee , who expressed her sincere remorse , had intended repaying the money every penny had been recorded and the money was from personal friends and people who knew her , he added . </text>
            <annotationSet cDate="01/08/2003 12:04:59 PST Wed" status="UNANN" ID="1534118">
                <layer rank="1" name="BNC">
                    <label end="1" start="0" name="NP0"/>
                    <label end="9" start="3" name="NP0"/>
                    <label end="14" start="11" name="VVD"/>
                    <label end="18" start="16" name="NP0"/>
                    <label end="20" start="20" name="PUN"/>
                    <label end="24" start="22" name="PNQ"/>
                    <label end="34" start="26" name="VVD"/>
                    <label end="38" start="36" name="DPS"/>
                    <label end="46" start="40" name="AJ0"/>
                    <label end="54" start="48" name="NN1"/>
                    <label end="56" start="56" name="PUN"/>
                    <label end="60" start="58" name="VHD"/>
                    <label end="69" start="62" name="VVN"/>
                    <label end="78" start="71" name="VVG"/>
                    <label end="82" start="80" name="AT0"/>
                    <label end="88" start="84" name="NN1"/>
                    <label end="94" start="90" name="AT0"/>
                    <label end="100" start="96" name="NN1"/>
                    <label end="104" start="102" name="VHD"/>
                    <label end="109" start="106" name="VBN"/>
                    <label end="118" start="111" name="VVN"/>
                    <label end="122" start="120" name="CJC"/>
                    <label end="126" start="124" name="AT0"/>
                    <label end="132" start="128" name="NN1"/>
                    <label end="136" start="134" name="VBD"/>
                    <label end="141" start="138" name="PRP"/>
                    <label end="150" start="143" name="AJ0"/>
                    <label end="158" start="152" name="NN2"/>
                    <label end="162" start="160" name="CJC"/>
                    <label end="169" start="164" name="NN0"/>
                    <label end="173" start="171" name="PNQ"/>
                    <label end="178" start="175" name="VVD"/>
                    <label end="182" start="180" name="PNP"/>
                    <label end="184" start="184" name="PUN"/>
                    <label end="187" start="186" name="PNP"/>
                    <label end="193" start="189" name="VVD"/>
                    <label end="195" start="195" name="PUN"/>
                </layer>
            </annotationSet>
            <annotationSet cDate="01/08/2003 12:05:00 PST Wed" status="MANUAL" ID="1534119">
                <layer rank="1" name="FE">
                    <label cBy="865" feID="3407" end="38" start="36" name="Experiencer"/>
                </layer>
                <layer rank="1" name="GF">
                    <label end="38" start="36" name="Gen"/>
                </layer>
                <layer rank="1" name="PT">
                    <label end="38" start="36" name="Poss"/>
                </layer>
                <layer rank="1" name="Sent"/>
                <layer rank="1" name="Other"/>
                <layer rank="1" name="Target">
                    <label cBy="103" end="54" start="48" name="Target"/>
                </layer>
                <layer rank="1" name="Noun">
                    <label end="34" start="26" name="Gov"/>
                    <label end="54" start="36" name="X"/>
                </layer>
            </annotationSet>
        </sentence>
    </subCorpus>
    <subCorpus name="N-300-s20-cmpd"/>
    <subCorpus name="N-330-s20-period">
        <sentence sentNo="0" aPos="101215977" ID="1041331">
            <text>Still , she felt as if she should feel … some remorse . </text>
            <annotationSet cDate="01/08/2003 12:05:02 PST Wed" status="UNANN" ID="1534156">
                <layer rank="1" name="BNC">
                    <label end="4" start="0" name="AV0"/>
                    <label end="6" start="6" name="PUN"/>
                    <label end="10" start="8" name="PNP"/>
                    <label end="15" start="12" name="VVD"/>
                    <label end="18" start="17" name="CJS"/>
                    <label end="21" start="20" name="CJS"/>
                    <label end="25" start="23" name="PNP"/>
                    <label end="32" start="27" name="VM0"/>
                    <label end="37" start="34" name="VVI"/>
                    <label end="44" start="41" name="DT0"/>
                    <label end="52" start="46" name="NN1"/>
                    <label end="54" start="54" name="PUN"/>
                    <label end="39" start="39" name="PUN"/>
                </layer>
            </annotationSet>
            <annotationSet cDate="01/08/2003 12:05:02 PST Wed" status="MANUAL" ID="1534157">
                <layer rank="1" name="FE">
                    <label cBy="865" feID="3407" end="25" start="23" name="Experiencer"/>
                    <label cBy="865" feID="3409" end="44" start="41" name="Degree"/>
                </layer>
                <layer rank="1" name="GF">
                    <label end="25" start="23" name="Ext"/>
                    <label end="44" start="41" name="Dep"/>
                </layer>
                <layer rank="1" name="PT">
                    <label end="25" start="23" name="NP"/>
                    <label end="44" start="41" name="AVP"/>
                </layer>
                <layer rank="1" name="Sent"/>
                <layer rank="1" name="Other"/>
                <layer rank="1" name="Target">
                    <label cBy="103" end="52" start="46" name="Target"/>
                </layer>
                <layer rank="1" name="Noun">
                    <label end="37" start="34" name="Supp"/>
                </layer>
            </annotationSet>
        </sentence>
        <sentence sentNo="0" aPos="101577933" ID="1041332">
            <text>Leonora bit her lip in remorse . </text>
            <annotationSet cDate="01/08/2003 12:05:02 PST Wed" status="UNANN" ID="1534158">
                <layer rank="1" name="BNC">
                    <label end="6" start="0" name="NN1-NP0"/>
                    <label end="10" start="8" name="VVD"/>
                    <label end="14" start="12" name="DPS"/>
                    <label end="18" start="16" name="NN1-VVB"/>
                    <label end="21" start="20" name="PRP"/>
                    <label end="29" start="23" name="NN1"/>
                    <label end="31" start="31" name="PUN"/>
                </layer>
            </annotationSet>
            <annotationSet cDate="01/08/2003 12:05:02 PST Wed" status="MANUAL" ID="1534159">
                <layer rank="1" name="FE">
                    <label cBy="865" feID="3407" end="6" start="0" name="Experiencer"/>
                </layer>
                <layer rank="1" name="GF">
                    <label end="6" start="0" name="Ext"/>
                </layer>
                <layer rank="1" name="PT">
                    <label end="6" start="0" name="NP"/>
                </layer>
                <layer rank="1" name="Sent"/>
                <layer rank="1" name="Other"/>
                <layer rank="1" name="Target">
                    <label cBy="103" end="29" start="23" name="Target"/>
                </layer>
                <layer rank="1" name="Noun">
                    <label end="21" start="20" name="Supp"/>
                </layer>
            </annotationSet>
        </sentence>
    </subCorpus>
    <subCorpus name="N-340-s20-ppother"/>
    <subCorpus name="N-340a-s20-ppother">
        <sentence sentNo="0" aPos="7152098" ID="1041337">
            <text>At the same time it has remorse about it and generosity of spirit . </text>
            <annotationSet cDate="01/08/2003 12:05:02 PST Wed" status="UNANN" ID="1534168">
                <layer rank="1" name="BNC">
                    <label end="1" start="0" name="PRP"/>
                    <label end="5" start="3" name="AT0"/>
                    <label end="10" start="7" name="DT0"/>
                    <label end="15" start="12" name="NN1"/>
                    <label end="18" start="17" name="PNP"/>
                    <label end="22" start="20" name="VHZ"/>
                    <label end="30" start="24" name="NN1-VVB"/>
                    <label end="36" start="32" name="PRP"/>
                    <label end="39" start="38" name="PNP"/>
                    <label end="43" start="41" name="CJC"/>
                    <label end="54" start="45" name="NN1"/>
                    <label end="57" start="56" name="PRF"/>
                    <label end="64" start="59" name="NN1"/>
                    <label end="66" start="66" name="PUN"/>
                </layer>
            </annotationSet>
            <annotationSet cDate="01/08/2003 12:05:02 PST Wed" status="MANUAL" ID="1534169">
                <layer rank="1" name="FE">
                    <label cBy="865" feID="3407" end="18" start="17" name="Experiencer"/>
                    <label cBy="865" feID="3408" end="39" start="32" name="Action"/>
                </layer>
                <layer rank="1" name="GF">
                    <label end="18" start="17" name="Ext"/>
                    <label end="39" start="32" name="Dep"/>
                </layer>
                <layer rank="1" name="PT">
                    <label end="18" start="17" name="NP"/>
                    <label end="39" start="32" name="PP"/>
                </layer>
                <layer rank="1" name="Sent"/>
                <layer rank="1" name="Other"/>
                <layer rank="1" name="Target">
                    <label cBy="103" end="30" start="24" name="Target"/>
                </layer>
                <layer rank="1" name="Noun"/>
            </annotationSet>
        </sentence>
        <sentence sentNo="0" aPos="17775255" ID="1041339">
            <text>` But I never felt remorse about them the same way I did about him . </text>
            <annotationSet cDate="01/08/2003 12:05:03 PST Wed" status="UNANN" ID="1534172">
                <layer rank="1" name="BNC">
                    <label end="0" start="0" name="PUQ"/>
                    <label end="4" start="2" name="CJC"/>
                    <label end="6" start="6" name="PNP"/>
                    <label end="12" start="8" name="AV0"/>
                    <label end="17" start="14" name="VVD-VVN"/>
                    <label end="25" start="19" name="NN1-VVB"/>
                    <label end="31" start="27" name="PRP"/>
                    <label end="36" start="33" name="PNP"/>
                    <label end="40" start="38" name="AT0"/>
                    <label end="45" start="42" name="DT0"/>
                    <label end="49" start="47" name="NN1"/>
                    <label end="51" start="51" name="PNP"/>
                    <label end="55" start="53" name="VDD"/>
                    <label end="61" start="57" name="PRP"/>
                    <label end="65" start="63" name="PNP"/>
                    <label end="67" start="67" name="PUN"/>
                </layer>
            </annotationSet>
            <annotationSet cDate="01/08/2003 12:05:03 PST Wed" status="MANUAL" ID="1534173">
                <layer rank="1" name="FE">
                    <label cBy="865" feID="3407" end="6" start="6" name="Experiencer"/>
                    <label cBy="865" feID="3408" end="36" start="27" name="Action"/>
                </layer>
                <layer rank="1" name="GF">
                    <label end="6" start="6" name="Ext"/>
                    <label end="36" start="27" name="Dep"/>
                </layer>
                <layer rank="1" name="PT">
                    <label end="6" start="6" name="NP"/>
                    <label end="36" start="27" name="PP"/>
                </layer>
                <layer rank="1" name="Sent"/>
                <layer rank="1" name="Other"/>
                <layer rank="1" name="Target">
                    <label cBy="103" end="25" start="19" name="Target"/>
                </layer>
                <layer rank="1" name="Noun">
                    <label end="17" start="14" name="Supp"/>
                </layer>
            </annotationSet>
        </sentence>
        <sentence sentNo="0" aPos="31925365" ID="1041341">
            <text>She made the promise in remorse for his suffering over revelations of their close friendship . </text>
            <annotationSet cDate="01/08/2003 12:05:03 PST Wed" status="UNANN" ID="1534176">
                <layer rank="1" name="BNC">
                    <label end="2" start="0" name="PNP"/>
                    <label end="7" start="4" name="VVD"/>
                    <label end="11" start="9" name="AT0"/>
                    <label end="19" start="13" name="NN1"/>
                    <label end="22" start="21" name="PRP"/>
                    <label end="30" start="24" name="NN1"/>
                    <label end="34" start="32" name="PRP"/>
                    <label end="38" start="36" name="DPS"/>
                    <label end="48" start="40" name="NN1-VVG"/>
                    <label end="53" start="50" name="AVP-PRP"/>
                    <label end="65" start="55" name="NN2"/>
                    <label end="68" start="67" name="PRF"/>
                    <label end="74" start="70" name="DPS"/>
                    <label end="80" start="76" name="AJ0"/>
                    <label end="91" start="82" name="NN1"/>
                    <label end="93" start="93" name="PUN"/>
                </layer>
            </annotationSet>
            <annotationSet cDate="01/08/2003 12:05:03 PST Wed" status="MANUAL" ID="1534177">
                <layer rank="1" name="FE">
                    <label cBy="865" feID="3407" end="2" start="0" name="Experiencer"/>
                    <label cBy="865" feID="3408" end="91" start="32" name="Action"/>
                </layer>
                <layer rank="1" name="GF">
                    <label end="2" start="0" name="Ext"/>
                    <label end="91" start="32" name="Dep"/>
                </layer>
                <layer rank="1" name="PT">
                    <label end="2" start="0" name="NP"/>
                    <label end="91" start="32" name="PP"/>
                </layer>
                <layer rank="1" name="Sent"/>
                <layer rank="1" name="Other"/>
                <layer rank="1" name="Target">
                    <label cBy="103" end="30" start="24" name="Target"/>
                </layer>
                <layer rank="1" name="Noun">
                    <label end="22" start="21" name="Supp"/>
                </layer>
            </annotationSet>
        </sentence>
        <sentence sentNo="0" aPos="32423436" ID="1041342">
            <text>Thinking now of the battles she had fought with her own children , especially her daughter , Margharita , she felt a pang of remorse over the woman she had buried a few hours earlier . </text>
            <annotationSet cDate="01/08/2003 12:05:03 PST Wed" status="UNANN" ID="1534178">
                <layer rank="1" name="BNC">
                    <label end="7" start="0" name="VVG"/>
                    <label end="11" start="9" name="AV0"/>
                    <label end="14" start="13" name="PRF"/>
                    <label end="18" start="16" name="AT0"/>
                    <label end="26" start="20" name="NN2"/>
                    <label end="30" start="28" name="PNP"/>
                    <label end="34" start="32" name="VHD"/>
                    <label end="41" start="36" name="VVN"/>
                    <label end="46" start="43" name="PRP"/>
                    <label end="50" start="48" name="DPS"/>
                    <label end="54" start="52" name="DT0"/>
                    <label end="63" start="56" name="NN2"/>
                    <label end="65" start="65" name="PUN"/>
                    <label end="76" start="67" name="AV0"/>
                    <label end="80" start="78" name="DPS"/>
                    <label end="89" start="82" name="NN1"/>
                    <label end="91" start="91" name="PUN"/>
                    <label end="102" start="93" name="NP0"/>
                    <label end="104" start="104" name="PUN"/>
                    <label end="108" start="106" name="PNP"/>
                    <label end="113" start="110" name="VVD"/>
                    <label end="115" start="115" name="AT0"/>
                    <label end="120" start="117" name="NN1"/>
                    <label end="123" start="122" name="PRF"/>
                    <label end="131" start="125" name="NN1"/>
                    <label end="136" start="133" name="PRP"/>
                    <label end="140" start="138" name="AT0"/>
                    <label end="146" start="142" name="NN1"/>
                    <label end="150" start="148" name="PNP"/>
                    <label end="154" start="152" name="VHD"/>
                    <label end="161" start="156" name="VVN"/>
                    <label end="163" start="163" name="DT0"/>
                    <label end="167" start="165" name="DT0"/>
                    <label end="173" start="169" name="NN2"/>
                    <label end="181" start="175" name="AV0"/>
                    <label end="183" start="183" name="PUN"/>
                </layer>
            </annotationSet>
            <annotationSet cDate="01/08/2003 12:05:03 PST Wed" status="MANUAL" ID="1534179">
                <layer rank="1" name="FE">
                    <label cBy="865" feID="3408" end="181" start="133" name="Action"/>
                </layer>
                <layer rank="1" name="GF">
                    <label end="181" start="133" name="Dep"/>
                </layer>
                <layer rank="1" name="PT">
                    <label end="181" start="133" name="PP"/>
                </layer>
                <layer rank="1" name="Sent"/>
                <layer rank="1" name="Other"/>
                <layer rank="1" name="Target">
                    <label cBy="103" end="131" start="125" name="Target"/>
                </layer>
                <layer rank="1" name="Noun"/>
            </annotationSet>
        </sentence>
        <sentence sentNo="0" aPos="102698307" ID="1041353">
            <text>Whenever he 's freed , his solicitor added that Paul Rachael remains full of remorse for what happened . </text>
            <annotationSet cDate="01/08/2003 12:05:04 PST Wed" status="UNANN" ID="1534200">
                <layer rank="1" name="BNC">
                    <label end="7" start="0" name="AVQ"/>
                    <label end="10" start="9" name="PNP"/>
                    <label end="13" start="12" name="VHZ"/>
                    <label end="19" start="15" name="VVN"/>
                    <label end="21" start="21" name="PUN"/>
                    <label end="25" start="23" name="DPS"/>
                    <label end="35" start="27" name="NN1"/>
                    <label end="41" start="37" name="VVD-VVN"/>
                    <label end="46" start="43" name="CJT"/>
                    <label end="51" start="48" name="NP0"/>
                    <label end="59" start="53" name="NP0"/>
                    <label end="67" start="61" name="VVZ"/>
                    <label end="72" start="69" name="AJ0"/>
                    <label end="75" start="74" name="PRF"/>
                    <label end="83" start="77" name="NN1"/>
                    <label end="87" start="85" name="PRP"/>
                    <label end="92" start="89" name="DTQ"/>
                    <label end="101" start="94" name="VVD"/>
                    <label end="103" start="103" name="PUN"/>
                </layer>
            </annotationSet>
            <annotationSet cDate="01/08/2003 12:05:04 PST Wed" status="MANUAL" ID="1534201">
                <layer rank="1" name="FE">
                    <label cBy="618" feID="3408" end="101" start="85" name="Action"/>
                </layer>
                <layer rank="1" name="GF">
                    <label end="101" start="85" name="Dep"/>
                </layer>
                <layer rank="1" name="PT">
                    <label end="101" start="85" name="PP"/>
                </layer>
                <layer rank="1" name="Sent"/>
                <layer rank="1" name="Other"/>
                <layer rank="1" name="Target">
                    <label cBy="103" end="83" start="77" name="Target"/>
                </layer>
                <layer rank="1" name="Noun"/>
            </annotationSet>
        </sentence>
    </subCorpus>
    <subCorpus name="N-370-s20-pother"/>
    <subCorpus name="N-380-s20-other">
        <sentence sentNo="0" aPos="8615284" ID="1041359">
            <text>He did n't explain or show remorse or produce justification . </text>
            <annotationSet cDate="01/08/2003 12:05:05 PST Wed" status="UNANN" ID="1534212">
                <layer rank="1" name="BNC">
                    <label end="1" start="0" name="PNP"/>
                    <label end="5" start="3" name="VDD"/>
                    <label end="9" start="7" name="XX0"/>
                    <label end="17" start="11" name="VVI"/>
                    <label end="20" start="19" name="CJC"/>
                    <label end="25" start="22" name="NN1-VVB"/>
                    <label end="33" start="27" name="NN1"/>
                    <label end="36" start="35" name="CJC"/>
                    <label end="44" start="38" name="VVB"/>
                    <label end="58" start="46" name="NN1"/>
                    <label end="60" start="60" name="PUN"/>
                </layer>
            </annotationSet>
            <annotationSet cDate="01/08/2003 12:05:05 PST Wed" status="MANUAL" ID="1534213">
                <layer rank="1" name="FE"/>
                <layer rank="1" name="GF"/>
                <layer rank="1" name="PT"/>
                <layer rank="1" name="Sent"/>
                <layer rank="1" name="Other"/>
                <layer rank="1" name="Target">
                    <label cBy="103" end="33" start="27" name="Target"/>
                </layer>
                <layer rank="1" name="Noun">
                    <label end="25" start="22" name="Gov"/>
                    <label end="33" start="27" name="X"/>
                </layer>
            </annotationSet>
        </sentence>
        <sentence sentNo="0" aPos="85949730" ID="1041373">
            <text>He also expressed &quot; deep remorse over the unbearable suffering and sorrow Japan inflicted &quot; by its &quot; reckless &quot; decision to go to war with the USA . </text>
            <annotationSet cDate="01/08/2003 12:05:06 PST Wed" status="UNANN" ID="1534240">
                <layer rank="1" name="BNC">
                    <label end="1" start="0" name="PNP"/>
                    <label end="6" start="3" name="AV0"/>
                    <label end="16" start="8" name="VVD"/>
                    <label end="18" start="18" name="PUQ"/>
                    <label end="23" start="20" name="AV0"/>
                    <label end="31" start="25" name="NN1-VVB"/>
                    <label end="36" start="33" name="AVP-PRP"/>
                    <label end="40" start="38" name="AT0"/>
                    <label end="51" start="42" name="AJ0"/>
                    <label end="61" start="53" name="NN1"/>
                    <label end="65" start="63" name="CJC"/>
                    <label end="72" start="67" name="NN1"/>
                    <label end="78" start="74" name="NP0"/>
                    <label end="88" start="80" name="VVD"/>
                    <label end="90" start="90" name="PUQ"/>
                    <label end="93" start="92" name="PRP"/>
                    <label end="97" start="95" name="DPS"/>
                    <label end="99" start="99" name="PUQ"/>
                    <label end="108" start="101" name="AJ0"/>
                    <label end="110" start="110" name="PUQ"/>
                    <label end="119" start="112" name="NN1"/>
                    <label end="122" start="121" name="TO0"/>
                    <label end="125" start="124" name="VVI"/>
                    <label end="128" start="127" name="PRP"/>
                    <label end="132" start="130" name="NN1"/>
                    <label end="137" start="134" name="PRP"/>
                    <label end="141" start="139" name="AT0"/>
                    <label end="145" start="143" name="NP0"/>
                    <label end="147" start="147" name="PUN"/>
                </layer>
            </annotationSet>
            <annotationSet cDate="01/08/2003 12:05:07 PST Wed" status="MANUAL" ID="1534241">
                <layer rank="1" name="FE">
                    <label cBy="618" feID="3409" end="23" start="20" name="Degree"/>
                    <label cBy="618" feID="3408" end="145" start="33" name="Action"/>
                </layer>
                <layer rank="1" name="GF">
                    <label end="23" start="20" name="Dep"/>
                    <label end="145" start="33" name="Dep"/>
                </layer>
                <layer rank="1" name="PT">
                    <label end="23" start="20" name="AVP"/>
                    <label end="145" start="33" name="PP"/>
                </layer>
                <layer rank="1" name="Sent"/>
                <layer rank="1" name="Other"/>
                <layer rank="1" name="Target">
                    <label cBy="103" end="31" start="25" name="Target"/>
                </layer>
                <layer rank="1" name="Noun"/>
            </annotationSet>
        </sentence>
    </subCorpus>
    <subCorpus name="N-429-s20-lcoll-genuine">
        <sentence sentNo="0" aPos="7147664" ID="1041377">
            <text>Or else it could indicate genuine remorse , and , even more important , an acknowledgement of Esau 's status as the elder brother . </text>
            <annotationSet cDate="01/08/2003 12:05:07 PST Wed" status="UNANN" ID="1534248">
                <layer rank="1" name="BNC">
                    <label end="1" start="0" name="CJC"/>
                    <label end="6" start="3" name="AV0"/>
                    <label end="9" start="8" name="PNP"/>
                    <label end="15" start="11" name="VM0"/>
                    <label end="24" start="17" name="VVI"/>
                    <label end="32" start="26" name="AJ0"/>
                    <label end="40" start="34" name="NN1"/>
                    <label end="42" start="42" name="PUN"/>
                    <label end="46" start="44" name="CJC"/>
                    <label end="48" start="48" name="PUN"/>
                    <label end="53" start="50" name="AV0"/>
                    <label end="58" start="55" name="AV0"/>
                    <label end="68" start="60" name="AJ0"/>
                    <label end="70" start="70" name="PUN"/>
                    <label end="73" start="72" name="AT0"/>
                    <label end="89" start="75" name="NN1"/>
                    <label end="92" start="91" name="PRF"/>
                    <label end="97" start="94" name="NP0"/>
                    <label end="100" start="99" name="POS"/>
                    <label end="107" start="102" name="NN1"/>
                    <label end="110" start="109" name="PRP"/>
                    <label end="114" start="112" name="AT0"/>
                    <label end="120" start="116" name="AJC"/>
                    <label end="128" start="122" name="NN1"/>
                    <label end="130" start="130" name="PUN"/>
                </layer>
            </annotationSet>
            <annotationSet cDate="01/08/2003 12:05:07 PST Wed" status="MANUAL" ID="1534249">
                <layer rank="1" name="FE">
                    <label cBy="865" feID="3489" end="32" start="26" name="Authenticity"/>
                </layer>
                <layer rank="1" name="GF">
                    <label end="32" start="26" name="Dep"/>
                </layer>
                <layer rank="1" name="PT">
                    <label end="32" start="26" name="AJP"/>
                </layer>
                <layer rank="1" name="Sent"/>
                <layer rank="1" name="Other"/>
                <layer rank="1" name="Target">
                    <label cBy="103" end="40" start="34" name="Target"/>
                </layer>
                <layer rank="1" name="Noun"/>
            </annotationSet>
        </sentence>
        <sentence sentNo="0" aPos="76988243" ID="1041378">
            <text>Too gently for genuine remorse , because instead of being cut by her rebuke his ego seemed untouched as an inner warmth flooded his face , lighting his eyes as the sun 's rays deepened a summer sky . </text>
            <annotationSet cDate="01/08/2003 12:05:07 PST Wed" status="UNANN" ID="1534250">
                <layer rank="1" name="BNC">
                    <label end="2" start="0" name="AV0"/>
                    <label end="9" start="4" name="AV0"/>
                    <label end="13" start="11" name="PRP"/>
                    <label end="21" start="15" name="AJ0"/>
                    <label end="29" start="23" name="NN1"/>
                    <label end="31" start="31" name="PUN"/>
                    <label end="39" start="33" name="CJS"/>
                    <label end="47" start="41" name="PRP"/>
                    <label end="50" start="49" name="PRP"/>
                    <label end="56" start="52" name="VBG"/>
                    <label end="60" start="58" name="VVN"/>
                    <label end="63" start="62" name="PRP"/>
                    <label end="67" start="65" name="PNP"/>
                    <label end="74" start="69" name="VVB"/>
                    <label end="78" start="76" name="DPS"/>
                    <label end="82" start="80" name="NN1"/>
                    <label end="89" start="84" name="VVD"/>
                    <label end="99" start="91" name="AJ0"/>
                    <label end="102" start="101" name="CJS-PRP"/>
                    <label end="105" start="104" name="AT0"/>
                    <label end="111" start="107" name="AJ0"/>
                    <label end="118" start="113" name="NN1"/>
                    <label end="126" start="120" name="VVD"/>
                    <label end="130" start="128" name="DPS"/>
                    <label end="135" start="132" name="NN1"/>
                    <label end="137" start="137" name="PUN"/>
                    <label end="146" start="139" name="VVG"/>
                    <label end="150" start="148" name="DPS"/>
                    <label end="155" start="152" name="NN2"/>
                    <label end="158" start="157" name="PRP"/>
                    <label end="162" start="160" name="AT0"/>
                    <label end="166" start="164" name="NN1-NP0"/>
                    <label end="169" start="168" name="POS"/>
                    <label end="174" start="171" name="NN2"/>
                    <label end="183" start="176" name="VVD"/>
                    <label end="185" start="185" name="AT0"/>
                    <label end="192" start="187" name="NN1"/>
                    <label end="196" start="194" name="NN1"/>
                    <label end="198" start="198" name="PUN"/>
                </layer>
            </annotationSet>
            <annotationSet cDate="01/08/2003 12:05:07 PST Wed" status="MANUAL" ID="1534251">
                <layer rank="1" name="FE">
                    <label cBy="865" feID="3489" end="21" start="15" name="Authenticity"/>
                </layer>
                <layer rank="1" name="GF">
                    <label end="21" start="15" name="Dep"/>
                </layer>
                <layer rank="1" name="PT">
                    <label end="21" start="15" name="AJP"/>
                </layer>
                <layer rank="1" name="Sent"/>
                <layer rank="1" name="Other"/>
                <layer rank="1" name="Target">
                    <label cBy="103" end="29" start="23" name="Target"/>
                </layer>
                <layer rank="1" name="Noun"/>
            </annotationSet>
        </sentence>
    </subCorpus>
    <subCorpus name="N-429-s20-lgov-with">
        <sentence sentNo="0" aPos="14507073" ID="1041379">
            <text>Friends such as Edward Clodd , who expected Hardy to be relieved by her death in 1912 , found instead that he was overcome with remorse for neglecting one whom he had once loved so well . </text>
            <annotationSet cDate="01/08/2003 12:05:07 PST Wed" status="UNANN" ID="1534252">
                <layer rank="1" name="BNC">
                    <label end="6" start="0" name="NN2"/>
                    <label end="11" start="8" name="PRP"/>
                    <label end="14" start="13" name="PRP"/>
                    <label end="21" start="16" name="NP0"/>
                    <label end="27" start="23" name="NP0"/>
                    <label end="29" start="29" name="PUN"/>
                    <label end="33" start="31" name="PNQ"/>
                    <label end="42" start="35" name="VVD"/>
                    <label end="48" start="44" name="NP0"/>
                    <label end="51" start="50" name="TO0"/>
                    <label end="54" start="53" name="VBI"/>
                    <label end="63" start="56" name="VVN"/>
                    <label end="66" start="65" name="PRP"/>
                    <label end="70" start="68" name="DPS"/>
                    <label end="76" start="72" name="NN1"/>
                    <label end="79" start="78" name="PRP"/>
                    <label end="84" start="81" name="CRD"/>
                    <label end="86" start="86" name="PUN"/>
                    <label end="92" start="88" name="VVD-VVN"/>
                    <label end="100" start="94" name="AV0"/>
                    <label end="105" start="102" name="CJT"/>
                    <label end="108" start="107" name="PNP"/>
                    <label end="112" start="110" name="VBD"/>
                    <label end="121" start="114" name="AJ0"/>
                    <label end="126" start="123" name="PRP"/>
                    <label end="134" start="128" name="NN1"/>
                    <label end="138" start="136" name="PRP"/>
                    <label end="149" start="140" name="VVG"/>
                    <label end="153" start="151" name="PNI"/>
                    <label end="158" start="155" name="PNQ"/>
                    <label end="161" start="160" name="PNP"/>
                    <label end="165" start="163" name="VHD"/>
                    <label end="170" start="167" name="AV0"/>
                    <label end="176" start="172" name="VVN"/>
                    <label end="179" start="178" name="AV0"/>
                    <label end="184" start="181" name="AV0"/>
                    <label end="186" start="186" name="PUN"/>
                </layer>
            </annotationSet>
            <annotationSet cDate="01/08/2003 12:05:07 PST Wed" status="MANUAL" ID="1534253">
                <layer rank="1" name="FE">
                    <label cBy="618" feID="3408" end="184" start="136" name="Action"/>
                </layer>
                <layer rank="1" name="GF">
                    <label end="184" start="136" name="Dep"/>
                </layer>
                <layer rank="1" name="PT">
                    <label end="184" start="136" name="PPing"/>
                </layer>
                <layer rank="1" name="Sent"/>
                <layer rank="1" name="Other"/>
                <layer rank="1" name="Target">
                    <label cBy="103" end="134" start="128" name="Target"/>
                </layer>
                <layer rank="1" name="Noun"/>
            </annotationSet>
        </sentence>
        <sentence sentNo="0" aPos="54594280" ID="1041387">
            <text>The appellant was however described as flat and detached , with no signs of remorse for his offences : he was thought to be developing a personality disorder . </text>
            <annotationSet cDate="01/08/2003 12:05:09 PST Wed" status="UNANN" ID="1534268">
                <layer rank="1" name="BNC">
                    <label end="2" start="0" name="AT0"/>
                    <label end="12" start="4" name="NN1"/>
                    <label end="16" start="14" name="VBD"/>
                    <label end="24" start="18" name="AV0"/>
                    <label end="34" start="26" name="VVN"/>
                    <label end="37" start="36" name="AV0"/>
                    <label end="42" start="39" name="AJ0"/>
                    <label end="46" start="44" name="CJC"/>
                    <label end="55" start="48" name="VVD"/>
                    <label end="57" start="57" name="PUN"/>
                    <label end="62" start="59" name="PRP"/>
                    <label end="65" start="64" name="AT0"/>
                    <label end="71" start="67" name="NN2"/>
                    <label end="74" start="73" name="PRF"/>
                    <label end="82" start="76" name="NN1"/>
                    <label end="86" start="84" name="PRP"/>
                    <label end="90" start="88" name="DPS"/>
                    <label end="99" start="92" name="NN2"/>
                    <label end="101" start="101" name="PUN"/>
                    <label end="104" start="103" name="PNP"/>
                    <label end="108" start="106" name="VBD"/>
                    <label end="116" start="110" name="VVN"/>
                    <label end="119" start="118" name="TO0"/>
                    <label end="122" start="121" name="VBI"/>
                    <label end="133" start="124" name="VVG"/>
                    <label end="135" start="135" name="AT0"/>
                    <label end="147" start="137" name="NN1"/>
                    <label end="156" start="149" name="NN1"/>
                    <label end="158" start="158" name="PUN"/>
                </layer>
            </annotationSet>
            <annotationSet cDate="01/08/2003 12:05:09 PST Wed" status="MANUAL" ID="1534269">
                <layer rank="1" name="FE">
                    <label cBy="618" feID="3408" end="99" start="84" name="Action"/>
                </layer>
                <layer rank="1" name="GF">
                    <label end="99" start="84" name="Dep"/>
                </layer>
                <layer rank="1" name="PT">
                    <label end="99" start="84" name="PP"/>
                </layer>
                <layer rank="1" name="Sent"/>
                <layer rank="1" name="Other"/>
                <layer rank="1" name="Target">
                    <label cBy="103" end="82" start="76" name="Target"/>
                </layer>
                <layer rank="1" name="Noun"/>
            </annotationSet>
        </sentence>
        <sentence sentNo="0" aPos="64904876" ID="1041390">
            <text>The Doctor looked away from Bernice for a moment , and she could have sworn it was with genuine remorse . </text>
            <annotationSet cDate="01/08/2003 12:05:10 PST Wed" status="UNANN" ID="1534274">
                <layer rank="1" name="BNC">
                    <label end="2" start="0" name="AT0"/>
                    <label end="9" start="4" name="NN1"/>
                    <label end="16" start="11" name="VVD-VVN"/>
                    <label end="21" start="18" name="PRP"/>
                    <label end="26" start="23" name="PRP"/>
                    <label end="34" start="28" name="NP0"/>
                    <label end="38" start="36" name="PRP"/>
                    <label end="40" start="40" name="AT0"/>
                    <label end="47" start="42" name="NN1"/>
                    <label end="49" start="49" name="PUN"/>
                    <label end="53" start="51" name="CJC"/>
                    <label end="57" start="55" name="PNP"/>
                    <label end="63" start="59" name="VM0"/>
                    <label end="68" start="65" name="VHI"/>
                    <label end="74" start="70" name="VVN"/>
                    <label end="77" start="76" name="PNP"/>
                    <label end="81" start="79" name="VBD"/>
                    <label end="86" start="83" name="PRP"/>
                    <label end="94" start="88" name="AJ0"/>
                    <label end="102" start="96" name="NN1"/>
                    <label end="104" start="104" name="PUN"/>
                </layer>
            </annotationSet>
            <annotationSet cDate="01/08/2003 12:05:11 PST Wed" status="MANUAL" ID="1534275">
                <layer rank="1" name="FE">
                    <label cBy="865" feID="3489" end="94" start="88" name="Authenticity"/>
                </layer>
                <layer rank="1" name="GF">
                    <label end="94" start="88" name="Dep"/>
                </layer>
                <layer rank="1" name="PT">
                    <label end="94" start="88" name="AJP"/>
                </layer>
                <layer rank="1" name="Sent"/>
                <layer rank="1" name="Other"/>
                <layer rank="1" name="Target">
                    <label cBy="103" end="102" start="96" name="Target"/>
                </layer>
                <layer rank="1" name="Noun"/>
            </annotationSet>
        </sentence>
        <sentence sentNo="0" aPos="77158257" ID="1041391">
            <text>With a piercing stab of remorse at yet another misconstruction , Merrill recalled the painting she had thought belonged to Luke , which hung on the wall outside his room . </text>
            <annotationSet cDate="01/08/2003 12:05:11 PST Wed" status="UNANN" ID="1534276">
                <layer rank="1" name="BNC">
                    <label end="3" start="0" name="PRP"/>
                    <label end="5" start="5" name="AT0"/>
                    <label end="14" start="7" name="AJ0"/>
                    <label end="19" start="16" name="NN1"/>
                    <label end="22" start="21" name="PRF"/>
                    <label end="30" start="24" name="NN1"/>
                    <label end="33" start="32" name="PRP"/>
                    <label end="37" start="35" name="AV0"/>
                    <label end="45" start="39" name="DT0"/>
                    <label end="61" start="47" name="NN1"/>
                    <label end="63" start="63" name="PUN"/>
                    <label end="71" start="65" name="NP0"/>
                    <label end="80" start="73" name="VVD"/>
                    <label end="84" start="82" name="AT0"/>
                    <label end="93" start="86" name="NN1"/>
                    <label end="97" start="95" name="PNP"/>
                    <label end="101" start="99" name="VHD"/>
                    <label end="109" start="103" name="VVN"/>
                    <label end="118" start="111" name="VVD-VVN"/>
                    <label end="121" start="120" name="PRP"/>
                    <label end="126" start="123" name="NP0"/>
                    <label end="128" start="128" name="PUN"/>
                    <label end="134" start="130" name="DTQ"/>
                    <label end="139" start="136" name="VVD"/>
                    <label end="142" start="141" name="PRP"/>
                    <label end="146" start="144" name="AT0"/>
                    <label end="151" start="148" name="NN1"/>
                    <label end="159" start="153" name="PRP"/>
                    <label end="163" start="161" name="DPS"/>
                    <label end="168" start="165" name="NN1"/>
                    <label end="170" start="170" name="PUN"/>
                </layer>
            </annotationSet>
            <annotationSet cDate="01/08/2003 12:05:11 PST Wed" status="MANUAL" ID="1534277">
                <layer rank="1" name="FE">
                    <label cBy="618" feID="3408" end="61" start="32" name="Action"/>
                </layer>
                <layer rank="1" name="GF">
                    <label end="61" start="32" name="Dep"/>
                </layer>
                <layer rank="1" name="PT">
                    <label end="61" start="32" name="PP"/>
                </layer>
                <layer rank="1" name="Sent"/>
                <layer rank="1" name="Other"/>
                <layer rank="1" name="Target">
                    <label cBy="103" end="30" start="24" name="Target"/>
                </layer>
                <layer rank="1" name="Noun"/>
            </annotationSet>
        </sentence>
    </subCorpus>
    <subCorpus name="N-429-s20-lgov-without">
        <sentence sentNo="0" aPos="62369340" ID="1041403">
            <text>He was without remorse , seemingly unable to understand the gravity of the offence . </text>
            <annotationSet cDate="01/08/2003 12:05:12 PST Wed" status="UNANN" ID="1534300">
                <layer rank="1" name="BNC">
                    <label end="1" start="0" name="PNP"/>
                    <label end="5" start="3" name="VBD"/>
                    <label end="13" start="7" name="PRP"/>
                    <label end="21" start="15" name="NN1"/>
                    <label end="23" start="23" name="PUN"/>
                    <label end="33" start="25" name="AV0"/>
                    <label end="40" start="35" name="AJ0"/>
                    <label end="43" start="42" name="TO0"/>
                    <label end="54" start="45" name="VVI"/>
                    <label end="58" start="56" name="AT0"/>
                    <label end="66" start="60" name="NN1"/>
                    <label end="69" start="68" name="PRF"/>
                    <label end="73" start="71" name="AT0"/>
                    <label end="81" start="75" name="NN1"/>
                    <label end="83" start="83" name="PUN"/>
                </layer>
            </annotationSet>
            <annotationSet cDate="01/08/2003 12:05:12 PST Wed" status="MANUAL" ID="1534301">
                <layer rank="1" name="FE">
                    <label cBy="618" feID="3407" end="1" start="0" name="Experiencer"/>
                </layer>
                <layer rank="1" name="GF">
                    <label end="1" start="0" name="Ext"/>
                </layer>
                <layer rank="1" name="PT">
                    <label end="1" start="0" name="NP"/>
                </layer>
                <layer rank="1" name="Sent"/>
                <layer rank="1" name="Other"/>
                <layer rank="1" name="Target">
                    <label cBy="103" end="21" start="15" name="Target"/>
                </layer>
                <layer rank="1" name="Noun">
                    <label end="5" start="3" name="Cop"/>
                    <label end="13" start="7" name="Supp"/>
                </layer>
            </annotationSet>
        </sentence>
    </subCorpus>
</lexUnit>