<?xml version="1.0" encoding="UTF-8" standalone="yes"?>
<?xml-stylesheet type="text/xsl" href="lexUnit.xsl"?>
<lexUnit status="Finished_Initial" POS="A" name="frozen.a" ID="6896" frame="Altered_phase" frameID="385" totalAnnotated="16" xsi:schemaLocation="../schema/lexUnit.xsd" xmlns="http://framenet.icsi.berkeley.edu" xmlns:xsi="http://www.w3.org/2001/XMLSchema-instance">
    <header>
        <frame>
            <FE fgColor="FFFFFF" bgColor="006400" type="Extra-Thematic" abbrev="Sub" name="Subregion"/>
            <FE fgColor="FFFFFF" bgColor="0000FF" type="Core" abbrev="Und" name="Undergoer"/>
        </frame>
    </header>
    <definition>FN: having been turned into ice or another solid as a result of extreme cold. </definition>
    <lexeme POS="A" name="frozen"/>
    <valences>
        <FERealization total="16">
            <FE name="Undergoer"/>
            <pattern total="16">
                <valenceUnit GF="Head" PT="N" FE="Undergoer"/>
                <annoSet ID="1514915"/>
                <annoSet ID="1514969"/>
                <annoSet ID="1514981"/>
                <annoSet ID="1514987"/>
                <annoSet ID="1515005"/>
                <annoSet ID="1515009"/>
                <annoSet ID="1515019"/>
                <annoSet ID="1515039"/>
                <annoSet ID="1515061"/>
                <annoSet ID="1515067"/>
                <annoSet ID="1515089"/>
                <annoSet ID="1515095"/>
                <annoSet ID="1515115"/>
                <annoSet ID="1515133"/>
                <annoSet ID="1515189"/>
                <annoSet ID="1515275"/>
            </pattern>
        </FERealization>
        <FEGroupRealization total="16">
            <FE name="Undergoer"/>
            <pattern total="16">
                <valenceUnit GF="Head" PT="N" FE="Undergoer"/>
                <annoSet ID="1514915"/>
                <annoSet ID="1514969"/>
                <annoSet ID="1514981"/>
                <annoSet ID="1514987"/>
                <annoSet ID="1515005"/>
                <annoSet ID="1515009"/>
                <annoSet ID="1515019"/>
                <annoSet ID="1515039"/>
                <annoSet ID="1515061"/>
                <annoSet ID="1515067"/>
                <annoSet ID="1515089"/>
                <annoSet ID="1515095"/>
                <annoSet ID="1515115"/>
                <annoSet ID="1515133"/>
                <annoSet ID="1515189"/>
                <annoSet ID="1515275"/>
            </pattern>
        </FEGroupRealization>
    </valences>
    <subCorpus name="A-001-s20-lgov-become"/>
    <subCorpus name="A-001-s50-lgov-be">
        <sentence sentNo="0" aPos="68838188" ID="1031632">
            <text>It was another of Jacqui 's frozen meals . </text>
            <annotationSet cDate="01/07/2003 11:43:27 PST Tue" status="UNANN" ID="1514914">
                <layer rank="1" name="BNC">
                    <label end="1" start="0" name="PNP"/>
                    <label end="5" start="3" name="VBD"/>
                    <label end="13" start="7" name="DT0"/>
                    <label end="16" start="15" name="PRF"/>
                    <label end="23" start="18" name="NN1-NP0"/>
                    <label end="26" start="25" name="POS"/>
                    <label end="33" start="28" name="AJ0-VVN"/>
                    <label end="39" start="35" name="NN2"/>
                    <label end="41" start="41" name="PUN"/>
                </layer>
            </annotationSet>
            <annotationSet cDate="01/07/2003 11:43:27 PST Tue" status="MANUAL" ID="1514915">
                <layer rank="1" name="FE">
                    <label cBy="865" feID="3447" end="39" start="35" name="Undergoer"/>
                </layer>
                <layer rank="1" name="GF">
                    <label end="39" start="35" name="Head"/>
                </layer>
                <layer rank="1" name="PT">
                    <label end="39" start="35" name="N"/>
                </layer>
                <layer rank="1" name="Sent"/>
                <layer rank="1" name="Other"/>
                <layer rank="1" name="Target">
                    <label cBy="103" end="33" start="28" name="Target"/>
                </layer>
                <layer rank="1" name="Adj"/>
            </annotationSet>
        </sentence>
        <sentence sentNo="0" aPos="105213565" ID="1031659">
            <text>They were very suspicious of frozen vegetables especially . </text>
            <annotationSet cDate="01/07/2003 11:43:29 PST Tue" status="UNANN" ID="1514968">
                <layer rank="1" name="BNC">
                    <label end="3" start="0" name="PNP"/>
                    <label end="8" start="5" name="VBD"/>
                    <label end="13" start="10" name="AV0"/>
                    <label end="24" start="15" name="AJ0"/>
                    <label end="27" start="26" name="PRF"/>
                    <label end="34" start="29" name="AJ0"/>
                    <label end="45" start="36" name="NN2"/>
                    <label end="56" start="47" name="AV0"/>
                    <label end="58" start="58" name="PUN"/>
                </layer>
            </annotationSet>
            <annotationSet cDate="01/07/2003 11:43:30 PST Tue" status="MANUAL" ID="1514969">
                <layer rank="1" name="FE">
                    <label cBy="865" feID="3447" end="45" start="36" name="Undergoer"/>
                </layer>
                <layer rank="1" name="GF">
                    <label end="45" start="36" name="Head"/>
                </layer>
                <layer rank="1" name="PT">
                    <label end="45" start="36" name="N"/>
                </layer>
                <layer rank="1" name="Sent"/>
                <layer rank="1" name="Other"/>
                <layer rank="1" name="Target">
                    <label cBy="103" end="34" start="29" name="Target"/>
                </layer>
                <layer rank="1" name="Adj"/>
            </annotationSet>
        </sentence>
    </subCorpus>
    <subCorpus name="A-002-s20-rcoll-chicken">
        <sentence sentNo="0" aPos="9023301" ID="1031665">
            <text>From time to time we emerge from the factory to buy raw materials at Safeway or Mothercare , and in the end my daily discipline only echoes the great Baconian System when I purchase a frozen chicken . </text>
            <annotationSet cDate="01/07/2003 11:43:30 PST Tue" status="UNANN" ID="1514980">
                <layer rank="1" name="BNC">
                    <label end="3" start="0" name="AV0"/>
                    <label end="8" start="5" name="AV0"/>
                    <label end="11" start="10" name="AV0"/>
                    <label end="16" start="13" name="AV0"/>
                    <label end="19" start="18" name="PNP"/>
                    <label end="26" start="21" name="VVB"/>
                    <label end="31" start="28" name="PRP"/>
                    <label end="35" start="33" name="AT0"/>
                    <label end="43" start="37" name="NN1"/>
                    <label end="46" start="45" name="TO0"/>
                    <label end="50" start="48" name="VVI"/>
                    <label end="54" start="52" name="AJ0"/>
                    <label end="64" start="56" name="NN2"/>
                    <label end="67" start="66" name="PRP"/>
                    <label end="75" start="69" name="NP0"/>
                    <label end="78" start="77" name="CJC"/>
                    <label end="89" start="80" name="NN1-NP0"/>
                    <label end="91" start="91" name="PUN"/>
                    <label end="95" start="93" name="CJC"/>
                    <label end="98" start="97" name="PRP"/>
                    <label end="102" start="100" name="AT0"/>
                    <label end="106" start="104" name="NN1"/>
                    <label end="109" start="108" name="DPS"/>
                    <label end="115" start="111" name="AJ0"/>
                    <label end="126" start="117" name="NN1"/>
                    <label end="131" start="128" name="AV0"/>
                    <label end="138" start="133" name="VVZ"/>
                    <label end="142" start="140" name="AT0"/>
                    <label end="148" start="144" name="AJ0"/>
                    <label end="157" start="150" name="AJ0"/>
                    <label end="164" start="159" name="NN1"/>
                    <label end="169" start="166" name="AVQ-CJS"/>
                    <label end="171" start="171" name="PNP"/>
                    <label end="180" start="173" name="VVB"/>
                    <label end="182" start="182" name="AT0"/>
                    <label end="189" start="184" name="AJ0"/>
                    <label end="197" start="191" name="NN1"/>
                    <label end="199" start="199" name="PUN"/>
                </layer>
            </annotationSet>
            <annotationSet cDate="01/07/2003 11:43:30 PST Tue" status="MANUAL" ID="1514981">
                <layer rank="1" name="FE">
                    <label cBy="865" feID="3447" end="197" start="191" name="Undergoer"/>
                </layer>
                <layer rank="1" name="GF">
                    <label end="197" start="191" name="Head"/>
                </layer>
                <layer rank="1" name="PT">
                    <label end="197" start="191" name="N"/>
                </layer>
                <layer rank="1" name="Sent"/>
                <layer rank="1" name="Other"/>
                <layer rank="1" name="Target">
                    <label cBy="103" end="189" start="184" name="Target"/>
                </layer>
                <layer rank="1" name="Adj"/>
            </annotationSet>
        </sentence>
        <sentence sentNo="0" aPos="49172087" ID="1031668">
            <text>Frozen chicken livers are already cleaned , so if they are being used the only preliminary required is the thawing-out process . </text>
            <annotationSet cDate="01/07/2003 11:43:30 PST Tue" status="UNANN" ID="1514986">
                <layer rank="1" name="BNC">
                    <label end="5" start="0" name="AJ0"/>
                    <label end="13" start="7" name="NN1"/>
                    <label end="20" start="15" name="NN2"/>
                    <label end="24" start="22" name="VBB"/>
                    <label end="32" start="26" name="AV0"/>
                    <label end="40" start="34" name="VVN"/>
                    <label end="42" start="42" name="PUN"/>
                    <label end="45" start="44" name="AV0"/>
                    <label end="48" start="47" name="CJS"/>
                    <label end="53" start="50" name="PNP"/>
                    <label end="57" start="55" name="VBB"/>
                    <label end="63" start="59" name="VBG"/>
                    <label end="68" start="65" name="VVN"/>
                    <label end="72" start="70" name="AT0"/>
                    <label end="77" start="74" name="AJ0"/>
                    <label end="89" start="79" name="NN1"/>
                    <label end="98" start="91" name="VVD-VVN"/>
                    <label end="101" start="100" name="VBZ"/>
                    <label end="105" start="103" name="AT0"/>
                    <label end="117" start="107" name="AJ0-NN1"/>
                    <label end="125" start="119" name="NN1"/>
                    <label end="127" start="127" name="PUN"/>
                </layer>
            </annotationSet>
            <annotationSet cDate="01/07/2003 11:43:31 PST Tue" status="MANUAL" ID="1514987">
                <layer rank="1" name="FE">
                    <label cBy="865" feID="3447" end="20" start="7" name="Undergoer"/>
                </layer>
                <layer rank="1" name="GF">
                    <label end="20" start="7" name="Head"/>
                </layer>
                <layer rank="1" name="PT">
                    <label end="20" start="7" name="N"/>
                </layer>
                <layer rank="1" name="Sent"/>
                <layer rank="1" name="Other"/>
                <layer rank="1" name="Target">
                    <label cBy="103" end="5" start="0" name="Target"/>
                </layer>
                <layer rank="1" name="Adj"/>
            </annotationSet>
        </sentence>
    </subCorpus>
    <subCorpus name="A-002-s20-rcoll-fish">
        <sentence sentNo="0" aPos="85868471" ID="1031677">
            <text>Imports , including pig iron , coal , aluminium and frozen fish , fell slightly to $370 million . </text>
            <annotationSet cDate="01/07/2003 11:43:32 PST Tue" status="UNANN" ID="1515004">
                <layer rank="1" name="BNC">
                    <label end="6" start="0" name="NN2"/>
                    <label end="8" start="8" name="PUN"/>
                    <label end="18" start="10" name="PRP"/>
                    <label end="22" start="20" name="NN1"/>
                    <label end="27" start="24" name="NN1"/>
                    <label end="29" start="29" name="PUN"/>
                    <label end="34" start="31" name="NN1"/>
                    <label end="36" start="36" name="PUN"/>
                    <label end="46" start="38" name="NN1"/>
                    <label end="50" start="48" name="CJC"/>
                    <label end="57" start="52" name="AJ0"/>
                    <label end="62" start="59" name="NN0"/>
                    <label end="64" start="64" name="PUN"/>
                    <label end="69" start="66" name="VVD"/>
                    <label end="78" start="71" name="AV0"/>
                    <label end="81" start="80" name="PRP"/>
                    <label end="86" start="83" name="NN0"/>
                    <label end="94" start="88" name="CRD"/>
                    <label end="96" start="96" name="PUN"/>
                </layer>
            </annotationSet>
            <annotationSet cDate="01/07/2003 11:43:32 PST Tue" status="MANUAL" ID="1515005">
                <layer rank="1" name="FE">
                    <label cBy="865" feID="3447" end="62" start="59" name="Undergoer"/>
                </layer>
                <layer rank="1" name="GF">
                    <label end="62" start="59" name="Head"/>
                </layer>
                <layer rank="1" name="PT">
                    <label end="62" start="59" name="N"/>
                </layer>
                <layer rank="1" name="Sent"/>
                <layer rank="1" name="Other"/>
                <layer rank="1" name="Target">
                    <label cBy="103" end="57" start="52" name="Target"/>
                </layer>
                <layer rank="1" name="Adj"/>
            </annotationSet>
        </sentence>
        <sentence sentNo="0" aPos="106413597" ID="1031679">
            <text>Some frozen fish had been on a totally different per tonne basis . &quot; </text>
            <annotationSet cDate="01/07/2003 11:43:32 PST Tue" status="UNANN" ID="1515008">
                <layer rank="1" name="BNC">
                    <label end="3" start="0" name="DT0"/>
                    <label end="10" start="5" name="AJ0"/>
                    <label end="15" start="12" name="NN0"/>
                    <label end="19" start="17" name="VHD"/>
                    <label end="24" start="21" name="VBN"/>
                    <label end="27" start="26" name="PRP"/>
                    <label end="29" start="29" name="AT0"/>
                    <label end="37" start="31" name="AV0"/>
                    <label end="47" start="39" name="AJ0"/>
                    <label end="51" start="49" name="PRP"/>
                    <label end="57" start="53" name="NN1"/>
                    <label end="63" start="59" name="NN1"/>
                    <label end="65" start="65" name="PUN"/>
                    <label end="67" start="67" name="PUQ"/>
                </layer>
            </annotationSet>
            <annotationSet cDate="01/07/2003 11:43:32 PST Tue" status="MANUAL" ID="1515009">
                <layer rank="1" name="FE">
                    <label cBy="865" feID="3447" end="15" start="12" name="Undergoer"/>
                </layer>
                <layer rank="1" name="GF">
                    <label end="15" start="12" name="Head"/>
                </layer>
                <layer rank="1" name="PT">
                    <label end="15" start="12" name="N"/>
                </layer>
                <layer rank="1" name="Sent"/>
                <layer rank="1" name="Other"/>
                <layer rank="1" name="Target">
                    <label cBy="103" end="10" start="5" name="Target"/>
                </layer>
                <layer rank="1" name="Adj"/>
            </annotationSet>
        </sentence>
    </subCorpus>
    <subCorpus name="A-002-s20-rcoll-food">
        <sentence sentNo="0" aPos="21940325" ID="1031684">
            <text>When you 've bought chilled or frozen foods , get them home quickly . </text>
            <annotationSet cDate="01/07/2003 11:43:33 PST Tue" status="UNANN" ID="1515018">
                <layer rank="1" name="BNC">
                    <label end="3" start="0" name="AVQ-CJS"/>
                    <label end="7" start="5" name="PNP"/>
                    <label end="11" start="9" name="VHB"/>
                    <label end="18" start="13" name="VVN"/>
                    <label end="26" start="20" name="AJ0-VVD"/>
                    <label end="29" start="28" name="CJC"/>
                    <label end="36" start="31" name="AJ0"/>
                    <label end="42" start="38" name="NN2"/>
                    <label end="44" start="44" name="PUN"/>
                    <label end="48" start="46" name="VVB"/>
                    <label end="53" start="50" name="PNP"/>
                    <label end="58" start="55" name="AV0"/>
                    <label end="66" start="60" name="AV0"/>
                    <label end="68" start="68" name="PUN"/>
                </layer>
            </annotationSet>
            <annotationSet cDate="01/07/2003 11:43:33 PST Tue" status="MANUAL" ID="1515019">
                <layer rank="1" name="FE">
                    <label cBy="865" feID="3447" end="42" start="38" name="Undergoer"/>
                </layer>
                <layer rank="1" name="GF">
                    <label end="42" start="38" name="Head"/>
                </layer>
                <layer rank="1" name="PT">
                    <label end="42" start="38" name="N"/>
                </layer>
                <layer rank="1" name="Sent"/>
                <layer rank="1" name="Other"/>
                <layer rank="1" name="Target">
                    <label cBy="103" end="36" start="31" name="Target"/>
                </layer>
                <layer rank="1" name="Adj"/>
            </annotationSet>
        </sentence>
        <sentence sentNo="0" aPos="33679572" ID="1031694">
            <text>Diet should consist of all types of worms , even the largest taking tubifex and bloodworm in vast quantities , or any of the other frozen meat-based foods are relished . </text>
            <annotationSet cDate="01/07/2003 11:43:35 PST Tue" status="UNANN" ID="1515038">
                <layer rank="1" name="BNC">
                    <label end="3" start="0" name="NN1-NP0"/>
                    <label end="10" start="5" name="VM0"/>
                    <label end="18" start="12" name="VVI"/>
                    <label end="21" start="20" name="PRF"/>
                    <label end="25" start="23" name="DT0"/>
                    <label end="31" start="27" name="NN2"/>
                    <label end="34" start="33" name="PRF"/>
                    <label end="40" start="36" name="NN2"/>
                    <label end="42" start="42" name="PUN"/>
                    <label end="47" start="44" name="AV0"/>
                    <label end="51" start="49" name="AT0"/>
                    <label end="59" start="53" name="AJS"/>
                    <label end="66" start="61" name="AJ0-VVG"/>
                    <label end="74" start="68" name="NN1"/>
                    <label end="78" start="76" name="CJC"/>
                    <label end="88" start="80" name="NN1-VVB"/>
                    <label end="91" start="90" name="PRP"/>
                    <label end="96" start="93" name="AJ0"/>
                    <label end="107" start="98" name="NN2"/>
                    <label end="109" start="109" name="PUN"/>
                    <label end="112" start="111" name="CJC"/>
                    <label end="116" start="114" name="DT0"/>
                    <label end="119" start="118" name="PRF"/>
                    <label end="123" start="121" name="AT0"/>
                    <label end="129" start="125" name="AJ0"/>
                    <label end="136" start="131" name="AJ0"/>
                    <label end="147" start="138" name="AJ0-NN1"/>
                    <label end="153" start="149" name="NN2"/>
                    <label end="157" start="155" name="VBB"/>
                    <label end="166" start="159" name="VVN"/>
                    <label end="168" start="168" name="PUN"/>
                </layer>
            </annotationSet>
            <annotationSet cDate="01/07/2003 11:43:35 PST Tue" status="MANUAL" ID="1515039">
                <layer rank="1" name="FE">
                    <label cBy="865" feID="3447" end="153" start="138" name="Undergoer"/>
                </layer>
                <layer rank="1" name="GF">
                    <label end="153" start="138" name="Head"/>
                </layer>
                <layer rank="1" name="PT">
                    <label end="153" start="138" name="N"/>
                </layer>
                <layer rank="1" name="Sent"/>
                <layer rank="1" name="Other"/>
                <layer rank="1" name="Target">
                    <label cBy="103" end="136" start="131" name="Target"/>
                </layer>
                <layer rank="1" name="Adj"/>
            </annotationSet>
        </sentence>
    </subCorpus>
    <subCorpus name="A-002-s20-rcoll-lake">
        <sentence sentNo="0" aPos="27504227" ID="1031705">
            <text>A TEENAGE boy died trying to save a pal drowning under the ice of a frozen lake yesterday . </text>
            <annotationSet cDate="01/07/2003 11:43:36 PST Tue" status="UNANN" ID="1515060">
                <layer rank="1" name="BNC">
                    <label end="0" start="0" name="AT0"/>
                    <label end="8" start="2" name="AJ0"/>
                    <label end="12" start="10" name="NN1"/>
                    <label end="17" start="14" name="VVD-VVN"/>
                    <label end="24" start="19" name="AJ0-VVG"/>
                    <label end="27" start="26" name="TO0"/>
                    <label end="32" start="29" name="VVI"/>
                    <label end="34" start="34" name="AT0"/>
                    <label end="38" start="36" name="NN1"/>
                    <label end="47" start="40" name="VVG"/>
                    <label end="53" start="49" name="PRP"/>
                    <label end="57" start="55" name="AT0"/>
                    <label end="61" start="59" name="NN1"/>
                    <label end="64" start="63" name="PRF"/>
                    <label end="66" start="66" name="AT0"/>
                    <label end="73" start="68" name="AJ0"/>
                    <label end="78" start="75" name="NN1"/>
                    <label end="88" start="80" name="AV0"/>
                    <label end="90" start="90" name="PUN"/>
                </layer>
            </annotationSet>
            <annotationSet cDate="01/07/2003 11:43:36 PST Tue" status="MANUAL" ID="1515061">
                <layer rank="1" name="FE">
                    <label cBy="865" feID="3447" end="78" start="75" name="Undergoer"/>
                </layer>
                <layer rank="1" name="GF">
                    <label end="78" start="75" name="Head"/>
                </layer>
                <layer rank="1" name="PT">
                    <label end="78" start="75" name="N"/>
                </layer>
                <layer rank="1" name="Sent"/>
                <layer rank="1" name="Other"/>
                <layer rank="1" name="Target">
                    <label cBy="103" end="73" start="68" name="Target"/>
                </layer>
                <layer rank="1" name="Adj"/>
            </annotationSet>
        </sentence>
        <sentence sentNo="0" aPos="35812958" ID="1031708">
            <text>In Finland some of these sites are even found in the middle of frozen lakes . </text>
            <annotationSet cDate="01/07/2003 11:43:37 PST Tue" status="UNANN" ID="1515066">
                <layer rank="1" name="BNC">
                    <label end="1" start="0" name="PRP"/>
                    <label end="9" start="3" name="NP0"/>
                    <label end="14" start="11" name="DT0"/>
                    <label end="17" start="16" name="PRF"/>
                    <label end="23" start="19" name="DT0"/>
                    <label end="29" start="25" name="NN2"/>
                    <label end="33" start="31" name="VBB"/>
                    <label end="38" start="35" name="AV0"/>
                    <label end="44" start="40" name="VVD-VVN"/>
                    <label end="47" start="46" name="PRP"/>
                    <label end="51" start="49" name="AT0"/>
                    <label end="58" start="53" name="NN1"/>
                    <label end="61" start="60" name="PRF"/>
                    <label end="68" start="63" name="AJ0"/>
                    <label end="74" start="70" name="NN2"/>
                    <label end="76" start="76" name="PUN"/>
                </layer>
            </annotationSet>
            <annotationSet cDate="01/07/2003 11:43:37 PST Tue" status="MANUAL" ID="1515067">
                <layer rank="1" name="FE">
                    <label cBy="865" feID="3447" end="74" start="70" name="Undergoer"/>
                </layer>
                <layer rank="1" name="GF">
                    <label end="74" start="70" name="Head"/>
                </layer>
                <layer rank="1" name="PT">
                    <label end="74" start="70" name="N"/>
                </layer>
                <layer rank="1" name="Sent"/>
                <layer rank="1" name="Other"/>
                <layer rank="1" name="Target">
                    <label cBy="103" end="68" start="63" name="Target"/>
                </layer>
                <layer rank="1" name="Adj"/>
            </annotationSet>
        </sentence>
    </subCorpus>
    <subCorpus name="A-002-s20-rcoll-peas">
        <sentence sentNo="0" aPos="2560660" ID="1031719">
            <text>I have not always found it easy to counter my wife 's complaints that frozen peas have to be eaten the same day . </text>
            <annotationSet cDate="01/07/2003 11:43:38 PST Tue" status="UNANN" ID="1515088">
                <layer rank="1" name="BNC">
                    <label end="0" start="0" name="PNP"/>
                    <label end="5" start="2" name="VHB"/>
                    <label end="9" start="7" name="XX0"/>
                    <label end="16" start="11" name="AV0"/>
                    <label end="22" start="18" name="VVN"/>
                    <label end="25" start="24" name="PNP"/>
                    <label end="30" start="27" name="AJ0-AV0"/>
                    <label end="33" start="32" name="TO0"/>
                    <label end="41" start="35" name="VVI"/>
                    <label end="44" start="43" name="DPS"/>
                    <label end="49" start="46" name="NN1"/>
                    <label end="52" start="51" name="POS"/>
                    <label end="63" start="54" name="NN2-VVZ"/>
                    <label end="68" start="65" name="CJT-DT0"/>
                    <label end="75" start="70" name="AJ0"/>
                    <label end="80" start="77" name="NN2"/>
                    <label end="85" start="82" name="VHB"/>
                    <label end="88" start="87" name="TO0"/>
                    <label end="91" start="90" name="VBI"/>
                    <label end="97" start="93" name="VVN"/>
                    <label end="101" start="99" name="AT0"/>
                    <label end="106" start="103" name="DT0"/>
                    <label end="110" start="108" name="NN1"/>
                    <label end="112" start="112" name="PUN"/>
                </layer>
            </annotationSet>
            <annotationSet cDate="01/07/2003 11:43:38 PST Tue" status="MANUAL" ID="1515089">
                <layer rank="1" name="FE">
                    <label cBy="865" feID="3447" end="80" start="77" name="Undergoer"/>
                </layer>
                <layer rank="1" name="GF">
                    <label end="80" start="77" name="Head"/>
                </layer>
                <layer rank="1" name="PT">
                    <label end="80" start="77" name="N"/>
                </layer>
                <layer rank="1" name="Sent"/>
                <layer rank="1" name="Other"/>
                <layer rank="1" name="Target">
                    <label cBy="103" end="75" start="70" name="Target"/>
                </layer>
                <layer rank="1" name="Adj"/>
            </annotationSet>
        </sentence>
        <sentence sentNo="0" aPos="7755302" ID="1031722">
            <text>Out of all the items in our list we would probably tick the apples , potatoes , carrots , onions , cod and the frozen peas and beans . </text>
            <annotationSet cDate="01/07/2003 11:43:38 PST Tue" status="UNANN" ID="1515094">
                <layer rank="1" name="BNC">
                    <label end="2" start="0" name="PRP"/>
                    <label end="5" start="4" name="PRP"/>
                    <label end="9" start="7" name="DT0"/>
                    <label end="13" start="11" name="AT0"/>
                    <label end="19" start="15" name="NN2"/>
                    <label end="22" start="21" name="PRP"/>
                    <label end="26" start="24" name="DPS"/>
                    <label end="31" start="28" name="NN1"/>
                    <label end="34" start="33" name="PNP"/>
                    <label end="40" start="36" name="VM0"/>
                    <label end="49" start="42" name="AV0"/>
                    <label end="54" start="51" name="VVI"/>
                    <label end="58" start="56" name="AT0"/>
                    <label end="65" start="60" name="NN2"/>
                    <label end="67" start="67" name="PUN"/>
                    <label end="76" start="69" name="NN2"/>
                    <label end="78" start="78" name="PUN"/>
                    <label end="86" start="80" name="NN2-VVZ"/>
                    <label end="88" start="88" name="PUN"/>
                    <label end="95" start="90" name="NN2"/>
                    <label end="97" start="97" name="PUN"/>
                    <label end="101" start="99" name="NN0"/>
                    <label end="105" start="103" name="CJC"/>
                    <label end="109" start="107" name="AT0"/>
                    <label end="116" start="111" name="AJ0"/>
                    <label end="121" start="118" name="NN2"/>
                    <label end="125" start="123" name="CJC"/>
                    <label end="131" start="127" name="NN2"/>
                    <label end="133" start="133" name="PUN"/>
                </layer>
            </annotationSet>
            <annotationSet cDate="01/07/2003 11:43:38 PST Tue" status="MANUAL" ID="1515095">
                <layer rank="1" name="FE">
                    <label cBy="865" feID="3447" end="131" start="118" name="Undergoer"/>
                </layer>
                <layer rank="1" name="GF">
                    <label end="131" start="118" name="Head"/>
                </layer>
                <layer rank="1" name="PT">
                    <label end="131" start="118" name="N"/>
                </layer>
                <layer rank="1" name="Sent"/>
                <layer rank="1" name="Other"/>
                <layer rank="1" name="Target">
                    <label cBy="103" end="116" start="111" name="Target"/>
                </layer>
                <layer rank="1" name="Adj"/>
            </annotationSet>
        </sentence>
    </subCorpus>
    <subCorpus name="A-002-s20-rcoll-river">
        <sentence sentNo="0" aPos="3594887" ID="1031732">
            <text>The dogs follow the trail , so there is no problem , but it does mean that I miss seeing the sudden three metre drop that we go down to reach a frozen river . </text>
            <annotationSet cDate="01/07/2003 11:43:39 PST Tue" status="UNANN" ID="1515114">
                <layer rank="1" name="BNC">
                    <label end="2" start="0" name="AT0"/>
                    <label end="7" start="4" name="NN2"/>
                    <label end="14" start="9" name="VVB"/>
                    <label end="18" start="16" name="AT0"/>
                    <label end="24" start="20" name="NN1"/>
                    <label end="26" start="26" name="PUN"/>
                    <label end="29" start="28" name="CJS"/>
                    <label end="35" start="31" name="EX0"/>
                    <label end="38" start="37" name="VBZ"/>
                    <label end="41" start="40" name="AT0"/>
                    <label end="49" start="43" name="NN1"/>
                    <label end="51" start="51" name="PUN"/>
                    <label end="55" start="53" name="CJC"/>
                    <label end="58" start="57" name="PNP"/>
                    <label end="63" start="60" name="VDZ"/>
                    <label end="68" start="65" name="VVI"/>
                    <label end="73" start="70" name="CJT"/>
                    <label end="75" start="75" name="PNP"/>
                    <label end="80" start="77" name="VVB"/>
                    <label end="87" start="82" name="VVG"/>
                    <label end="91" start="89" name="AT0"/>
                    <label end="98" start="93" name="AJ0"/>
                    <label end="104" start="100" name="CRD"/>
                    <label end="110" start="106" name="NN1"/>
                    <label end="115" start="112" name="NN1-VVB"/>
                    <label end="120" start="117" name="CJT"/>
                    <label end="123" start="122" name="PNP"/>
                    <label end="126" start="125" name="VVB"/>
                    <label end="131" start="128" name="AVP"/>
                    <label end="134" start="133" name="TO0"/>
                    <label end="140" start="136" name="VVI"/>
                    <label end="142" start="142" name="AT0"/>
                    <label end="149" start="144" name="AJ0"/>
                    <label end="155" start="151" name="NN1"/>
                    <label end="157" start="157" name="PUN"/>
                </layer>
            </annotationSet>
            <annotationSet cDate="01/07/2003 11:43:39 PST Tue" status="MANUAL" ID="1515115">
                <layer rank="1" name="FE">
                    <label cBy="865" feID="3447" end="155" start="151" name="Undergoer"/>
                </layer>
                <layer rank="1" name="GF">
                    <label end="155" start="151" name="Head"/>
                </layer>
                <layer rank="1" name="PT">
                    <label end="155" start="151" name="N"/>
                </layer>
                <layer rank="1" name="Sent"/>
                <layer rank="1" name="Other"/>
                <layer rank="1" name="Target">
                    <label cBy="103" end="149" start="144" name="Target"/>
                </layer>
                <layer rank="1" name="Adj"/>
            </annotationSet>
        </sentence>
        <sentence sentNo="0" aPos="108161956" ID="1031741">
            <text>A group of tattered watermen muttered abuse at the frozen river and cursed the great frost which had taken their livelihood from them . </text>
            <annotationSet cDate="01/07/2003 11:43:40 PST Tue" status="UNANN" ID="1515132">
                <layer rank="1" name="BNC">
                    <label end="0" start="0" name="AT0"/>
                    <label end="6" start="2" name="NN0"/>
                    <label end="9" start="8" name="PRF"/>
                    <label end="18" start="11" name="AJ0"/>
                    <label end="27" start="20" name="NN2"/>
                    <label end="36" start="29" name="AJ0-VVD"/>
                    <label end="42" start="38" name="NN1"/>
                    <label end="45" start="44" name="PRP"/>
                    <label end="49" start="47" name="AT0"/>
                    <label end="56" start="51" name="AJ0"/>
                    <label end="62" start="58" name="NN1"/>
                    <label end="66" start="64" name="CJC"/>
                    <label end="73" start="68" name="VVD"/>
                    <label end="77" start="75" name="AT0"/>
                    <label end="83" start="79" name="AJ0"/>
                    <label end="89" start="85" name="NN1"/>
                    <label end="95" start="91" name="DTQ"/>
                    <label end="99" start="97" name="VHD"/>
                    <label end="105" start="101" name="VVN"/>
                    <label end="111" start="107" name="DPS"/>
                    <label end="122" start="113" name="NN1"/>
                    <label end="127" start="124" name="PRP"/>
                    <label end="132" start="129" name="PNP"/>
                    <label end="134" start="134" name="PUN"/>
                </layer>
            </annotationSet>
            <annotationSet cDate="01/07/2003 11:43:40 PST Tue" status="MANUAL" ID="1515133">
                <layer rank="1" name="FE">
                    <label cBy="865" feID="3447" end="62" start="58" name="Undergoer"/>
                </layer>
                <layer rank="1" name="GF">
                    <label end="62" start="58" name="Head"/>
                </layer>
                <layer rank="1" name="PT">
                    <label end="62" start="58" name="N"/>
                </layer>
                <layer rank="1" name="Sent"/>
                <layer rank="1" name="Other"/>
                <layer rank="1" name="Target">
                    <label cBy="103" end="56" start="51" name="Target"/>
                </layer>
                <layer rank="1" name="Adj"/>
            </annotationSet>
        </sentence>
    </subCorpus>
    <subCorpus name="A-100-s20-ppin"/>
    <subCorpus name="A-110-s20-ppother"/>
    <subCorpus name="A-160-s20-pother"/>
    <subCorpus name="A-170-s20-prenom">
        <sentence sentNo="0" aPos="27182220" ID="1031769">
            <text>ENSURE a frozen turkey is defrosted and keep cool . </text>
            <annotationSet cDate="01/07/2003 11:43:44 PST Tue" status="UNANN" ID="1515188">
                <layer rank="1" name="BNC">
                    <label end="5" start="0" name="VVB"/>
                    <label end="7" start="7" name="AT0"/>
                    <label end="14" start="9" name="AJ0"/>
                    <label end="21" start="16" name="NN1"/>
                    <label end="24" start="23" name="VBZ"/>
                    <label end="34" start="26" name="AJ0-VVN"/>
                    <label end="38" start="36" name="CJC"/>
                    <label end="43" start="40" name="VVB"/>
                    <label end="48" start="45" name="AJ0-AV0"/>
                    <label end="50" start="50" name="PUN"/>
                </layer>
            </annotationSet>
            <annotationSet cDate="01/07/2003 11:43:44 PST Tue" status="MANUAL" ID="1515189">
                <layer rank="1" name="FE">
                    <label cBy="865" feID="3447" end="21" start="16" name="Undergoer"/>
                </layer>
                <layer rank="1" name="GF">
                    <label end="21" start="16" name="Head"/>
                </layer>
                <layer rank="1" name="PT">
                    <label end="21" start="16" name="N"/>
                </layer>
                <layer rank="1" name="Sent"/>
                <layer rank="1" name="Other"/>
                <layer rank="1" name="Target">
                    <label cBy="103" end="14" start="9" name="Target"/>
                </layer>
                <layer rank="1" name="Adj"/>
            </annotationSet>
        </sentence>
    </subCorpus>
    <subCorpus name="A-180-s20-punct"/>
    <subCorpus name="A-190-s20-other">
        <sentence sentNo="0" aPos="47038223" ID="1031812">
            <text>And all the time I was talking I rolled my swabs back and forth over the frozen Thames . </text>
            <annotationSet cDate="01/07/2003 11:43:50 PST Tue" status="UNANN" ID="1515274">
                <layer rank="1" name="BNC">
                    <label end="2" start="0" name="CJC"/>
                    <label end="6" start="4" name="DT0"/>
                    <label end="10" start="8" name="AT0"/>
                    <label end="15" start="12" name="NN1"/>
                    <label end="17" start="17" name="PNP"/>
                    <label end="21" start="19" name="VBD"/>
                    <label end="29" start="23" name="VVG"/>
                    <label end="31" start="31" name="PNP"/>
                    <label end="38" start="33" name="VVD"/>
                    <label end="41" start="40" name="DPS"/>
                    <label end="47" start="43" name="NN2"/>
                    <label end="52" start="49" name="AVP"/>
                    <label end="56" start="54" name="CJC"/>
                    <label end="62" start="58" name="AV0"/>
                    <label end="67" start="64" name="PRP"/>
                    <label end="71" start="69" name="AT0"/>
                    <label end="78" start="73" name="AJ0"/>
                    <label end="85" start="80" name="NP0"/>
                    <label end="87" start="87" name="PUN"/>
                </layer>
            </annotationSet>
            <annotationSet cDate="01/07/2003 11:43:50 PST Tue" status="MANUAL" ID="1515275">
                <layer rank="1" name="FE">
                    <label cBy="865" feID="3447" end="85" start="80" name="Undergoer"/>
                </layer>
                <layer rank="1" name="GF">
                    <label end="85" start="80" name="Head"/>
                </layer>
                <layer rank="1" name="PT">
                    <label end="85" start="80" name="N"/>
                </layer>
                <layer rank="1" name="Sent"/>
                <layer rank="1" name="Other"/>
                <layer rank="1" name="Target">
                    <label cBy="103" end="78" start="73" name="Target"/>
                </layer>
                <layer rank="1" name="Adj"/>
            </annotationSet>
        </sentence>
    </subCorpus>
</lexUnit>