<?xml version="1.0" encoding="UTF-8" standalone="yes"?>
<?xml-stylesheet type="text/xsl" href="lexUnit.xsl"?>
<lexUnit status="Finished_Initial" POS="A" name="remorseful.a" ID="6810" frame="Contrition" frameID="382" totalAnnotated="10" xsi:schemaLocation="../schema/lexUnit.xsd" xmlns="http://framenet.icsi.berkeley.edu" xmlns:xsi="http://www.w3.org/2001/XMLSchema-instance">
    <header>
        <frame>
            <FE fgColor="FFFFFF" bgColor="FF0000" type="Core" abbrev="Action" name="Action"/>
            <FE fgColor="FFFFFF" bgColor="00008B" type="Peripheral" abbrev="Authenticity" name="Authenticity"/>
            <FE fgColor="FFFFFF" bgColor="FF69B4" type="Peripheral" abbrev="Degr" name="Degree"/>
            <FE fgColor="000000" bgColor="FFFF00" type="Extra-Thematic" abbrev="Dep" name="Depictive"/>
            <FE fgColor="FFFFFF" bgColor="0000FF" type="Core" abbrev="E_state" name="Emotional_state"/>
            <FE fgColor="FFFFFF" bgColor="800080" type="Core" abbrev="Experiencer" name="Experiencer"/>
            <FE fgColor="FFFFFF" bgColor="008000" type="Core" abbrev="Expressor" name="Expressor"/>
            <FE fgColor="FFFFFF" bgColor="9F79EE" type="Extra-Thematic" abbrev="Man" name="Manner"/>
            <FE fgColor="000000" bgColor="7CCD73" type="Extra-Thematic" abbrev="Tim" name="Time"/>
        </frame>
    </header>
    <definition>FN: full of deep regret or guilt for a wrong committed.</definition>
    <lexeme POS="A" name="remorseful"/>
    <valences>
        <FERealization total="10">
            <FE name="Action"/>
            <pattern total="2">
                <valenceUnit GF="" PT="CNI" FE="Action"/>
                <annoSet ID="1534327"/>
                <annoSet ID="1534331"/>
            </pattern>
            <pattern total="6">
                <valenceUnit GF="" PT="DNI" FE="Action"/>
                <annoSet ID="1534321"/>
                <annoSet ID="1534323"/>
                <annoSet ID="1534325"/>
                <annoSet ID="1534349"/>
                <annoSet ID="1534351"/>
                <annoSet ID="1534359"/>
            </pattern>
            <pattern total="1">
                <valenceUnit GF="" PT="INI" FE="Action"/>
                <annoSet ID="1534335"/>
            </pattern>
            <pattern total="1">
                <valenceUnit GF="Dep" PT="PP[for]" FE="Action"/>
                <annoSet ID="1534355"/>
            </pattern>
        </FERealization>
        <FERealization total="1">
            <FE name="Authenticity"/>
            <pattern total="1">
                <valenceUnit GF="Dep" PT="AVP" FE="Authenticity"/>
                <annoSet ID="1534359"/>
            </pattern>
        </FERealization>
        <FERealization total="1">
            <FE name="Degree"/>
            <pattern total="1">
                <valenceUnit GF="Dep" PT="AVP" FE="Degree"/>
                <annoSet ID="1534323"/>
            </pattern>
            <pattern total="1">
                <valenceUnit GF="Dep" PT="Sfin" FE="Degree"/>
                <annoSet ID="1534323"/>
            </pattern>
        </FERealization>
        <FERealization total="9">
            <FE name="Experiencer"/>
            <pattern total="3">
                <valenceUnit GF="Head" PT="N" FE="Experiencer"/>
                <annoSet ID="1534321"/>
                <annoSet ID="1534331"/>
                <annoSet ID="1534351"/>
            </pattern>
            <pattern total="6">
                <valenceUnit GF="Ext" PT="NP" FE="Experiencer"/>
                <annoSet ID="1534323"/>
                <annoSet ID="1534325"/>
                <annoSet ID="1534327"/>
                <annoSet ID="1534349"/>
                <annoSet ID="1534355"/>
                <annoSet ID="1534359"/>
            </pattern>
        </FERealization>
        <FERealization total="1">
            <FE name="Expressor"/>
            <pattern total="1">
                <valenceUnit GF="Ext" PT="NP" FE="Expressor"/>
                <annoSet ID="1534335"/>
            </pattern>
        </FERealization>
        <FEGroupRealization total="1">
            <FE name="Action"/>
            <FE name="Authenticity"/>
            <FE name="Experiencer"/>
            <pattern total="1">
                <valenceUnit GF="" PT="DNI" FE="Action"/>
                <valenceUnit GF="Dep" PT="AVP" FE="Authenticity"/>
                <valenceUnit GF="Ext" PT="NP" FE="Experiencer"/>
                <annoSet ID="1534359"/>
            </pattern>
        </FEGroupRealization>
        <FEGroupRealization total="1">
            <FE name="Action"/>
            <FE name="Degree"/>
            <FE name="Degree"/>
            <FE name="Experiencer"/>
            <pattern total="1">
                <valenceUnit GF="" PT="DNI" FE="Action"/>
                <valenceUnit GF="Dep" PT="AVP" FE="Degree"/>
                <valenceUnit GF="Dep" PT="Sfin" FE="Degree"/>
                <valenceUnit GF="Ext" PT="NP" FE="Experiencer"/>
                <annoSet ID="1534323"/>
            </pattern>
        </FEGroupRealization>
        <FEGroupRealization total="7">
            <FE name="Action"/>
            <FE name="Experiencer"/>
            <pattern total="1">
                <valenceUnit GF="" PT="CNI" FE="Action"/>
                <valenceUnit GF="Head" PT="N" FE="Experiencer"/>
                <annoSet ID="1534331"/>
            </pattern>
            <pattern total="1">
                <valenceUnit GF="" PT="CNI" FE="Action"/>
                <valenceUnit GF="Ext" PT="NP" FE="Experiencer"/>
                <annoSet ID="1534327"/>
            </pattern>
            <pattern total="2">
                <valenceUnit GF="" PT="DNI" FE="Action"/>
                <valenceUnit GF="Head" PT="N" FE="Experiencer"/>
                <annoSet ID="1534321"/>
                <annoSet ID="1534351"/>
            </pattern>
            <pattern total="2">
                <valenceUnit GF="" PT="DNI" FE="Action"/>
                <valenceUnit GF="Ext" PT="NP" FE="Experiencer"/>
                <annoSet ID="1534325"/>
                <annoSet ID="1534349"/>
            </pattern>
            <pattern total="1">
                <valenceUnit GF="Dep" PT="PP[for]" FE="Action"/>
                <valenceUnit GF="Ext" PT="NP" FE="Experiencer"/>
                <annoSet ID="1534355"/>
            </pattern>
        </FEGroupRealization>
        <FEGroupRealization total="1">
            <FE name="Action"/>
            <FE name="Expressor"/>
            <pattern total="1">
                <valenceUnit GF="" PT="INI" FE="Action"/>
                <valenceUnit GF="Ext" PT="NP" FE="Expressor"/>
                <annoSet ID="1534335"/>
            </pattern>
        </FEGroupRealization>
    </valences>
    <subCorpus name="A-001-all">
        <sentence sentNo="0" aPos="16600172" ID="1041413">
            <text>That was a judgement with which the remorseful S.T. Coleridge would , for the moment , hardly have disagreed . </text>
            <annotationSet cDate="01/08/2003 12:05:13 PST Wed" status="UNANN" ID="1534320">
                <layer rank="1" name="BNC">
                    <label end="3" start="0" name="DT0"/>
                    <label end="7" start="5" name="VBD"/>
                    <label end="9" start="9" name="AT0"/>
                    <label end="19" start="11" name="NN1"/>
                    <label end="24" start="21" name="PRP"/>
                    <label end="30" start="26" name="DTQ"/>
                    <label end="34" start="32" name="AT0"/>
                    <label end="45" start="36" name="AJ0"/>
                    <label end="50" start="47" name="NP0"/>
                    <label end="60" start="52" name="NP0"/>
                    <label end="66" start="62" name="VM0"/>
                    <label end="68" start="68" name="PUN"/>
                    <label end="72" start="70" name="PRP"/>
                    <label end="76" start="74" name="AT0"/>
                    <label end="83" start="78" name="NN1"/>
                    <label end="85" start="85" name="PUN"/>
                    <label end="92" start="87" name="AV0"/>
                    <label end="97" start="94" name="VHB"/>
                    <label end="107" start="99" name="VVN"/>
                    <label end="109" start="109" name="PUN"/>
                </layer>
            </annotationSet>
            <annotationSet cDate="01/08/2003 12:05:13 PST Wed" status="MANUAL" ID="1534321">
                <layer rank="1" name="FE">
                    <label cBy="865" feID="3407" end="60" start="47" name="Experiencer"/>
                    <label cBy="296" feID="3408" itype="DNI" name="Action"/>
                </layer>
                <layer rank="1" name="GF">
                    <label end="60" start="47" name="Head"/>
                </layer>
                <layer rank="1" name="PT">
                    <label end="60" start="47" name="N"/>
                </layer>
                <layer rank="1" name="Sent"/>
                <layer rank="1" name="Other"/>
                <layer rank="1" name="Target">
                    <label cBy="103" end="45" start="36" name="Target"/>
                </layer>
                <layer rank="1" name="Adj"/>
            </annotationSet>
        </sentence>
        <sentence sentNo="0" aPos="25912193" ID="1041414">
            <text>So remorseful was Shiva that he took the head of the first creature he encountered and placed it on the boy 's shoulders . </text>
            <annotationSet cDate="01/08/2003 12:05:13 PST Wed" status="UNANN" ID="1534322">
                <layer rank="1" name="BNC">
                    <label end="1" start="0" name="AV0"/>
                    <label end="12" start="3" name="AJ0"/>
                    <label end="16" start="14" name="VBD"/>
                    <label end="22" start="18" name="NN1-NP0"/>
                    <label end="27" start="24" name="CJT"/>
                    <label end="30" start="29" name="PNP"/>
                    <label end="35" start="32" name="VVD"/>
                    <label end="39" start="37" name="AT0"/>
                    <label end="44" start="41" name="NN1"/>
                    <label end="47" start="46" name="PRF"/>
                    <label end="51" start="49" name="AT0"/>
                    <label end="57" start="53" name="ORD"/>
                    <label end="66" start="59" name="NN1"/>
                    <label end="69" start="68" name="PNP"/>
                    <label end="81" start="71" name="VVD"/>
                    <label end="85" start="83" name="CJC"/>
                    <label end="92" start="87" name="VVD-VVN"/>
                    <label end="95" start="94" name="PNP"/>
                    <label end="98" start="97" name="PRP"/>
                    <label end="102" start="100" name="AT0"/>
                    <label end="106" start="104" name="NN1"/>
                    <label end="109" start="108" name="POS"/>
                    <label end="119" start="111" name="NN2"/>
                    <label end="121" start="121" name="PUN"/>
                </layer>
            </annotationSet>
            <annotationSet cDate="01/08/2003 12:05:13 PST Wed" status="MANUAL" ID="1534323">
                <layer rank="1" name="FE">
                    <label cBy="865" feID="3407" end="22" start="18" name="Experiencer"/>
                    <label cBy="865" feID="3409" end="1" start="0" name="Degree"/>
                    <label cBy="865" feID="3409" end="119" start="24" name="Degree"/>
                    <label cBy="296" feID="3408" itype="DNI" name="Action"/>
                </layer>
                <layer rank="1" name="GF">
                    <label end="22" start="18" name="Ext"/>
                    <label end="1" start="0" name="Dep"/>
                    <label end="119" start="24" name="Dep"/>
                </layer>
                <layer rank="1" name="PT">
                    <label end="22" start="18" name="NP"/>
                    <label end="1" start="0" name="AVP"/>
                    <label end="119" start="24" name="Sfin"/>
                </layer>
                <layer rank="1" name="Sent"/>
                <layer rank="1" name="Other"/>
                <layer rank="1" name="Target">
                    <label cBy="103" end="12" start="3" name="Target"/>
                </layer>
                <layer rank="1" name="Adj">
                    <label end="16" start="14" name="Cop"/>
                </layer>
            </annotationSet>
        </sentence>
        <sentence sentNo="0" aPos="27422005" ID="1041415">
            <text>I do n't think he is remorseful . &quot; </text>
            <annotationSet cDate="01/08/2003 12:05:13 PST Wed" status="UNANN" ID="1534324">
                <layer rank="1" name="BNC">
                    <label end="0" start="0" name="PNP"/>
                    <label end="3" start="2" name="VDB"/>
                    <label end="7" start="5" name="XX0"/>
                    <label end="13" start="9" name="VVI"/>
                    <label end="16" start="15" name="PNP"/>
                    <label end="19" start="18" name="VBZ"/>
                    <label end="30" start="21" name="AJ0"/>
                    <label end="32" start="32" name="PUN"/>
                    <label end="34" start="34" name="PUQ"/>
                </layer>
            </annotationSet>
            <annotationSet cDate="01/08/2003 12:05:13 PST Wed" status="MANUAL" ID="1534325">
                <layer rank="1" name="FE">
                    <label cBy="865" feID="3407" end="16" start="15" name="Experiencer"/>
                    <label cBy="296" feID="3408" itype="DNI" name="Action"/>
                </layer>
                <layer rank="1" name="GF">
                    <label end="16" start="15" name="Ext"/>
                </layer>
                <layer rank="1" name="PT">
                    <label end="16" start="15" name="NP"/>
                </layer>
                <layer rank="1" name="Sent"/>
                <layer rank="1" name="Other"/>
                <layer rank="1" name="Target">
                    <label cBy="103" end="30" start="21" name="Target"/>
                </layer>
                <layer rank="1" name="Adj">
                    <label end="19" start="18" name="Cop"/>
                </layer>
            </annotationSet>
        </sentence>
        <sentence sentNo="0" aPos="28313052" ID="1041416">
            <text>` He does n't seem to be remorseful in any way . </text>
            <annotationSet cDate="01/08/2003 12:05:14 PST Wed" status="UNANN" ID="1534326">
                <layer rank="1" name="BNC">
                    <label end="0" start="0" name="PUQ"/>
                    <label end="3" start="2" name="PNP"/>
                    <label end="8" start="5" name="VDZ"/>
                    <label end="12" start="10" name="XX0"/>
                    <label end="17" start="14" name="VVI"/>
                    <label end="20" start="19" name="TO0"/>
                    <label end="23" start="22" name="VBI"/>
                    <label end="34" start="25" name="AJ0"/>
                    <label end="37" start="36" name="PRP"/>
                    <label end="41" start="39" name="DT0"/>
                    <label end="45" start="43" name="NN1"/>
                    <label end="47" start="47" name="PUN"/>
                </layer>
            </annotationSet>
            <annotationSet cDate="01/08/2003 12:05:14 PST Wed" status="MANUAL" ID="1534327">
                <layer rank="1" name="FE">
                    <label cBy="865" feID="3407" end="3" start="2" name="Experiencer"/>
                    <label cBy="296" feID="3408" itype="CNI" name="Action"/>
                </layer>
                <layer rank="1" name="GF">
                    <label end="3" start="2" name="Ext"/>
                </layer>
                <layer rank="1" name="PT">
                    <label end="3" start="2" name="NP"/>
                </layer>
                <layer rank="1" name="Sent"/>
                <layer rank="1" name="Other"/>
                <layer rank="1" name="Target">
                    <label cBy="103" end="34" start="25" name="Target"/>
                </layer>
                <layer rank="1" name="Adj">
                    <label end="23" start="22" name="Cop"/>
                </layer>
            </annotationSet>
        </sentence>
        <sentence sentNo="0" aPos="34793461" ID="1041418">
            <text>Police found the remorseful robber desperate to give himself up . </text>
            <annotationSet cDate="01/08/2003 12:05:14 PST Wed" status="UNANN" ID="1534330">
                <layer rank="1" name="BNC">
                    <label end="5" start="0" name="NN2"/>
                    <label end="11" start="7" name="VVD-VVN"/>
                    <label end="15" start="13" name="AT0"/>
                    <label end="26" start="17" name="AJ0"/>
                    <label end="33" start="28" name="NN1"/>
                    <label end="43" start="35" name="AJ0"/>
                    <label end="46" start="45" name="TO0"/>
                    <label end="51" start="48" name="VVI"/>
                    <label end="59" start="53" name="PNX"/>
                    <label end="62" start="61" name="AVP"/>
                    <label end="64" start="64" name="PUN"/>
                </layer>
            </annotationSet>
            <annotationSet cDate="01/08/2003 12:05:14 PST Wed" status="MANUAL" ID="1534331">
                <layer rank="1" name="FE">
                    <label cBy="865" feID="3407" end="33" start="28" name="Experiencer"/>
                    <label cBy="296" feID="3408" itype="CNI" name="Action"/>
                </layer>
                <layer rank="1" name="GF">
                    <label end="33" start="28" name="Head"/>
                </layer>
                <layer rank="1" name="PT">
                    <label end="33" start="28" name="N"/>
                </layer>
                <layer rank="1" name="Sent"/>
                <layer rank="1" name="Other"/>
                <layer rank="1" name="Target">
                    <label cBy="103" end="26" start="17" name="Target"/>
                </layer>
                <layer rank="1" name="Adj"/>
            </annotationSet>
        </sentence>
        <sentence sentNo="0" aPos="51652670" ID="1041420">
            <text>Aunt Sarah 's voice was warm , remorseful . </text>
            <annotationSet cDate="01/08/2003 12:05:14 PST Wed" status="UNANN" ID="1534334">
                <layer rank="1" name="BNC">
                    <label end="3" start="0" name="NP0"/>
                    <label end="9" start="5" name="NP0"/>
                    <label end="12" start="11" name="POS"/>
                    <label end="18" start="14" name="NN1"/>
                    <label end="22" start="20" name="VBD"/>
                    <label end="27" start="24" name="AJ0"/>
                    <label end="29" start="29" name="PUN"/>
                    <label end="40" start="31" name="AJ0"/>
                    <label end="42" start="42" name="PUN"/>
                </layer>
            </annotationSet>
            <annotationSet cDate="01/08/2003 12:05:14 PST Wed" status="MANUAL" ID="1534335">
                <layer rank="1" name="FE">
                    <label cBy="865" feID="3410" end="18" start="0" name="Expressor"/>
                    <label cBy="296" feID="3408" itype="INI" name="Action"/>
                </layer>
                <layer rank="1" name="GF">
                    <label end="18" start="0" name="Ext"/>
                </layer>
                <layer rank="1" name="PT">
                    <label end="18" start="0" name="NP"/>
                </layer>
                <layer rank="1" name="Sent"/>
                <layer rank="1" name="Other"/>
                <layer rank="1" name="Target">
                    <label cBy="103" end="40" start="31" name="Target"/>
                </layer>
                <layer rank="1" name="Adj">
                    <label end="22" start="20" name="Cop"/>
                </layer>
            </annotationSet>
        </sentence>
        <sentence sentNo="0" aPos="90280117" ID="1041427">
            <text>This eldest boy seemed remorseful for a moment . </text>
            <annotationSet cDate="01/08/2003 12:05:15 PST Wed" status="UNANN" ID="1534348">
                <layer rank="1" name="BNC">
                    <label end="3" start="0" name="DT0"/>
                    <label end="10" start="5" name="AJS"/>
                    <label end="14" start="12" name="NN1"/>
                    <label end="21" start="16" name="VVD"/>
                    <label end="32" start="23" name="AJ0"/>
                    <label end="36" start="34" name="PRP"/>
                    <label end="38" start="38" name="AT0"/>
                    <label end="45" start="40" name="NN1"/>
                    <label end="47" start="47" name="PUN"/>
                </layer>
            </annotationSet>
            <annotationSet cDate="01/08/2003 12:05:15 PST Wed" status="MANUAL" ID="1534349">
                <layer rank="1" name="FE">
                    <label cBy="865" feID="3407" end="14" start="0" name="Experiencer"/>
                    <label cBy="296" feID="3408" itype="DNI" name="Action"/>
                </layer>
                <layer rank="1" name="GF">
                    <label end="14" start="0" name="Ext"/>
                </layer>
                <layer rank="1" name="PT">
                    <label end="14" start="0" name="NP"/>
                </layer>
                <layer rank="1" name="Sent"/>
                <layer rank="1" name="Other"/>
                <layer rank="1" name="Target">
                    <label cBy="103" end="32" start="23" name="Target"/>
                </layer>
                <layer rank="1" name="Adj">
                    <label end="21" start="16" name="Cop"/>
                </layer>
            </annotationSet>
        </sentence>
        <sentence sentNo="0" aPos="95823545" ID="1041428">
            <text>An A major-F major chord progression is heard as the remorseful Achilles reflects on his men who died through his fault . </text>
            <annotationSet cDate="01/08/2003 12:05:15 PST Wed" status="UNANN" ID="1534350">
                <layer rank="1" name="BNC">
                    <label end="1" start="0" name="AT0"/>
                    <label end="3" start="3" name="AT0"/>
                    <label end="11" start="5" name="NP0"/>
                    <label end="17" start="13" name="AJ0"/>
                    <label end="23" start="19" name="NN1"/>
                    <label end="35" start="25" name="NN1"/>
                    <label end="38" start="37" name="VBZ"/>
                    <label end="44" start="40" name="VVN"/>
                    <label end="47" start="46" name="PRP"/>
                    <label end="51" start="49" name="AT0"/>
                    <label end="62" start="53" name="AJ0"/>
                    <label end="71" start="64" name="NP0"/>
                    <label end="80" start="73" name="VVZ"/>
                    <label end="83" start="82" name="PRP"/>
                    <label end="87" start="85" name="DPS"/>
                    <label end="91" start="89" name="NN2"/>
                    <label end="95" start="93" name="PNQ"/>
                    <label end="100" start="97" name="VVD"/>
                    <label end="108" start="102" name="PRP"/>
                    <label end="112" start="110" name="DPS"/>
                    <label end="118" start="114" name="NN1"/>
                    <label end="120" start="120" name="PUN"/>
                </layer>
            </annotationSet>
            <annotationSet cDate="01/08/2003 12:05:15 PST Wed" status="MANUAL" ID="1534351">
                <layer rank="1" name="FE">
                    <label cBy="865" feID="3407" end="71" start="64" name="Experiencer"/>
                    <label cBy="296" feID="3408" itype="DNI" name="Action"/>
                </layer>
                <layer rank="1" name="GF">
                    <label end="71" start="64" name="Head"/>
                </layer>
                <layer rank="1" name="PT">
                    <label end="71" start="64" name="N"/>
                </layer>
                <layer rank="1" name="Sent"/>
                <layer rank="1" name="Other"/>
                <layer rank="1" name="Target">
                    <label cBy="103" end="62" start="53" name="Target"/>
                </layer>
                <layer rank="1" name="Adj"/>
            </annotationSet>
        </sentence>
        <sentence sentNo="0" aPos="104734428" ID="1041430">
            <text>Laurence Hazell , defending , said Sigsworth was remorseful for what he had done . </text>
            <annotationSet cDate="01/08/2003 12:05:15 PST Wed" status="UNANN" ID="1534354">
                <layer rank="1" name="BNC">
                    <label end="7" start="0" name="NP0"/>
                    <label end="14" start="9" name="NP0"/>
                    <label end="16" start="16" name="PUN"/>
                    <label end="26" start="18" name="VVG"/>
                    <label end="28" start="28" name="PUN"/>
                    <label end="33" start="30" name="VVD"/>
                    <label end="43" start="35" name="NP0"/>
                    <label end="47" start="45" name="VBD"/>
                    <label end="58" start="49" name="AJ0"/>
                    <label end="62" start="60" name="PRP"/>
                    <label end="67" start="64" name="DTQ"/>
                    <label end="70" start="69" name="PNP"/>
                    <label end="74" start="72" name="VHD"/>
                    <label end="79" start="76" name="VDN"/>
                    <label end="81" start="81" name="PUN"/>
                </layer>
            </annotationSet>
            <annotationSet cDate="01/08/2003 12:05:15 PST Wed" status="MANUAL" ID="1534355">
                <layer rank="1" name="FE">
                    <label cBy="865" feID="3407" end="43" start="35" name="Experiencer"/>
                    <label cBy="865" feID="3408" end="79" start="60" name="Action"/>
                </layer>
                <layer rank="1" name="GF">
                    <label end="43" start="35" name="Ext"/>
                    <label end="79" start="60" name="Dep"/>
                </layer>
                <layer rank="1" name="PT">
                    <label end="43" start="35" name="NP"/>
                    <label end="79" start="60" name="PP"/>
                </layer>
                <layer rank="1" name="Sent"/>
                <layer rank="1" name="Other"/>
                <layer rank="1" name="Target">
                    <label cBy="103" end="58" start="49" name="Target"/>
                </layer>
                <layer rank="1" name="Adj">
                    <label end="47" start="45" name="Cop"/>
                </layer>
            </annotationSet>
        </sentence>
        <sentence sentNo="0" aPos="106913218" ID="1041432">
            <text>He was now genuinely remorseful . </text>
            <annotationSet cDate="01/08/2003 12:05:15 PST Wed" status="UNANN" ID="1534358">
                <layer rank="1" name="BNC">
                    <label end="1" start="0" name="PNP"/>
                    <label end="5" start="3" name="VBD"/>
                    <label end="9" start="7" name="AV0"/>
                    <label end="19" start="11" name="AV0"/>
                    <label end="30" start="21" name="AJ0"/>
                    <label end="32" start="32" name="PUN"/>
                </layer>
            </annotationSet>
            <annotationSet cDate="01/08/2003 12:05:15 PST Wed" status="MANUAL" ID="1534359">
                <layer rank="1" name="FE">
                    <label cBy="865" feID="3407" end="1" start="0" name="Experiencer"/>
                    <label cBy="865" feID="3489" end="19" start="11" name="Authenticity"/>
                    <label cBy="296" feID="3408" itype="DNI" name="Action"/>
                </layer>
                <layer rank="1" name="GF">
                    <label end="1" start="0" name="Ext"/>
                    <label end="19" start="11" name="Dep"/>
                </layer>
                <layer rank="1" name="PT">
                    <label end="1" start="0" name="NP"/>
                    <label end="19" start="11" name="AVP"/>
                </layer>
                <layer rank="1" name="Sent"/>
                <layer rank="1" name="Other"/>
                <layer rank="1" name="Target">
                    <label cBy="103" end="30" start="21" name="Target"/>
                </layer>
                <layer rank="1" name="Adj">
                    <label end="5" start="3" name="Cop"/>
                </layer>
            </annotationSet>
        </sentence>
    </subCorpus>
</lexUnit>