<?xml version="1.0" encoding="UTF-8" standalone="yes"?>
<?xml-stylesheet type="text/xsl" href="lexUnit.xsl"?>
<lexUnit status="Finished_Initial" POS="V" name="sprain.v" ID="6898" frame="Experience_bodily_harm" frameID="384" totalAnnotated="11" xsi:schemaLocation="../schema/lexUnit.xsd" xmlns="http://framenet.icsi.berkeley.edu" xmlns:xsi="http://www.w3.org/2001/XMLSchema-instance">
    <header>
        <frame>
            <FE fgColor="FFFFFF" bgColor="9F79EE" type="Core" abbrev="BodP" name="Body_part"/>
            <FE fgColor="FFFFFF" bgColor="A52A2A" type="Extra-Thematic" abbrev="con" name="Containing_event"/>
            <FE fgColor="FFFFFF" bgColor="A52A2A" type="Peripheral" abbrev="Dur" name="Duration"/>
            <FE fgColor="FFFFFF" bgColor="0000FF" type="Core" abbrev="Exp" name="Experiencer"/>
            <FE fgColor="FFFFFF" bgColor="0000FF" type="Extra-Thematic" abbrev="Freq" name="Frequency"/>
            <FE fgColor="FFFFFF" bgColor="808080" type="Peripheral" abbrev="Inj_ent" name="Injuring_entity"/>
            <FE fgColor="FFFFFF" bgColor="800080" type="Extra-Thematic" abbrev="Iter" name="Iterations"/>
            <FE fgColor="FFFFFF" bgColor="FF00FF" type="Peripheral" abbrev="Manr" name="Manner"/>
            <FE fgColor="FFFFFF" bgColor="008000" type="Peripheral" abbrev="Place" name="Place"/>
            <FE fgColor="FFFFFF" bgColor="FF0000" type="Peripheral" abbrev="Sev" name="Severity"/>
            <FE fgColor="FFFFFF" bgColor="FFA500" type="Peripheral" abbrev="Time" name="Time"/>
        </frame>
    </header>
    <definition>COD: wrench the ligaments of (an ankle, wrist, or other joint) violently so as to cause pain and swelling but not dislocation. </definition>
    <lexeme POS="V" name="sprain"/>
    <valences>
        <FERealization total="11">
            <FE name="Body_part"/>
            <pattern total="11">
                <valenceUnit GF="Obj" PT="NP" FE="Body_part"/>
                <annoSet ID="1515309"/>
                <annoSet ID="1515313"/>
                <annoSet ID="1515319"/>
                <annoSet ID="1515321"/>
                <annoSet ID="1515325"/>
                <annoSet ID="1515331"/>
                <annoSet ID="1515335"/>
                <annoSet ID="1515339"/>
                <annoSet ID="1515343"/>
                <annoSet ID="1515347"/>
                <annoSet ID="1515357"/>
            </pattern>
        </FERealization>
        <FERealization total="5">
            <FE name="Containing_event"/>
            <pattern total="1">
                <valenceUnit GF="Dep" PT="PP[at]" FE="Containing_event"/>
                <annoSet ID="1515321"/>
            </pattern>
            <pattern total="1">
                <valenceUnit GF="Dep" PT="PP[on]" FE="Containing_event"/>
                <annoSet ID="1515343"/>
            </pattern>
            <pattern total="1">
                <valenceUnit GF="Dep" PT="PPing[after]" FE="Containing_event"/>
                <annoSet ID="1515331"/>
            </pattern>
            <pattern total="2">
                <valenceUnit GF="Dep" PT="Sub" FE="Containing_event"/>
                <annoSet ID="1515309"/>
                <annoSet ID="1515319"/>
            </pattern>
        </FERealization>
        <FERealization total="11">
            <FE name="Experiencer"/>
            <pattern total="11">
                <valenceUnit GF="Ext" PT="NP" FE="Experiencer"/>
                <annoSet ID="1515309"/>
                <annoSet ID="1515313"/>
                <annoSet ID="1515319"/>
                <annoSet ID="1515321"/>
                <annoSet ID="1515325"/>
                <annoSet ID="1515331"/>
                <annoSet ID="1515335"/>
                <annoSet ID="1515339"/>
                <annoSet ID="1515343"/>
                <annoSet ID="1515347"/>
                <annoSet ID="1515357"/>
            </pattern>
            <pattern total="6">
                <valenceUnit GF="" PT="2nd" FE="Experiencer"/>
                <annoSet ID="1515309"/>
                <annoSet ID="1515313"/>
                <annoSet ID="1515335"/>
                <annoSet ID="1515339"/>
                <annoSet ID="1515347"/>
                <annoSet ID="1515357"/>
            </pattern>
        </FERealization>
        <FERealization total="1">
            <FE name="Manner"/>
            <pattern total="1">
                <valenceUnit GF="Dep" PT="AVP" FE="Manner"/>
                <annoSet ID="1515347"/>
            </pattern>
        </FERealization>
        <FERealization total="1">
            <FE name="Time"/>
            <pattern total="1">
                <valenceUnit GF="Dep" PT="PP[ago]" FE="Time"/>
                <annoSet ID="1515357"/>
            </pattern>
        </FERealization>
        <FEGroupRealization total="4">
            <FE name="Body_part"/>
            <FE name="Containing_event"/>
            <FE name="Experiencer"/>
            <pattern total="1">
                <valenceUnit GF="Obj" PT="NP" FE="Body_part"/>
                <valenceUnit GF="Dep" PT="PP[at]" FE="Containing_event"/>
                <valenceUnit GF="Ext" PT="NP" FE="Experiencer"/>
                <annoSet ID="1515321"/>
            </pattern>
            <pattern total="1">
                <valenceUnit GF="Obj" PT="NP" FE="Body_part"/>
                <valenceUnit GF="Dep" PT="PP[on]" FE="Containing_event"/>
                <valenceUnit GF="Ext" PT="NP" FE="Experiencer"/>
                <annoSet ID="1515343"/>
            </pattern>
            <pattern total="1">
                <valenceUnit GF="Obj" PT="NP" FE="Body_part"/>
                <valenceUnit GF="Dep" PT="PPing[after]" FE="Containing_event"/>
                <valenceUnit GF="Ext" PT="NP" FE="Experiencer"/>
                <annoSet ID="1515331"/>
            </pattern>
            <pattern total="1">
                <valenceUnit GF="Obj" PT="NP" FE="Body_part"/>
                <valenceUnit GF="Dep" PT="Sub" FE="Containing_event"/>
                <valenceUnit GF="Ext" PT="NP" FE="Experiencer"/>
                <annoSet ID="1515319"/>
            </pattern>
        </FEGroupRealization>
        <FEGroupRealization total="1">
            <FE name="Body_part"/>
            <FE name="Containing_event"/>
            <FE name="Experiencer"/>
            <FE name="Experiencer"/>
            <pattern total="1">
                <valenceUnit GF="Obj" PT="NP" FE="Body_part"/>
                <valenceUnit GF="Dep" PT="Sub" FE="Containing_event"/>
                <valenceUnit GF="" PT="2nd" FE="Experiencer"/>
                <valenceUnit GF="Ext" PT="NP" FE="Experiencer"/>
                <annoSet ID="1515309"/>
            </pattern>
        </FEGroupRealization>
        <FEGroupRealization total="1">
            <FE name="Body_part"/>
            <FE name="Experiencer"/>
            <pattern total="1">
                <valenceUnit GF="Obj" PT="NP" FE="Body_part"/>
                <valenceUnit GF="Ext" PT="NP" FE="Experiencer"/>
                <annoSet ID="1515325"/>
            </pattern>
        </FEGroupRealization>
        <FEGroupRealization total="3">
            <FE name="Body_part"/>
            <FE name="Experiencer"/>
            <FE name="Experiencer"/>
            <pattern total="3">
                <valenceUnit GF="Obj" PT="NP" FE="Body_part"/>
                <valenceUnit GF="" PT="2nd" FE="Experiencer"/>
                <valenceUnit GF="Ext" PT="NP" FE="Experiencer"/>
                <annoSet ID="1515313"/>
                <annoSet ID="1515335"/>
                <annoSet ID="1515339"/>
            </pattern>
        </FEGroupRealization>
        <FEGroupRealization total="1">
            <FE name="Body_part"/>
            <FE name="Experiencer"/>
            <FE name="Experiencer"/>
            <FE name="Manner"/>
            <pattern total="1">
                <valenceUnit GF="Obj" PT="NP" FE="Body_part"/>
                <valenceUnit GF="" PT="2nd" FE="Experiencer"/>
                <valenceUnit GF="Ext" PT="NP" FE="Experiencer"/>
                <valenceUnit GF="Dep" PT="AVP" FE="Manner"/>
                <annoSet ID="1515347"/>
            </pattern>
        </FEGroupRealization>
        <FEGroupRealization total="1">
            <FE name="Body_part"/>
            <FE name="Experiencer"/>
            <FE name="Experiencer"/>
            <FE name="Time"/>
            <pattern total="1">
                <valenceUnit GF="Obj" PT="NP" FE="Body_part"/>
                <valenceUnit GF="" PT="2nd" FE="Experiencer"/>
                <valenceUnit GF="Ext" PT="NP" FE="Experiencer"/>
                <valenceUnit GF="Dep" PT="PP[ago]" FE="Time"/>
                <annoSet ID="1515357"/>
            </pattern>
        </FEGroupRealization>
    </valences>
    <subCorpus name="V-001-all">
        <sentence sentNo="0" aPos="14766567" ID="1031829">
            <text>` I seem to have sprained my ankle as I fell . </text>
            <annotationSet cDate="01/07/2003 11:43:52 PST Tue" status="UNANN" ID="1515308">
                <layer rank="1" name="BNC">
                    <label end="0" start="0" name="PUQ"/>
                    <label end="2" start="2" name="PNP"/>
                    <label end="7" start="4" name="VVB"/>
                    <label end="10" start="9" name="TO0"/>
                    <label end="15" start="12" name="VHI"/>
                    <label end="24" start="17" name="VVD-VVN"/>
                    <label end="27" start="26" name="DPS"/>
                    <label end="33" start="29" name="NN1"/>
                    <label end="36" start="35" name="CJS"/>
                    <label end="38" start="38" name="PNP"/>
                    <label end="43" start="40" name="VVD"/>
                    <label end="45" start="45" name="PUN"/>
                </layer>
            </annotationSet>
            <annotationSet cDate="01/07/2003 11:43:52 PST Tue" status="MANUAL" ID="1515309">
                <layer rank="1" name="FE">
                    <label cBy="865" feID="3443" end="2" start="2" name="Experiencer"/>
                    <label cBy="865" feID="3439" end="33" start="26" name="Body_part"/>
                    <label cBy="865" feID="3440" end="43" start="35" name="Containing_event"/>
                </layer>
                <layer rank="1" name="GF">
                    <label end="2" start="2" name="Ext"/>
                    <label end="33" start="26" name="Obj"/>
                    <label end="43" start="35" name="Dep"/>
                </layer>
                <layer rank="1" name="PT">
                    <label end="2" start="2" name="NP"/>
                    <label end="33" start="26" name="NP"/>
                    <label end="43" start="35" name="Sub"/>
                </layer>
                <layer rank="1" name="Sent"/>
                <layer rank="1" name="Other"/>
                <layer rank="1" name="Target">
                    <label cBy="103" end="24" start="17" name="Target"/>
                </layer>
                <layer rank="1" name="Verb"/>
                <layer rank="2" name="FE">
                    <label cBy="865" feID="3443" end="27" start="26" name="Experiencer"/>
                </layer>
            </annotationSet>
        </sentence>
        <sentence sentNo="0" aPos="21898424" ID="1031831">
            <text>Once the sweeping machinery fell over and I sprained my wrist . </text>
            <annotationSet cDate="01/07/2003 11:43:52 PST Tue" status="UNANN" ID="1515312">
                <layer rank="1" name="BNC">
                    <label end="3" start="0" name="CJS"/>
                    <label end="7" start="5" name="AT0"/>
                    <label end="16" start="9" name="AJ0-NN1"/>
                    <label end="26" start="18" name="NN1"/>
                    <label end="31" start="28" name="VVD"/>
                    <label end="36" start="33" name="AVP"/>
                    <label end="40" start="38" name="CJC"/>
                    <label end="42" start="42" name="PNP"/>
                    <label end="51" start="44" name="VVD"/>
                    <label end="54" start="53" name="DPS"/>
                    <label end="60" start="56" name="NN1"/>
                    <label end="62" start="62" name="PUN"/>
                </layer>
            </annotationSet>
            <annotationSet cDate="01/07/2003 11:43:52 PST Tue" status="MANUAL" ID="1515313">
                <layer rank="1" name="FE">
                    <label cBy="865" feID="3443" end="42" start="42" name="Experiencer"/>
                    <label cBy="865" feID="3439" end="60" start="53" name="Body_part"/>
                </layer>
                <layer rank="1" name="GF">
                    <label end="42" start="42" name="Ext"/>
                    <label end="60" start="53" name="Obj"/>
                </layer>
                <layer rank="1" name="PT">
                    <label end="42" start="42" name="NP"/>
                    <label end="60" start="53" name="NP"/>
                </layer>
                <layer rank="1" name="Sent"/>
                <layer rank="1" name="Other"/>
                <layer rank="1" name="Target">
                    <label cBy="103" end="51" start="44" name="Target"/>
                </layer>
                <layer rank="1" name="Verb"/>
                <layer rank="2" name="FE">
                    <label cBy="865" feID="3443" end="54" start="53" name="Experiencer"/>
                </layer>
            </annotationSet>
        </sentence>
        <sentence sentNo="0" aPos="31664668" ID="1031834">
            <text>Mr Patten 's office in Hong Kong tells me : ` He sprained a muscle in his left leg while playing tennis with his coach at seven one morning . </text>
            <annotationSet cDate="01/07/2003 11:43:53 PST Tue" status="UNANN" ID="1515318">
                <layer rank="1" name="BNC">
                    <label end="1" start="0" name="NP0"/>
                    <label end="8" start="3" name="NP0"/>
                    <label end="11" start="10" name="POS"/>
                    <label end="18" start="13" name="NN1"/>
                    <label end="21" start="20" name="PRP"/>
                    <label end="26" start="23" name="NP0"/>
                    <label end="31" start="28" name="NP0"/>
                    <label end="37" start="33" name="VVZ"/>
                    <label end="40" start="39" name="PNP"/>
                    <label end="42" start="42" name="PUN"/>
                    <label end="44" start="44" name="PUQ"/>
                    <label end="47" start="46" name="PNP"/>
                    <label end="56" start="49" name="VVD"/>
                    <label end="58" start="58" name="AT0"/>
                    <label end="65" start="60" name="NN1"/>
                    <label end="68" start="67" name="PRP"/>
                    <label end="72" start="70" name="DPS"/>
                    <label end="77" start="74" name="AJ0"/>
                    <label end="81" start="79" name="NN1"/>
                    <label end="87" start="83" name="CJS"/>
                    <label end="95" start="89" name="VVG"/>
                    <label end="102" start="97" name="NN1"/>
                    <label end="107" start="104" name="PRP"/>
                    <label end="111" start="109" name="DPS"/>
                    <label end="117" start="113" name="NN1"/>
                    <label end="120" start="119" name="PRP"/>
                    <label end="126" start="122" name="CRD"/>
                    <label end="130" start="128" name="CRD"/>
                    <label end="138" start="132" name="NN1"/>
                    <label end="140" start="140" name="PUN"/>
                </layer>
            </annotationSet>
            <annotationSet cDate="01/07/2003 11:43:53 PST Tue" status="MANUAL" ID="1515319">
                <layer rank="1" name="FE">
                    <label cBy="865" feID="3443" end="47" start="46" name="Experiencer"/>
                    <label cBy="865" feID="3439" end="81" start="58" name="Body_part"/>
                    <label cBy="865" feID="3440" end="138" start="83" name="Containing_event"/>
                </layer>
                <layer rank="1" name="GF">
                    <label end="47" start="46" name="Ext"/>
                    <label end="81" start="58" name="Obj"/>
                    <label end="138" start="83" name="Dep"/>
                </layer>
                <layer rank="1" name="PT">
                    <label end="47" start="46" name="NP"/>
                    <label end="81" start="58" name="NP"/>
                    <label end="138" start="83" name="Sub"/>
                </layer>
                <layer rank="1" name="Sent"/>
                <layer rank="1" name="Other"/>
                <layer rank="1" name="Target">
                    <label cBy="103" end="56" start="49" name="Target"/>
                </layer>
                <layer rank="1" name="Verb"/>
            </annotationSet>
        </sentence>
        <sentence sentNo="0" aPos="31970841" ID="1031835">
            <text>Sadly , they wo n't carry him on one of his exciting runs to the tryline in the next eight days of Australia 's Welsh tour because he sprained an ankle at training . </text>
            <annotationSet cDate="01/07/2003 11:43:53 PST Tue" status="UNANN" ID="1515320">
                <layer rank="1" name="BNC">
                    <label end="4" start="0" name="AV0"/>
                    <label end="6" start="6" name="PUN"/>
                    <label end="11" start="8" name="PNP"/>
                    <label end="14" start="13" name="VM0"/>
                    <label end="18" start="16" name="XX0"/>
                    <label end="24" start="20" name="VVI"/>
                    <label end="28" start="26" name="PNP"/>
                    <label end="31" start="30" name="PRP"/>
                    <label end="35" start="33" name="CRD"/>
                    <label end="38" start="37" name="PRF"/>
                    <label end="42" start="40" name="DPS"/>
                    <label end="51" start="44" name="AJ0"/>
                    <label end="56" start="53" name="NN2"/>
                    <label end="59" start="58" name="PRP"/>
                    <label end="63" start="61" name="AT0"/>
                    <label end="71" start="65" name="NN1"/>
                    <label end="74" start="73" name="PRP"/>
                    <label end="78" start="76" name="AT0"/>
                    <label end="83" start="80" name="ORD"/>
                    <label end="89" start="85" name="CRD"/>
                    <label end="94" start="91" name="NN2"/>
                    <label end="97" start="96" name="PRF"/>
                    <label end="107" start="99" name="NP0"/>
                    <label end="110" start="109" name="POS"/>
                    <label end="116" start="112" name="AJ0"/>
                    <label end="121" start="118" name="NN1"/>
                    <label end="129" start="123" name="CJS"/>
                    <label end="132" start="131" name="PNP"/>
                    <label end="141" start="134" name="VVD"/>
                    <label end="144" start="143" name="AT0"/>
                    <label end="150" start="146" name="NN1"/>
                    <label end="153" start="152" name="PRP"/>
                    <label end="162" start="155" name="NN1-VVG"/>
                    <label end="164" start="164" name="PUN"/>
                </layer>
            </annotationSet>
            <annotationSet cDate="01/07/2003 11:43:53 PST Tue" status="MANUAL" ID="1515321">
                <layer rank="1" name="FE">
                    <label cBy="865" feID="3443" end="132" start="131" name="Experiencer"/>
                    <label cBy="865" feID="3439" end="150" start="143" name="Body_part"/>
                    <label cBy="865" feID="3440" end="162" start="152" name="Containing_event"/>
                </layer>
                <layer rank="1" name="GF">
                    <label end="132" start="131" name="Ext"/>
                    <label end="150" start="143" name="Obj"/>
                    <label end="162" start="152" name="Dep"/>
                </layer>
                <layer rank="1" name="PT">
                    <label end="132" start="131" name="NP"/>
                    <label end="150" start="143" name="NP"/>
                    <label end="162" start="152" name="PP"/>
                </layer>
                <layer rank="1" name="Sent"/>
                <layer rank="1" name="Other"/>
                <layer rank="1" name="Target">
                    <label cBy="103" end="141" start="134" name="Target"/>
                </layer>
                <layer rank="1" name="Verb"/>
            </annotationSet>
        </sentence>
        <sentence sentNo="0" aPos="37072207" ID="1031837">
            <text>On the third morning , she slipped in the omnipresent mud and sprained an ankle . </text>
            <annotationSet cDate="01/07/2003 11:43:53 PST Tue" status="UNANN" ID="1515324">
                <layer rank="1" name="BNC">
                    <label end="1" start="0" name="PRP"/>
                    <label end="5" start="3" name="AT0"/>
                    <label end="11" start="7" name="ORD"/>
                    <label end="19" start="13" name="NN1"/>
                    <label end="21" start="21" name="PUN"/>
                    <label end="25" start="23" name="PNP"/>
                    <label end="33" start="27" name="VVD"/>
                    <label end="36" start="35" name="PRP"/>
                    <label end="40" start="38" name="AT0"/>
                    <label end="52" start="42" name="AJ0"/>
                    <label end="56" start="54" name="NN1"/>
                    <label end="60" start="58" name="CJC"/>
                    <label end="69" start="62" name="VVD"/>
                    <label end="72" start="71" name="AT0"/>
                    <label end="78" start="74" name="NN1"/>
                    <label end="80" start="80" name="PUN"/>
                </layer>
            </annotationSet>
            <annotationSet cDate="01/07/2003 11:43:53 PST Tue" status="MANUAL" ID="1515325">
                <layer rank="1" name="FE">
                    <label cBy="865" feID="3443" end="25" start="23" name="Experiencer"/>
                    <label cBy="865" feID="3439" end="78" start="71" name="Body_part"/>
                </layer>
                <layer rank="1" name="GF">
                    <label end="25" start="23" name="Ext"/>
                    <label end="78" start="71" name="Obj"/>
                </layer>
                <layer rank="1" name="PT">
                    <label end="25" start="23" name="NP"/>
                    <label end="78" start="71" name="NP"/>
                </layer>
                <layer rank="1" name="Sent"/>
                <layer rank="1" name="Other"/>
                <layer rank="1" name="Target">
                    <label cBy="103" end="69" start="62" name="Target"/>
                </layer>
                <layer rank="1" name="Verb"/>
            </annotationSet>
        </sentence>
        <sentence sentNo="0" aPos="38057586" ID="1031840">
            <text>Police said 26-year-old Amanda Glazier from Wales , who is an experienced skier and keen walker , sprained both ankles after falling down a bank while hiking in the mountains north of Wellington . </text>
            <annotationSet cDate="01/07/2003 11:43:53 PST Tue" status="UNANN" ID="1515330">
                <layer rank="1" name="BNC">
                    <label end="5" start="0" name="NN2"/>
                    <label end="10" start="7" name="VVD"/>
                    <label end="22" start="12" name="AJ0"/>
                    <label end="29" start="24" name="NP0"/>
                    <label end="37" start="31" name="NP0"/>
                    <label end="42" start="39" name="PRP"/>
                    <label end="48" start="44" name="NP0"/>
                    <label end="50" start="50" name="PUN"/>
                    <label end="54" start="52" name="PNQ"/>
                    <label end="57" start="56" name="VBZ"/>
                    <label end="60" start="59" name="AT0"/>
                    <label end="72" start="62" name="AJ0"/>
                    <label end="78" start="74" name="NN1"/>
                    <label end="82" start="80" name="CJC"/>
                    <label end="87" start="84" name="AJ0"/>
                    <label end="94" start="89" name="NN1"/>
                    <label end="96" start="96" name="PUN"/>
                    <label end="105" start="98" name="VVD"/>
                    <label end="110" start="107" name="AV0"/>
                    <label end="117" start="112" name="NN2-VVZ"/>
                    <label end="123" start="119" name="PRP"/>
                    <label end="131" start="125" name="VVG"/>
                    <label end="136" start="133" name="AVP"/>
                    <label end="138" start="138" name="AT0"/>
                    <label end="143" start="140" name="NN1"/>
                    <label end="149" start="145" name="CJS"/>
                    <label end="156" start="151" name="VVG"/>
                    <label end="159" start="158" name="PRP"/>
                    <label end="163" start="161" name="AT0"/>
                    <label end="173" start="165" name="NN2"/>
                    <label end="179" start="175" name="NN1"/>
                    <label end="182" start="181" name="PRF"/>
                    <label end="193" start="184" name="NP0"/>
                    <label end="195" start="195" name="PUN"/>
                </layer>
            </annotationSet>
            <annotationSet cDate="01/07/2003 11:43:53 PST Tue" status="MANUAL" ID="1515331">
                <layer rank="1" name="FE">
                    <label cBy="865" feID="3443" end="94" start="12" name="Experiencer"/>
                    <label cBy="865" feID="3439" end="117" start="107" name="Body_part"/>
                    <label cBy="865" feID="3440" end="193" start="119" name="Containing_event"/>
                </layer>
                <layer rank="1" name="GF">
                    <label end="94" start="12" name="Ext"/>
                    <label end="117" start="107" name="Obj"/>
                    <label end="193" start="119" name="Dep"/>
                </layer>
                <layer rank="1" name="PT">
                    <label end="94" start="12" name="NP"/>
                    <label end="117" start="107" name="NP"/>
                    <label end="193" start="119" name="PPing"/>
                </layer>
                <layer rank="1" name="Sent"/>
                <layer rank="1" name="Other"/>
                <layer rank="1" name="Target">
                    <label cBy="103" end="105" start="98" name="Target"/>
                </layer>
                <layer rank="1" name="Verb"/>
            </annotationSet>
        </sentence>
        <sentence sentNo="0" aPos="51745717" ID="1031842">
            <text>` All right , I sprained my wrist , &quot; Preston admitted , ` but you should have seen the other bloke . &quot; </text>
            <annotationSet cDate="01/07/2003 11:43:54 PST Tue" status="UNANN" ID="1515334">
                <layer rank="1" name="BNC">
                    <label end="0" start="0" name="PUQ"/>
                    <label end="4" start="2" name="AV0"/>
                    <label end="10" start="6" name="AV0"/>
                    <label end="12" start="12" name="PUN"/>
                    <label end="14" start="14" name="PNP"/>
                    <label end="23" start="16" name="VVD"/>
                    <label end="26" start="25" name="DPS"/>
                    <label end="32" start="28" name="NN1"/>
                    <label end="34" start="34" name="PUN"/>
                    <label end="36" start="36" name="PUQ"/>
                    <label end="44" start="38" name="NP0"/>
                    <label end="53" start="46" name="VVD"/>
                    <label end="55" start="55" name="PUN"/>
                    <label end="57" start="57" name="PUQ"/>
                    <label end="61" start="59" name="CJC"/>
                    <label end="65" start="63" name="PNP"/>
                    <label end="72" start="67" name="VM0"/>
                    <label end="77" start="74" name="VHI"/>
                    <label end="82" start="79" name="VVN"/>
                    <label end="86" start="84" name="AT0"/>
                    <label end="92" start="88" name="NN1"/>
                    <label end="98" start="94" name="VVI"/>
                    <label end="100" start="100" name="PUN"/>
                    <label end="102" start="102" name="PUQ"/>
                </layer>
            </annotationSet>
            <annotationSet cDate="01/07/2003 11:43:54 PST Tue" status="MANUAL" ID="1515335">
                <layer rank="1" name="FE">
                    <label cBy="865" feID="3443" end="14" start="14" name="Experiencer"/>
                    <label cBy="865" feID="3439" end="32" start="25" name="Body_part"/>
                </layer>
                <layer rank="1" name="GF">
                    <label end="14" start="14" name="Ext"/>
                    <label end="32" start="25" name="Obj"/>
                </layer>
                <layer rank="1" name="PT">
                    <label end="14" start="14" name="NP"/>
                    <label end="32" start="25" name="NP"/>
                </layer>
                <layer rank="1" name="Sent"/>
                <layer rank="1" name="Other"/>
                <layer rank="1" name="Target">
                    <label cBy="103" end="23" start="16" name="Target"/>
                </layer>
                <layer rank="1" name="Verb"/>
                <layer rank="2" name="FE">
                    <label cBy="865" feID="3443" end="26" start="25" name="Experiencer"/>
                </layer>
            </annotationSet>
        </sentence>
        <sentence sentNo="0" aPos="59150078" ID="1031844">
            <text>Shut up , Julian , you 'll sprain your hands . </text>
            <annotationSet cDate="01/07/2003 11:43:54 PST Tue" status="UNANN" ID="1515338">
                <layer rank="1" name="BNC">
                    <label end="3" start="0" name="VVB"/>
                    <label end="6" start="5" name="AVP"/>
                    <label end="8" start="8" name="PUN"/>
                    <label end="15" start="10" name="NP0"/>
                    <label end="17" start="17" name="PUN"/>
                    <label end="21" start="19" name="PNP"/>
                    <label end="25" start="23" name="VM0"/>
                    <label end="32" start="27" name="VVI"/>
                    <label end="37" start="34" name="DPS"/>
                    <label end="43" start="39" name="NN2"/>
                    <label end="45" start="45" name="PUN"/>
                </layer>
            </annotationSet>
            <annotationSet cDate="01/07/2003 11:43:54 PST Tue" status="MANUAL" ID="1515339">
                <layer rank="1" name="FE">
                    <label cBy="865" feID="3443" end="21" start="19" name="Experiencer"/>
                    <label cBy="865" feID="3439" end="43" start="34" name="Body_part"/>
                </layer>
                <layer rank="1" name="GF">
                    <label end="21" start="19" name="Ext"/>
                    <label end="43" start="34" name="Obj"/>
                </layer>
                <layer rank="1" name="PT">
                    <label end="21" start="19" name="NP"/>
                    <label end="43" start="34" name="NP"/>
                </layer>
                <layer rank="1" name="Sent"/>
                <layer rank="1" name="Other"/>
                <layer rank="1" name="Target">
                    <label cBy="103" end="32" start="27" name="Target"/>
                </layer>
                <layer rank="1" name="Verb"/>
                <layer rank="2" name="FE">
                    <label cBy="865" feID="3443" end="37" start="34" name="Experiencer"/>
                </layer>
            </annotationSet>
        </sentence>
        <sentence sentNo="0" aPos="72351088" ID="1031846">
            <text>More than one of our officers sprained his wrist on that job . </text>
            <annotationSet cDate="01/07/2003 11:43:54 PST Tue" status="UNANN" ID="1515342">
                <layer rank="1" name="BNC">
                    <label end="3" start="0" name="AV0"/>
                    <label end="8" start="5" name="AV0"/>
                    <label end="12" start="10" name="CRD"/>
                    <label end="15" start="14" name="PRF"/>
                    <label end="19" start="17" name="DPS"/>
                    <label end="28" start="21" name="NN2"/>
                    <label end="37" start="30" name="VVD"/>
                    <label end="41" start="39" name="DPS"/>
                    <label end="47" start="43" name="NN1"/>
                    <label end="50" start="49" name="PRP"/>
                    <label end="55" start="52" name="DT0"/>
                    <label end="59" start="57" name="NN1"/>
                    <label end="61" start="61" name="PUN"/>
                </layer>
            </annotationSet>
            <annotationSet cDate="01/07/2003 11:43:54 PST Tue" status="MANUAL" ID="1515343">
                <layer rank="1" name="FE">
                    <label cBy="865" feID="3443" end="28" start="0" name="Experiencer"/>
                    <label cBy="865" feID="3440" end="59" start="49" name="Containing_event"/>
                    <label cBy="865" feID="3439" end="47" start="39" name="Body_part"/>
                </layer>
                <layer rank="1" name="GF">
                    <label end="28" start="0" name="Ext"/>
                    <label end="59" start="49" name="Dep"/>
                    <label end="47" start="39" name="Obj"/>
                </layer>
                <layer rank="1" name="PT">
                    <label end="28" start="0" name="NP"/>
                    <label end="59" start="49" name="PP"/>
                    <label end="47" start="39" name="NP"/>
                </layer>
                <layer rank="1" name="Sent"/>
                <layer rank="1" name="Other"/>
                <layer rank="1" name="Target">
                    <label cBy="103" end="37" start="30" name="Target"/>
                </layer>
                <layer rank="1" name="Verb"/>
            </annotationSet>
        </sentence>
        <sentence sentNo="0" aPos="78559896" ID="1031848">
            <text>Just a few weeks ago she fell on a toy brick and sprained her foot badly ! </text>
            <annotationSet cDate="01/07/2003 11:43:54 PST Tue" status="UNANN" ID="1515346">
                <layer rank="1" name="BNC">
                    <label end="3" start="0" name="AV0"/>
                    <label end="5" start="5" name="DT0"/>
                    <label end="9" start="7" name="DT0"/>
                    <label end="15" start="11" name="NN2"/>
                    <label end="19" start="17" name="AV0"/>
                    <label end="23" start="21" name="PNP"/>
                    <label end="28" start="25" name="VVD"/>
                    <label end="31" start="30" name="PRP"/>
                    <label end="33" start="33" name="AT0"/>
                    <label end="37" start="35" name="AJ0-NN1"/>
                    <label end="43" start="39" name="NN1"/>
                    <label end="47" start="45" name="CJC"/>
                    <label end="56" start="49" name="VVD"/>
                    <label end="60" start="58" name="DPS"/>
                    <label end="65" start="62" name="NN1"/>
                    <label end="71" start="67" name="AV0"/>
                    <label end="73" start="73" name="PUN"/>
                </layer>
            </annotationSet>
            <annotationSet cDate="01/07/2003 11:43:54 PST Tue" status="MANUAL" ID="1515347">
                <layer rank="1" name="FE">
                    <label cBy="865" feID="3443" end="23" start="21" name="Experiencer"/>
                    <label cBy="865" feID="3439" end="65" start="58" name="Body_part"/>
                    <label cBy="865" feID="3441" end="71" start="67" name="Manner"/>
                </layer>
                <layer rank="1" name="GF">
                    <label end="23" start="21" name="Ext"/>
                    <label end="65" start="58" name="Obj"/>
                    <label end="71" start="67" name="Dep"/>
                </layer>
                <layer rank="1" name="PT">
                    <label end="23" start="21" name="NP"/>
                    <label end="65" start="58" name="NP"/>
                    <label end="71" start="67" name="AVP"/>
                </layer>
                <layer rank="1" name="Sent"/>
                <layer rank="1" name="Other"/>
                <layer rank="1" name="Target">
                    <label cBy="103" end="56" start="49" name="Target"/>
                </layer>
                <layer rank="1" name="Verb"/>
                <layer rank="2" name="FE">
                    <label cBy="865" feID="3443" end="60" start="58" name="Experiencer"/>
                </layer>
            </annotationSet>
        </sentence>
        <sentence sentNo="0" aPos="101372194" ID="1031853">
            <text>` Miss Emerson sprained her ankle two days ago . </text>
            <annotationSet cDate="01/07/2003 11:43:55 PST Tue" status="UNANN" ID="1515356">
                <layer rank="1" name="BNC">
                    <label end="0" start="0" name="PUQ"/>
                    <label end="5" start="2" name="NP0"/>
                    <label end="13" start="7" name="NP0"/>
                    <label end="22" start="15" name="VVD"/>
                    <label end="26" start="24" name="DPS"/>
                    <label end="32" start="28" name="NN1-VVB"/>
                    <label end="36" start="34" name="CRD"/>
                    <label end="41" start="38" name="NN2"/>
                    <label end="45" start="43" name="PRP"/>
                    <label end="47" start="47" name="PUN"/>
                </layer>
            </annotationSet>
            <annotationSet cDate="01/07/2003 11:43:55 PST Tue" status="MANUAL" ID="1515357">
                <layer rank="1" name="FE">
                    <label cBy="865" feID="3443" end="13" start="2" name="Experiencer"/>
                    <label cBy="865" feID="3439" end="32" start="24" name="Body_part"/>
                    <label cBy="865" feID="3445" end="45" start="34" name="Time"/>
                </layer>
                <layer rank="1" name="GF">
                    <label end="13" start="2" name="Ext"/>
                    <label end="32" start="24" name="Obj"/>
                    <label end="45" start="34" name="Dep"/>
                </layer>
                <layer rank="1" name="PT">
                    <label end="13" start="2" name="NP"/>
                    <label end="32" start="24" name="NP"/>
                    <label end="45" start="34" name="PP"/>
                </layer>
                <layer rank="1" name="Sent"/>
                <layer rank="1" name="Other"/>
                <layer rank="1" name="Target">
                    <label cBy="103" end="22" start="15" name="Target"/>
                </layer>
                <layer rank="1" name="Verb"/>
                <layer rank="2" name="FE">
                    <label cBy="865" feID="3443" end="26" start="24" name="Experiencer"/>
                </layer>
            </annotationSet>
        </sentence>
    </subCorpus>
</lexUnit>