<?xml version="1.0" encoding="UTF-8" standalone="yes"?>
<?xml-stylesheet type="text/xsl" href="lexUnit.xsl"?>
<lexUnit status="Finished_Initial" POS="V" name="curdle.v" ID="6883" frame="Cause_change_of_consistency" frameID="383" totalAnnotated="5" xsi:schemaLocation="../schema/lexUnit.xsd" xmlns="http://framenet.icsi.berkeley.edu" xmlns:xsi="http://www.w3.org/2001/XMLSchema-instance">
    <header>
        <corpus name="BNC2" ID="111">
            <document description="bncp" ID="421"/>
        </corpus>
        <frame>
            <FE fgColor="FFFFFF" bgColor="FF0000" type="Core" abbrev="Agt" name="Agent"/>
            <FE fgColor="FFFFFF" bgColor="006400" type="Core" abbrev="Cause" name="Cause"/>
            <FE fgColor="FFFFFF" bgColor="2E8B57" type="Peripheral" abbrev="C_agent" name="Change_agent"/>
            <FE fgColor="FFFFFF" bgColor="00BFFF" type="Extra-Thematic" abbrev="cir" name="Circumstances"/>
            <FE fgColor="FFFFFF" bgColor="9F79EE" type="Peripheral" abbrev="Container" name="Container"/>
            <FE fgColor="FFFFFF" bgColor="FF69B4" type="Peripheral" abbrev="Degr" name="Degree"/>
            <FE fgColor="FFFFFF" bgColor="A52A2A" type="Peripheral" abbrev="HC" name="HotCold_source"/>
            <FE fgColor="FFFFFF" bgColor="A52A2A" type="Peripheral" abbrev="I_state" name="Initial_state"/>
            <FE fgColor="FFFFFF" bgColor="808080" type="Peripheral" abbrev="Ins" name="Instrument"/>
            <FE fgColor="FFFFFF" bgColor="FF00FF" type="Peripheral" abbrev="Manr" name="Manner"/>
            <FE fgColor="FFFFFF" bgColor="FF69B4" type="Peripheral" abbrev="Mns" name="Means"/>
            <FE fgColor="FFFFFF" bgColor="008000" type="Peripheral" abbrev="Place" name="Place"/>
            <FE fgColor="FFFFFF" bgColor="800080" type="Extra-Thematic" abbrev="Purp" name="Purpose"/>
            <FE fgColor="FFFFFF" bgColor="7CCD73" type="Extra-Thematic" abbrev="Reas" name="Reason"/>
            <FE fgColor="FFFFFF" bgColor="808080" type="Extra-Thematic" abbrev="Result" name="Result"/>
            <FE fgColor="FFFFFF" bgColor="9400D3" type="Peripheral" abbrev="Spd" name="Speed"/>
            <FE fgColor="FFFFFF" bgColor="00008B" type="Extra-Thematic" abbrev="sub" name="Subregion"/>
            <FE fgColor="FFFFFF" bgColor="FFA500" type="Peripheral" abbrev="Time" name="Time"/>
            <FE fgColor="FFFFFF" bgColor="0000FF" type="Core" abbrev="Und" name="Undergoer"/>
        </frame>
    </header>
    <definition>COD: cause to separate into curds or lumps</definition>
    <lexeme POS="V" name="curdle"/>
    <valences>
        <FERealization total="5">
            <FE name="Cause"/>
            <pattern total="5">
                <valenceUnit GF="Ext" PT="NP" FE="Cause"/>
                <annoSet ID="1513045"/>
                <annoSet ID="1513055"/>
                <annoSet ID="1513063"/>
                <annoSet ID="1513093"/>
                <annoSet ID="2004069"/>
            </pattern>
        </FERealization>
        <FERealization total="1">
            <FE name="Circumstances"/>
            <pattern total="1">
                <valenceUnit GF="Dep" PT="PP[in]" FE="Circumstances"/>
                <annoSet ID="2004069"/>
            </pattern>
        </FERealization>
        <FERealization total="5">
            <FE name="Undergoer"/>
            <pattern total="5">
                <valenceUnit GF="Obj" PT="NP" FE="Undergoer"/>
                <annoSet ID="1513045"/>
                <annoSet ID="1513055"/>
                <annoSet ID="1513063"/>
                <annoSet ID="1513093"/>
                <annoSet ID="2004069"/>
            </pattern>
        </FERealization>
        <FEGroupRealization total="1">
            <FE name="Cause"/>
            <FE name="Cause"/>
            <FE name="Undergoer"/>
            <pattern total="1">
                <valenceUnit GF="Ext" PT="NP" FE="Cause"/>
                <valenceUnit GF="Ext" PT="NP" FE="Cause"/>
                <valenceUnit GF="Obj" PT="NP" FE="Undergoer"/>
                <annoSet ID="1513063"/>
            </pattern>
        </FEGroupRealization>
        <FEGroupRealization total="1">
            <FE name="Cause"/>
            <FE name="Circumstances"/>
            <FE name="Undergoer"/>
            <pattern total="1">
                <valenceUnit GF="Ext" PT="NP" FE="Cause"/>
                <valenceUnit GF="Dep" PT="PP[in]" FE="Circumstances"/>
                <valenceUnit GF="Obj" PT="NP" FE="Undergoer"/>
                <annoSet ID="2004069"/>
            </pattern>
        </FEGroupRealization>
        <FEGroupRealization total="3">
            <FE name="Cause"/>
            <FE name="Undergoer"/>
            <pattern total="3">
                <valenceUnit GF="Ext" PT="NP" FE="Cause"/>
                <valenceUnit GF="Obj" PT="NP" FE="Undergoer"/>
                <annoSet ID="1513045"/>
                <annoSet ID="1513055"/>
                <annoSet ID="1513093"/>
            </pattern>
        </FEGroupRealization>
    </valences>
    <subCorpus name="V-001-all">
        <sentence sentNo="0" aPos="5744701" ID="1030697">
            <text>Mammals were first domesticated for their milk around 6000BC and cheesemaking was a natural progression from the acid that formed naturally in the milk and curdled it . </text>
            <annotationSet cDate="01/07/2003 11:41:32 PST Tue" status="UNANN" ID="1513044">
                <layer rank="1" name="BNC">
                    <label end="6" start="0" name="NN2"/>
                    <label end="11" start="8" name="VBD"/>
                    <label end="17" start="13" name="ORD"/>
                    <label end="30" start="19" name="AJ0-VVD"/>
                    <label end="34" start="32" name="PRP"/>
                    <label end="40" start="36" name="DPS"/>
                    <label end="45" start="42" name="NN1"/>
                    <label end="52" start="47" name="AV0"/>
                    <label end="59" start="54" name="AV0"/>
                    <label end="63" start="61" name="CJC"/>
                    <label end="76" start="65" name="NN1-VVG"/>
                    <label end="80" start="78" name="VBD"/>
                    <label end="82" start="82" name="AT0"/>
                    <label end="90" start="84" name="AJ0"/>
                    <label end="102" start="92" name="NN1"/>
                    <label end="107" start="104" name="PRP"/>
                    <label end="111" start="109" name="AT0"/>
                    <label end="116" start="113" name="NN1"/>
                    <label end="121" start="118" name="CJT"/>
                    <label end="128" start="123" name="VVD"/>
                    <label end="138" start="130" name="AV0"/>
                    <label end="141" start="140" name="PRP"/>
                    <label end="145" start="143" name="AT0"/>
                    <label end="150" start="147" name="NN1"/>
                    <label end="154" start="152" name="CJC"/>
                    <label end="162" start="156" name="VVD"/>
                    <label end="165" start="164" name="PNP"/>
                    <label end="167" start="167" name="PUN"/>
                </layer>
            </annotationSet>
            <annotationSet cDate="01/07/2003 11:41:32 PST Tue" status="MANUAL" ID="1513045">
                <layer rank="1" name="FE">
                    <label cBy="618" feID="3438" end="150" start="109" name="Cause"/>
                    <label cBy="618" feID="3431" end="165" start="164" name="Undergoer"/>
                </layer>
                <layer rank="1" name="GF">
                    <label end="150" start="109" name="Ext"/>
                    <label end="165" start="164" name="Obj"/>
                </layer>
                <layer rank="1" name="PT">
                    <label end="150" start="109" name="NP"/>
                    <label end="165" start="164" name="NP"/>
                </layer>
                <layer rank="1" name="Sent"/>
                <layer rank="1" name="Other"/>
                <layer rank="1" name="Target">
                    <label cBy="103" end="162" start="156" name="Target"/>
                </layer>
                <layer rank="1" name="Verb"/>
            </annotationSet>
        </sentence>
        <sentence sentNo="0" aPos="8585566" ID="1030702">
            <text>It 'll curdle the drugs . &quot; </text>
            <annotationSet cDate="01/07/2003 11:41:32 PST Tue" status="UNANN" ID="1513054">
                <layer rank="1" name="BNC">
                    <label end="1" start="0" name="PNP"/>
                    <label end="5" start="3" name="VM0"/>
                    <label end="12" start="7" name="VVI"/>
                    <label end="16" start="14" name="AT0"/>
                    <label end="22" start="18" name="NN2"/>
                    <label end="24" start="24" name="PUN"/>
                    <label end="26" start="26" name="PUQ"/>
                </layer>
            </annotationSet>
            <annotationSet cDate="01/07/2003 11:41:32 PST Tue" status="MANUAL" ID="1513055">
                <layer rank="1" name="FE">
                    <label cBy="865" feID="3438" end="1" start="0" name="Cause"/>
                    <label cBy="865" feID="3431" end="22" start="14" name="Undergoer"/>
                </layer>
                <layer rank="1" name="GF">
                    <label end="1" start="0" name="Ext"/>
                    <label end="22" start="14" name="Obj"/>
                </layer>
                <layer rank="1" name="PT">
                    <label end="1" start="0" name="NP"/>
                    <label end="22" start="14" name="NP"/>
                </layer>
                <layer rank="1" name="Sent"/>
                <layer rank="1" name="Other"/>
                <layer rank="1" name="Target">
                    <label cBy="103" end="12" start="7" name="Target"/>
                </layer>
                <layer rank="1" name="Verb"/>
            </annotationSet>
        </sentence>
        <sentence sentNo="0" aPos="10937515" ID="1030706">
            <text>Pilkington recounts how when Winifred Harper turned on her tap , ` out came a yellowy , stinking acerbic fluid which curdled the milk &quot; . </text>
            <annotationSet cDate="01/07/2003 11:41:33 PST Tue" status="UNANN" ID="1513062">
                <layer rank="1" name="BNC">
                    <label end="9" start="0" name="NN1-NP0"/>
                    <label end="18" start="11" name="NN2-VVZ"/>
                    <label end="22" start="20" name="AVQ"/>
                    <label end="27" start="24" name="AVQ-CJS"/>
                    <label end="36" start="29" name="NP0"/>
                    <label end="43" start="38" name="NP0"/>
                    <label end="50" start="45" name="VVD"/>
                    <label end="53" start="52" name="PRP"/>
                    <label end="57" start="55" name="DPS"/>
                    <label end="61" start="59" name="NN1"/>
                    <label end="63" start="63" name="PUN"/>
                    <label end="65" start="65" name="PUQ"/>
                    <label end="69" start="67" name="AVP"/>
                    <label end="74" start="71" name="VVD"/>
                    <label end="76" start="76" name="AT0"/>
                    <label end="84" start="78" name="AJ0"/>
                    <label end="86" start="86" name="PUN"/>
                    <label end="95" start="88" name="VVG"/>
                    <label end="103" start="97" name="AJ0"/>
                    <label end="109" start="105" name="NN1"/>
                    <label end="115" start="111" name="DTQ"/>
                    <label end="123" start="117" name="VVD"/>
                    <label end="127" start="125" name="AT0"/>
                    <label end="132" start="129" name="NN1"/>
                    <label end="134" start="134" name="PUQ"/>
                    <label end="136" start="136" name="PUN"/>
                </layer>
            </annotationSet>
            <annotationSet cDate="01/07/2003 11:41:33 PST Tue" status="MANUAL" ID="1513063">
                <layer rank="1" name="FE">
                    <label cBy="865" feID="3438" end="109" start="76" name="Cause"/>
                    <label cBy="865" feID="3431" end="132" start="125" name="Undergoer"/>
                    <label cBy="309" feID="3438" end="115" start="111" name="Cause"/>
                </layer>
                <layer rank="1" name="GF">
                    <label end="109" start="76" name="Ext"/>
                    <label end="132" start="125" name="Obj"/>
                    <label end="115" start="111" name="Ext"/>
                </layer>
                <layer rank="1" name="PT">
                    <label end="109" start="76" name="NP"/>
                    <label end="132" start="125" name="NP"/>
                    <label end="115" start="111" name="NP"/>
                </layer>
                <layer rank="1" name="Sent"/>
                <layer rank="1" name="Other">
                    <label end="109" start="76" name="Ant"/>
                    <label end="115" start="111" name="Rel"/>
                </layer>
                <layer rank="1" name="Target">
                    <label cBy="103" end="123" start="117" name="Target"/>
                </layer>
                <layer rank="1" name="Verb"/>
            </annotationSet>
        </sentence>
        <sentence sentNo="0" aPos="55697246" ID="1030721">
            <text>Return to the saucepan and heat very slowly , stirring constantly until the mixture becomes thick ; too much heat too soon will curdle it . </text>
            <annotationSet cDate="01/07/2003 11:41:34 PST Tue" status="UNANN" ID="1513092">
                <layer rank="1" name="BNC">
                    <label end="5" start="0" name="VVB"/>
                    <label end="8" start="7" name="PRP"/>
                    <label end="12" start="10" name="AT0"/>
                    <label end="21" start="14" name="NN1"/>
                    <label end="25" start="23" name="CJC"/>
                    <label end="30" start="27" name="NN1-VVB"/>
                    <label end="35" start="32" name="AV0"/>
                    <label end="42" start="37" name="AV0"/>
                    <label end="44" start="44" name="PUN"/>
                    <label end="53" start="46" name="VVG"/>
                    <label end="64" start="55" name="AV0"/>
                    <label end="70" start="66" name="CJS"/>
                    <label end="74" start="72" name="AT0"/>
                    <label end="82" start="76" name="NN1"/>
                    <label end="90" start="84" name="VVZ"/>
                    <label end="96" start="92" name="AJ0-AV0"/>
                    <label end="98" start="98" name="PUN"/>
                    <label end="102" start="100" name="AV0"/>
                    <label end="107" start="104" name="DT0"/>
                    <label end="112" start="109" name="NN1"/>
                    <label end="116" start="114" name="AV0"/>
                    <label end="121" start="118" name="AV0"/>
                    <label end="126" start="123" name="VM0"/>
                    <label end="133" start="128" name="VVI"/>
                    <label end="136" start="135" name="PNP"/>
                    <label end="138" start="138" name="PUN"/>
                </layer>
            </annotationSet>
            <annotationSet cDate="01/07/2003 11:41:34 PST Tue" status="MANUAL" ID="1513093">
                <layer rank="1" name="FE">
                    <label cBy="865" feID="3438" end="121" start="100" name="Cause"/>
                    <label cBy="865" feID="3431" end="136" start="135" name="Undergoer"/>
                </layer>
                <layer rank="1" name="GF">
                    <label end="121" start="100" name="Ext"/>
                    <label end="136" start="135" name="Obj"/>
                </layer>
                <layer rank="1" name="PT">
                    <label end="121" start="100" name="NP"/>
                    <label end="136" start="135" name="NP"/>
                </layer>
                <layer rank="1" name="Sent"/>
                <layer rank="1" name="Other"/>
                <layer rank="1" name="Target">
                    <label cBy="103" end="133" start="128" name="Target"/>
                </layer>
                <layer rank="1" name="Verb"/>
            </annotationSet>
        </sentence>
    </subCorpus>
    <subCorpus name="01-T-NPmilk-(1)">
        <sentence corpID="111" docID="421" sentNo="3" paragNo="157" aPos="11562111" ID="1278539">
            <text>It curdled milk in tea , was just drinkable in coffee , and , when people washed in it , the water turned blue .</text>
            <annotationSet cDate="09/20/2004 02:42:27 PDT Mon" status="UNANN" ID="2004068">
                <layer rank="1" name="PENN">
                    <label end="1" start="0" name="PP"/>
                    <label end="9" start="3" name="VVD"/>
                    <label end="14" start="11" name="nn"/>
                    <label end="17" start="16" name="in"/>
                    <label end="21" start="19" name="nn"/>
                    <label end="23" start="23" name=","/>
                    <label end="27" start="25" name="VBD"/>
                    <label end="32" start="29" name="rb"/>
                    <label end="42" start="34" name="jj"/>
                    <label end="45" start="44" name="in"/>
                    <label end="52" start="47" name="nn"/>
                    <label end="54" start="54" name=","/>
                    <label end="58" start="56" name="cc"/>
                    <label end="60" start="60" name=","/>
                    <label end="65" start="62" name="wrb"/>
                    <label end="72" start="67" name="nns"/>
                    <label end="79" start="74" name="VVD"/>
                    <label end="82" start="81" name="in"/>
                    <label end="85" start="84" name="PP"/>
                    <label end="87" start="87" name=","/>
                    <label end="91" start="89" name="dt"/>
                    <label end="97" start="93" name="nn"/>
                    <label end="104" start="99" name="VVD"/>
                    <label end="109" start="106" name="jj"/>
                    <label end="111" start="111" name="sent"/>
                </layer>
            </annotationSet>
            <annotationSet cDate="09/20/2004 02:42:27 PDT Mon" status="MANUAL" ID="2004069">
                <layer rank="1" name="Target">
                    <label cBy="618" end="9" start="3" name="Target"/>
                </layer>
                <layer rank="1" name="FE">
                    <label cBy="618" feID="3438" end="1" start="0" name="Cause"/>
                    <label cBy="618" feID="3431" end="14" start="11" name="Undergoer"/>
                    <label cBy="618" feID="3421" end="21" start="16" name="Circumstances"/>
                </layer>
                <layer rank="1" name="GF">
                    <label end="1" start="0" name="Ext"/>
                    <label end="14" start="11" name="Obj"/>
                    <label end="21" start="16" name="Dep"/>
                </layer>
                <layer rank="1" name="PT">
                    <label end="1" start="0" name="NP"/>
                    <label end="14" start="11" name="NP"/>
                    <label end="21" start="16" name="PP"/>
                </layer>
                <layer rank="1" name="Other"/>
                <layer rank="1" name="Sent"/>
                <layer rank="1" name="Verb"/>
            </annotationSet>
        </sentence>
    </subCorpus>
    <subCorpus name="02-T-NP-(1)"/>
    <subCorpus name="other-matched-(1)"/>
    <subCorpus name="other-unmatched-(1)"/>
</lexUnit>