<?xml version="1.0" encoding="UTF-8" standalone="yes"?>
<?xml-stylesheet type="text/xsl" href="lexUnit.xsl"?>
<lexUnit status="Finished_Initial" POS="V" name="harden.v" ID="6886" frame="Cause_change_of_consistency" frameID="383" totalAnnotated="7" xsi:schemaLocation="../schema/lexUnit.xsd" xmlns="http://framenet.icsi.berkeley.edu" xmlns:xsi="http://www.w3.org/2001/XMLSchema-instance">
    <header>
        <frame>
            <FE fgColor="FFFFFF" bgColor="FF0000" type="Core" abbrev="Agt" name="Agent"/>
            <FE fgColor="FFFFFF" bgColor="006400" type="Core" abbrev="Cause" name="Cause"/>
            <FE fgColor="FFFFFF" bgColor="2E8B57" type="Peripheral" abbrev="C_agent" name="Change_agent"/>
            <FE fgColor="FFFFFF" bgColor="00BFFF" type="Extra-Thematic" abbrev="cir" name="Circumstances"/>
            <FE fgColor="FFFFFF" bgColor="9F79EE" type="Peripheral" abbrev="Container" name="Container"/>
            <FE fgColor="FFFFFF" bgColor="FF69B4" type="Peripheral" abbrev="Degr" name="Degree"/>
            <FE fgColor="FFFFFF" bgColor="A52A2A" type="Peripheral" abbrev="HC" name="HotCold_source"/>
            <FE fgColor="FFFFFF" bgColor="A52A2A" type="Peripheral" abbrev="I_state" name="Initial_state"/>
            <FE fgColor="FFFFFF" bgColor="808080" type="Peripheral" abbrev="Ins" name="Instrument"/>
            <FE fgColor="FFFFFF" bgColor="FF00FF" type="Peripheral" abbrev="Manr" name="Manner"/>
            <FE fgColor="FFFFFF" bgColor="FF69B4" type="Peripheral" abbrev="Mns" name="Means"/>
            <FE fgColor="FFFFFF" bgColor="008000" type="Peripheral" abbrev="Place" name="Place"/>
            <FE fgColor="FFFFFF" bgColor="800080" type="Extra-Thematic" abbrev="Purp" name="Purpose"/>
            <FE fgColor="FFFFFF" bgColor="7CCD73" type="Extra-Thematic" abbrev="Reas" name="Reason"/>
            <FE fgColor="FFFFFF" bgColor="808080" type="Extra-Thematic" abbrev="Result" name="Result"/>
            <FE fgColor="FFFFFF" bgColor="9400D3" type="Peripheral" abbrev="Spd" name="Speed"/>
            <FE fgColor="FFFFFF" bgColor="00008B" type="Extra-Thematic" abbrev="sub" name="Subregion"/>
            <FE fgColor="FFFFFF" bgColor="FFA500" type="Peripheral" abbrev="Time" name="Time"/>
            <FE fgColor="FFFFFF" bgColor="0000FF" type="Core" abbrev="Und" name="Undergoer"/>
        </frame>
    </header>
    <definition>FN: cause to become solid, firm, and rigid; not easily broken, bent, or pierced. </definition>
    <lexeme POS="V" name="harden"/>
    <valences>
        <FERealization total="4">
            <FE name="Agent"/>
            <pattern total="3">
                <valenceUnit GF="" PT="CNI" FE="Agent"/>
                <annoSet ID="1513863"/>
                <annoSet ID="1513927"/>
                <annoSet ID="1514061"/>
            </pattern>
            <pattern total="1">
                <valenceUnit GF="Ext" PT="NP" FE="Agent"/>
                <annoSet ID="1513907"/>
            </pattern>
        </FERealization>
        <FERealization total="3">
            <FE name="Cause"/>
            <pattern total="1">
                <valenceUnit GF="Ext" PT="NP" FE="Cause"/>
                <annoSet ID="1513847"/>
            </pattern>
            <pattern total="2">
                <valenceUnit GF="Dep" PT="PP[by]" FE="Cause"/>
                <annoSet ID="1513931"/>
                <annoSet ID="1513941"/>
            </pattern>
        </FERealization>
        <FERealization total="1">
            <FE name="Means"/>
            <pattern total="1">
                <valenceUnit GF="Dep" PT="PPing[by]" FE="Means"/>
                <annoSet ID="1513927"/>
            </pattern>
        </FERealization>
        <FERealization total="1">
            <FE name="Place"/>
            <pattern total="1">
                <valenceUnit GF="Dep" PT="PP[in]" FE="Place"/>
                <annoSet ID="1514061"/>
            </pattern>
        </FERealization>
        <FERealization total="7">
            <FE name="Undergoer"/>
            <pattern total="4">
                <valenceUnit GF="Ext" PT="NP" FE="Undergoer"/>
                <annoSet ID="1513927"/>
                <annoSet ID="1513931"/>
                <annoSet ID="1513941"/>
                <annoSet ID="1514061"/>
            </pattern>
            <pattern total="3">
                <valenceUnit GF="Obj" PT="NP" FE="Undergoer"/>
                <annoSet ID="1513847"/>
                <annoSet ID="1513863"/>
                <annoSet ID="1513907"/>
            </pattern>
        </FERealization>
        <FEGroupRealization total="1">
            <FE name="Agent"/>
            <FE name="Means"/>
            <FE name="Undergoer"/>
            <pattern total="1">
                <valenceUnit GF="" PT="CNI" FE="Agent"/>
                <valenceUnit GF="Dep" PT="PPing[by]" FE="Means"/>
                <valenceUnit GF="Ext" PT="NP" FE="Undergoer"/>
                <annoSet ID="1513927"/>
            </pattern>
        </FEGroupRealization>
        <FEGroupRealization total="1">
            <FE name="Agent"/>
            <FE name="Place"/>
            <FE name="Undergoer"/>
            <pattern total="1">
                <valenceUnit GF="" PT="CNI" FE="Agent"/>
                <valenceUnit GF="Dep" PT="PP[in]" FE="Place"/>
                <valenceUnit GF="Ext" PT="NP" FE="Undergoer"/>
                <annoSet ID="1514061"/>
            </pattern>
        </FEGroupRealization>
        <FEGroupRealization total="2">
            <FE name="Agent"/>
            <FE name="Undergoer"/>
            <pattern total="1">
                <valenceUnit GF="" PT="CNI" FE="Agent"/>
                <valenceUnit GF="Obj" PT="NP" FE="Undergoer"/>
                <annoSet ID="1513863"/>
            </pattern>
            <pattern total="1">
                <valenceUnit GF="Ext" PT="NP" FE="Agent"/>
                <valenceUnit GF="Obj" PT="NP" FE="Undergoer"/>
                <annoSet ID="1513907"/>
            </pattern>
        </FEGroupRealization>
        <FEGroupRealization total="1">
            <FE name="Cause"/>
            <FE name="Cause"/>
            <FE name="Undergoer"/>
            <pattern total="1">
                <valenceUnit GF="Ext" PT="NP" FE="Cause"/>
                <valenceUnit GF="Ext" PT="NP" FE="Cause"/>
                <valenceUnit GF="Obj" PT="NP" FE="Undergoer"/>
                <annoSet ID="1513847"/>
            </pattern>
        </FEGroupRealization>
        <FEGroupRealization total="1">
            <FE name="Cause"/>
            <FE name="Undergoer"/>
            <pattern total="1">
                <valenceUnit GF="Dep" PT="PP[by]" FE="Cause"/>
                <valenceUnit GF="Ext" PT="NP" FE="Undergoer"/>
                <annoSet ID="1513931"/>
            </pattern>
        </FEGroupRealization>
        <FEGroupRealization total="1">
            <FE name="Cause"/>
            <FE name="Undergoer"/>
            <FE name="Undergoer"/>
            <pattern total="1">
                <valenceUnit GF="Dep" PT="PP[by]" FE="Cause"/>
                <valenceUnit GF="Ext" PT="NP" FE="Undergoer"/>
                <valenceUnit GF="Ext" PT="NP" FE="Undergoer"/>
                <annoSet ID="1513941"/>
            </pattern>
        </FEGroupRealization>
    </valences>
    <subCorpus name="V-429-s20-rcoll-clay">
        <sentence sentNo="0" aPos="6346036" ID="1031098">
            <text>It is the same heat in the sun that melts wax and hardens clay , and it is possible , perhaps by the use of indicative signs , to investigate the underlying causes of dissimilar effects . </text>
            <annotationSet cDate="01/07/2003 11:42:22 PST Tue" status="UNANN" ID="1513846">
                <layer rank="1" name="BNC">
                    <label end="1" start="0" name="PNP"/>
                    <label end="4" start="3" name="VBZ"/>
                    <label end="8" start="6" name="AT0"/>
                    <label end="13" start="10" name="DT0"/>
                    <label end="18" start="15" name="NN1"/>
                    <label end="21" start="20" name="PRP"/>
                    <label end="25" start="23" name="AT0"/>
                    <label end="29" start="27" name="NN1"/>
                    <label end="34" start="31" name="CJT"/>
                    <label end="40" start="36" name="NN2-VVZ"/>
                    <label end="44" start="42" name="NN1-VVB"/>
                    <label end="48" start="46" name="CJC"/>
                    <label end="56" start="50" name="VVZ"/>
                    <label end="61" start="58" name="NN1"/>
                    <label end="63" start="63" name="PUN"/>
                    <label end="67" start="65" name="CJC"/>
                    <label end="70" start="69" name="PNP"/>
                    <label end="73" start="72" name="VBZ"/>
                    <label end="82" start="75" name="AJ0"/>
                    <label end="84" start="84" name="PUN"/>
                    <label end="92" start="86" name="AV0"/>
                    <label end="95" start="94" name="PRP"/>
                    <label end="99" start="97" name="AT0"/>
                    <label end="103" start="101" name="NN1"/>
                    <label end="106" start="105" name="PRF"/>
                    <label end="117" start="108" name="AJ0"/>
                    <label end="123" start="119" name="NN2"/>
                    <label end="125" start="125" name="PUN"/>
                    <label end="128" start="127" name="TO0"/>
                    <label end="140" start="130" name="VVI"/>
                    <label end="144" start="142" name="AT0"/>
                    <label end="155" start="146" name="AJ0-NN1"/>
                    <label end="162" start="157" name="NN2"/>
                    <label end="165" start="164" name="PRF"/>
                    <label end="176" start="167" name="AJ0"/>
                    <label end="184" start="178" name="NN2"/>
                    <label end="186" start="186" name="PUN"/>
                </layer>
            </annotationSet>
            <annotationSet cDate="01/07/2003 11:42:22 PST Tue" status="MANUAL" ID="1513847">
                <layer rank="1" name="FE">
                    <label cBy="865" feID="3438" end="29" start="6" name="Cause"/>
                    <label cBy="865" feID="3431" end="61" start="58" name="Undergoer"/>
                    <label cBy="309" feID="3438" end="34" start="31" name="Cause"/>
                </layer>
                <layer rank="1" name="GF">
                    <label end="29" start="6" name="Ext"/>
                    <label end="61" start="58" name="Obj"/>
                    <label end="34" start="31" name="Ext"/>
                </layer>
                <layer rank="1" name="PT">
                    <label end="29" start="6" name="NP"/>
                    <label end="61" start="58" name="NP"/>
                    <label end="34" start="31" name="NP"/>
                </layer>
                <layer rank="1" name="Sent"/>
                <layer rank="1" name="Other">
                    <label end="29" start="6" name="Ant"/>
                    <label end="34" start="31" name="Rel"/>
                </layer>
                <layer rank="1" name="Target">
                    <label cBy="103" end="56" start="50" name="Target"/>
                </layer>
                <layer rank="1" name="Verb"/>
            </annotationSet>
        </sentence>
    </subCorpus>
    <subCorpus name="V-429-s20-rcoll-edge"/>
    <subCorpus name="V-429-s20-rcoll-skin"/>
    <subCorpus name="V-429-s20-rcoll-soil"/>
    <subCorpus name="V-429-s20-rcoll-steel">
        <sentence sentNo="0" aPos="20217424" ID="1031106">
            <text>Tungsten , molybdenum , chromium and manganese , for instance , are used to harden steel . </text>
            <annotationSet cDate="01/07/2003 11:42:23 PST Tue" status="UNANN" ID="1513862">
                <layer rank="1" name="BNC">
                    <label end="7" start="0" name="NN1"/>
                    <label end="9" start="9" name="PUN"/>
                    <label end="20" start="11" name="NN1"/>
                    <label end="22" start="22" name="PUN"/>
                    <label end="31" start="24" name="NN1"/>
                    <label end="35" start="33" name="CJC"/>
                    <label end="45" start="37" name="NN1"/>
                    <label end="47" start="47" name="PUN"/>
                    <label end="51" start="49" name="AV0"/>
                    <label end="60" start="53" name="AV0"/>
                    <label end="62" start="62" name="PUN"/>
                    <label end="66" start="64" name="VBB"/>
                    <label end="71" start="68" name="VVN"/>
                    <label end="74" start="73" name="TO0"/>
                    <label end="81" start="76" name="VVI"/>
                    <label end="87" start="83" name="AJ0-NN1"/>
                    <label end="89" start="89" name="PUN"/>
                </layer>
            </annotationSet>
            <annotationSet cDate="01/07/2003 11:42:23 PST Tue" status="MANUAL" ID="1513863">
                <layer rank="1" name="FE">
                    <label cBy="865" feID="3431" end="87" start="83" name="Undergoer"/>
                    <label cBy="865" feID="3433" itype="CNI" name="Agent"/>
                </layer>
                <layer rank="1" name="GF">
                    <label end="87" start="83" name="Obj"/>
                </layer>
                <layer rank="1" name="PT">
                    <label end="87" start="83" name="NP"/>
                </layer>
                <layer rank="1" name="Sent"/>
                <layer rank="1" name="Other"/>
                <layer rank="1" name="Target">
                    <label cBy="103" end="81" start="76" name="Target"/>
                </layer>
                <layer rank="1" name="Verb"/>
            </annotationSet>
        </sentence>
    </subCorpus>
    <subCorpus name="V-570-s20-np-ppby"/>
    <subCorpus name="V-570-s20-np-ppin"/>
    <subCorpus name="V-570-s20-np-ppto"/>
    <subCorpus name="V-620-s20-np-ppother"/>
    <subCorpus name="V-650-s20-np-pother"/>
    <subCorpus name="V-660-s20-trans-simple">
        <sentence sentNo="0" aPos="25113097" ID="1031128">
            <text>But Adams ' polyester used a peroxide catalyst to harden it , and the peroxide bleached some of the red from the polyester ( the US-finished instruments were cellulose ) . </text>
            <annotationSet cDate="01/07/2003 11:42:25 PST Tue" status="UNANN" ID="1513906">
                <layer rank="1" name="BNC">
                    <label end="2" start="0" name="CJC"/>
                    <label end="8" start="4" name="NN2"/>
                    <label end="10" start="10" name="POS"/>
                    <label end="20" start="12" name="NN1"/>
                    <label end="25" start="22" name="VVD-VVN"/>
                    <label end="27" start="27" name="AT0"/>
                    <label end="36" start="29" name="NN1"/>
                    <label end="45" start="38" name="NN1-VVB"/>
                    <label end="48" start="47" name="TO0"/>
                    <label end="55" start="50" name="VVI"/>
                    <label end="58" start="57" name="PNP"/>
                    <label end="60" start="60" name="PUN"/>
                    <label end="64" start="62" name="CJC"/>
                    <label end="68" start="66" name="AT0"/>
                    <label end="77" start="70" name="NN1"/>
                    <label end="86" start="79" name="VVD"/>
                    <label end="91" start="88" name="DT0"/>
                    <label end="94" start="93" name="PRF"/>
                    <label end="98" start="96" name="AT0"/>
                    <label end="102" start="100" name="AJ0-NN1"/>
                    <label end="107" start="104" name="PRP"/>
                    <label end="111" start="109" name="AT0"/>
                    <label end="121" start="113" name="NN1"/>
                    <label end="123" start="123" name="PUL"/>
                    <label end="127" start="125" name="AT0"/>
                    <label end="139" start="129" name="AJ0-NN1"/>
                    <label end="151" start="141" name="NN2"/>
                    <label end="156" start="153" name="VBD"/>
                    <label end="166" start="158" name="NN1"/>
                    <label end="168" start="168" name="PUR"/>
                    <label end="170" start="170" name="PUN"/>
                </layer>
            </annotationSet>
            <annotationSet cDate="01/07/2003 11:42:25 PST Tue" status="MANUAL" ID="1513907">
                <layer rank="1" name="FE">
                    <label cBy="865" feID="3433" end="20" start="4" name="Agent"/>
                    <label cBy="865" feID="3431" end="58" start="57" name="Undergoer"/>
                </layer>
                <layer rank="1" name="GF">
                    <label end="20" start="4" name="Ext"/>
                    <label end="58" start="57" name="Obj"/>
                </layer>
                <layer rank="1" name="PT">
                    <label end="20" start="4" name="NP"/>
                    <label end="58" start="57" name="NP"/>
                </layer>
                <layer rank="1" name="Sent"/>
                <layer rank="1" name="Other"/>
                <layer rank="1" name="Target">
                    <label cBy="103" end="55" start="50" name="Target"/>
                </layer>
                <layer rank="1" name="Verb"/>
            </annotationSet>
        </sentence>
    </subCorpus>
    <subCorpus name="V-670-s20-pass-by">
        <sentence sentNo="0" aPos="6962727" ID="1031138">
            <text>Provided that iron contains some carbon , introduced by carburisation ( heating under charcoal ) , it can be hardened by quenching , that is by cooling rapidly in oil or water . </text>
            <annotationSet cDate="01/07/2003 11:42:27 PST Tue" status="UNANN" ID="1513926">
                <layer rank="1" name="BNC">
                    <label end="7" start="0" name="CJS"/>
                    <label end="12" start="9" name="CJS"/>
                    <label end="17" start="14" name="NN1"/>
                    <label end="26" start="19" name="VVZ"/>
                    <label end="31" start="28" name="DT0"/>
                    <label end="38" start="33" name="NN1"/>
                    <label end="40" start="40" name="PUN"/>
                    <label end="51" start="42" name="VVN"/>
                    <label end="54" start="53" name="PRP"/>
                    <label end="68" start="56" name="NN1"/>
                    <label end="70" start="70" name="PUL"/>
                    <label end="78" start="72" name="NN1-VVG"/>
                    <label end="84" start="80" name="PRP"/>
                    <label end="93" start="86" name="NN1"/>
                    <label end="95" start="95" name="PUR"/>
                    <label end="97" start="97" name="PUN"/>
                    <label end="100" start="99" name="PNP"/>
                    <label end="104" start="102" name="VM0"/>
                    <label end="107" start="106" name="VBI"/>
                    <label end="116" start="109" name="VVN"/>
                    <label end="119" start="118" name="PRP"/>
                    <label end="129" start="121" name="NN1-VVG"/>
                    <label end="131" start="131" name="PUN"/>
                    <label end="136" start="133" name="CJT-DT0"/>
                    <label end="139" start="138" name="VBZ"/>
                    <label end="142" start="141" name="PRP"/>
                    <label end="150" start="144" name="VVG"/>
                    <label end="158" start="152" name="AV0"/>
                    <label end="161" start="160" name="PRP"/>
                    <label end="165" start="163" name="NN1"/>
                    <label end="168" start="167" name="CJC"/>
                    <label end="174" start="170" name="NN1"/>
                    <label end="176" start="176" name="PUN"/>
                </layer>
            </annotationSet>
            <annotationSet cDate="01/07/2003 11:42:27 PST Tue" status="MANUAL" ID="1513927">
                <layer rank="1" name="FE">
                    <label cBy="865" feID="3431" end="100" start="99" name="Undergoer"/>
                    <label cBy="865" feID="3435" end="129" start="118" name="Means"/>
                    <label cBy="865" feID="3433" itype="CNI" name="Agent"/>
                </layer>
                <layer rank="1" name="GF">
                    <label end="100" start="99" name="Ext"/>
                    <label end="129" start="118" name="Dep"/>
                </layer>
                <layer rank="1" name="PT">
                    <label end="100" start="99" name="NP"/>
                    <label end="129" start="118" name="PPing"/>
                </layer>
                <layer rank="1" name="Sent"/>
                <layer rank="1" name="Other"/>
                <layer rank="1" name="Target">
                    <label cBy="103" end="116" start="109" name="Target"/>
                </layer>
                <layer rank="1" name="Verb"/>
            </annotationSet>
        </sentence>
        <sentence sentNo="0" aPos="13704572" ID="1031140">
            <text>The ground was hardened by a sharp frost making the going firm on a fine , sunny day . </text>
            <annotationSet cDate="01/07/2003 11:42:27 PST Tue" status="UNANN" ID="1513930">
                <layer rank="1" name="BNC">
                    <label end="2" start="0" name="AT0"/>
                    <label end="9" start="4" name="NN1"/>
                    <label end="13" start="11" name="VBD"/>
                    <label end="22" start="15" name="VVN"/>
                    <label end="25" start="24" name="PRP"/>
                    <label end="27" start="27" name="AT0"/>
                    <label end="33" start="29" name="AJ0"/>
                    <label end="39" start="35" name="NN1"/>
                    <label end="46" start="41" name="VVG"/>
                    <label end="50" start="48" name="AT0"/>
                    <label end="56" start="52" name="AJ0-NN1"/>
                    <label end="61" start="58" name="NN1"/>
                    <label end="64" start="63" name="PRP"/>
                    <label end="66" start="66" name="AT0"/>
                    <label end="71" start="68" name="AJ0-NN1"/>
                    <label end="73" start="73" name="PUN"/>
                    <label end="79" start="75" name="AJ0"/>
                    <label end="83" start="81" name="NN1"/>
                    <label end="85" start="85" name="PUN"/>
                </layer>
            </annotationSet>
            <annotationSet cDate="01/07/2003 11:42:27 PST Tue" status="MANUAL" ID="1513931">
                <layer rank="1" name="FE">
                    <label cBy="865" feID="3431" end="9" start="0" name="Undergoer"/>
                    <label cBy="865" feID="3438" end="39" start="24" name="Cause"/>
                </layer>
                <layer rank="1" name="GF">
                    <label end="9" start="0" name="Ext"/>
                    <label end="39" start="24" name="Dep"/>
                </layer>
                <layer rank="1" name="PT">
                    <label end="9" start="0" name="NP"/>
                    <label end="39" start="24" name="PP"/>
                </layer>
                <layer rank="1" name="Sent"/>
                <layer rank="1" name="Other"/>
                <layer rank="1" name="Target">
                    <label cBy="103" end="22" start="15" name="Target"/>
                </layer>
                <layer rank="1" name="Verb"/>
            </annotationSet>
        </sentence>
        <sentence sentNo="0" aPos="71262323" ID="1031145">
            <text>They ate meat and bread that was hardened by the cold , but Bicker would not allow them to eat snow . </text>
            <annotationSet cDate="01/07/2003 11:42:27 PST Tue" status="UNANN" ID="1513940">
                <layer rank="1" name="BNC">
                    <label end="3" start="0" name="PNP"/>
                    <label end="7" start="5" name="VVD"/>
                    <label end="12" start="9" name="NN1"/>
                    <label end="16" start="14" name="CJC"/>
                    <label end="22" start="18" name="NN1"/>
                    <label end="27" start="24" name="CJT"/>
                    <label end="31" start="29" name="VBD"/>
                    <label end="40" start="33" name="VVN"/>
                    <label end="43" start="42" name="PRP"/>
                    <label end="47" start="45" name="AT0"/>
                    <label end="52" start="49" name="AJ0-NN1"/>
                    <label end="54" start="54" name="PUN"/>
                    <label end="58" start="56" name="CJC"/>
                    <label end="65" start="60" name="NP0"/>
                    <label end="71" start="67" name="VM0"/>
                    <label end="75" start="73" name="XX0"/>
                    <label end="81" start="77" name="VVI"/>
                    <label end="86" start="83" name="PNP"/>
                    <label end="89" start="88" name="TO0"/>
                    <label end="93" start="91" name="VVI"/>
                    <label end="98" start="95" name="NN1"/>
                    <label end="100" start="100" name="PUN"/>
                </layer>
            </annotationSet>
            <annotationSet cDate="01/07/2003 11:42:27 PST Tue" status="MANUAL" ID="1513941">
                <layer rank="1" name="FE">
                    <label cBy="865" feID="3431" end="22" start="18" name="Undergoer"/>
                    <label cBy="865" feID="3438" end="52" start="42" name="Cause"/>
                    <label cBy="309" feID="3431" end="27" start="24" name="Undergoer"/>
                </layer>
                <layer rank="1" name="GF">
                    <label end="22" start="18" name="Ext"/>
                    <label end="52" start="42" name="Dep"/>
                    <label end="27" start="24" name="Ext"/>
                </layer>
                <layer rank="1" name="PT">
                    <label end="22" start="18" name="NP"/>
                    <label end="52" start="42" name="PP"/>
                    <label end="27" start="24" name="NP"/>
                </layer>
                <layer rank="1" name="Sent"/>
                <layer rank="1" name="Other">
                    <label end="22" start="18" name="Ant"/>
                    <label end="27" start="24" name="Rel"/>
                </layer>
                <layer rank="1" name="Target">
                    <label cBy="103" end="40" start="33" name="Target"/>
                </layer>
                <layer rank="1" name="Verb"/>
            </annotationSet>
        </sentence>
    </subCorpus>
    <subCorpus name="V-680-s20-pass"/>
    <subCorpus name="V-690-s20-trans-other"/>
    <subCorpus name="V-730-s20-ppby"/>
    <subCorpus name="V-730-s20-ppin">
        <sentence sentNo="0" aPos="20028405" ID="1031205">
            <text>The samples ranged from modern lacquer hardened in the laboratory to objects from the last centuries BC . </text>
            <annotationSet cDate="01/07/2003 11:42:35 PST Tue" status="UNANN" ID="1514060">
                <layer rank="1" name="BNC">
                    <label end="2" start="0" name="AT0"/>
                    <label end="10" start="4" name="NN2"/>
                    <label end="17" start="12" name="VVD-VVN"/>
                    <label end="22" start="19" name="PRP"/>
                    <label end="29" start="24" name="AJ0"/>
                    <label end="37" start="31" name="NN1"/>
                    <label end="46" start="39" name="VVD-VVN"/>
                    <label end="49" start="48" name="PRP"/>
                    <label end="53" start="51" name="AT0"/>
                    <label end="64" start="55" name="NN1"/>
                    <label end="67" start="66" name="PRP"/>
                    <label end="75" start="69" name="NN2"/>
                    <label end="80" start="77" name="PRP"/>
                    <label end="84" start="82" name="AT0"/>
                    <label end="89" start="86" name="ORD"/>
                    <label end="99" start="91" name="NN2"/>
                    <label end="102" start="101" name="AV0"/>
                    <label end="104" start="104" name="PUN"/>
                </layer>
            </annotationSet>
            <annotationSet cDate="01/07/2003 11:42:36 PST Tue" status="MANUAL" ID="1514061">
                <layer rank="1" name="FE">
                    <label cBy="865" feID="3431" end="37" start="24" name="Undergoer"/>
                    <label cBy="865" feID="3425" end="64" start="48" name="Place"/>
                    <label cBy="865" feID="3433" itype="CNI" name="Agent"/>
                </layer>
                <layer rank="1" name="GF">
                    <label end="37" start="24" name="Ext"/>
                    <label end="64" start="48" name="Dep"/>
                </layer>
                <layer rank="1" name="PT">
                    <label end="37" start="24" name="NP"/>
                    <label end="64" start="48" name="PP"/>
                </layer>
                <layer rank="1" name="Sent"/>
                <layer rank="1" name="Other"/>
                <layer rank="1" name="Target">
                    <label cBy="103" end="46" start="39" name="Target"/>
                </layer>
                <layer rank="1" name="Verb"/>
            </annotationSet>
        </sentence>
    </subCorpus>
    <subCorpus name="V-730-s20-ppinto"/>
    <subCorpus name="V-730-s20-ppto"/>
    <subCorpus name="V-730-s20-ppwith"/>
    <subCorpus name="V-780-s20-ppother"/>
    <subCorpus name="V-810-s20-pother"/>
    <subCorpus name="V-880-s20-intrans-simple"/>
    <subCorpus name="V-890-s20-intrans-adverb"/>
    <subCorpus name="V-900-s20-other"/>
</lexUnit>