<?xml version="1.0" encoding="UTF-8" standalone="yes"?>
<?xml-stylesheet type="text/xsl" href="lexUnit.xsl"?>
<lexUnit status="Finished_Initial" POS="N" name="toke.n" ID="6911" frame="Ingest_substance" frameID="386" totalAnnotated="4" xsi:schemaLocation="../schema/lexUnit.xsd" xmlns="http://framenet.icsi.berkeley.edu" xmlns:xsi="http://www.w3.org/2001/XMLSchema-instance">
    <header>
        <frame>
            <FE fgColor="FFFFFF" bgColor="0000FF" type="Core" abbrev="D_device" name="Delivery_device"/>
            <FE fgColor="FFFFFF" bgColor="00BFFF" type="Peripheral" abbrev="Dur" name="Duration"/>
            <FE fgColor="FFFFFF" bgColor="006400" type="Peripheral" abbrev="E_path" name="Entry_path"/>
            <FE fgColor="FFFFFF" bgColor="2E8B57" type="Extra-Thematic" abbrev="Freq" name="Frequency"/>
            <FE fgColor="FFFFFF" bgColor="FF0000" type="Core" abbrev="Ing" name="Ingestor"/>
            <FE fgColor="FFFFFF" bgColor="FF00FF" type="Peripheral" abbrev="Mnr" name="Manner"/>
            <FE fgColor="FFFFFF" bgColor="FF69B4" type="Peripheral" abbrev="Means" name="Means"/>
            <FE fgColor="FFFFFF" bgColor="008000" type="Peripheral" abbrev="Place" name="Place"/>
            <FE fgColor="FFFFFF" bgColor="800080" type="Peripheral" abbrev="Purp" name="Purpose"/>
            <FE fgColor="2E8B57" bgColor="00008B" type="Core" abbrev="Sub" name="Substance"/>
            <FE fgColor="FFFFFF" bgColor="FFA500" type="Peripheral" abbrev="Time" name="Time"/>
        </frame>
    </header>
    <definition>COD: a pull on a cigarette or pipe, typically one containing cannabis. </definition>
    <lexeme POS="N" name="toke"/>
    <valences>
        <governor type="Sup" lemma="take">
            <annoSet ID="1524023"/>
            <annoSet ID="1524025"/>
            <annoSet ID="1524027"/>
        </governor>
        <FERealization total="1">
            <FE name="Delivery_device"/>
            <pattern total="1">
                <valenceUnit GF="Dep" PT="PP[on]" FE="Delivery_device"/>
                <annoSet ID="1524023"/>
            </pattern>
        </FERealization>
        <FERealization total="1">
            <FE name="Frequency"/>
            <pattern total="1">
                <valenceUnit GF="Dep" PT="AJP" FE="Frequency"/>
                <annoSet ID="1524029"/>
            </pattern>
        </FERealization>
        <FERealization total="4">
            <FE name="Ingestor"/>
            <pattern total="3">
                <valenceUnit GF="Ext" PT="NP" FE="Ingestor"/>
                <annoSet ID="1524023"/>
                <annoSet ID="1524025"/>
                <annoSet ID="1524027"/>
            </pattern>
            <pattern total="1">
                <valenceUnit GF="Gen" PT="Poss" FE="Ingestor"/>
                <annoSet ID="1524029"/>
            </pattern>
        </FERealization>
        <FERealization total="1">
            <FE name="Manner"/>
            <pattern total="1">
                <valenceUnit GF="Dep" PT="AJP" FE="Manner"/>
                <annoSet ID="1524025"/>
            </pattern>
        </FERealization>
        <FERealization total="1">
            <FE name="Substance"/>
            <pattern total="1">
                <valenceUnit GF="" PT="INI" FE="Substance"/>
                <annoSet ID="1524023"/>
            </pattern>
        </FERealization>
        <FEGroupRealization total="1">
            <FE name="Delivery_device"/>
            <FE name="Ingestor"/>
            <FE name="Substance"/>
            <pattern total="1">
                <valenceUnit GF="Dep" PT="PP[on]" FE="Delivery_device"/>
                <valenceUnit GF="Ext" PT="NP" FE="Ingestor"/>
                <valenceUnit GF="" PT="INI" FE="Substance"/>
                <annoSet ID="1524023"/>
            </pattern>
        </FEGroupRealization>
        <FEGroupRealization total="1">
            <FE name="Frequency"/>
            <FE name="Ingestor"/>
            <pattern total="1">
                <valenceUnit GF="Dep" PT="AJP" FE="Frequency"/>
                <valenceUnit GF="Gen" PT="Poss" FE="Ingestor"/>
                <annoSet ID="1524029"/>
            </pattern>
        </FEGroupRealization>
        <FEGroupRealization total="1">
            <FE name="Ingestor"/>
            <FE name="Ingestor"/>
            <pattern total="1">
                <valenceUnit GF="Ext" PT="NP" FE="Ingestor"/>
                <valenceUnit GF="Ext" PT="NP" FE="Ingestor"/>
                <annoSet ID="1524027"/>
            </pattern>
        </FEGroupRealization>
        <FEGroupRealization total="1">
            <FE name="Ingestor"/>
            <FE name="Manner"/>
            <pattern total="1">
                <valenceUnit GF="Ext" PT="NP" FE="Ingestor"/>
                <valenceUnit GF="Dep" PT="AJP" FE="Manner"/>
                <annoSet ID="1524025"/>
            </pattern>
        </FEGroupRealization>
    </valences>
    <subCorpus name="N-001-all">
        <sentence sentNo="0" aPos="53066272" ID="1036186">
            <text>He took a toke on it and , putting his mouth over hers , breathed the smoke down into her lungs . </text>
            <annotationSet cDate="01/07/2003 11:53:27 PST Tue" status="UNANN" ID="1524022">
                <layer rank="1" name="BNC">
                    <label end="1" start="0" name="PNP"/>
                    <label end="6" start="3" name="VVD"/>
                    <label end="8" start="8" name="AT0"/>
                    <label end="13" start="10" name="NN1"/>
                    <label end="16" start="15" name="PRP"/>
                    <label end="19" start="18" name="PNP"/>
                    <label end="23" start="21" name="CJC"/>
                    <label end="25" start="25" name="PUN"/>
                    <label end="33" start="27" name="VVG"/>
                    <label end="37" start="35" name="DPS"/>
                    <label end="43" start="39" name="NN1"/>
                    <label end="48" start="45" name="PRP"/>
                    <label end="53" start="50" name="PNP"/>
                    <label end="55" start="55" name="PUN"/>
                    <label end="64" start="57" name="VVD"/>
                    <label end="68" start="66" name="AT0"/>
                    <label end="74" start="70" name="NN1"/>
                    <label end="79" start="76" name="AVP"/>
                    <label end="84" start="81" name="PRP"/>
                    <label end="88" start="86" name="DPS"/>
                    <label end="94" start="90" name="NN2"/>
                    <label end="96" start="96" name="PUN"/>
                </layer>
            </annotationSet>
            <annotationSet cDate="01/07/2003 11:53:27 PST Tue" status="MANUAL" ID="1524023">
                <layer rank="1" name="FE">
                    <label cBy="865" feID="3458" end="19" start="15" name="Delivery_device"/>
                    <label cBy="865" feID="3459" end="1" start="0" name="Ingestor"/>
                    <label cBy="296" feID="3460" itype="INI" name="Substance"/>
                </layer>
                <layer rank="1" name="GF">
                    <label end="19" start="15" name="Dep"/>
                    <label end="1" start="0" name="Ext"/>
                </layer>
                <layer rank="1" name="PT">
                    <label end="19" start="15" name="PP"/>
                    <label end="1" start="0" name="NP"/>
                </layer>
                <layer rank="1" name="Sent"/>
                <layer rank="1" name="Other"/>
                <layer rank="1" name="Target">
                    <label cBy="103" end="13" start="10" name="Target"/>
                </layer>
                <layer rank="1" name="Noun">
                    <label end="6" start="3" name="Supp"/>
                </layer>
            </annotationSet>
        </sentence>
        <sentence sentNo="0" aPos="59739242" ID="1036187">
            <text>Sanchez cupped the coal of the joint and took a long toke . </text>
            <annotationSet cDate="01/07/2003 11:53:27 PST Tue" status="UNANN" ID="1524024">
                <layer rank="1" name="BNC">
                    <label end="6" start="0" name="NN1-NP0"/>
                    <label end="13" start="8" name="VVD"/>
                    <label end="17" start="15" name="AT0"/>
                    <label end="22" start="19" name="NN1"/>
                    <label end="25" start="24" name="PRF"/>
                    <label end="29" start="27" name="AT0"/>
                    <label end="35" start="31" name="AJ0"/>
                    <label end="39" start="37" name="CJC"/>
                    <label end="44" start="41" name="VVD"/>
                    <label end="46" start="46" name="AT0"/>
                    <label end="51" start="48" name="AJ0"/>
                    <label end="56" start="53" name="NN1"/>
                    <label end="58" start="58" name="PUN"/>
                </layer>
            </annotationSet>
            <annotationSet cDate="01/07/2003 11:53:28 PST Tue" status="MANUAL" ID="1524025">
                <layer rank="1" name="FE">
                    <label cBy="865" feID="3453" end="51" start="48" name="Manner"/>
                    <label cBy="865" feID="3459" end="6" start="0" name="Ingestor"/>
                </layer>
                <layer rank="1" name="GF">
                    <label end="51" start="48" name="Dep"/>
                    <label end="6" start="0" name="Ext"/>
                </layer>
                <layer rank="1" name="PT">
                    <label end="51" start="48" name="AJP"/>
                    <label end="6" start="0" name="NP"/>
                </layer>
                <layer rank="1" name="Sent"/>
                <layer rank="1" name="Other"/>
                <layer rank="1" name="Target">
                    <label cBy="103" end="56" start="53" name="Target"/>
                </layer>
                <layer rank="1" name="Noun">
                    <label end="44" start="41" name="Supp"/>
                </layer>
            </annotationSet>
        </sentence>
        <sentence sentNo="0" aPos="62967920" ID="1036188">
            <text>` This any good for hanky-panky ? &quot; he said , passing the roach back to Rory , who took a last hot toke then flicked the remains into the heart of the fire . </text>
            <annotationSet cDate="01/07/2003 11:53:28 PST Tue" status="UNANN" ID="1524026">
                <layer rank="1" name="BNC">
                    <label end="0" start="0" name="PUQ"/>
                    <label end="5" start="2" name="DT0"/>
                    <label end="9" start="7" name="DT0"/>
                    <label end="14" start="11" name="AJ0"/>
                    <label end="18" start="16" name="PRP"/>
                    <label end="30" start="20" name="AJ0"/>
                    <label end="32" start="32" name="PUN"/>
                    <label end="34" start="34" name="PUQ"/>
                    <label end="37" start="36" name="PNP"/>
                    <label end="42" start="39" name="VVD"/>
                    <label end="44" start="44" name="PUN"/>
                    <label end="52" start="46" name="VVG"/>
                    <label end="56" start="54" name="AT0"/>
                    <label end="62" start="58" name="NN1"/>
                    <label end="67" start="64" name="AVP"/>
                    <label end="70" start="69" name="PRP"/>
                    <label end="75" start="72" name="NN1-NP0"/>
                    <label end="77" start="77" name="PUN"/>
                    <label end="81" start="79" name="PNQ"/>
                    <label end="86" start="83" name="VVD"/>
                    <label end="88" start="88" name="AT0"/>
                    <label end="93" start="90" name="ORD"/>
                    <label end="97" start="95" name="AJ0"/>
                    <label end="102" start="99" name="NN1"/>
                    <label end="107" start="104" name="AV0"/>
                    <label end="115" start="109" name="VVD"/>
                    <label end="119" start="117" name="AT0"/>
                    <label end="127" start="121" name="NN2"/>
                    <label end="132" start="129" name="PRP"/>
                    <label end="136" start="134" name="AT0"/>
                    <label end="142" start="138" name="NN1"/>
                    <label end="145" start="144" name="PRF"/>
                    <label end="149" start="147" name="AT0"/>
                    <label end="154" start="151" name="NN1"/>
                    <label end="156" start="156" name="PUN"/>
                </layer>
            </annotationSet>
            <annotationSet cDate="01/07/2003 11:53:28 PST Tue" status="MANUAL" ID="1524027">
                <layer rank="1" name="FE">
                    <label cBy="865" feID="3459" end="75" start="72" name="Ingestor"/>
                    <label cBy="309" feID="3459" end="81" start="79" name="Ingestor"/>
                </layer>
                <layer rank="1" name="GF">
                    <label end="75" start="72" name="Ext"/>
                    <label end="81" start="79" name="Ext"/>
                </layer>
                <layer rank="1" name="PT">
                    <label end="75" start="72" name="NP"/>
                    <label end="81" start="79" name="NP"/>
                </layer>
                <layer rank="1" name="Sent"/>
                <layer rank="1" name="Other">
                    <label end="75" start="72" name="Ant"/>
                    <label end="81" start="79" name="Rel"/>
                </layer>
                <layer rank="1" name="Target">
                    <label cBy="103" end="102" start="99" name="Target"/>
                </layer>
                <layer rank="1" name="Noun">
                    <label end="86" start="83" name="Supp"/>
                </layer>
            </annotationSet>
        </sentence>
        <sentence sentNo="0" aPos="92009130" ID="1036189">
            <text>After her fifth or sixth toke she was down to the end of the joint and a couple of the dried seeds exploded like miniature fireworks , making her jump and then starting her off giggling . </text>
            <annotationSet cDate="01/07/2003 11:53:28 PST Tue" status="UNANN" ID="1524028">
                <layer rank="1" name="BNC">
                    <label end="4" start="0" name="CJS-PRP"/>
                    <label end="8" start="6" name="DPS"/>
                    <label end="14" start="10" name="ORD"/>
                    <label end="17" start="16" name="CJC"/>
                    <label end="23" start="19" name="ORD"/>
                    <label end="28" start="25" name="NN1"/>
                    <label end="32" start="30" name="PNP"/>
                    <label end="36" start="34" name="VBD"/>
                    <label end="41" start="38" name="AVP"/>
                    <label end="44" start="43" name="PRP"/>
                    <label end="48" start="46" name="AT0"/>
                    <label end="52" start="50" name="NN1"/>
                    <label end="55" start="54" name="PRF"/>
                    <label end="59" start="57" name="AT0"/>
                    <label end="65" start="61" name="AJ0"/>
                    <label end="69" start="67" name="CJC"/>
                    <label end="71" start="71" name="AT0"/>
                    <label end="78" start="73" name="NN1"/>
                    <label end="81" start="80" name="PRF"/>
                    <label end="85" start="83" name="AT0"/>
                    <label end="91" start="87" name="AJ0"/>
                    <label end="97" start="93" name="NN2"/>
                    <label end="106" start="99" name="VVD-VVN"/>
                    <label end="111" start="108" name="PRP"/>
                    <label end="121" start="113" name="AJ0"/>
                    <label end="131" start="123" name="NN2"/>
                    <label end="133" start="133" name="PUN"/>
                    <label end="140" start="135" name="VVG"/>
                    <label end="144" start="142" name="DPS"/>
                    <label end="149" start="146" name="NN1"/>
                    <label end="153" start="151" name="CJC"/>
                    <label end="158" start="155" name="AV0"/>
                    <label end="167" start="160" name="VVG"/>
                    <label end="171" start="169" name="PNP"/>
                    <label end="175" start="173" name="AVP-PRP"/>
                    <label end="184" start="177" name="NN1-VVG"/>
                    <label end="186" start="186" name="PUN"/>
                </layer>
            </annotationSet>
            <annotationSet cDate="01/07/2003 11:53:28 PST Tue" status="MANUAL" ID="1524029">
                <layer rank="1" name="FE">
                    <label cBy="303" feID="3459" end="8" start="6" name="Ingestor"/>
                    <label cBy="303" feID="3461" end="23" start="10" name="Frequency"/>
                </layer>
                <layer rank="1" name="GF">
                    <label end="8" start="6" name="Gen"/>
                    <label end="23" start="10" name="Dep"/>
                </layer>
                <layer rank="1" name="PT">
                    <label end="8" start="6" name="Poss"/>
                    <label end="23" start="10" name="AJP"/>
                </layer>
                <layer rank="1" name="Sent"/>
                <layer rank="1" name="Other"/>
                <layer rank="1" name="Target">
                    <label cBy="103" end="28" start="25" name="Target"/>
                </layer>
                <layer rank="1" name="Noun"/>
            </annotationSet>
        </sentence>
    </subCorpus>
</lexUnit>