<?xml version="1.0" encoding="UTF-8" standalone="yes"?>
<?xml-stylesheet type="text/xsl" href="lexUnit.xsl"?>
<lexUnit status="Finished_Initial" POS="V" name="tear.v" ID="6902" frame="Experience_bodily_harm" frameID="384" totalAnnotated="6" xsi:schemaLocation="../schema/lexUnit.xsd" xmlns="http://framenet.icsi.berkeley.edu" xmlns:xsi="http://www.w3.org/2001/XMLSchema-instance">
    <header>
        <frame>
            <FE fgColor="FFFFFF" bgColor="9F79EE" type="Core" abbrev="BodP" name="Body_part"/>
            <FE fgColor="FFFFFF" bgColor="A52A2A" type="Extra-Thematic" abbrev="con" name="Containing_event"/>
            <FE fgColor="FFFFFF" bgColor="A52A2A" type="Peripheral" abbrev="Dur" name="Duration"/>
            <FE fgColor="FFFFFF" bgColor="0000FF" type="Core" abbrev="Exp" name="Experiencer"/>
            <FE fgColor="FFFFFF" bgColor="0000FF" type="Extra-Thematic" abbrev="Freq" name="Frequency"/>
            <FE fgColor="FFFFFF" bgColor="808080" type="Peripheral" abbrev="Inj_ent" name="Injuring_entity"/>
            <FE fgColor="FFFFFF" bgColor="800080" type="Extra-Thematic" abbrev="Iter" name="Iterations"/>
            <FE fgColor="FFFFFF" bgColor="FF00FF" type="Peripheral" abbrev="Manr" name="Manner"/>
            <FE fgColor="FFFFFF" bgColor="008000" type="Peripheral" abbrev="Place" name="Place"/>
            <FE fgColor="FFFFFF" bgColor="FF0000" type="Peripheral" abbrev="Sev" name="Severity"/>
            <FE fgColor="FFFFFF" bgColor="FFA500" type="Peripheral" abbrev="Time" name="Time"/>
        </frame>
    </header>
    <definition>COD: damage (a muscle or ligament) by overstretching it. </definition>
    <lexeme POS="V" name="tear"/>
    <valences>
        <FERealization total="6">
            <FE name="Body_part"/>
            <pattern total="6">
                <valenceUnit GF="Obj" PT="NP" FE="Body_part"/>
                <annoSet ID="1519265"/>
                <annoSet ID="1519267"/>
                <annoSet ID="1519269"/>
                <annoSet ID="1519279"/>
                <annoSet ID="1519285"/>
                <annoSet ID="1519287"/>
            </pattern>
        </FERealization>
        <FERealization total="3">
            <FE name="Containing_event"/>
            <pattern total="1">
                <valenceUnit GF="Dep" PT="PP[during]" FE="Containing_event"/>
                <annoSet ID="1519265"/>
            </pattern>
            <pattern total="2">
                <valenceUnit GF="Dep" PT="Sub" FE="Containing_event"/>
                <annoSet ID="1519267"/>
                <annoSet ID="1519285"/>
            </pattern>
        </FERealization>
        <FERealization total="6">
            <FE name="Experiencer"/>
            <pattern total="6">
                <valenceUnit GF="Ext" PT="NP" FE="Experiencer"/>
                <annoSet ID="1519265"/>
                <annoSet ID="1519267"/>
                <annoSet ID="1519269"/>
                <annoSet ID="1519279"/>
                <annoSet ID="1519285"/>
                <annoSet ID="1519287"/>
            </pattern>
        </FERealization>
        <FERealization total="1">
            <FE name="Place"/>
            <pattern total="1">
                <valenceUnit GF="Dep" PT="PP[at]" FE="Place"/>
                <annoSet ID="1519279"/>
            </pattern>
        </FERealization>
        <FERealization total="2">
            <FE name="Time"/>
            <pattern total="1">
                <valenceUnit GF="Dep" PT="PP[on]" FE="Time"/>
                <annoSet ID="1519265"/>
            </pattern>
            <pattern total="1">
                <valenceUnit GF="Dep" PT="AJP" FE="Time"/>
                <annoSet ID="1519285"/>
            </pattern>
        </FERealization>
        <FEGroupRealization total="1">
            <FE name="Body_part"/>
            <FE name="Containing_event"/>
            <FE name="Experiencer"/>
            <pattern total="1">
                <valenceUnit GF="Obj" PT="NP" FE="Body_part"/>
                <valenceUnit GF="Dep" PT="Sub" FE="Containing_event"/>
                <valenceUnit GF="Ext" PT="NP" FE="Experiencer"/>
                <annoSet ID="1519267"/>
            </pattern>
        </FEGroupRealization>
        <FEGroupRealization total="2">
            <FE name="Body_part"/>
            <FE name="Containing_event"/>
            <FE name="Experiencer"/>
            <FE name="Time"/>
            <pattern total="1">
                <valenceUnit GF="Obj" PT="NP" FE="Body_part"/>
                <valenceUnit GF="Dep" PT="PP[during]" FE="Containing_event"/>
                <valenceUnit GF="Ext" PT="NP" FE="Experiencer"/>
                <valenceUnit GF="Dep" PT="PP[on]" FE="Time"/>
                <annoSet ID="1519265"/>
            </pattern>
            <pattern total="1">
                <valenceUnit GF="Obj" PT="NP" FE="Body_part"/>
                <valenceUnit GF="Dep" PT="Sub" FE="Containing_event"/>
                <valenceUnit GF="Ext" PT="NP" FE="Experiencer"/>
                <valenceUnit GF="Dep" PT="AJP" FE="Time"/>
                <annoSet ID="1519285"/>
            </pattern>
        </FEGroupRealization>
        <FEGroupRealization total="2">
            <FE name="Body_part"/>
            <FE name="Experiencer"/>
            <pattern total="2">
                <valenceUnit GF="Obj" PT="NP" FE="Body_part"/>
                <valenceUnit GF="Ext" PT="NP" FE="Experiencer"/>
                <annoSet ID="1519269"/>
                <annoSet ID="1519287"/>
            </pattern>
        </FEGroupRealization>
        <FEGroupRealization total="1">
            <FE name="Body_part"/>
            <FE name="Experiencer"/>
            <FE name="Place"/>
            <pattern total="1">
                <valenceUnit GF="Obj" PT="NP" FE="Body_part"/>
                <valenceUnit GF="Ext" PT="NP" FE="Experiencer"/>
                <valenceUnit GF="Dep" PT="PP[at]" FE="Place"/>
                <annoSet ID="1519279"/>
            </pattern>
        </FEGroupRealization>
    </valences>
    <subCorpus name="V-429-s20-rcoll-ligament">
        <sentence sentNo="0" aPos="10059128" ID="1033807">
            <text>He tore a knee ligament during PSV Endhoven 's 3-0 victory over Willem II Tilburg on Saturday and will be out for the rest of the season . </text>
            <annotationSet cDate="01/07/2003 11:48:13 PST Tue" status="UNANN" ID="1519264">
                <layer rank="1" name="BNC">
                    <label end="1" start="0" name="PNP"/>
                    <label end="6" start="3" name="VVD"/>
                    <label end="8" start="8" name="AT0"/>
                    <label end="13" start="10" name="NN1"/>
                    <label end="22" start="15" name="NN1"/>
                    <label end="29" start="24" name="PRP"/>
                    <label end="33" start="31" name="NP0"/>
                    <label end="42" start="35" name="NP0"/>
                    <label end="45" start="44" name="POS"/>
                    <label end="49" start="47" name="CRD"/>
                    <label end="57" start="51" name="NN1"/>
                    <label end="62" start="59" name="PRP"/>
                    <label end="69" start="64" name="NN1-NP0"/>
                    <label end="72" start="71" name="CRD"/>
                    <label end="80" start="74" name="NP0"/>
                    <label end="83" start="82" name="PRP"/>
                    <label end="92" start="85" name="NP0"/>
                    <label end="96" start="94" name="CJC"/>
                    <label end="101" start="98" name="VM0"/>
                    <label end="104" start="103" name="VBI"/>
                    <label end="108" start="106" name="AVP"/>
                    <label end="112" start="110" name="PRP"/>
                    <label end="116" start="114" name="AT0"/>
                    <label end="121" start="118" name="NN1"/>
                    <label end="124" start="123" name="PRF"/>
                    <label end="128" start="126" name="AT0"/>
                    <label end="135" start="130" name="NN1"/>
                    <label end="137" start="137" name="PUN"/>
                </layer>
            </annotationSet>
            <annotationSet cDate="01/07/2003 11:48:13 PST Tue" status="MANUAL" ID="1519265">
                <layer rank="1" name="FE">
                    <label cBy="865" feID="3443" end="1" start="0" name="Experiencer"/>
                    <label cBy="865" feID="3439" end="22" start="8" name="Body_part"/>
                    <label cBy="865" feID="3440" end="80" start="24" name="Containing_event"/>
                    <label cBy="865" feID="3445" end="92" start="82" name="Time"/>
                </layer>
                <layer rank="1" name="GF">
                    <label end="1" start="0" name="Ext"/>
                    <label end="22" start="8" name="Obj"/>
                    <label end="80" start="24" name="Dep"/>
                    <label end="92" start="82" name="Dep"/>
                </layer>
                <layer rank="1" name="PT">
                    <label end="1" start="0" name="NP"/>
                    <label end="22" start="8" name="NP"/>
                    <label end="80" start="24" name="PP"/>
                    <label end="92" start="82" name="PP"/>
                </layer>
                <layer rank="1" name="Sent"/>
                <layer rank="1" name="Other"/>
                <layer rank="1" name="Target">
                    <label cBy="103" end="6" start="3" name="Target"/>
                </layer>
                <layer rank="1" name="Verb"/>
            </annotationSet>
        </sentence>
        <sentence sentNo="0" aPos="14693432" ID="1033808">
            <text>While appearing with them in Berlin in 1937 she tore a ligament and had to give up further hope of dancing . </text>
            <annotationSet cDate="01/07/2003 11:48:14 PST Tue" status="UNANN" ID="1519266">
                <layer rank="1" name="BNC">
                    <label end="4" start="0" name="CJS"/>
                    <label end="14" start="6" name="VVG"/>
                    <label end="19" start="16" name="PRP"/>
                    <label end="24" start="21" name="PNP"/>
                    <label end="27" start="26" name="PRP"/>
                    <label end="34" start="29" name="NP0"/>
                    <label end="37" start="36" name="PRP"/>
                    <label end="42" start="39" name="CRD"/>
                    <label end="46" start="44" name="PNP"/>
                    <label end="51" start="48" name="VVD"/>
                    <label end="53" start="53" name="AT0"/>
                    <label end="62" start="55" name="NN1"/>
                    <label end="66" start="64" name="CJC"/>
                    <label end="70" start="68" name="VHD"/>
                    <label end="73" start="72" name="TO0"/>
                    <label end="78" start="75" name="VVI"/>
                    <label end="81" start="80" name="AVP"/>
                    <label end="89" start="83" name="AV0"/>
                    <label end="94" start="91" name="NN1-VVB"/>
                    <label end="97" start="96" name="PRF"/>
                    <label end="105" start="99" name="NN1-VVG"/>
                    <label end="107" start="107" name="PUN"/>
                </layer>
            </annotationSet>
            <annotationSet cDate="01/07/2003 11:48:14 PST Tue" status="MANUAL" ID="1519267">
                <layer rank="1" name="FE">
                    <label cBy="865" feID="3440" end="42" start="0" name="Containing_event"/>
                    <label cBy="865" feID="3443" end="46" start="44" name="Experiencer"/>
                    <label cBy="865" feID="3439" end="62" start="53" name="Body_part"/>
                </layer>
                <layer rank="1" name="GF">
                    <label end="42" start="0" name="Dep"/>
                    <label end="46" start="44" name="Ext"/>
                    <label end="62" start="53" name="Obj"/>
                </layer>
                <layer rank="1" name="PT">
                    <label end="42" start="0" name="Sub"/>
                    <label end="46" start="44" name="NP"/>
                    <label end="62" start="53" name="NP"/>
                </layer>
                <layer rank="1" name="Sent"/>
                <layer rank="1" name="Other"/>
                <layer rank="1" name="Target">
                    <label cBy="103" end="51" start="48" name="Target"/>
                </layer>
                <layer rank="1" name="Verb"/>
            </annotationSet>
        </sentence>
        <sentence sentNo="0" aPos="31980176" ID="1033809">
            <text>Tough loose-head called up when Heinrich Rodgers tripped on the hotel stairs last night and tore ankle ligaments . </text>
            <annotationSet cDate="01/07/2003 11:48:14 PST Tue" status="UNANN" ID="1519268">
                <layer rank="1" name="BNC">
                    <label end="4" start="0" name="AJ0"/>
                    <label end="15" start="6" name="NN1"/>
                    <label end="22" start="17" name="VVD-VVN"/>
                    <label end="25" start="24" name="AVP"/>
                    <label end="30" start="27" name="AVQ-CJS"/>
                    <label end="39" start="32" name="NP0"/>
                    <label end="47" start="41" name="NP0"/>
                    <label end="55" start="49" name="VVD"/>
                    <label end="58" start="57" name="PRP"/>
                    <label end="62" start="60" name="AT0"/>
                    <label end="68" start="64" name="NN1"/>
                    <label end="75" start="70" name="NN2"/>
                    <label end="80" start="77" name="ORD"/>
                    <label end="86" start="82" name="NN1"/>
                    <label end="90" start="88" name="CJC"/>
                    <label end="95" start="92" name="VVD"/>
                    <label end="101" start="97" name="NN1"/>
                    <label end="111" start="103" name="NN2"/>
                    <label end="113" start="113" name="PUN"/>
                </layer>
            </annotationSet>
            <annotationSet cDate="01/07/2003 11:48:14 PST Tue" status="MANUAL" ID="1519269">
                <layer rank="1" name="FE">
                    <label cBy="865" feID="3443" end="47" start="32" name="Experiencer"/>
                    <label cBy="865" feID="3439" end="111" start="97" name="Body_part"/>
                </layer>
                <layer rank="1" name="GF">
                    <label end="47" start="32" name="Ext"/>
                    <label end="111" start="97" name="Obj"/>
                </layer>
                <layer rank="1" name="PT">
                    <label end="47" start="32" name="NP"/>
                    <label end="111" start="97" name="NP"/>
                </layer>
                <layer rank="1" name="Sent"/>
                <layer rank="1" name="Other"/>
                <layer rank="1" name="Target">
                    <label cBy="103" end="95" start="92" name="Target"/>
                </layer>
                <layer rank="1" name="Verb"/>
            </annotationSet>
        </sentence>
        <sentence sentNo="0" aPos="104603353" ID="1033814">
            <text>Curbishley won the senior women 's race in an encouraging 63.7 seconds , even though she tore a ligament at the side of her knee at the halfway mark . </text>
            <annotationSet cDate="01/07/2003 11:48:14 PST Tue" status="UNANN" ID="1519278">
                <layer rank="1" name="BNC">
                    <label end="9" start="0" name="NN1-NP0"/>
                    <label end="13" start="11" name="VVD"/>
                    <label end="17" start="15" name="AT0"/>
                    <label end="24" start="19" name="AJ0"/>
                    <label end="30" start="26" name="NN2"/>
                    <label end="33" start="32" name="POS"/>
                    <label end="38" start="35" name="NN1"/>
                    <label end="41" start="40" name="PRP"/>
                    <label end="44" start="43" name="AT0"/>
                    <label end="56" start="46" name="AJ0"/>
                    <label end="61" start="58" name="CRD"/>
                    <label end="69" start="63" name="NN2"/>
                    <label end="71" start="71" name="PUN"/>
                    <label end="76" start="73" name="CJS"/>
                    <label end="83" start="78" name="CJS"/>
                    <label end="87" start="85" name="PNP"/>
                    <label end="92" start="89" name="VVD"/>
                    <label end="94" start="94" name="AT0"/>
                    <label end="103" start="96" name="NN1"/>
                    <label end="106" start="105" name="PRP"/>
                    <label end="110" start="108" name="AT0"/>
                    <label end="115" start="112" name="NN1"/>
                    <label end="118" start="117" name="PRF"/>
                    <label end="122" start="120" name="DPS"/>
                    <label end="127" start="124" name="NN1"/>
                    <label end="130" start="129" name="PRP"/>
                    <label end="134" start="132" name="AT0"/>
                    <label end="142" start="136" name="AJ0"/>
                    <label end="147" start="144" name="NN1"/>
                    <label end="149" start="149" name="PUN"/>
                </layer>
            </annotationSet>
            <annotationSet cDate="01/07/2003 11:48:14 PST Tue" status="MANUAL" ID="1519279">
                <layer rank="1" name="FE">
                    <label cBy="865" feID="3443" end="87" start="85" name="Experiencer"/>
                    <label cBy="865" feID="3439" end="127" start="94" name="Body_part"/>
                    <label cBy="865" feID="3442" end="147" start="129" name="Place"/>
                </layer>
                <layer rank="1" name="GF">
                    <label end="87" start="85" name="Ext"/>
                    <label end="127" start="94" name="Obj"/>
                    <label end="147" start="129" name="Dep"/>
                </layer>
                <layer rank="1" name="PT">
                    <label end="87" start="85" name="NP"/>
                    <label end="127" start="94" name="NP"/>
                    <label end="147" start="129" name="PP"/>
                </layer>
                <layer rank="1" name="Sent"/>
                <layer rank="1" name="Other"/>
                <layer rank="1" name="Target">
                    <label cBy="103" end="92" start="89" name="Target"/>
                </layer>
                <layer rank="1" name="Verb"/>
            </annotationSet>
        </sentence>
    </subCorpus>
    <subCorpus name="V-429-s20-rcoll-muscle">
        <sentence sentNo="0" aPos="13685301" ID="1033817">
            <text>Four years ago I tore a calf muscle while playing squash . </text>
            <annotationSet cDate="01/07/2003 11:48:15 PST Tue" status="UNANN" ID="1519284">
                <layer rank="1" name="BNC">
                    <label end="3" start="0" name="CRD"/>
                    <label end="9" start="5" name="NN2"/>
                    <label end="13" start="11" name="AV0"/>
                    <label end="15" start="15" name="PNP"/>
                    <label end="20" start="17" name="VVD"/>
                    <label end="22" start="22" name="AT0"/>
                    <label end="27" start="24" name="NN1"/>
                    <label end="34" start="29" name="NN1"/>
                    <label end="40" start="36" name="CJS"/>
                    <label end="48" start="42" name="VVG"/>
                    <label end="55" start="50" name="NN1"/>
                    <label end="57" start="57" name="PUN"/>
                </layer>
            </annotationSet>
            <annotationSet cDate="01/07/2003 11:48:15 PST Tue" status="MANUAL" ID="1519285">
                <layer rank="1" name="FE">
                    <label cBy="865" feID="3443" end="15" start="15" name="Experiencer"/>
                    <label cBy="865" feID="3439" end="34" start="22" name="Body_part"/>
                    <label cBy="865" feID="3440" end="55" start="36" name="Containing_event"/>
                    <label cBy="865" feID="3445" end="13" start="0" name="Time"/>
                </layer>
                <layer rank="1" name="GF">
                    <label end="15" start="15" name="Ext"/>
                    <label end="34" start="22" name="Obj"/>
                    <label end="55" start="36" name="Dep"/>
                    <label end="13" start="0" name="Dep"/>
                </layer>
                <layer rank="1" name="PT">
                    <label end="15" start="15" name="NP"/>
                    <label end="34" start="22" name="NP"/>
                    <label end="55" start="36" name="Sub"/>
                    <label end="13" start="0" name="AJP"/>
                </layer>
                <layer rank="1" name="Sent"/>
                <layer rank="1" name="Other"/>
                <layer rank="1" name="Target">
                    <label cBy="103" end="20" start="17" name="Target"/>
                </layer>
                <layer rank="1" name="Verb"/>
            </annotationSet>
        </sentence>
        <sentence sentNo="0" aPos="34964807" ID="1033818">
            <text>The Danish midfielder has torn a calf muscle and has been sent to the Lilleshall sports injuries clinic for specialised treatment . </text>
            <annotationSet cDate="01/07/2003 11:48:15 PST Tue" status="UNANN" ID="1519286">
                <layer rank="1" name="BNC">
                    <label end="2" start="0" name="AT0"/>
                    <label end="9" start="4" name="AJ0"/>
                    <label end="20" start="11" name="NN1"/>
                    <label end="24" start="22" name="VHZ"/>
                    <label end="29" start="26" name="VVN"/>
                    <label end="31" start="31" name="AT0"/>
                    <label end="36" start="33" name="NN1"/>
                    <label end="43" start="38" name="NN1"/>
                    <label end="47" start="45" name="CJC"/>
                    <label end="51" start="49" name="VHZ"/>
                    <label end="56" start="53" name="VBN"/>
                    <label end="61" start="58" name="VVN"/>
                    <label end="64" start="63" name="PRP"/>
                    <label end="68" start="66" name="AT0"/>
                    <label end="79" start="70" name="NN1-NP0"/>
                    <label end="86" start="81" name="NN2"/>
                    <label end="95" start="88" name="NN2"/>
                    <label end="102" start="97" name="NN1"/>
                    <label end="106" start="104" name="PRP"/>
                    <label end="118" start="108" name="AJ0"/>
                    <label end="128" start="120" name="NN1"/>
                    <label end="130" start="130" name="PUN"/>
                </layer>
            </annotationSet>
            <annotationSet cDate="01/07/2003 11:48:15 PST Tue" status="MANUAL" ID="1519287">
                <layer rank="1" name="FE">
                    <label cBy="865" feID="3443" end="20" start="0" name="Experiencer"/>
                    <label cBy="865" feID="3439" end="43" start="31" name="Body_part"/>
                </layer>
                <layer rank="1" name="GF">
                    <label end="20" start="0" name="Ext"/>
                    <label end="43" start="31" name="Obj"/>
                </layer>
                <layer rank="1" name="PT">
                    <label end="20" start="0" name="NP"/>
                    <label end="43" start="31" name="NP"/>
                </layer>
                <layer rank="1" name="Sent"/>
                <layer rank="1" name="Other"/>
                <layer rank="1" name="Target">
                    <label cBy="103" end="29" start="26" name="Target"/>
                </layer>
                <layer rank="1" name="Verb"/>
            </annotationSet>
        </sentence>
    </subCorpus>
    <subCorpus name="V-670-s20-pass-by"/>
    <subCorpus name="V-680-s20-pass"/>
    <subCorpus name="V-880-s20-intrans-simple"/>
    <subCorpus name="V-890-s20-intrans-adverb"/>
    <subCorpus name="V-900-s20-other"/>
</lexUnit>