<?xml version="1.0" encoding="UTF-8" standalone="yes"?>
<?xml-stylesheet type="text/xsl" href="lexUnit.xsl"?>
<lexUnit status="Finished_Initial" POS="A" name="malodorous.a" ID="6906" frame="Chemical-sense_description" frameID="271" totalAnnotated="6" xsi:schemaLocation="../schema/lexUnit.xsd" xmlns="http://framenet.icsi.berkeley.edu" xmlns:xsi="http://www.w3.org/2001/XMLSchema-instance">
    <header>
        <frame>
            <FE fgColor="FFFFFF" bgColor="FF69B4" type="Peripheral" abbrev="Degr" name="Degree"/>
            <FE fgColor="FFFFFF" bgColor="FF0000" type="Core" abbrev="Source" name="Perceptual_source"/>
            <FE fgColor="FFFFFF" bgColor="0000FF" type="Core" abbrev="Percept" name="Sensory_attribute"/>
        </frame>
    </header>
    <definition>COD: smelling very unpleasant.</definition>
    <lexeme POS="A" name="malodorous"/>
    <valences>
        <FERealization total="1">
            <FE name="Degree"/>
            <pattern total="1">
                <valenceUnit GF="Dep" PT="AVP" FE="Degree"/>
                <annoSet ID="1521273"/>
            </pattern>
        </FERealization>
        <FERealization total="5">
            <FE name="Perceptual_source"/>
            <pattern total="5">
                <valenceUnit GF="Head" PT="N" FE="Perceptual_source"/>
                <annoSet ID="1521273"/>
                <annoSet ID="1521279"/>
                <annoSet ID="1521283"/>
                <annoSet ID="1521291"/>
                <annoSet ID="1521301"/>
            </pattern>
        </FERealization>
        <FERealization total="1">
            <FE name="Sensory_attribute"/>
            <pattern total="1">
                <valenceUnit GF="Ext" PT="NP" FE="Sensory_attribute"/>
                <annoSet ID="1521285"/>
            </pattern>
        </FERealization>
        <FEGroupRealization total="1">
            <FE name="Degree"/>
            <FE name="Perceptual_source"/>
            <pattern total="1">
                <valenceUnit GF="Dep" PT="AVP" FE="Degree"/>
                <valenceUnit GF="Head" PT="N" FE="Perceptual_source"/>
                <annoSet ID="1521273"/>
            </pattern>
        </FEGroupRealization>
        <FEGroupRealization total="4">
            <FE name="Perceptual_source"/>
            <pattern total="4">
                <valenceUnit GF="Head" PT="N" FE="Perceptual_source"/>
                <annoSet ID="1521279"/>
                <annoSet ID="1521283"/>
                <annoSet ID="1521291"/>
                <annoSet ID="1521301"/>
            </pattern>
        </FEGroupRealization>
        <FEGroupRealization total="1">
            <FE name="Sensory_attribute"/>
            <pattern total="1">
                <valenceUnit GF="Ext" PT="NP" FE="Sensory_attribute"/>
                <annoSet ID="1521285"/>
            </pattern>
        </FEGroupRealization>
    </valences>
    <subCorpus name="A-001-all">
        <sentence sentNo="0" aPos="31259031" ID="1034811">
            <text>In the metropolis one would experience much bigger crowds , more atmosphere , louder roars and at times very malodorous sawdust . </text>
            <annotationSet cDate="01/07/2003 11:50:26 PST Tue" status="UNANN" ID="1521272">
                <layer rank="1" name="BNC">
                    <label end="1" start="0" name="PRP"/>
                    <label end="5" start="3" name="AT0"/>
                    <label end="16" start="7" name="NN1"/>
                    <label end="20" start="18" name="CRD-PNI"/>
                    <label end="26" start="22" name="VM0"/>
                    <label end="37" start="28" name="VVI"/>
                    <label end="42" start="39" name="AV0"/>
                    <label end="49" start="44" name="AJC"/>
                    <label end="56" start="51" name="NN2"/>
                    <label end="58" start="58" name="PUN"/>
                    <label end="63" start="60" name="DT0"/>
                    <label end="74" start="65" name="NN1"/>
                    <label end="76" start="76" name="PUN"/>
                    <label end="83" start="78" name="AJC"/>
                    <label end="89" start="85" name="NN2"/>
                    <label end="93" start="91" name="CJC"/>
                    <label end="96" start="95" name="PRP"/>
                    <label end="102" start="98" name="NN2"/>
                    <label end="107" start="104" name="AV0"/>
                    <label end="118" start="109" name="AJ0"/>
                    <label end="126" start="120" name="NN1"/>
                    <label end="128" start="128" name="PUN"/>
                </layer>
            </annotationSet>
            <annotationSet cDate="01/07/2003 11:50:26 PST Tue" status="MANUAL" ID="1521273">
                <layer rank="1" name="FE">
                    <label cBy="865" feID="2325" end="107" start="104" name="Degree"/>
                    <label cBy="865" feID="2324" end="126" start="120" name="Perceptual_source"/>
                </layer>
                <layer rank="1" name="GF">
                    <label end="107" start="104" name="Dep"/>
                    <label end="126" start="120" name="Head"/>
                </layer>
                <layer rank="1" name="PT">
                    <label end="107" start="104" name="AVP"/>
                    <label end="126" start="120" name="N"/>
                </layer>
                <layer rank="1" name="Sent"/>
                <layer rank="1" name="Other"/>
                <layer rank="1" name="Target">
                    <label cBy="103" end="118" start="109" name="Target"/>
                </layer>
                <layer rank="1" name="Adj"/>
            </annotationSet>
        </sentence>
        <sentence sentNo="0" aPos="38383619" ID="1034814">
            <text>The floor is also covered with a thick and malodorous slime which makes footing treacherous ( WS and Dex -10 for the adventurers ) . </text>
            <annotationSet cDate="01/07/2003 11:50:26 PST Tue" status="UNANN" ID="1521278">
                <layer rank="1" name="BNC">
                    <label end="2" start="0" name="AT0"/>
                    <label end="8" start="4" name="NN1"/>
                    <label end="11" start="10" name="VBZ"/>
                    <label end="16" start="13" name="AV0"/>
                    <label end="24" start="18" name="VVN"/>
                    <label end="29" start="26" name="PRP"/>
                    <label end="31" start="31" name="AT0"/>
                    <label end="37" start="33" name="AJ0"/>
                    <label end="41" start="39" name="CJC"/>
                    <label end="52" start="43" name="AJ0"/>
                    <label end="58" start="54" name="NN1"/>
                    <label end="64" start="60" name="DTQ"/>
                    <label end="70" start="66" name="VVZ"/>
                    <label end="78" start="72" name="NN1-VVG"/>
                    <label end="90" start="80" name="AJ0"/>
                    <label end="92" start="92" name="PUL"/>
                    <label end="95" start="94" name="NP0"/>
                    <label end="99" start="97" name="CJC"/>
                    <label end="103" start="101" name="NP0"/>
                    <label end="107" start="105" name="CRD"/>
                    <label end="111" start="109" name="PRP"/>
                    <label end="115" start="113" name="AT0"/>
                    <label end="127" start="117" name="NN2"/>
                    <label end="129" start="129" name="PUR"/>
                    <label end="131" start="131" name="PUN"/>
                </layer>
            </annotationSet>
            <annotationSet cDate="01/07/2003 11:50:26 PST Tue" status="MANUAL" ID="1521279">
                <layer rank="1" name="FE">
                    <label cBy="865" feID="2324" end="90" start="54" name="Perceptual_source"/>
                </layer>
                <layer rank="1" name="GF">
                    <label end="90" start="54" name="Head"/>
                </layer>
                <layer rank="1" name="PT">
                    <label end="90" start="54" name="N"/>
                </layer>
                <layer rank="1" name="Sent"/>
                <layer rank="1" name="Other"/>
                <layer rank="1" name="Target">
                    <label cBy="103" end="52" start="43" name="Target"/>
                </layer>
                <layer rank="1" name="Adj"/>
            </annotationSet>
        </sentence>
        <sentence sentNo="0" aPos="39434270" ID="1034816">
            <text>The malodorous slime has the dual effects of choking anyone too near the Troll and also making it extremely hard for an attacker to land a blow . </text>
            <annotationSet cDate="01/07/2003 11:50:26 PST Tue" status="UNANN" ID="1521282">
                <layer rank="1" name="BNC">
                    <label end="2" start="0" name="AT0"/>
                    <label end="13" start="4" name="AJ0"/>
                    <label end="19" start="15" name="NN1"/>
                    <label end="23" start="21" name="VHZ"/>
                    <label end="27" start="25" name="AT0"/>
                    <label end="32" start="29" name="AJ0"/>
                    <label end="40" start="34" name="NN2"/>
                    <label end="43" start="42" name="PRF"/>
                    <label end="51" start="45" name="VVG"/>
                    <label end="58" start="53" name="PNI"/>
                    <label end="62" start="60" name="AV0"/>
                    <label end="67" start="64" name="PRP"/>
                    <label end="71" start="69" name="AT0"/>
                    <label end="77" start="73" name="NN1"/>
                    <label end="81" start="79" name="CJC"/>
                    <label end="86" start="83" name="AV0"/>
                    <label end="93" start="88" name="VVG"/>
                    <label end="96" start="95" name="PNP"/>
                    <label end="106" start="98" name="AV0"/>
                    <label end="111" start="108" name="AJ0-AV0"/>
                    <label end="115" start="113" name="PRP"/>
                    <label end="118" start="117" name="AT0"/>
                    <label end="127" start="120" name="NN1"/>
                    <label end="130" start="129" name="TO0"/>
                    <label end="135" start="132" name="VVI"/>
                    <label end="137" start="137" name="AT0"/>
                    <label end="142" start="139" name="NN1"/>
                    <label end="144" start="144" name="PUN"/>
                </layer>
            </annotationSet>
            <annotationSet cDate="01/07/2003 11:50:27 PST Tue" status="MANUAL" ID="1521283">
                <layer rank="1" name="FE">
                    <label cBy="865" feID="2324" end="19" start="15" name="Perceptual_source"/>
                </layer>
                <layer rank="1" name="GF">
                    <label end="19" start="15" name="Head"/>
                </layer>
                <layer rank="1" name="PT">
                    <label end="19" start="15" name="N"/>
                </layer>
                <layer rank="1" name="Sent"/>
                <layer rank="1" name="Other"/>
                <layer rank="1" name="Target">
                    <label cBy="103" end="13" start="4" name="Target"/>
                </layer>
                <layer rank="1" name="Adj"/>
            </annotationSet>
        </sentence>
        <sentence sentNo="0" aPos="45799388" ID="1034817">
            <text>Not only was it gaudy in appearance but the smell wafting from the kitchen was distinctly malodorous . </text>
            <annotationSet cDate="01/07/2003 11:50:27 PST Tue" status="UNANN" ID="1521284">
                <layer rank="1" name="BNC">
                    <label end="2" start="0" name="XX0"/>
                    <label end="7" start="4" name="AV0"/>
                    <label end="11" start="9" name="VBD"/>
                    <label end="14" start="13" name="PNP"/>
                    <label end="20" start="16" name="AJ0-NN1"/>
                    <label end="23" start="22" name="PRP"/>
                    <label end="34" start="25" name="NN1"/>
                    <label end="38" start="36" name="CJC"/>
                    <label end="42" start="40" name="AT0"/>
                    <label end="48" start="44" name="NN1"/>
                    <label end="56" start="50" name="VVG"/>
                    <label end="61" start="58" name="PRP"/>
                    <label end="65" start="63" name="AT0"/>
                    <label end="73" start="67" name="NN1"/>
                    <label end="77" start="75" name="VBD"/>
                    <label end="88" start="79" name="AV0"/>
                    <label end="99" start="90" name="AJ0"/>
                    <label end="101" start="101" name="PUN"/>
                </layer>
            </annotationSet>
            <annotationSet cDate="01/07/2003 11:50:27 PST Tue" status="MANUAL" ID="1521285">
                <layer rank="1" name="FE">
                    <label cBy="865" feID="2336" end="73" start="40" name="Sensory_attribute"/>
                </layer>
                <layer rank="1" name="GF">
                    <label end="73" start="40" name="Ext"/>
                </layer>
                <layer rank="1" name="PT">
                    <label end="73" start="40" name="NP"/>
                </layer>
                <layer rank="1" name="Sent"/>
                <layer rank="1" name="Other"/>
                <layer rank="1" name="Target">
                    <label cBy="103" end="99" start="90" name="Target"/>
                </layer>
                <layer rank="1" name="Adj">
                    <label end="77" start="75" name="Cop"/>
                </layer>
            </annotationSet>
        </sentence>
        <sentence sentNo="0" aPos="50853075" ID="1034820">
            <text>On the fourth day Jennifer put together every last farthing they possessed and went across to Fowey to visit the apothecary , returning with a malodorous syrup which her mother vomited up within seconds of swallowing . </text>
            <annotationSet cDate="01/07/2003 11:50:27 PST Tue" status="UNANN" ID="1521290">
                <layer rank="1" name="BNC">
                    <label end="1" start="0" name="PRP"/>
                    <label end="5" start="3" name="AT0"/>
                    <label end="12" start="7" name="ORD"/>
                    <label end="16" start="14" name="NN1"/>
                    <label end="25" start="18" name="NP0"/>
                    <label end="29" start="27" name="VVD"/>
                    <label end="38" start="31" name="AV0"/>
                    <label end="44" start="40" name="AT0"/>
                    <label end="49" start="46" name="ORD"/>
                    <label end="58" start="51" name="NN1"/>
                    <label end="63" start="60" name="PNP"/>
                    <label end="73" start="65" name="VVD"/>
                    <label end="77" start="75" name="CJC"/>
                    <label end="82" start="79" name="VVD"/>
                    <label end="89" start="84" name="AV0"/>
                    <label end="92" start="91" name="PRP"/>
                    <label end="98" start="94" name="NP0"/>
                    <label end="101" start="100" name="TO0"/>
                    <label end="107" start="103" name="VVI"/>
                    <label end="111" start="109" name="AT0"/>
                    <label end="122" start="113" name="NN1"/>
                    <label end="124" start="124" name="PUN"/>
                    <label end="134" start="126" name="VVG"/>
                    <label end="139" start="136" name="PRP"/>
                    <label end="141" start="141" name="AT0"/>
                    <label end="152" start="143" name="AJ0"/>
                    <label end="158" start="154" name="NN1"/>
                    <label end="164" start="160" name="DTQ"/>
                    <label end="168" start="166" name="DPS"/>
                    <label end="175" start="170" name="NN1"/>
                    <label end="183" start="177" name="VVD"/>
                    <label end="186" start="185" name="AVP"/>
                    <label end="193" start="188" name="PRP"/>
                    <label end="201" start="195" name="NN2"/>
                    <label end="204" start="203" name="PRF"/>
                    <label end="215" start="206" name="NN1-VVG"/>
                    <label end="217" start="217" name="PUN"/>
                </layer>
            </annotationSet>
            <annotationSet cDate="01/07/2003 11:50:27 PST Tue" status="MANUAL" ID="1521291">
                <layer rank="1" name="FE">
                    <label cBy="865" feID="2324" end="158" start="154" name="Perceptual_source"/>
                </layer>
                <layer rank="1" name="GF">
                    <label end="158" start="154" name="Head"/>
                </layer>
                <layer rank="1" name="PT">
                    <label end="158" start="154" name="N"/>
                </layer>
                <layer rank="1" name="Sent"/>
                <layer rank="1" name="Other"/>
                <layer rank="1" name="Target">
                    <label cBy="103" end="152" start="143" name="Target"/>
                </layer>
                <layer rank="1" name="Adj"/>
            </annotationSet>
        </sentence>
        <sentence sentNo="0" aPos="79870140" ID="1034825">
            <text>With infinite care and patience , Theda first cleaned the frail and malodorous body from head to toe , enduring in silence a barrage of abuse and complaint the while . </text>
            <annotationSet cDate="01/07/2003 11:50:28 PST Tue" status="UNANN" ID="1521300">
                <layer rank="1" name="BNC">
                    <label end="3" start="0" name="PRP"/>
                    <label end="12" start="5" name="AJ0"/>
                    <label end="17" start="14" name="NN1"/>
                    <label end="21" start="19" name="CJC"/>
                    <label end="30" start="23" name="NN1"/>
                    <label end="32" start="32" name="PUN"/>
                    <label end="38" start="34" name="NP0"/>
                    <label end="44" start="40" name="ORD"/>
                    <label end="52" start="46" name="VVD"/>
                    <label end="56" start="54" name="AT0"/>
                    <label end="62" start="58" name="AJ0"/>
                    <label end="66" start="64" name="CJC"/>
                    <label end="77" start="68" name="AJ0"/>
                    <label end="82" start="79" name="NN1"/>
                    <label end="87" start="84" name="PRP"/>
                    <label end="92" start="89" name="NN1"/>
                    <label end="95" start="94" name="PRP"/>
                    <label end="99" start="97" name="NN1"/>
                    <label end="101" start="101" name="PUN"/>
                    <label end="110" start="103" name="VVG"/>
                    <label end="113" start="112" name="PRP"/>
                    <label end="121" start="115" name="NN1"/>
                    <label end="123" start="123" name="AT0"/>
                    <label end="131" start="125" name="NN1"/>
                    <label end="134" start="133" name="PRF"/>
                    <label end="140" start="136" name="NN1"/>
                    <label end="144" start="142" name="CJC"/>
                    <label end="154" start="146" name="VVB"/>
                    <label end="158" start="156" name="AT0"/>
                    <label end="164" start="160" name="NN1"/>
                    <label end="166" start="166" name="PUN"/>
                </layer>
            </annotationSet>
            <annotationSet cDate="01/07/2003 11:50:28 PST Tue" status="MANUAL" ID="1521301">
                <layer rank="1" name="FE">
                    <label cBy="865" feID="2324" end="82" start="79" name="Perceptual_source"/>
                </layer>
                <layer rank="1" name="GF">
                    <label end="82" start="79" name="Head"/>
                </layer>
                <layer rank="1" name="PT">
                    <label end="82" start="79" name="N"/>
                </layer>
                <layer rank="1" name="Sent"/>
                <layer rank="1" name="Other"/>
                <layer rank="1" name="Target">
                    <label cBy="103" end="77" start="68" name="Target"/>
                </layer>
                <layer rank="1" name="Adj"/>
            </annotationSet>
        </sentence>
    </subCorpus>
</lexUnit>