<?xml version="1.0" encoding="UTF-8" standalone="yes"?>
<?xml-stylesheet type="text/xsl" href="lexUnit.xsl"?>
<lexUnit status="Finished_Initial" POS="V" name="expiate.v" ID="6977" frame="Atonement" frameID="388" totalAnnotated="5" xsi:schemaLocation="../schema/lexUnit.xsd" xmlns="http://framenet.icsi.berkeley.edu" xmlns:xsi="http://www.w3.org/2001/XMLSchema-instance">
    <header>
        <frame>
            <FE fgColor="FFFFFF" bgColor="FF0000" type="Core" abbrev="Agent" name="Agent"/>
            <FE fgColor="FFFFFF" bgColor="008000" type="Core" abbrev="Amends" name="Amends"/>
            <FE fgColor="FFFFFF" bgColor="FF69B4" type="Peripheral" abbrev="Degree" name="Degree"/>
            <FE fgColor="FFFFFF" bgColor="00BFFF" type="Peripheral" abbrev="man" name="Manner"/>
            <FE fgColor="FFFFFF" bgColor="7CCD73" type="Peripheral" abbrev="pla" name="Place"/>
            <FE fgColor="FFFFFF" bgColor="800080" type="Peripheral" abbrev="pur" name="Purpose"/>
            <FE fgColor="FFFFFF" bgColor="FFA500" type="Peripheral" abbrev="tim" name="Time"/>
            <FE fgColor="FFFFFF" bgColor="0000FF" type="Core" abbrev="Wrong" name="Wrong"/>
        </frame>
    </header>
    <definition>COD: atone for (guilt or sin).</definition>
    <lexeme POS="V" name="expiate"/>
    <valences>
        <FERealization total="5">
            <FE name="Agent"/>
            <pattern total="1">
                <valenceUnit GF="" PT="2nd" FE="Agent"/>
                <annoSet ID="1547622"/>
            </pattern>
            <pattern total="1">
                <valenceUnit GF="" PT="CNI" FE="Agent"/>
                <annoSet ID="1547612"/>
            </pattern>
            <pattern total="3">
                <valenceUnit GF="Ext" PT="NP" FE="Agent"/>
                <annoSet ID="1547608"/>
                <annoSet ID="1547630"/>
                <annoSet ID="1547632"/>
            </pattern>
        </FERealization>
        <FERealization total="5">
            <FE name="Amends"/>
            <pattern total="2">
                <valenceUnit GF="Dep" PT="PP[by]" FE="Amends"/>
                <annoSet ID="1547608"/>
                <annoSet ID="1547622"/>
            </pattern>
            <pattern total="3">
                <valenceUnit GF="" PT="INI" FE="Amends"/>
                <annoSet ID="1547612"/>
                <annoSet ID="1547630"/>
                <annoSet ID="1547632"/>
            </pattern>
        </FERealization>
        <FERealization total="5">
            <FE name="Wrong"/>
            <pattern total="1">
                <valenceUnit GF="Ext" PT="NP" FE="Wrong"/>
                <annoSet ID="1547622"/>
            </pattern>
            <pattern total="4">
                <valenceUnit GF="Obj" PT="NP" FE="Wrong"/>
                <annoSet ID="1547608"/>
                <annoSet ID="1547612"/>
                <annoSet ID="1547630"/>
                <annoSet ID="1547632"/>
            </pattern>
        </FERealization>
        <FEGroupRealization total="5">
            <FE name="Agent"/>
            <FE name="Amends"/>
            <FE name="Wrong"/>
            <pattern total="1">
                <valenceUnit GF="" PT="2nd" FE="Agent"/>
                <valenceUnit GF="Dep" PT="PP[by]" FE="Amends"/>
                <valenceUnit GF="Ext" PT="NP" FE="Wrong"/>
                <annoSet ID="1547622"/>
            </pattern>
            <pattern total="1">
                <valenceUnit GF="" PT="CNI" FE="Agent"/>
                <valenceUnit GF="" PT="INI" FE="Amends"/>
                <valenceUnit GF="Obj" PT="NP" FE="Wrong"/>
                <annoSet ID="1547612"/>
            </pattern>
            <pattern total="2">
                <valenceUnit GF="Ext" PT="NP" FE="Agent"/>
                <valenceUnit GF="" PT="INI" FE="Amends"/>
                <valenceUnit GF="Obj" PT="NP" FE="Wrong"/>
                <annoSet ID="1547630"/>
                <annoSet ID="1547632"/>
            </pattern>
            <pattern total="1">
                <valenceUnit GF="Ext" PT="NP" FE="Agent"/>
                <valenceUnit GF="Dep" PT="PP[by]" FE="Amends"/>
                <valenceUnit GF="Obj" PT="NP" FE="Wrong"/>
                <annoSet ID="1547608"/>
            </pattern>
        </FEGroupRealization>
    </valences>
    <subCorpus name="V-001-all">
        <sentence sentNo="0" aPos="9315498" ID="1048081">
            <text>The ` wicked step-mother , who was very beautiful &quot; apparently expiated her crime by eventually becoming a nun at Wherwell . </text>
            <annotationSet cDate="01/08/2003 12:20:21 PST Wed" status="UNANN" ID="1547607">
                <layer rank="1" name="BNC">
                    <label end="2" start="0" name="AT0"/>
                    <label end="4" start="4" name="PUQ"/>
                    <label end="11" start="6" name="AJ0"/>
                    <label end="23" start="13" name="NN1"/>
                    <label end="25" start="25" name="PUN"/>
                    <label end="29" start="27" name="PNQ"/>
                    <label end="33" start="31" name="VBD"/>
                    <label end="38" start="35" name="AV0"/>
                    <label end="48" start="40" name="AJ0"/>
                    <label end="50" start="50" name="PUQ"/>
                    <label end="61" start="52" name="AV0"/>
                    <label end="70" start="63" name="VVD"/>
                    <label end="74" start="72" name="DPS"/>
                    <label end="80" start="76" name="NN1"/>
                    <label end="83" start="82" name="PRP"/>
                    <label end="94" start="85" name="AV0"/>
                    <label end="103" start="96" name="VVG"/>
                    <label end="105" start="105" name="AT0"/>
                    <label end="109" start="107" name="NN1"/>
                    <label end="112" start="111" name="PRP"/>
                    <label end="121" start="114" name="NP0"/>
                    <label end="123" start="123" name="PUN"/>
                </layer>
            </annotationSet>
            <annotationSet cDate="01/08/2003 12:20:21 PST Wed" status="MANUAL" ID="1547608">
                <layer rank="1" name="FE">
                    <label cBy="532" feID="3485" end="23" start="0" name="Agent"/>
                    <label cBy="532" feID="3486" end="80" start="72" name="Wrong"/>
                    <label cBy="532" feID="3487" end="121" start="82" name="Amends"/>
                </layer>
                <layer rank="1" name="GF">
                    <label end="23" start="0" name="Ext"/>
                    <label end="80" start="72" name="Obj"/>
                    <label end="121" start="82" name="Dep"/>
                </layer>
                <layer rank="1" name="PT">
                    <label end="23" start="0" name="NP"/>
                    <label end="80" start="72" name="NP"/>
                    <label end="121" start="82" name="PP"/>
                </layer>
                <layer rank="1" name="Sent"/>
                <layer rank="1" name="Other"/>
                <layer rank="1" name="Target">
                    <label cBy="103" end="70" start="63" name="Target"/>
                </layer>
                <layer rank="1" name="Verb"/>
            </annotationSet>
        </sentence>
        <sentence sentNo="0" aPos="27027936" ID="1048083">
            <text>But it helps to expiate our imagined sins if we have a bogeyman to hand , a Drug Baron . </text>
            <annotationSet cDate="01/08/2003 12:20:22 PST Wed" status="UNANN" ID="1547611">
                <layer rank="1" name="BNC">
                    <label end="2" start="0" name="CJC"/>
                    <label end="5" start="4" name="PNP"/>
                    <label end="11" start="7" name="VVZ"/>
                    <label end="14" start="13" name="TO0"/>
                    <label end="22" start="16" name="VVI"/>
                    <label end="26" start="24" name="DPS"/>
                    <label end="35" start="28" name="AJ0"/>
                    <label end="40" start="37" name="NN2"/>
                    <label end="43" start="42" name="CJS"/>
                    <label end="46" start="45" name="PNP"/>
                    <label end="51" start="48" name="VHB"/>
                    <label end="53" start="53" name="AT0"/>
                    <label end="62" start="55" name="NN1"/>
                    <label end="65" start="64" name="PRP"/>
                    <label end="70" start="67" name="NN1"/>
                    <label end="72" start="72" name="PUN"/>
                    <label end="74" start="74" name="AT0"/>
                    <label end="79" start="76" name="NN1"/>
                    <label end="85" start="81" name="NN1-NP0"/>
                    <label end="87" start="87" name="PUN"/>
                </layer>
            </annotationSet>
            <annotationSet cDate="01/08/2003 12:20:22 PST Wed" status="MANUAL" ID="1547612">
                <layer rank="1" name="FE">
                    <label cBy="285" feID="3486" end="40" start="24" name="Wrong"/>
                    <label cBy="285" feID="3487" itype="INI" name="Amends"/>
                    <label cBy="395" feID="3485" itype="CNI" name="Agent"/>
                </layer>
                <layer rank="1" name="GF">
                    <label end="40" start="24" name="Obj"/>
                </layer>
                <layer rank="1" name="PT">
                    <label end="40" start="24" name="NP"/>
                </layer>
                <layer rank="1" name="Sent"/>
                <layer rank="1" name="Other"/>
                <layer rank="1" name="Target">
                    <label cBy="103" end="22" start="16" name="Target"/>
                </layer>
                <layer rank="1" name="Verb"/>
            </annotationSet>
        </sentence>
        <sentence sentNo="0" aPos="49128266" ID="1048088">
            <text>So Aaron and his sons must be cleansed , robed and their sins expiated by sacrifice before they may take office . </text>
            <annotationSet cDate="01/08/2003 12:20:24 PST Wed" status="UNANN" ID="1547621">
                <layer rank="1" name="BNC">
                    <label end="1" start="0" name="CJS"/>
                    <label end="7" start="3" name="NN1-NP0"/>
                    <label end="11" start="9" name="CJC"/>
                    <label end="15" start="13" name="DPS"/>
                    <label end="20" start="17" name="NN2"/>
                    <label end="25" start="22" name="VM0"/>
                    <label end="28" start="27" name="VBI"/>
                    <label end="37" start="30" name="VVN"/>
                    <label end="39" start="39" name="PUN"/>
                    <label end="45" start="41" name="AJ0-VVD"/>
                    <label end="49" start="47" name="CJC"/>
                    <label end="55" start="51" name="DPS"/>
                    <label end="60" start="57" name="NN2"/>
                    <label end="69" start="62" name="VVD-VVN"/>
                    <label end="72" start="71" name="PRP"/>
                    <label end="82" start="74" name="NN1"/>
                    <label end="89" start="84" name="CJS-PRP"/>
                    <label end="94" start="91" name="PNP"/>
                    <label end="98" start="96" name="VM0"/>
                    <label end="103" start="100" name="VVI"/>
                    <label end="110" start="105" name="NN1"/>
                    <label end="112" start="112" name="PUN"/>
                </layer>
            </annotationSet>
            <annotationSet cDate="01/08/2003 12:20:24 PST Wed" status="MANUAL" ID="1547622">
                <layer rank="1" name="FE">
                    <label cBy="285" feID="3486" end="60" start="51" name="Wrong"/>
                    <label cBy="285" feID="3487" end="82" start="71" name="Amends"/>
                </layer>
                <layer rank="1" name="GF">
                    <label end="60" start="51" name="Ext"/>
                    <label end="82" start="71" name="Dep"/>
                </layer>
                <layer rank="1" name="PT">
                    <label end="60" start="51" name="NP"/>
                    <label end="82" start="71" name="PP"/>
                </layer>
                <layer rank="1" name="Sent"/>
                <layer rank="1" name="Other"/>
                <layer rank="1" name="Target">
                    <label cBy="103" end="69" start="62" name="Target"/>
                </layer>
                <layer rank="1" name="Verb"/>
                <layer rank="2" name="FE">
                    <label cBy="285" feID="3485" end="55" start="51" name="Agent"/>
                </layer>
            </annotationSet>
        </sentence>
        <sentence sentNo="0" aPos="63618041" ID="1048092">
            <text>Now , swept by red wave upon wave , she had to expiate her failure . </text>
            <annotationSet cDate="01/08/2003 12:20:24 PST Wed" status="UNANN" ID="1547629">
                <layer rank="1" name="BNC">
                    <label end="2" start="0" name="AV0"/>
                    <label end="4" start="4" name="PUN"/>
                    <label end="10" start="6" name="VVN"/>
                    <label end="13" start="12" name="PRP"/>
                    <label end="17" start="15" name="AJ0"/>
                    <label end="22" start="19" name="NN1"/>
                    <label end="27" start="24" name="PRP"/>
                    <label end="32" start="29" name="NN1"/>
                    <label end="34" start="34" name="PUN"/>
                    <label end="38" start="36" name="PNP"/>
                    <label end="42" start="40" name="VHD"/>
                    <label end="45" start="44" name="TO0"/>
                    <label end="53" start="47" name="VVI"/>
                    <label end="57" start="55" name="DPS"/>
                    <label end="65" start="59" name="NN1"/>
                    <label end="67" start="67" name="PUN"/>
                </layer>
            </annotationSet>
            <annotationSet cDate="01/08/2003 12:20:24 PST Wed" status="MANUAL" ID="1547630">
                <layer rank="1" name="FE">
                    <label cBy="532" feID="3485" end="38" start="36" name="Agent"/>
                    <label cBy="532" feID="3486" end="65" start="55" name="Wrong"/>
                    <label cBy="296" feID="3487" itype="INI" name="Amends"/>
                </layer>
                <layer rank="1" name="GF">
                    <label end="38" start="36" name="Ext"/>
                    <label end="65" start="55" name="Obj"/>
                </layer>
                <layer rank="1" name="PT">
                    <label end="38" start="36" name="NP"/>
                    <label end="65" start="55" name="NP"/>
                </layer>
                <layer rank="1" name="Sent"/>
                <layer rank="1" name="Other"/>
                <layer rank="1" name="Target">
                    <label cBy="103" end="53" start="47" name="Target"/>
                </layer>
                <layer rank="1" name="Verb"/>
            </annotationSet>
        </sentence>
        <sentence sentNo="0" aPos="70520929" ID="1048093">
            <text>As he walked he pondered dully on the crime he was trying to expiate , the murder of Clare 's happiness . </text>
            <annotationSet cDate="01/08/2003 12:20:24 PST Wed" status="UNANN" ID="1547631">
                <layer rank="1" name="BNC">
                    <label end="1" start="0" name="CJS"/>
                    <label end="4" start="3" name="PNP"/>
                    <label end="11" start="6" name="VVD"/>
                    <label end="14" start="13" name="PNP"/>
                    <label end="23" start="16" name="VVD"/>
                    <label end="29" start="25" name="AV0"/>
                    <label end="32" start="31" name="PRP"/>
                    <label end="36" start="34" name="AT0"/>
                    <label end="42" start="38" name="NN1"/>
                    <label end="45" start="44" name="PNP"/>
                    <label end="49" start="47" name="VBD"/>
                    <label end="56" start="51" name="VVG"/>
                    <label end="59" start="58" name="TO0"/>
                    <label end="67" start="61" name="VVI"/>
                    <label end="69" start="69" name="PUN"/>
                    <label end="73" start="71" name="AT0"/>
                    <label end="80" start="75" name="NN1"/>
                    <label end="83" start="82" name="PRF"/>
                    <label end="89" start="85" name="NP0"/>
                    <label end="92" start="91" name="POS"/>
                    <label end="102" start="94" name="NN1"/>
                    <label end="104" start="104" name="PUN"/>
                </layer>
            </annotationSet>
            <annotationSet cDate="01/08/2003 12:20:24 PST Wed" status="MANUAL" ID="1547632">
                <layer rank="1" name="FE">
                    <label cBy="285" feID="3485" end="45" start="44" name="Agent"/>
                    <label cBy="285" feID="3486" end="102" start="71" name="Wrong"/>
                    <label cBy="285" feID="3487" itype="INI" name="Amends"/>
                </layer>
                <layer rank="1" name="GF">
                    <label end="45" start="44" name="Ext"/>
                    <label end="102" start="71" name="Obj"/>
                </layer>
                <layer rank="1" name="PT">
                    <label end="45" start="44" name="NP"/>
                    <label end="102" start="71" name="NP"/>
                </layer>
                <layer rank="1" name="Sent"/>
                <layer rank="1" name="Other"/>
                <layer rank="1" name="Target">
                    <label cBy="103" end="67" start="61" name="Target"/>
                </layer>
                <layer rank="1" name="Verb"/>
            </annotationSet>
        </sentence>
    </subCorpus>
</lexUnit>