<?xml version="1.0" encoding="UTF-8" standalone="yes"?>
<?xml-stylesheet type="text/xsl" href="lexUnit.xsl"?>
<lexUnit status="Finished_Initial" POS="A" name="stuffed.a" ID="6988" frame="Abounding_with" frameID="262" totalAnnotated="19" xsi:schemaLocation="../schema/lexUnit.xsd" xmlns="http://framenet.icsi.berkeley.edu" xmlns:xsi="http://www.w3.org/2001/XMLSchema-instance">
    <header>
        <frame>
            <FE fgColor="FFFFFF" bgColor="FF69B4" type="Peripheral" abbrev="Degr" name="Degree"/>
            <FE fgColor="FFFFFF" bgColor="9400D3" type="Extra-Thematic" abbrev="Dep" name="Depictive"/>
            <FE fgColor="FFFFFF" bgColor="FF0000" type="Core" abbrev="Loc" name="Location"/>
            <FE fgColor="FFFFFF" bgColor="008000" type="Core" abbrev="Thm" name="Theme"/>
            <FE fgColor="FFFF00" bgColor="FFA500" type="Peripheral" abbrev="" name="Time"/>
        </frame>
    </header>
    <definition>FN: filled to tightly with something</definition>
    <lexeme POS="A" name="stuffed"/>
    <valences>
        <FERealization total="2">
            <FE name="Degree"/>
            <pattern total="1">
                <valenceUnit GF="Dep" PT="PP[to]" FE="Degree"/>
                <annoSet ID="1550252"/>
            </pattern>
            <pattern total="1">
                <valenceUnit GF="Dep" PT="PPing[to]" FE="Degree"/>
                <annoSet ID="1550270"/>
            </pattern>
        </FERealization>
        <FERealization total="1">
            <FE name="Depictive"/>
            <pattern total="1">
                <valenceUnit GF="Dep" PT="AJP" FE="Depictive"/>
                <annoSet ID="1550368"/>
            </pattern>
        </FERealization>
        <FERealization total="19">
            <FE name="Location"/>
            <pattern total="10">
                <valenceUnit GF="Ext" PT="NP" FE="Location"/>
                <annoSet ID="1550128"/>
                <annoSet ID="1550130"/>
                <annoSet ID="1550146"/>
                <annoSet ID="1550156"/>
                <annoSet ID="1550168"/>
                <annoSet ID="1550172"/>
                <annoSet ID="1550214"/>
                <annoSet ID="1550252"/>
                <annoSet ID="1550270"/>
                <annoSet ID="1550368"/>
            </pattern>
            <pattern total="9">
                <valenceUnit GF="Head" PT="N" FE="Location"/>
                <annoSet ID="1550058"/>
                <annoSet ID="1550074"/>
                <annoSet ID="1550088"/>
                <annoSet ID="1550110"/>
                <annoSet ID="1550114"/>
                <annoSet ID="1550124"/>
                <annoSet ID="1550284"/>
                <annoSet ID="1550308"/>
                <annoSet ID="1550374"/>
            </pattern>
        </FERealization>
        <FERealization total="9">
            <FE name="Theme"/>
            <pattern total="9">
                <valenceUnit GF="Dep" PT="PP[with]" FE="Theme"/>
                <annoSet ID="1550128"/>
                <annoSet ID="1550130"/>
                <annoSet ID="1550146"/>
                <annoSet ID="1550156"/>
                <annoSet ID="1550168"/>
                <annoSet ID="1550172"/>
                <annoSet ID="1550214"/>
                <annoSet ID="1550252"/>
                <annoSet ID="1550270"/>
            </pattern>
        </FERealization>
        <FEGroupRealization total="2">
            <FE name="Degree"/>
            <FE name="Location"/>
            <FE name="Theme"/>
            <pattern total="1">
                <valenceUnit GF="Dep" PT="PP[to]" FE="Degree"/>
                <valenceUnit GF="Ext" PT="NP" FE="Location"/>
                <valenceUnit GF="Dep" PT="PP[with]" FE="Theme"/>
                <annoSet ID="1550252"/>
            </pattern>
            <pattern total="1">
                <valenceUnit GF="Dep" PT="PPing[to]" FE="Degree"/>
                <valenceUnit GF="Ext" PT="NP" FE="Location"/>
                <valenceUnit GF="Dep" PT="PP[with]" FE="Theme"/>
                <annoSet ID="1550270"/>
            </pattern>
        </FEGroupRealization>
        <FEGroupRealization total="1">
            <FE name="Depictive"/>
            <FE name="Location"/>
            <pattern total="1">
                <valenceUnit GF="Dep" PT="AJP" FE="Depictive"/>
                <valenceUnit GF="Ext" PT="NP" FE="Location"/>
                <annoSet ID="1550368"/>
            </pattern>
        </FEGroupRealization>
        <FEGroupRealization total="9">
            <FE name="Location"/>
            <pattern total="9">
                <valenceUnit GF="Head" PT="N" FE="Location"/>
                <annoSet ID="1550058"/>
                <annoSet ID="1550074"/>
                <annoSet ID="1550088"/>
                <annoSet ID="1550110"/>
                <annoSet ID="1550114"/>
                <annoSet ID="1550124"/>
                <annoSet ID="1550284"/>
                <annoSet ID="1550308"/>
                <annoSet ID="1550374"/>
            </pattern>
        </FEGroupRealization>
        <FEGroupRealization total="7">
            <FE name="Location"/>
            <FE name="Theme"/>
            <pattern total="7">
                <valenceUnit GF="Ext" PT="NP" FE="Location"/>
                <valenceUnit GF="Dep" PT="PP[with]" FE="Theme"/>
                <annoSet ID="1550128"/>
                <annoSet ID="1550130"/>
                <annoSet ID="1550146"/>
                <annoSet ID="1550156"/>
                <annoSet ID="1550168"/>
                <annoSet ID="1550172"/>
                <annoSet ID="1550214"/>
            </pattern>
        </FEGroupRealization>
    </valences>
    <subCorpus name="A-002-s20-rcoll-animal">
        <sentence sentNo="0" aPos="11143571" ID="1049306">
            <text>Nailed on the walls were rows and rows of stuffed animal heads . </text>
            <annotationSet cDate="01/08/2003 12:23:08 PST Wed" status="UNANN" ID="1550057">
                <layer rank="1" name="BNC">
                    <label end="5" start="0" name="VVD"/>
                    <label end="8" start="7" name="PRP"/>
                    <label end="12" start="10" name="AT0"/>
                    <label end="18" start="14" name="NN2"/>
                    <label end="23" start="20" name="VBD"/>
                    <label end="28" start="25" name="NN2"/>
                    <label end="32" start="30" name="CJC"/>
                    <label end="37" start="34" name="NN2"/>
                    <label end="40" start="39" name="PRF"/>
                    <label end="48" start="42" name="AJ0"/>
                    <label end="55" start="50" name="NN1"/>
                    <label end="61" start="57" name="NN2"/>
                    <label end="63" start="63" name="PUN"/>
                </layer>
            </annotationSet>
            <annotationSet cDate="01/08/2003 12:23:08 PST Wed" status="MANUAL" ID="1550058">
                <layer rank="1" name="FE">
                    <label cBy="618" feID="2261" end="61" start="50" name="Location"/>
                </layer>
                <layer rank="1" name="GF">
                    <label end="61" start="50" name="Head"/>
                </layer>
                <layer rank="1" name="PT">
                    <label end="61" start="50" name="N"/>
                </layer>
                <layer rank="1" name="Sent"/>
                <layer rank="1" name="Other"/>
                <layer rank="1" name="Target">
                    <label cBy="103" end="48" start="42" name="Target"/>
                </layer>
                <layer rank="1" name="Adj"/>
            </annotationSet>
        </sentence>
        <sentence sentNo="0" aPos="67018523" ID="1049314">
            <text>He was lying in the middle of the bed with out stuffed animals around him and a big pile of clean laundry at the foot of the bed . </text>
            <annotationSet cDate="01/08/2003 12:23:09 PST Wed" status="UNANN" ID="1550073">
                <layer rank="1" name="BNC">
                    <label end="1" start="0" name="PNP"/>
                    <label end="5" start="3" name="VBD"/>
                    <label end="11" start="7" name="VVG"/>
                    <label end="14" start="13" name="PRP"/>
                    <label end="18" start="16" name="AT0"/>
                    <label end="25" start="20" name="NN1"/>
                    <label end="28" start="27" name="PRF"/>
                    <label end="32" start="30" name="AT0"/>
                    <label end="36" start="34" name="NN1"/>
                    <label end="41" start="38" name="PRP"/>
                    <label end="45" start="43" name="AVP"/>
                    <label end="53" start="47" name="AJ0"/>
                    <label end="61" start="55" name="NN2"/>
                    <label end="68" start="63" name="PRP"/>
                    <label end="72" start="70" name="PNP"/>
                    <label end="76" start="74" name="CJC"/>
                    <label end="78" start="78" name="AT0"/>
                    <label end="82" start="80" name="AJ0"/>
                    <label end="87" start="84" name="NN1"/>
                    <label end="90" start="89" name="PRF"/>
                    <label end="96" start="92" name="AJ0"/>
                    <label end="104" start="98" name="NN1"/>
                    <label end="107" start="106" name="PRP"/>
                    <label end="111" start="109" name="AT0"/>
                    <label end="116" start="113" name="NN1"/>
                    <label end="119" start="118" name="PRF"/>
                    <label end="123" start="121" name="AT0"/>
                    <label end="127" start="125" name="NN1"/>
                    <label end="129" start="129" name="PUN"/>
                </layer>
            </annotationSet>
            <annotationSet cDate="01/08/2003 12:23:09 PST Wed" status="MANUAL" ID="1550074">
                <layer rank="1" name="FE">
                    <label cBy="618" feID="2261" end="61" start="55" name="Location"/>
                </layer>
                <layer rank="1" name="GF">
                    <label end="61" start="55" name="Head"/>
                </layer>
                <layer rank="1" name="PT">
                    <label end="61" start="55" name="N"/>
                </layer>
                <layer rank="1" name="Sent"/>
                <layer rank="1" name="Other"/>
                <layer rank="1" name="Target">
                    <label cBy="103" end="53" start="47" name="Target"/>
                </layer>
                <layer rank="1" name="Adj"/>
            </annotationSet>
        </sentence>
    </subCorpus>
    <subCorpus name="A-002-s20-rcoll-bird">
        <sentence sentNo="0" aPos="20383830" ID="1049321">
            <text>At first the mobbers showed the typical agitated response but then , when the stuffed bird failed to retaliate , they dashed in for violent physical assaults on its body . </text>
            <annotationSet cDate="01/08/2003 12:23:10 PST Wed" status="UNANN" ID="1550087">
                <layer rank="1" name="BNC">
                    <label end="1" start="0" name="AV0"/>
                    <label end="7" start="3" name="AV0"/>
                    <label end="11" start="9" name="AT0"/>
                    <label end="19" start="13" name="NN2"/>
                    <label end="26" start="21" name="VVD"/>
                    <label end="30" start="28" name="AT0"/>
                    <label end="38" start="32" name="AJ0"/>
                    <label end="47" start="40" name="AJ0"/>
                    <label end="56" start="49" name="NN1"/>
                    <label end="60" start="58" name="CJC"/>
                    <label end="65" start="62" name="AV0"/>
                    <label end="67" start="67" name="PUN"/>
                    <label end="72" start="69" name="AVQ-CJS"/>
                    <label end="76" start="74" name="AT0"/>
                    <label end="84" start="78" name="AJ0"/>
                    <label end="89" start="86" name="NN1"/>
                    <label end="96" start="91" name="VVD-VVN"/>
                    <label end="99" start="98" name="TO0"/>
                    <label end="109" start="101" name="VVI"/>
                    <label end="111" start="111" name="PUN"/>
                    <label end="116" start="113" name="PNP"/>
                    <label end="123" start="118" name="VVD"/>
                    <label end="126" start="125" name="AVP"/>
                    <label end="130" start="128" name="PRP"/>
                    <label end="138" start="132" name="AJ0"/>
                    <label end="147" start="140" name="AJ0"/>
                    <label end="156" start="149" name="NN2"/>
                    <label end="159" start="158" name="PRP"/>
                    <label end="163" start="161" name="DPS"/>
                    <label end="168" start="165" name="NN1"/>
                    <label end="170" start="170" name="PUN"/>
                </layer>
            </annotationSet>
            <annotationSet cDate="01/08/2003 12:23:10 PST Wed" status="MANUAL" ID="1550088">
                <layer rank="1" name="FE">
                    <label cBy="618" feID="2261" end="89" start="86" name="Location"/>
                </layer>
                <layer rank="1" name="GF">
                    <label end="89" start="86" name="Head"/>
                </layer>
                <layer rank="1" name="PT">
                    <label end="89" start="86" name="N"/>
                </layer>
                <layer rank="1" name="Sent"/>
                <layer rank="1" name="Other"/>
                <layer rank="1" name="Target">
                    <label cBy="103" end="84" start="78" name="Target"/>
                </layer>
                <layer rank="1" name="Adj"/>
            </annotationSet>
        </sentence>
        <sentence sentNo="0" aPos="69109468" ID="1049332">
            <text>A cherry-and-green stuffed bird turned slowly to an icicle of dust . </text>
            <annotationSet cDate="01/08/2003 12:23:11 PST Wed" status="UNANN" ID="1550109">
                <layer rank="1" name="BNC">
                    <label end="0" start="0" name="AT0"/>
                    <label end="17" start="2" name="AJ0-NN1"/>
                    <label end="25" start="19" name="AJ0-VVD"/>
                    <label end="30" start="27" name="NN1"/>
                    <label end="37" start="32" name="VVD-VVN"/>
                    <label end="44" start="39" name="AV0"/>
                    <label end="47" start="46" name="PRP"/>
                    <label end="50" start="49" name="AT0"/>
                    <label end="57" start="52" name="NN1"/>
                    <label end="60" start="59" name="PRF"/>
                    <label end="65" start="62" name="NN1"/>
                    <label end="67" start="67" name="PUN"/>
                </layer>
            </annotationSet>
            <annotationSet cDate="01/08/2003 12:23:11 PST Wed" status="MANUAL" ID="1550110">
                <layer rank="1" name="FE">
                    <label cBy="618" feID="2261" end="30" start="27" name="Location"/>
                </layer>
                <layer rank="1" name="GF">
                    <label end="30" start="27" name="Head"/>
                </layer>
                <layer rank="1" name="PT">
                    <label end="30" start="27" name="N"/>
                </layer>
                <layer rank="1" name="Sent"/>
                <layer rank="1" name="Other"/>
                <layer rank="1" name="Target">
                    <label cBy="103" end="25" start="19" name="Target"/>
                </layer>
                <layer rank="1" name="Adj"/>
            </annotationSet>
        </sentence>
    </subCorpus>
    <subCorpus name="A-002-s20-rcoll-mushroom">
        <sentence sentNo="0" aPos="30606264" ID="1049334">
            <text>Place the stuffed mushrooms under grill for about 15 minutes , or until golden . </text>
            <annotationSet cDate="01/08/2003 12:23:12 PST Wed" status="UNANN" ID="1550113">
                <layer rank="1" name="BNC">
                    <label end="4" start="0" name="VVB"/>
                    <label end="8" start="6" name="AT0"/>
                    <label end="16" start="10" name="AJ0"/>
                    <label end="26" start="18" name="NN2"/>
                    <label end="32" start="28" name="PRP"/>
                    <label end="38" start="34" name="NN1"/>
                    <label end="42" start="40" name="PRP"/>
                    <label end="48" start="44" name="AV0"/>
                    <label end="51" start="50" name="CRD"/>
                    <label end="59" start="53" name="NN2"/>
                    <label end="61" start="61" name="PUN"/>
                    <label end="64" start="63" name="CJC"/>
                    <label end="70" start="66" name="CJS"/>
                    <label end="77" start="72" name="AJ0"/>
                    <label end="79" start="79" name="PUN"/>
                </layer>
            </annotationSet>
            <annotationSet cDate="01/08/2003 12:23:12 PST Wed" status="MANUAL" ID="1550114">
                <layer rank="1" name="FE">
                    <label cBy="618" feID="2261" end="26" start="18" name="Location"/>
                </layer>
                <layer rank="1" name="GF">
                    <label end="26" start="18" name="Head"/>
                </layer>
                <layer rank="1" name="PT">
                    <label end="26" start="18" name="N"/>
                </layer>
                <layer rank="1" name="Sent"/>
                <layer rank="1" name="Other"/>
                <layer rank="1" name="Target">
                    <label cBy="103" end="16" start="10" name="Target"/>
                </layer>
                <layer rank="1" name="Adj"/>
            </annotationSet>
        </sentence>
    </subCorpus>
    <subCorpus name="A-002-s20-rcoll-olive">
        <sentence sentNo="0" aPos="101078672" ID="1049339">
            <text>Ruth smiled wryly and forked a stuffed olive from one of the small dishes in front of her . </text>
            <annotationSet cDate="01/08/2003 12:23:12 PST Wed" status="UNANN" ID="1550123">
                <layer rank="1" name="BNC">
                    <label end="3" start="0" name="NP0"/>
                    <label end="10" start="5" name="VVD"/>
                    <label end="16" start="12" name="AV0"/>
                    <label end="20" start="18" name="CJC"/>
                    <label end="27" start="22" name="VVD"/>
                    <label end="29" start="29" name="AT0"/>
                    <label end="37" start="31" name="AJ0"/>
                    <label end="43" start="39" name="NN1"/>
                    <label end="48" start="45" name="PRP"/>
                    <label end="52" start="50" name="CRD"/>
                    <label end="55" start="54" name="PRF"/>
                    <label end="59" start="57" name="AT0"/>
                    <label end="65" start="61" name="AJ0"/>
                    <label end="72" start="67" name="NN2"/>
                    <label end="75" start="74" name="PRP"/>
                    <label end="81" start="77" name="PRP"/>
                    <label end="84" start="83" name="PRP"/>
                    <label end="88" start="86" name="PNP"/>
                    <label end="90" start="90" name="PUN"/>
                </layer>
            </annotationSet>
            <annotationSet cDate="01/08/2003 12:23:12 PST Wed" status="MANUAL" ID="1550124">
                <layer rank="1" name="FE">
                    <label cBy="618" feID="2261" end="43" start="39" name="Location"/>
                </layer>
                <layer rank="1" name="GF">
                    <label end="43" start="39" name="Head"/>
                </layer>
                <layer rank="1" name="PT">
                    <label end="43" start="39" name="N"/>
                </layer>
                <layer rank="1" name="Sent"/>
                <layer rank="1" name="Other"/>
                <layer rank="1" name="Target">
                    <label cBy="103" end="37" start="31" name="Target"/>
                </layer>
                <layer rank="1" name="Adj"/>
            </annotationSet>
        </sentence>
    </subCorpus>
    <subCorpus name="A-100-s50-ppwith">
        <sentence sentNo="0" aPos="1439101" ID="1049341">
            <text>With his mouth opening and shutting like that , and his cheeks still stuffed with food , he was rapidly beginning to resemble a frog . </text>
            <annotationSet cDate="01/08/2003 12:23:12 PST Wed" status="UNANN" ID="1550127">
                <layer rank="1" name="BNC">
                    <label end="3" start="0" name="PRP"/>
                    <label end="7" start="5" name="DPS"/>
                    <label end="13" start="9" name="NN1"/>
                    <label end="21" start="15" name="NN1-VVG"/>
                    <label end="25" start="23" name="CJC"/>
                    <label end="34" start="27" name="VVG"/>
                    <label end="39" start="36" name="PRP"/>
                    <label end="44" start="41" name="DT0"/>
                    <label end="46" start="46" name="PUN"/>
                    <label end="50" start="48" name="CJC"/>
                    <label end="54" start="52" name="DPS"/>
                    <label end="61" start="56" name="NN2"/>
                    <label end="67" start="63" name="AV0"/>
                    <label end="75" start="69" name="VVD-VVN"/>
                    <label end="80" start="77" name="PRP"/>
                    <label end="85" start="82" name="NN1"/>
                    <label end="87" start="87" name="PUN"/>
                    <label end="90" start="89" name="PNP"/>
                    <label end="94" start="92" name="VBD"/>
                    <label end="102" start="96" name="AV0"/>
                    <label end="112" start="104" name="VVG"/>
                    <label end="115" start="114" name="TO0"/>
                    <label end="124" start="117" name="VVI"/>
                    <label end="126" start="126" name="AT0"/>
                    <label end="131" start="128" name="NN1"/>
                    <label end="133" start="133" name="PUN"/>
                </layer>
            </annotationSet>
            <annotationSet cDate="01/08/2003 12:23:12 PST Wed" status="MANUAL" ID="1550128">
                <layer rank="1" name="FE">
                    <label cBy="618" feID="2261" end="61" start="52" name="Location"/>
                    <label cBy="618" feID="2260" end="85" start="77" name="Theme"/>
                </layer>
                <layer rank="1" name="GF">
                    <label end="61" start="52" name="Ext"/>
                    <label end="85" start="77" name="Dep"/>
                </layer>
                <layer rank="1" name="PT">
                    <label end="61" start="52" name="NP"/>
                    <label end="85" start="77" name="PP"/>
                </layer>
                <layer rank="1" name="Sent"/>
                <layer rank="1" name="Other"/>
                <layer rank="1" name="Target">
                    <label cBy="103" end="75" start="69" name="Target"/>
                </layer>
                <layer rank="1" name="Adj"/>
            </annotationSet>
        </sentence>
        <sentence sentNo="0" aPos="1441976" ID="1049342">
            <text>His caravan was stuffed with books and he was supposed to be writing one . </text>
            <annotationSet cDate="01/08/2003 12:23:13 PST Wed" status="UNANN" ID="1550129">
                <layer rank="1" name="BNC">
                    <label end="2" start="0" name="DPS"/>
                    <label end="10" start="4" name="NN1"/>
                    <label end="14" start="12" name="VBD"/>
                    <label end="22" start="16" name="VVN"/>
                    <label end="27" start="24" name="PRP"/>
                    <label end="33" start="29" name="NN2"/>
                    <label end="37" start="35" name="CJC"/>
                    <label end="40" start="39" name="PNP"/>
                    <label end="44" start="42" name="VBD"/>
                    <label end="53" start="46" name="AJ0"/>
                    <label end="56" start="55" name="TO0"/>
                    <label end="59" start="58" name="VBI"/>
                    <label end="67" start="61" name="VVG"/>
                    <label end="71" start="69" name="CRD-PNI"/>
                    <label end="73" start="73" name="PUN"/>
                </layer>
            </annotationSet>
            <annotationSet cDate="01/08/2003 12:23:13 PST Wed" status="MANUAL" ID="1550130">
                <layer rank="1" name="FE">
                    <label cBy="618" feID="2261" end="10" start="0" name="Location"/>
                    <label cBy="618" feID="2260" end="33" start="24" name="Theme"/>
                </layer>
                <layer rank="1" name="GF">
                    <label end="10" start="0" name="Ext"/>
                    <label end="33" start="24" name="Dep"/>
                </layer>
                <layer rank="1" name="PT">
                    <label end="10" start="0" name="NP"/>
                    <label end="33" start="24" name="PP"/>
                </layer>
                <layer rank="1" name="Sent"/>
                <layer rank="1" name="Other"/>
                <layer rank="1" name="Target">
                    <label cBy="103" end="22" start="16" name="Target"/>
                </layer>
                <layer rank="1" name="Adj">
                    <label end="14" start="12" name="Cop"/>
                </layer>
            </annotationSet>
        </sentence>
        <sentence sentNo="0" aPos="12374080" ID="1049350">
            <text>It was stuffed with manila files and loose papers . </text>
            <annotationSet cDate="01/08/2003 12:23:14 PST Wed" status="UNANN" ID="1550145">
                <layer rank="1" name="BNC">
                    <label end="1" start="0" name="PNP"/>
                    <label end="5" start="3" name="VBD"/>
                    <label end="13" start="7" name="VVN"/>
                    <label end="18" start="15" name="PRP"/>
                    <label end="25" start="20" name="NN1"/>
                    <label end="31" start="27" name="NN2-VVZ"/>
                    <label end="35" start="33" name="CJC"/>
                    <label end="41" start="37" name="AJ0"/>
                    <label end="48" start="43" name="NN2"/>
                    <label end="50" start="50" name="PUN"/>
                </layer>
            </annotationSet>
            <annotationSet cDate="01/08/2003 12:23:14 PST Wed" status="MANUAL" ID="1550146">
                <layer rank="1" name="FE">
                    <label cBy="618" feID="2261" end="1" start="0" name="Location"/>
                    <label cBy="618" feID="2260" end="48" start="15" name="Theme"/>
                </layer>
                <layer rank="1" name="GF">
                    <label end="1" start="0" name="Ext"/>
                    <label end="48" start="15" name="Dep"/>
                </layer>
                <layer rank="1" name="PT">
                    <label end="1" start="0" name="NP"/>
                    <label end="48" start="15" name="PP"/>
                </layer>
                <layer rank="1" name="Sent"/>
                <layer rank="1" name="Other"/>
                <layer rank="1" name="Target">
                    <label cBy="103" end="13" start="7" name="Target"/>
                </layer>
                <layer rank="1" name="Adj">
                    <label end="5" start="3" name="Cop"/>
                </layer>
            </annotationSet>
        </sentence>
        <sentence sentNo="0" aPos="18656414" ID="1049355">
            <text>The finest mahogany has been used in its construction ; and the body of the carriage is double panelled throughout , and stuffed with felt , in order to lessen vibration and increase warmth . </text>
            <annotationSet cDate="01/08/2003 12:23:14 PST Wed" status="UNANN" ID="1550155">
                <layer rank="1" name="BNC">
                    <label end="2" start="0" name="AT0"/>
                    <label end="9" start="4" name="AJS"/>
                    <label end="18" start="11" name="NN1"/>
                    <label end="22" start="20" name="VHZ"/>
                    <label end="27" start="24" name="VBN"/>
                    <label end="32" start="29" name="VVN"/>
                    <label end="35" start="34" name="PRP"/>
                    <label end="39" start="37" name="DPS"/>
                    <label end="52" start="41" name="NN1"/>
                    <label end="54" start="54" name="PUN"/>
                    <label end="58" start="56" name="CJC"/>
                    <label end="62" start="60" name="AT0"/>
                    <label end="67" start="64" name="NN1"/>
                    <label end="70" start="69" name="PRF"/>
                    <label end="74" start="72" name="AT0"/>
                    <label end="83" start="76" name="NN1"/>
                    <label end="86" start="85" name="VBZ"/>
                    <label end="93" start="88" name="AV0"/>
                    <label end="102" start="95" name="VVN"/>
                    <label end="113" start="104" name="AV0"/>
                    <label end="115" start="115" name="PUN"/>
                    <label end="119" start="117" name="CJC"/>
                    <label end="127" start="121" name="VVD-VVN"/>
                    <label end="132" start="129" name="PRP"/>
                    <label end="137" start="134" name="NN1"/>
                    <label end="139" start="139" name="PUN"/>
                    <label end="142" start="141" name="AV0"/>
                    <label end="148" start="144" name="AV0"/>
                    <label end="151" start="150" name="TO0"/>
                    <label end="158" start="153" name="VVI"/>
                    <label end="168" start="160" name="NN1"/>
                    <label end="172" start="170" name="CJC"/>
                    <label end="181" start="174" name="VVI"/>
                    <label end="188" start="183" name="NN1"/>
                    <label end="190" start="190" name="PUN"/>
                </layer>
            </annotationSet>
            <annotationSet cDate="01/08/2003 12:23:14 PST Wed" status="MANUAL" ID="1550156">
                <layer rank="1" name="FE">
                    <label cBy="618" feID="2261" end="83" start="60" name="Location"/>
                    <label cBy="618" feID="2260" end="137" start="129" name="Theme"/>
                </layer>
                <layer rank="1" name="GF">
                    <label end="83" start="60" name="Ext"/>
                    <label end="137" start="129" name="Dep"/>
                </layer>
                <layer rank="1" name="PT">
                    <label end="83" start="60" name="NP"/>
                    <label end="137" start="129" name="PP"/>
                </layer>
                <layer rank="1" name="Sent"/>
                <layer rank="1" name="Other"/>
                <layer rank="1" name="Target">
                    <label cBy="103" end="127" start="121" name="Target"/>
                </layer>
                <layer rank="1" name="Adj">
                    <label end="86" start="85" name="Cop"/>
                </layer>
            </annotationSet>
        </sentence>
        <sentence sentNo="0" aPos="31758794" ID="1049361">
            <text>The rooms are stuffed with antiques and priceless treasures . </text>
            <annotationSet cDate="01/08/2003 12:23:15 PST Wed" status="UNANN" ID="1550167">
                <layer rank="1" name="BNC">
                    <label end="2" start="0" name="AT0"/>
                    <label end="8" start="4" name="NN2"/>
                    <label end="12" start="10" name="VBB"/>
                    <label end="20" start="14" name="VVN"/>
                    <label end="25" start="22" name="PRP"/>
                    <label end="34" start="27" name="NN2"/>
                    <label end="38" start="36" name="CJC"/>
                    <label end="48" start="40" name="AJ0"/>
                    <label end="58" start="50" name="NN2"/>
                    <label end="60" start="60" name="PUN"/>
                </layer>
            </annotationSet>
            <annotationSet cDate="01/08/2003 12:23:15 PST Wed" status="MANUAL" ID="1550168">
                <layer rank="1" name="FE">
                    <label cBy="618" feID="2261" end="8" start="0" name="Location"/>
                    <label cBy="618" feID="2260" end="58" start="22" name="Theme"/>
                </layer>
                <layer rank="1" name="GF">
                    <label end="8" start="0" name="Ext"/>
                    <label end="58" start="22" name="Dep"/>
                </layer>
                <layer rank="1" name="PT">
                    <label end="8" start="0" name="NP"/>
                    <label end="58" start="22" name="PP"/>
                </layer>
                <layer rank="1" name="Sent"/>
                <layer rank="1" name="Other"/>
                <layer rank="1" name="Target">
                    <label cBy="103" end="20" start="14" name="Target"/>
                </layer>
                <layer rank="1" name="Adj">
                    <label end="12" start="10" name="Cop"/>
                </layer>
            </annotationSet>
        </sentence>
        <sentence sentNo="0" aPos="36579546" ID="1049363">
            <text>I felt as if my brain and body were stuffed with cotton-wool . </text>
            <annotationSet cDate="01/08/2003 12:23:15 PST Wed" status="UNANN" ID="1550171">
                <layer rank="1" name="BNC">
                    <label end="0" start="0" name="PNP"/>
                    <label end="5" start="2" name="VVD"/>
                    <label end="8" start="7" name="CJS"/>
                    <label end="11" start="10" name="CJS"/>
                    <label end="14" start="13" name="DPS"/>
                    <label end="20" start="16" name="NN1"/>
                    <label end="24" start="22" name="CJC"/>
                    <label end="29" start="26" name="NN1"/>
                    <label end="34" start="31" name="VBD"/>
                    <label end="42" start="36" name="VVN"/>
                    <label end="47" start="44" name="PRP"/>
                    <label end="59" start="49" name="NN1"/>
                    <label end="61" start="61" name="PUN"/>
                </layer>
            </annotationSet>
            <annotationSet cDate="01/08/2003 12:23:15 PST Wed" status="MANUAL" ID="1550172">
                <layer rank="1" name="FE">
                    <label cBy="618" feID="2261" end="29" start="13" name="Location"/>
                    <label cBy="618" feID="2260" end="59" start="44" name="Theme"/>
                </layer>
                <layer rank="1" name="GF">
                    <label end="29" start="13" name="Ext"/>
                    <label end="59" start="44" name="Dep"/>
                </layer>
                <layer rank="1" name="PT">
                    <label end="29" start="13" name="NP"/>
                    <label end="59" start="44" name="PP"/>
                </layer>
                <layer rank="1" name="Sent"/>
                <layer rank="1" name="Other"/>
                <layer rank="1" name="Target">
                    <label cBy="103" end="42" start="36" name="Target"/>
                </layer>
                <layer rank="1" name="Adj">
                    <label end="34" start="31" name="Cop"/>
                </layer>
            </annotationSet>
        </sentence>
        <sentence sentNo="0" aPos="86963492" ID="1049384">
            <text>The shelf and the floor were piled with books , boxes and folders stuffed with papers . </text>
            <annotationSet cDate="01/08/2003 12:23:19 PST Wed" status="UNANN" ID="1550213">
                <layer rank="1" name="BNC">
                    <label end="2" start="0" name="AT0"/>
                    <label end="8" start="4" name="NN1"/>
                    <label end="12" start="10" name="CJC"/>
                    <label end="16" start="14" name="AT0"/>
                    <label end="22" start="18" name="NN1"/>
                    <label end="27" start="24" name="VBD"/>
                    <label end="33" start="29" name="VVN"/>
                    <label end="38" start="35" name="PRP"/>
                    <label end="44" start="40" name="NN2"/>
                    <label end="46" start="46" name="PUN"/>
                    <label end="52" start="48" name="NN2"/>
                    <label end="56" start="54" name="CJC"/>
                    <label end="64" start="58" name="NN2"/>
                    <label end="72" start="66" name="VVD-VVN"/>
                    <label end="77" start="74" name="PRP"/>
                    <label end="84" start="79" name="NN2"/>
                    <label end="86" start="86" name="PUN"/>
                </layer>
            </annotationSet>
            <annotationSet cDate="01/08/2003 12:23:19 PST Wed" status="MANUAL" ID="1550214">
                <layer rank="1" name="FE">
                    <label cBy="618" feID="2261" end="64" start="58" name="Location"/>
                    <label cBy="618" feID="2260" end="84" start="74" name="Theme"/>
                </layer>
                <layer rank="1" name="GF">
                    <label end="84" start="74" name="Dep"/>
                    <label end="64" start="58" name="Ext"/>
                </layer>
                <layer rank="1" name="PT">
                    <label end="84" start="74" name="PP"/>
                    <label end="64" start="58" name="NP"/>
                </layer>
                <layer rank="1" name="Sent"/>
                <layer rank="1" name="Other"/>
                <layer rank="1" name="Target">
                    <label cBy="103" end="72" start="66" name="Target"/>
                </layer>
                <layer rank="1" name="Adj"/>
            </annotationSet>
        </sentence>
    </subCorpus>
    <subCorpus name="A-110-s20-ppother">
        <sentence sentNo="0" aPos="65865000" ID="1049403">
            <text>After a quick recce of the basecamp , she proceeded to unload from her car three large black dustbin liners stuffed to the brim with what appeared to be the entire contents of her wardrobe . </text>
            <annotationSet cDate="01/08/2003 12:23:22 PST Wed" status="UNANN" ID="1550251">
                <layer rank="1" name="BNC">
                    <label end="4" start="0" name="CJS-PRP"/>
                    <label end="6" start="6" name="AT0"/>
                    <label end="12" start="8" name="AJ0"/>
                    <label end="18" start="14" name="NN1"/>
                    <label end="21" start="20" name="PRF"/>
                    <label end="25" start="23" name="AT0"/>
                    <label end="34" start="27" name="NN1"/>
                    <label end="36" start="36" name="PUN"/>
                    <label end="40" start="38" name="PNP"/>
                    <label end="50" start="42" name="VVD"/>
                    <label end="53" start="52" name="TO0"/>
                    <label end="60" start="55" name="VVI"/>
                    <label end="65" start="62" name="PRP"/>
                    <label end="69" start="67" name="DPS"/>
                    <label end="73" start="71" name="NN1"/>
                    <label end="79" start="75" name="CRD"/>
                    <label end="85" start="81" name="AJ0"/>
                    <label end="91" start="87" name="AJ0"/>
                    <label end="99" start="93" name="NN1"/>
                    <label end="106" start="101" name="NN2"/>
                    <label end="114" start="108" name="VVD-VVN"/>
                    <label end="117" start="116" name="PRP"/>
                    <label end="121" start="119" name="AT0"/>
                    <label end="126" start="123" name="NN1"/>
                    <label end="131" start="128" name="PRP"/>
                    <label end="136" start="133" name="DTQ"/>
                    <label end="145" start="138" name="VVD"/>
                    <label end="148" start="147" name="TO0"/>
                    <label end="151" start="150" name="VBI"/>
                    <label end="155" start="153" name="AT0"/>
                    <label end="162" start="157" name="AJ0"/>
                    <label end="171" start="164" name="NN2"/>
                    <label end="174" start="173" name="PRF"/>
                    <label end="178" start="176" name="DPS"/>
                    <label end="187" start="180" name="NN1"/>
                    <label end="189" start="189" name="PUN"/>
                </layer>
            </annotationSet>
            <annotationSet cDate="01/08/2003 12:23:22 PST Wed" status="MANUAL" ID="1550252">
                <layer rank="1" name="FE">
                    <label cBy="618" feID="2261" end="106" start="75" name="Location"/>
                    <label cBy="618" feID="2271" end="126" start="116" name="Degree"/>
                    <label cBy="618" feID="2260" end="187" start="128" name="Theme"/>
                </layer>
                <layer rank="1" name="GF">
                    <label end="106" start="75" name="Ext"/>
                    <label end="126" start="116" name="Dep"/>
                    <label end="187" start="128" name="Dep"/>
                </layer>
                <layer rank="1" name="PT">
                    <label end="106" start="75" name="NP"/>
                    <label end="126" start="116" name="PP"/>
                    <label end="187" start="128" name="PP"/>
                </layer>
                <layer rank="1" name="Sent"/>
                <layer rank="1" name="Other"/>
                <layer rank="1" name="Target">
                    <label cBy="103" end="114" start="108" name="Target"/>
                </layer>
                <layer rank="1" name="Adj"/>
            </annotationSet>
        </sentence>
    </subCorpus>
    <subCorpus name="A-160-s20-pother">
        <sentence sentNo="0" aPos="80118085" ID="1049412">
            <text>The frigidaire is stuffed to bursting with food . </text>
            <annotationSet cDate="01/08/2003 12:23:23 PST Wed" status="UNANN" ID="1550269">
                <layer rank="1" name="BNC">
                    <label end="2" start="0" name="AT0"/>
                    <label end="13" start="4" name="NN1"/>
                    <label end="16" start="15" name="VBZ"/>
                    <label end="24" start="18" name="VVN"/>
                    <label end="27" start="26" name="PRP"/>
                    <label end="36" start="29" name="VVG"/>
                    <label end="41" start="38" name="PRP"/>
                    <label end="46" start="43" name="NN1"/>
                    <label end="48" start="48" name="PUN"/>
                </layer>
            </annotationSet>
            <annotationSet cDate="01/08/2003 12:23:23 PST Wed" status="MANUAL" ID="1550270">
                <layer rank="1" name="FE">
                    <label cBy="618" feID="2261" end="13" start="0" name="Location"/>
                    <label cBy="618" feID="2271" end="36" start="26" name="Degree"/>
                    <label cBy="618" feID="2260" end="46" start="38" name="Theme"/>
                </layer>
                <layer rank="1" name="GF">
                    <label end="13" start="0" name="Ext"/>
                    <label end="36" start="26" name="Dep"/>
                    <label end="46" start="38" name="Dep"/>
                </layer>
                <layer rank="1" name="PT">
                    <label end="13" start="0" name="NP"/>
                    <label end="36" start="26" name="PPing"/>
                    <label end="46" start="38" name="PP"/>
                </layer>
                <layer rank="1" name="Sent"/>
                <layer rank="1" name="Other"/>
                <layer rank="1" name="Target">
                    <label cBy="103" end="24" start="18" name="Target"/>
                </layer>
                <layer rank="1" name="Adj">
                    <label end="16" start="15" name="Cop"/>
                </layer>
            </annotationSet>
        </sentence>
    </subCorpus>
    <subCorpus name="A-170-s20-prenom">
        <sentence sentNo="0" aPos="21510609" ID="1049419">
            <text>She was taken to wait in the room with the stuffed fish . </text>
            <annotationSet cDate="01/08/2003 12:23:24 PST Wed" status="UNANN" ID="1550283">
                <layer rank="1" name="BNC">
                    <label end="2" start="0" name="PNP"/>
                    <label end="6" start="4" name="VBD"/>
                    <label end="12" start="8" name="VVN"/>
                    <label end="15" start="14" name="TO0"/>
                    <label end="20" start="17" name="VVI"/>
                    <label end="23" start="22" name="PRP"/>
                    <label end="27" start="25" name="AT0"/>
                    <label end="32" start="29" name="NN1"/>
                    <label end="37" start="34" name="PRP"/>
                    <label end="41" start="39" name="AT0"/>
                    <label end="49" start="43" name="AJ0"/>
                    <label end="54" start="51" name="NN0"/>
                    <label end="56" start="56" name="PUN"/>
                </layer>
            </annotationSet>
            <annotationSet cDate="01/08/2003 12:23:24 PST Wed" status="MANUAL" ID="1550284">
                <layer rank="1" name="FE">
                    <label cBy="618" feID="2261" end="54" start="51" name="Location"/>
                </layer>
                <layer rank="1" name="GF">
                    <label end="54" start="51" name="Head"/>
                </layer>
                <layer rank="1" name="PT">
                    <label end="54" start="51" name="N"/>
                </layer>
                <layer rank="1" name="Sent"/>
                <layer rank="1" name="Other"/>
                <layer rank="1" name="Target">
                    <label cBy="103" end="49" start="43" name="Target"/>
                </layer>
                <layer rank="1" name="Adj"/>
            </annotationSet>
        </sentence>
        <sentence sentNo="0" aPos="109032164" ID="1049431">
            <text>Half a stuffed pepper makes a very good starter for a dinner party . </text>
            <annotationSet cDate="01/08/2003 12:23:25 PST Wed" status="UNANN" ID="1550307">
                <layer rank="1" name="BNC">
                    <label end="3" start="0" name="DT0"/>
                    <label end="5" start="5" name="AT0"/>
                    <label end="13" start="7" name="AJ0"/>
                    <label end="20" start="15" name="NN1"/>
                    <label end="26" start="22" name="VVZ"/>
                    <label end="28" start="28" name="AT0"/>
                    <label end="33" start="30" name="AV0"/>
                    <label end="38" start="35" name="AJ0"/>
                    <label end="46" start="40" name="NN1"/>
                    <label end="50" start="48" name="PRP"/>
                    <label end="52" start="52" name="AT0"/>
                    <label end="59" start="54" name="NN1"/>
                    <label end="65" start="61" name="NN0"/>
                    <label end="67" start="67" name="PUN"/>
                </layer>
            </annotationSet>
            <annotationSet cDate="01/08/2003 12:23:25 PST Wed" status="MANUAL" ID="1550308">
                <layer rank="1" name="FE">
                    <label cBy="618" feID="2261" end="20" start="15" name="Location"/>
                </layer>
                <layer rank="1" name="GF">
                    <label end="20" start="15" name="Head"/>
                </layer>
                <layer rank="1" name="PT">
                    <label end="20" start="15" name="N"/>
                </layer>
                <layer rank="1" name="Sent"/>
                <layer rank="1" name="Other"/>
                <layer rank="1" name="Target">
                    <label cBy="103" end="13" start="7" name="Target"/>
                </layer>
                <layer rank="1" name="Adj"/>
            </annotationSet>
        </sentence>
    </subCorpus>
    <subCorpus name="A-180-s20-punct"/>
    <subCorpus name="A-190-s20-other">
        <sentence sentNo="0" aPos="29751540" ID="1049461">
            <text>She thought of the fridge stuffed full of food ( some of which would n't last much longer ) , thought of the long evening ahead . </text>
            <annotationSet cDate="01/08/2003 12:23:28 PST Wed" status="UNANN" ID="1550367">
                <layer rank="1" name="BNC">
                    <label end="2" start="0" name="PNP"/>
                    <label end="10" start="4" name="VVD"/>
                    <label end="13" start="12" name="PRF"/>
                    <label end="17" start="15" name="AT0"/>
                    <label end="24" start="19" name="NN1"/>
                    <label end="32" start="26" name="VVD"/>
                    <label end="37" start="34" name="AJ0"/>
                    <label end="40" start="39" name="PRF"/>
                    <label end="45" start="42" name="NN1"/>
                    <label end="47" start="47" name="PUL"/>
                    <label end="52" start="49" name="DT0"/>
                    <label end="55" start="54" name="PRF"/>
                    <label end="61" start="57" name="DTQ"/>
                    <label end="67" start="63" name="VM0"/>
                    <label end="71" start="69" name="XX0"/>
                    <label end="76" start="73" name="VVI"/>
                    <label end="81" start="78" name="AV0"/>
                    <label end="88" start="83" name="AV0"/>
                    <label end="90" start="90" name="PUR"/>
                    <label end="92" start="92" name="PUN"/>
                    <label end="100" start="94" name="NN1"/>
                    <label end="103" start="102" name="PRF"/>
                    <label end="107" start="105" name="AT0"/>
                    <label end="112" start="109" name="AJ0"/>
                    <label end="120" start="114" name="NN1"/>
                    <label end="126" start="122" name="AV0"/>
                    <label end="128" start="128" name="PUN"/>
                </layer>
            </annotationSet>
            <annotationSet cDate="01/08/2003 12:23:28 PST Wed" status="MANUAL" ID="1550368">
                <layer rank="1" name="FE">
                    <label cBy="618" feID="2261" end="24" start="15" name="Location"/>
                    <label cBy="618" feID="3491" end="45" start="34" name="Depictive"/>
                </layer>
                <layer rank="1" name="GF">
                    <label end="24" start="15" name="Ext"/>
                    <label end="45" start="34" name="Dep"/>
                </layer>
                <layer rank="1" name="PT">
                    <label end="24" start="15" name="NP"/>
                    <label end="45" start="34" name="AJP"/>
                </layer>
                <layer rank="1" name="Sent"/>
                <layer rank="1" name="Other"/>
                <layer rank="1" name="Target">
                    <label cBy="103" end="32" start="26" name="Target"/>
                </layer>
                <layer rank="1" name="Adj"/>
            </annotationSet>
        </sentence>
        <sentence sentNo="0" aPos="55882294" ID="1049464">
            <text>There was a stuffed and mounted gazelle 's head with one of its glass eyes missing . </text>
            <annotationSet cDate="01/08/2003 12:23:29 PST Wed" status="UNANN" ID="1550373">
                <layer rank="1" name="BNC">
                    <label end="4" start="0" name="EX0"/>
                    <label end="8" start="6" name="VBD"/>
                    <label end="10" start="10" name="AT0"/>
                    <label end="18" start="12" name="AJ0"/>
                    <label end="22" start="20" name="CJC"/>
                    <label end="30" start="24" name="AJ0-VVD"/>
                    <label end="38" start="32" name="NN1"/>
                    <label end="41" start="40" name="POS"/>
                    <label end="46" start="43" name="AJ0-NN1"/>
                    <label end="51" start="48" name="PRP"/>
                    <label end="55" start="53" name="CRD"/>
                    <label end="58" start="57" name="PRF"/>
                    <label end="62" start="60" name="DPS"/>
                    <label end="68" start="64" name="NN1"/>
                    <label end="73" start="70" name="NN2"/>
                    <label end="81" start="75" name="VVG"/>
                    <label end="83" start="83" name="PUN"/>
                </layer>
            </annotationSet>
            <annotationSet cDate="01/08/2003 12:23:29 PST Wed" status="MANUAL" ID="1550374">
                <layer rank="1" name="FE">
                    <label cBy="618" feID="2261" end="46" start="32" name="Location"/>
                </layer>
                <layer rank="1" name="GF">
                    <label end="46" start="32" name="Head"/>
                </layer>
                <layer rank="1" name="PT">
                    <label end="46" start="32" name="N"/>
                </layer>
                <layer rank="1" name="Sent"/>
                <layer rank="1" name="Other"/>
                <layer rank="1" name="Target">
                    <label cBy="103" end="18" start="12" name="Target"/>
                </layer>
                <layer rank="1" name="Adj"/>
            </annotationSet>
        </sentence>
    </subCorpus>
</lexUnit>