<?xml version="1.0" encoding="UTF-8" standalone="yes"?>
<?xml-stylesheet type="text/xsl" href="lexUnit.xsl"?>
<lexUnit status="Finished_Initial" POS="V" name="burn.v" ID="6904" frame="Experience_bodily_harm" frameID="384" totalAnnotated="18" xsi:schemaLocation="../schema/lexUnit.xsd" xmlns="http://framenet.icsi.berkeley.edu" xmlns:xsi="http://www.w3.org/2001/XMLSchema-instance">
    <header>
        <frame>
            <FE fgColor="FFFFFF" bgColor="9F79EE" type="Core" abbrev="BodP" name="Body_part"/>
            <FE fgColor="FFFFFF" bgColor="A52A2A" type="Extra-Thematic" abbrev="con" name="Containing_event"/>
            <FE fgColor="FFFFFF" bgColor="A52A2A" type="Peripheral" abbrev="Dur" name="Duration"/>
            <FE fgColor="FFFFFF" bgColor="0000FF" type="Core" abbrev="Exp" name="Experiencer"/>
            <FE fgColor="FFFFFF" bgColor="0000FF" type="Extra-Thematic" abbrev="Freq" name="Frequency"/>
            <FE fgColor="FFFFFF" bgColor="808080" type="Peripheral" abbrev="Inj_ent" name="Injuring_entity"/>
            <FE fgColor="FFFFFF" bgColor="800080" type="Extra-Thematic" abbrev="Iter" name="Iterations"/>
            <FE fgColor="FFFFFF" bgColor="FF00FF" type="Peripheral" abbrev="Manr" name="Manner"/>
            <FE fgColor="FFFFFF" bgColor="008000" type="Peripheral" abbrev="Place" name="Place"/>
            <FE fgColor="FFFFFF" bgColor="FF0000" type="Peripheral" abbrev="Sev" name="Severity"/>
            <FE fgColor="FFFFFF" bgColor="FFA500" type="Peripheral" abbrev="Time" name="Time"/>
        </frame>
    </header>
    <definition>COD: be or cause to be harmed or destroyed by fire. </definition>
    <lexeme POS="V" name="burn"/>
    <valences>
        <FERealization total="15">
            <FE name="Body_part"/>
            <pattern total="1">
                <valenceUnit GF="" PT="INI" FE="Body_part"/>
                <annoSet ID="1524527"/>
            </pattern>
            <pattern total="14">
                <valenceUnit GF="Obj" PT="NP" FE="Body_part"/>
                <annoSet ID="1524407"/>
                <annoSet ID="1524411"/>
                <annoSet ID="1524413"/>
                <annoSet ID="1524425"/>
                <annoSet ID="1524455"/>
                <annoSet ID="1524471"/>
                <annoSet ID="1524473"/>
                <annoSet ID="1524479"/>
                <annoSet ID="1524503"/>
                <annoSet ID="1524551"/>
                <annoSet ID="1524595"/>
                <annoSet ID="1524703"/>
                <annoSet ID="1524705"/>
                <annoSet ID="1524757"/>
            </pattern>
        </FERealization>
        <FERealization total="1">
            <FE name="Containing_event"/>
            <pattern total="1">
                <valenceUnit GF="Dep" PT="PP[in]" FE="Containing_event"/>
                <annoSet ID="1524413"/>
            </pattern>
        </FERealization>
        <FERealization total="18">
            <FE name="Experiencer"/>
            <pattern total="18">
                <valenceUnit GF="Ext" PT="NP" FE="Experiencer"/>
                <annoSet ID="1524407"/>
                <annoSet ID="1524411"/>
                <annoSet ID="1524413"/>
                <annoSet ID="1524425"/>
                <annoSet ID="1524455"/>
                <annoSet ID="1524471"/>
                <annoSet ID="1524473"/>
                <annoSet ID="1524479"/>
                <annoSet ID="1524503"/>
                <annoSet ID="1524509"/>
                <annoSet ID="1524527"/>
                <annoSet ID="1524551"/>
                <annoSet ID="1524585"/>
                <annoSet ID="1524595"/>
                <annoSet ID="1524601"/>
                <annoSet ID="1524703"/>
                <annoSet ID="1524705"/>
                <annoSet ID="1524757"/>
            </pattern>
            <pattern total="4">
                <valenceUnit GF="Obj" PT="NP" FE="Experiencer"/>
                <annoSet ID="1524509"/>
                <annoSet ID="1524527"/>
                <annoSet ID="1524585"/>
                <annoSet ID="1524601"/>
            </pattern>
            <pattern total="12">
                <valenceUnit GF="" PT="2nd" FE="Experiencer"/>
                <annoSet ID="1524407"/>
                <annoSet ID="1524411"/>
                <annoSet ID="1524413"/>
                <annoSet ID="1524425"/>
                <annoSet ID="1524471"/>
                <annoSet ID="1524473"/>
                <annoSet ID="1524503"/>
                <annoSet ID="1524551"/>
                <annoSet ID="1524595"/>
                <annoSet ID="1524703"/>
                <annoSet ID="1524705"/>
                <annoSet ID="1524757"/>
            </pattern>
        </FERealization>
        <FERealization total="7">
            <FE name="Injuring_entity"/>
            <pattern total="1">
                <valenceUnit GF="Dep" PT="PP[with]" FE="Injuring_entity"/>
                <annoSet ID="1524527"/>
            </pattern>
            <pattern total="1">
                <valenceUnit GF="Dep" PT="PP[in]" FE="Injuring_entity"/>
                <annoSet ID="1524471"/>
            </pattern>
            <pattern total="1">
                <valenceUnit GF="Dep" PT="PPing[on]" FE="Injuring_entity"/>
                <annoSet ID="1524757"/>
            </pattern>
            <pattern total="4">
                <valenceUnit GF="Dep" PT="PP[on]" FE="Injuring_entity"/>
                <annoSet ID="1524479"/>
                <annoSet ID="1524595"/>
                <annoSet ID="1524703"/>
                <annoSet ID="1524705"/>
            </pattern>
        </FERealization>
        <FERealization total="3">
            <FE name="Severity"/>
            <pattern total="1">
                <valenceUnit GF="Dep" PT="AVP" FE="Severity"/>
                <annoSet ID="1524413"/>
            </pattern>
            <pattern total="2">
                <valenceUnit GF="Dep" PT="AJP" FE="Severity"/>
                <annoSet ID="1524425"/>
                <annoSet ID="1524509"/>
            </pattern>
        </FERealization>
        <FERealization total="2">
            <FE name="Time"/>
            <pattern total="1">
                <valenceUnit GF="Dep" PT="AVP" FE="Time"/>
                <annoSet ID="1524551"/>
            </pattern>
            <pattern total="1">
                <valenceUnit GF="Dep" PT="PP[ago]" FE="Time"/>
                <annoSet ID="1524473"/>
            </pattern>
        </FERealization>
        <FEGroupRealization total="1">
            <FE name="Body_part"/>
            <FE name="Containing_event"/>
            <FE name="Experiencer"/>
            <FE name="Experiencer"/>
            <FE name="Severity"/>
            <pattern total="1">
                <valenceUnit GF="Obj" PT="NP" FE="Body_part"/>
                <valenceUnit GF="Dep" PT="PP[in]" FE="Containing_event"/>
                <valenceUnit GF="" PT="2nd" FE="Experiencer"/>
                <valenceUnit GF="Ext" PT="NP" FE="Experiencer"/>
                <valenceUnit GF="Dep" PT="AVP" FE="Severity"/>
                <annoSet ID="1524413"/>
            </pattern>
        </FEGroupRealization>
        <FEGroupRealization total="4">
            <FE name="Body_part"/>
            <FE name="Experiencer"/>
            <FE name="Experiencer"/>
            <pattern total="3">
                <valenceUnit GF="Obj" PT="NP" FE="Body_part"/>
                <valenceUnit GF="" PT="2nd" FE="Experiencer"/>
                <valenceUnit GF="Ext" PT="NP" FE="Experiencer"/>
                <annoSet ID="1524407"/>
                <annoSet ID="1524411"/>
                <annoSet ID="1524503"/>
            </pattern>
            <pattern total="1">
                <valenceUnit GF="Obj" PT="NP" FE="Body_part"/>
                <valenceUnit GF="Ext" PT="NP" FE="Experiencer"/>
                <valenceUnit GF="Ext" PT="NP" FE="Experiencer"/>
                <annoSet ID="1524455"/>
            </pattern>
        </FEGroupRealization>
        <FEGroupRealization total="6">
            <FE name="Body_part"/>
            <FE name="Experiencer"/>
            <FE name="Experiencer"/>
            <FE name="Injuring_entity"/>
            <pattern total="1">
                <valenceUnit GF="" PT="INI" FE="Body_part"/>
                <valenceUnit GF="Ext" PT="NP" FE="Experiencer"/>
                <valenceUnit GF="Obj" PT="NP" FE="Experiencer"/>
                <valenceUnit GF="Dep" PT="PP[with]" FE="Injuring_entity"/>
                <annoSet ID="1524527"/>
            </pattern>
            <pattern total="1">
                <valenceUnit GF="Obj" PT="NP" FE="Body_part"/>
                <valenceUnit GF="" PT="2nd" FE="Experiencer"/>
                <valenceUnit GF="Ext" PT="NP" FE="Experiencer"/>
                <valenceUnit GF="Dep" PT="PP[in]" FE="Injuring_entity"/>
                <annoSet ID="1524471"/>
            </pattern>
            <pattern total="1">
                <valenceUnit GF="Obj" PT="NP" FE="Body_part"/>
                <valenceUnit GF="" PT="2nd" FE="Experiencer"/>
                <valenceUnit GF="Ext" PT="NP" FE="Experiencer"/>
                <valenceUnit GF="Dep" PT="PPing[on]" FE="Injuring_entity"/>
                <annoSet ID="1524757"/>
            </pattern>
            <pattern total="3">
                <valenceUnit GF="Obj" PT="NP" FE="Body_part"/>
                <valenceUnit GF="" PT="2nd" FE="Experiencer"/>
                <valenceUnit GF="Ext" PT="NP" FE="Experiencer"/>
                <valenceUnit GF="Dep" PT="PP[on]" FE="Injuring_entity"/>
                <annoSet ID="1524595"/>
                <annoSet ID="1524703"/>
                <annoSet ID="1524705"/>
            </pattern>
        </FEGroupRealization>
        <FEGroupRealization total="1">
            <FE name="Body_part"/>
            <FE name="Experiencer"/>
            <FE name="Experiencer"/>
            <FE name="Severity"/>
            <pattern total="1">
                <valenceUnit GF="Obj" PT="NP" FE="Body_part"/>
                <valenceUnit GF="" PT="2nd" FE="Experiencer"/>
                <valenceUnit GF="Ext" PT="NP" FE="Experiencer"/>
                <valenceUnit GF="Dep" PT="AJP" FE="Severity"/>
                <annoSet ID="1524425"/>
            </pattern>
        </FEGroupRealization>
        <FEGroupRealization total="2">
            <FE name="Body_part"/>
            <FE name="Experiencer"/>
            <FE name="Experiencer"/>
            <FE name="Time"/>
            <pattern total="1">
                <valenceUnit GF="Obj" PT="NP" FE="Body_part"/>
                <valenceUnit GF="" PT="2nd" FE="Experiencer"/>
                <valenceUnit GF="Ext" PT="NP" FE="Experiencer"/>
                <valenceUnit GF="Dep" PT="AVP" FE="Time"/>
                <annoSet ID="1524551"/>
            </pattern>
            <pattern total="1">
                <valenceUnit GF="Obj" PT="NP" FE="Body_part"/>
                <valenceUnit GF="" PT="2nd" FE="Experiencer"/>
                <valenceUnit GF="Ext" PT="NP" FE="Experiencer"/>
                <valenceUnit GF="Dep" PT="PP[ago]" FE="Time"/>
                <annoSet ID="1524473"/>
            </pattern>
        </FEGroupRealization>
        <FEGroupRealization total="1">
            <FE name="Body_part"/>
            <FE name="Experiencer"/>
            <FE name="Injuring_entity"/>
            <pattern total="1">
                <valenceUnit GF="Obj" PT="NP" FE="Body_part"/>
                <valenceUnit GF="Ext" PT="NP" FE="Experiencer"/>
                <valenceUnit GF="Dep" PT="PP[on]" FE="Injuring_entity"/>
                <annoSet ID="1524479"/>
            </pattern>
        </FEGroupRealization>
        <FEGroupRealization total="2">
            <FE name="Experiencer"/>
            <FE name="Experiencer"/>
            <pattern total="2">
                <valenceUnit GF="Ext" PT="NP" FE="Experiencer"/>
                <valenceUnit GF="Obj" PT="NP" FE="Experiencer"/>
                <annoSet ID="1524585"/>
                <annoSet ID="1524601"/>
            </pattern>
        </FEGroupRealization>
        <FEGroupRealization total="1">
            <FE name="Experiencer"/>
            <FE name="Experiencer"/>
            <FE name="Severity"/>
            <pattern total="1">
                <valenceUnit GF="Ext" PT="NP" FE="Experiencer"/>
                <valenceUnit GF="Obj" PT="NP" FE="Experiencer"/>
                <valenceUnit GF="Dep" PT="AJP" FE="Severity"/>
                <annoSet ID="1524509"/>
            </pattern>
        </FEGroupRealization>
    </valences>
    <subCorpus name="V-429-s20-rcoll-arm">
        <sentence sentNo="0" aPos="21495217" ID="1036378">
            <text>My sister 's burnt her arm , but before you come and dress it , I must tell you that we 're frightfully hard up . </text>
            <annotationSet cDate="01/07/2003 11:53:52 PST Tue" status="UNANN" ID="1524406">
                <layer rank="1" name="BNC">
                    <label end="1" start="0" name="DPS"/>
                    <label end="8" start="3" name="NN1"/>
                    <label end="11" start="10" name="VHZ"/>
                    <label end="17" start="13" name="VVN"/>
                    <label end="21" start="19" name="DPS"/>
                    <label end="25" start="23" name="NN1"/>
                    <label end="27" start="27" name="PUN"/>
                    <label end="31" start="29" name="CJC"/>
                    <label end="38" start="33" name="CJS"/>
                    <label end="42" start="40" name="PNP"/>
                    <label end="47" start="44" name="VVB"/>
                    <label end="51" start="49" name="CJC"/>
                    <label end="57" start="53" name="VVB"/>
                    <label end="60" start="59" name="PNP"/>
                    <label end="62" start="62" name="PUN"/>
                    <label end="64" start="64" name="PNP"/>
                    <label end="69" start="66" name="VM0"/>
                    <label end="74" start="71" name="VVI"/>
                    <label end="78" start="76" name="PNP"/>
                    <label end="83" start="80" name="CJT"/>
                    <label end="86" start="85" name="PNP"/>
                    <label end="90" start="88" name="VBB"/>
                    <label end="102" start="92" name="AV0"/>
                    <label end="107" start="104" name="AJ0"/>
                    <label end="110" start="109" name="AJ0"/>
                    <label end="112" start="112" name="PUN"/>
                </layer>
            </annotationSet>
            <annotationSet cDate="01/07/2003 11:53:52 PST Tue" status="MANUAL" ID="1524407">
                <layer rank="1" name="FE">
                    <label cBy="865" feID="3443" end="8" start="0" name="Experiencer"/>
                    <label cBy="865" feID="3439" end="25" start="19" name="Body_part"/>
                </layer>
                <layer rank="1" name="GF">
                    <label end="8" start="0" name="Ext"/>
                    <label end="25" start="19" name="Obj"/>
                </layer>
                <layer rank="1" name="PT">
                    <label end="8" start="0" name="NP"/>
                    <label end="25" start="19" name="NP"/>
                </layer>
                <layer rank="1" name="Sent"/>
                <layer rank="1" name="Other"/>
                <layer rank="1" name="Target">
                    <label cBy="103" end="17" start="13" name="Target"/>
                </layer>
                <layer rank="1" name="Verb"/>
                <layer rank="2" name="FE">
                    <label cBy="865" feID="3443" end="21" start="19" name="Experiencer"/>
                </layer>
            </annotationSet>
        </sentence>
        <sentence sentNo="0" aPos="34739485" ID="1036380">
            <text>The millionaire band have been forced to pull out of dates in Toronto , Denver and San Diego after Metallica 's James Hetfield burnt his arm . </text>
            <annotationSet cDate="01/07/2003 11:53:52 PST Tue" status="UNANN" ID="1524410">
                <layer rank="1" name="BNC">
                    <label end="2" start="0" name="AT0"/>
                    <label end="14" start="4" name="NN1"/>
                    <label end="19" start="16" name="NN1"/>
                    <label end="24" start="21" name="VHB"/>
                    <label end="29" start="26" name="VBN"/>
                    <label end="36" start="31" name="VVN"/>
                    <label end="39" start="38" name="TO0"/>
                    <label end="44" start="41" name="VVI"/>
                    <label end="48" start="46" name="PRP"/>
                    <label end="51" start="50" name="PRP"/>
                    <label end="57" start="53" name="NN2"/>
                    <label end="60" start="59" name="PRP"/>
                    <label end="68" start="62" name="NP0"/>
                    <label end="70" start="70" name="PUN"/>
                    <label end="77" start="72" name="NP0"/>
                    <label end="81" start="79" name="CJC"/>
                    <label end="85" start="83" name="NP0"/>
                    <label end="91" start="87" name="NP0"/>
                    <label end="97" start="93" name="CJS-PRP"/>
                    <label end="107" start="99" name="NP0"/>
                    <label end="110" start="109" name="POS"/>
                    <label end="116" start="112" name="NP0"/>
                    <label end="125" start="118" name="NP0"/>
                    <label end="131" start="127" name="VVD"/>
                    <label end="135" start="133" name="DPS"/>
                    <label end="139" start="137" name="NN1"/>
                    <label end="141" start="141" name="PUN"/>
                </layer>
            </annotationSet>
            <annotationSet cDate="01/07/2003 11:53:52 PST Tue" status="MANUAL" ID="1524411">
                <layer rank="1" name="FE">
                    <label cBy="865" feID="3443" end="125" start="99" name="Experiencer"/>
                    <label cBy="865" feID="3439" end="139" start="133" name="Body_part"/>
                </layer>
                <layer rank="1" name="GF">
                    <label end="125" start="99" name="Ext"/>
                    <label end="139" start="133" name="Obj"/>
                </layer>
                <layer rank="1" name="PT">
                    <label end="125" start="99" name="NP"/>
                    <label end="139" start="133" name="NP"/>
                </layer>
                <layer rank="1" name="Sent"/>
                <layer rank="1" name="Other"/>
                <layer rank="1" name="Target">
                    <label cBy="103" end="131" start="127" name="Target"/>
                </layer>
                <layer rank="1" name="Verb"/>
                <layer rank="2" name="FE">
                    <label cBy="865" feID="3443" end="135" start="133" name="Experiencer"/>
                </layer>
            </annotationSet>
        </sentence>
        <sentence sentNo="0" aPos="34760203" ID="1036381">
            <text>The ex-England bowler badly burned his arm in the strimmer accident . </text>
            <annotationSet cDate="01/07/2003 11:53:52 PST Tue" status="UNANN" ID="1524412">
                <layer rank="1" name="BNC">
                    <label end="2" start="0" name="AT0"/>
                    <label end="13" start="4" name="AJ0"/>
                    <label end="20" start="15" name="NN1"/>
                    <label end="26" start="22" name="AV0"/>
                    <label end="33" start="28" name="VVD"/>
                    <label end="37" start="35" name="DPS"/>
                    <label end="41" start="39" name="NN1"/>
                    <label end="44" start="43" name="PRP"/>
                    <label end="48" start="46" name="AT0"/>
                    <label end="57" start="50" name="NN1"/>
                    <label end="66" start="59" name="NN1"/>
                    <label end="68" start="68" name="PUN"/>
                </layer>
            </annotationSet>
            <annotationSet cDate="01/07/2003 11:53:52 PST Tue" status="MANUAL" ID="1524413">
                <layer rank="1" name="FE">
                    <label cBy="865" feID="3443" end="20" start="0" name="Experiencer"/>
                    <label cBy="865" feID="3467" end="26" start="22" name="Severity"/>
                    <label cBy="865" feID="3439" end="41" start="35" name="Body_part"/>
                    <label cBy="865" feID="3440" end="66" start="43" name="Containing_event"/>
                </layer>
                <layer rank="1" name="GF">
                    <label end="20" start="0" name="Ext"/>
                    <label end="26" start="22" name="Dep"/>
                    <label end="41" start="35" name="Obj"/>
                    <label end="66" start="43" name="Dep"/>
                </layer>
                <layer rank="1" name="PT">
                    <label end="20" start="0" name="NP"/>
                    <label end="26" start="22" name="AVP"/>
                    <label end="41" start="35" name="NP"/>
                    <label end="66" start="43" name="PP"/>
                </layer>
                <layer rank="1" name="Sent"/>
                <layer rank="1" name="Other"/>
                <layer rank="1" name="Target">
                    <label cBy="103" end="33" start="28" name="Target"/>
                </layer>
                <layer rank="1" name="Verb"/>
                <layer rank="2" name="FE">
                    <label cBy="865" feID="3443" end="37" start="35" name="Experiencer"/>
                </layer>
            </annotationSet>
        </sentence>
    </subCorpus>
    <subCorpus name="V-429-s20-rcoll-badly">
        <sentence sentNo="0" aPos="104537376" ID="1036387">
            <text>I tried it once and burnt my mouth so badly I looked like I 'd been kissing superglue . </text>
            <annotationSet cDate="01/07/2003 11:53:53 PST Tue" status="UNANN" ID="1524424">
                <layer rank="1" name="BNC">
                    <label end="0" start="0" name="PNP"/>
                    <label end="6" start="2" name="VVD"/>
                    <label end="9" start="8" name="PNP"/>
                    <label end="14" start="11" name="AV0"/>
                    <label end="18" start="16" name="CJC"/>
                    <label end="24" start="20" name="VVD-VVN"/>
                    <label end="27" start="26" name="DPS"/>
                    <label end="33" start="29" name="NN1"/>
                    <label end="36" start="35" name="AV0"/>
                    <label end="42" start="38" name="AV0"/>
                    <label end="44" start="44" name="PNP"/>
                    <label end="51" start="46" name="VVD"/>
                    <label end="56" start="53" name="PRP"/>
                    <label end="58" start="58" name="PNP"/>
                    <label end="61" start="60" name="VHD"/>
                    <label end="66" start="63" name="VBN"/>
                    <label end="74" start="68" name="AJ0-VVG"/>
                    <label end="84" start="76" name="NN1"/>
                    <label end="86" start="86" name="PUN"/>
                </layer>
            </annotationSet>
            <annotationSet cDate="01/07/2003 11:53:53 PST Tue" status="MANUAL" ID="1524425">
                <layer rank="1" name="FE">
                    <label cBy="865" feID="3443" end="0" start="0" name="Experiencer"/>
                    <label cBy="865" feID="3439" end="33" start="26" name="Body_part"/>
                    <label cBy="865" feID="3467" end="84" start="35" name="Severity"/>
                </layer>
                <layer rank="1" name="GF">
                    <label end="0" start="0" name="Ext"/>
                    <label end="33" start="26" name="Obj"/>
                    <label end="84" start="35" name="Dep"/>
                </layer>
                <layer rank="1" name="PT">
                    <label end="0" start="0" name="NP"/>
                    <label end="33" start="26" name="NP"/>
                    <label end="84" start="35" name="AJP"/>
                </layer>
                <layer rank="1" name="Sent"/>
                <layer rank="1" name="Other"/>
                <layer rank="1" name="Target">
                    <label cBy="103" end="24" start="20" name="Target"/>
                </layer>
                <layer rank="1" name="Verb"/>
                <layer rank="2" name="FE">
                    <label cBy="865" feID="3443" end="27" start="26" name="Experiencer"/>
                </layer>
            </annotationSet>
        </sentence>
    </subCorpus>
    <subCorpus name="V-429-s20-rcoll-body">
        <sentence sentNo="0" aPos="106178815" ID="1036402">
            <text>A court in the Chinese city of Shanghai sentenced Li Xinghua for disfiguring Pan Ping , 24 , who was burned over 30 per cent of her body , including her face . </text>
            <annotationSet cDate="01/07/2003 11:53:54 PST Tue" status="UNANN" ID="1524454">
                <layer rank="1" name="BNC">
                    <label end="0" start="0" name="AT0"/>
                    <label end="6" start="2" name="NN1"/>
                    <label end="9" start="8" name="PRP"/>
                    <label end="13" start="11" name="AT0"/>
                    <label end="21" start="15" name="AJ0"/>
                    <label end="26" start="23" name="NN1"/>
                    <label end="29" start="28" name="PRF"/>
                    <label end="38" start="31" name="NP0"/>
                    <label end="48" start="40" name="VVD"/>
                    <label end="51" start="50" name="CRD"/>
                    <label end="59" start="53" name="NN1-NP0"/>
                    <label end="63" start="61" name="PRP"/>
                    <label end="75" start="65" name="VVG"/>
                    <label end="79" start="77" name="NP0"/>
                    <label end="84" start="81" name="NN1"/>
                    <label end="86" start="86" name="PUN"/>
                    <label end="89" start="88" name="CRD"/>
                    <label end="91" start="91" name="PUN"/>
                    <label end="95" start="93" name="PNQ"/>
                    <label end="99" start="97" name="VBD"/>
                    <label end="106" start="101" name="VVN"/>
                    <label end="111" start="108" name="AV0"/>
                    <label end="114" start="113" name="CRD"/>
                    <label end="118" start="116" name="NN0"/>
                    <label end="123" start="120" name="NN0"/>
                    <label end="126" start="125" name="PRF"/>
                    <label end="130" start="128" name="DPS"/>
                    <label end="135" start="132" name="NN1"/>
                    <label end="137" start="137" name="PUN"/>
                    <label end="147" start="139" name="PRP"/>
                    <label end="151" start="149" name="DPS"/>
                    <label end="156" start="153" name="NN1"/>
                    <label end="158" start="158" name="PUN"/>
                </layer>
            </annotationSet>
            <annotationSet cDate="01/07/2003 11:53:55 PST Tue" status="MANUAL" ID="1524455">
                <layer rank="1" name="FE">
                    <label cBy="865" feID="3439" end="156" start="108" name="Body_part"/>
                    <label cBy="605" feID="3443" end="91" start="77" name="Experiencer"/>
                    <label cBy="605" feID="3443" end="95" start="93" name="Experiencer"/>
                </layer>
                <layer rank="1" name="GF">
                    <label end="156" start="108" name="Obj"/>
                    <label end="91" start="77" name="Ext"/>
                    <label end="95" start="93" name="Ext"/>
                </layer>
                <layer rank="1" name="PT">
                    <label end="156" start="108" name="NP"/>
                    <label end="91" start="77" name="NP"/>
                    <label end="95" start="93" name="NP"/>
                </layer>
                <layer rank="1" name="Sent"/>
                <layer rank="1" name="Other">
                    <label end="91" start="77" name="Ant"/>
                    <label end="95" start="93" name="Rel"/>
                </layer>
                <layer rank="1" name="Target">
                    <label cBy="103" end="106" start="101" name="Target"/>
                </layer>
                <layer rank="1" name="Verb"/>
            </annotationSet>
        </sentence>
    </subCorpus>
    <subCorpus name="V-429-s20-rcoll-face">
        <sentence sentNo="0" aPos="79930978" ID="1036410">
            <text>` God , Theda ! &quot; he uttered hoarsely , burning his face in the copper tresses that echoed the flaming fire in his loins . </text>
            <annotationSet cDate="01/07/2003 11:53:55 PST Tue" status="UNANN" ID="1524470">
                <layer rank="1" name="BNC">
                    <label end="0" start="0" name="PUQ"/>
                    <label end="4" start="2" name="NP0"/>
                    <label end="6" start="6" name="PUN"/>
                    <label end="12" start="8" name="NP0"/>
                    <label end="14" start="14" name="PUN"/>
                    <label end="16" start="16" name="PUQ"/>
                    <label end="19" start="18" name="PNP"/>
                    <label end="27" start="21" name="VVD"/>
                    <label end="36" start="29" name="AV0"/>
                    <label end="38" start="38" name="PUN"/>
                    <label end="46" start="40" name="VVG"/>
                    <label end="50" start="48" name="DPS"/>
                    <label end="55" start="52" name="NN1"/>
                    <label end="58" start="57" name="PRP"/>
                    <label end="62" start="60" name="AT0"/>
                    <label end="69" start="64" name="NN1"/>
                    <label end="77" start="71" name="VVZ"/>
                    <label end="82" start="79" name="CJT"/>
                    <label end="89" start="84" name="VVD"/>
                    <label end="93" start="91" name="AT0"/>
                    <label end="101" start="95" name="AJ0"/>
                    <label end="106" start="103" name="NN1"/>
                    <label end="109" start="108" name="PRP"/>
                    <label end="113" start="111" name="DPS"/>
                    <label end="119" start="115" name="NN2"/>
                    <label end="121" start="121" name="PUN"/>
                </layer>
            </annotationSet>
            <annotationSet cDate="01/07/2003 11:53:55 PST Tue" status="MANUAL" ID="1524471">
                <layer rank="1" name="FE">
                    <label cBy="865" feID="3443" end="19" start="18" name="Experiencer"/>
                    <label cBy="865" feID="3439" end="55" start="48" name="Body_part"/>
                    <label cBy="865" feID="3446" end="119" start="57" name="Injuring_entity"/>
                </layer>
                <layer rank="1" name="GF">
                    <label end="19" start="18" name="Ext"/>
                    <label end="55" start="48" name="Obj"/>
                    <label end="119" start="57" name="Dep"/>
                </layer>
                <layer rank="1" name="PT">
                    <label end="19" start="18" name="NP"/>
                    <label end="55" start="48" name="NP"/>
                    <label end="119" start="57" name="PP"/>
                </layer>
                <layer rank="1" name="Sent"/>
                <layer rank="1" name="Other"/>
                <layer rank="1" name="Target">
                    <label cBy="103" end="46" start="40" name="Target"/>
                </layer>
                <layer rank="1" name="Verb"/>
                <layer rank="2" name="FE">
                    <label cBy="865" feID="3443" end="50" start="48" name="Experiencer"/>
                </layer>
            </annotationSet>
        </sentence>
    </subCorpus>
    <subCorpus name="V-429-s20-rcoll-finger">
        <sentence sentNo="0" aPos="2313127" ID="1036411">
            <text>Having burned their fingers two years ago , senior Ford executives will continue to press for change , but preferably not at the expense of another strike . </text>
            <annotationSet cDate="01/07/2003 11:53:55 PST Tue" status="UNANN" ID="1524472">
                <layer rank="1" name="BNC">
                    <label end="5" start="0" name="VHG"/>
                    <label end="12" start="7" name="VVN"/>
                    <label end="18" start="14" name="DPS"/>
                    <label end="26" start="20" name="NN2"/>
                    <label end="30" start="28" name="CRD"/>
                    <label end="36" start="32" name="NN2"/>
                    <label end="40" start="38" name="PRP"/>
                    <label end="42" start="42" name="PUN"/>
                    <label end="49" start="44" name="AJ0-NN1"/>
                    <label end="54" start="51" name="NN1-NP0"/>
                    <label end="65" start="56" name="NN2"/>
                    <label end="70" start="67" name="VM0"/>
                    <label end="79" start="72" name="VVI"/>
                    <label end="82" start="81" name="TO0"/>
                    <label end="88" start="84" name="VVI"/>
                    <label end="92" start="90" name="PRP"/>
                    <label end="99" start="94" name="NN1"/>
                    <label end="101" start="101" name="PUN"/>
                    <label end="105" start="103" name="CJC"/>
                    <label end="116" start="107" name="AV0"/>
                    <label end="120" start="118" name="XX0"/>
                    <label end="123" start="122" name="PRP"/>
                    <label end="127" start="125" name="AT0"/>
                    <label end="135" start="129" name="NN1"/>
                    <label end="138" start="137" name="PRF"/>
                    <label end="146" start="140" name="DT0"/>
                    <label end="153" start="148" name="NN1"/>
                    <label end="155" start="155" name="PUN"/>
                </layer>
            </annotationSet>
            <annotationSet cDate="01/07/2003 11:53:56 PST Tue" status="MANUAL" ID="1524473">
                <layer rank="1" name="FE">
                    <label cBy="865" feID="3439" end="26" start="14" name="Body_part"/>
                    <label cBy="865" feID="3445" end="40" start="28" name="Time"/>
                    <label cBy="865" feID="3443" end="65" start="44" name="Experiencer"/>
                </layer>
                <layer rank="1" name="GF">
                    <label end="26" start="14" name="Obj"/>
                    <label end="40" start="28" name="Dep"/>
                    <label end="65" start="44" name="Ext"/>
                </layer>
                <layer rank="1" name="PT">
                    <label end="26" start="14" name="NP"/>
                    <label end="40" start="28" name="PP"/>
                    <label end="65" start="44" name="NP"/>
                </layer>
                <layer rank="1" name="Sent"/>
                <layer rank="1" name="Other"/>
                <layer rank="1" name="Target">
                    <label cBy="103" end="12" start="7" name="Target"/>
                </layer>
                <layer rank="1" name="Verb"/>
                <layer rank="2" name="FE">
                    <label cBy="865" feID="3443" end="18" start="14" name="Experiencer"/>
                </layer>
            </annotationSet>
        </sentence>
        <sentence sentNo="0" aPos="13054636" ID="1036414">
            <text>Stretching out an incautious hand he burnt a finger on one of the bars . </text>
            <annotationSet cDate="01/07/2003 11:53:57 PST Tue" status="UNANN" ID="1524478">
                <layer rank="1" name="BNC">
                    <label end="9" start="0" name="VVG"/>
                    <label end="13" start="11" name="AVP"/>
                    <label end="16" start="15" name="AT0"/>
                    <label end="27" start="18" name="AJ0"/>
                    <label end="32" start="29" name="NN1"/>
                    <label end="35" start="34" name="PNP"/>
                    <label end="41" start="37" name="VVD"/>
                    <label end="43" start="43" name="AT0"/>
                    <label end="50" start="45" name="NN1"/>
                    <label end="53" start="52" name="PRP"/>
                    <label end="57" start="55" name="CRD"/>
                    <label end="60" start="59" name="PRF"/>
                    <label end="64" start="62" name="AT0"/>
                    <label end="69" start="66" name="NN2"/>
                    <label end="71" start="71" name="PUN"/>
                </layer>
            </annotationSet>
            <annotationSet cDate="01/07/2003 11:53:57 PST Tue" status="MANUAL" ID="1524479">
                <layer rank="1" name="FE">
                    <label cBy="865" feID="3443" end="35" start="34" name="Experiencer"/>
                    <label cBy="865" feID="3439" end="50" start="43" name="Body_part"/>
                    <label cBy="865" feID="3446" end="69" start="52" name="Injuring_entity"/>
                </layer>
                <layer rank="1" name="GF">
                    <label end="35" start="34" name="Ext"/>
                    <label end="50" start="43" name="Obj"/>
                    <label end="69" start="52" name="Dep"/>
                </layer>
                <layer rank="1" name="PT">
                    <label end="35" start="34" name="NP"/>
                    <label end="50" start="43" name="NP"/>
                    <label end="69" start="52" name="PP"/>
                </layer>
                <layer rank="1" name="Sent"/>
                <layer rank="1" name="Other"/>
                <layer rank="1" name="Target">
                    <label cBy="103" end="41" start="37" name="Target"/>
                </layer>
                <layer rank="1" name="Verb"/>
            </annotationSet>
        </sentence>
        <sentence sentNo="0" aPos="79893308" ID="1036426">
            <text>` Are you afraid I may burn my fingers ? &quot; </text>
            <annotationSet cDate="01/07/2003 11:53:59 PST Tue" status="UNANN" ID="1524502">
                <layer rank="1" name="BNC">
                    <label end="0" start="0" name="PUQ"/>
                    <label end="4" start="2" name="VBB"/>
                    <label end="8" start="6" name="PNP"/>
                    <label end="15" start="10" name="AJ0"/>
                    <label end="17" start="17" name="PNP"/>
                    <label end="21" start="19" name="VM0"/>
                    <label end="26" start="23" name="VVI"/>
                    <label end="29" start="28" name="DPS"/>
                    <label end="37" start="31" name="NN2"/>
                    <label end="39" start="39" name="PUN"/>
                    <label end="41" start="41" name="PUQ"/>
                </layer>
            </annotationSet>
            <annotationSet cDate="01/07/2003 11:53:59 PST Tue" status="MANUAL" ID="1524503">
                <layer rank="1" name="FE">
                    <label cBy="865" feID="3443" end="17" start="17" name="Experiencer"/>
                    <label cBy="865" feID="3439" end="37" start="28" name="Body_part"/>
                </layer>
                <layer rank="1" name="GF">
                    <label end="17" start="17" name="Ext"/>
                    <label end="37" start="28" name="Obj"/>
                </layer>
                <layer rank="1" name="PT">
                    <label end="17" start="17" name="NP"/>
                    <label end="37" start="28" name="NP"/>
                </layer>
                <layer rank="1" name="Sent"/>
                <layer rank="1" name="Other"/>
                <layer rank="1" name="Target">
                    <label cBy="103" end="26" start="23" name="Target"/>
                </layer>
                <layer rank="1" name="Verb"/>
                <layer rank="2" name="FE">
                    <label cBy="865" feID="3443" end="29" start="28" name="Experiencer"/>
                </layer>
            </annotationSet>
        </sentence>
    </subCorpus>
    <subCorpus name="V-429-s20-rcoll-herself">
        <sentence sentNo="0" aPos="66430802" ID="1036429">
            <text>Then Aunt Bessie had a stroke , more than one in fact , and burned herself rather badly , because she apparently suffered one when she was bending down to tend the fire . </text>
            <annotationSet cDate="01/07/2003 11:54:00 PST Tue" status="UNANN" ID="1524508">
                <layer rank="1" name="BNC">
                    <label end="3" start="0" name="AV0"/>
                    <label end="8" start="5" name="NP0"/>
                    <label end="15" start="10" name="NP0"/>
                    <label end="19" start="17" name="VHD"/>
                    <label end="21" start="21" name="AT0"/>
                    <label end="28" start="23" name="NN1"/>
                    <label end="30" start="30" name="PUN"/>
                    <label end="35" start="32" name="AV0"/>
                    <label end="40" start="37" name="AV0"/>
                    <label end="44" start="42" name="CRD"/>
                    <label end="47" start="46" name="PRP"/>
                    <label end="52" start="49" name="NN1"/>
                    <label end="54" start="54" name="PUN"/>
                    <label end="58" start="56" name="CJC"/>
                    <label end="65" start="60" name="VVD"/>
                    <label end="73" start="67" name="PNX"/>
                    <label end="80" start="75" name="AV0"/>
                    <label end="86" start="82" name="AV0"/>
                    <label end="88" start="88" name="PUN"/>
                    <label end="96" start="90" name="CJS"/>
                    <label end="100" start="98" name="PNP"/>
                    <label end="111" start="102" name="AV0"/>
                    <label end="120" start="113" name="VVD"/>
                    <label end="124" start="122" name="CRD-PNI"/>
                    <label end="129" start="126" name="AVQ-CJS"/>
                    <label end="133" start="131" name="PNP"/>
                    <label end="137" start="135" name="VBD"/>
                    <label end="145" start="139" name="VVG"/>
                    <label end="150" start="147" name="AVP"/>
                    <label end="153" start="152" name="TO0"/>
                    <label end="158" start="155" name="VVI"/>
                    <label end="162" start="160" name="AT0"/>
                    <label end="167" start="164" name="NN1"/>
                    <label end="169" start="169" name="PUN"/>
                </layer>
            </annotationSet>
            <annotationSet cDate="01/07/2003 11:54:00 PST Tue" status="MANUAL" ID="1524509">
                <layer rank="1" name="FE">
                    <label cBy="865" feID="3443" end="15" start="5" name="Experiencer"/>
                    <label cBy="865" feID="3443" end="73" start="67" name="Experiencer"/>
                    <label cBy="865" feID="3467" end="86" start="75" name="Severity"/>
                </layer>
                <layer rank="1" name="GF">
                    <label end="15" start="5" name="Ext"/>
                    <label end="73" start="67" name="Obj"/>
                    <label end="86" start="75" name="Dep"/>
                </layer>
                <layer rank="1" name="PT">
                    <label end="15" start="5" name="NP"/>
                    <label end="73" start="67" name="NP"/>
                    <label end="86" start="75" name="AJP"/>
                </layer>
                <layer rank="1" name="Sent"/>
                <layer rank="1" name="Other"/>
                <layer rank="1" name="Target">
                    <label cBy="103" end="65" start="60" name="Target"/>
                </layer>
                <layer rank="1" name="Verb"/>
            </annotationSet>
        </sentence>
    </subCorpus>
    <subCorpus name="V-429-s20-rcoll-himself">
        <sentence sentNo="0" aPos="25263227" ID="1036438">
            <text>Dustin also found that firing a gun was not something he was adept at , and would often burn himself with the powder from the blank cartridge . </text>
            <annotationSet cDate="01/07/2003 11:54:01 PST Tue" status="UNANN" ID="1524526">
                <layer rank="1" name="BNC">
                    <label end="5" start="0" name="NN1-NP0"/>
                    <label end="10" start="7" name="AV0"/>
                    <label end="16" start="12" name="VVD-VVN"/>
                    <label end="21" start="18" name="CJT-DT0"/>
                    <label end="28" start="23" name="VVG"/>
                    <label end="30" start="30" name="AT0"/>
                    <label end="34" start="32" name="NN1"/>
                    <label end="38" start="36" name="VBD"/>
                    <label end="42" start="40" name="XX0"/>
                    <label end="52" start="44" name="PNI"/>
                    <label end="55" start="54" name="PNP"/>
                    <label end="59" start="57" name="VBD"/>
                    <label end="65" start="61" name="AJ0"/>
                    <label end="68" start="67" name="PRP"/>
                    <label end="70" start="70" name="PUN"/>
                    <label end="74" start="72" name="CJC"/>
                    <label end="80" start="76" name="VM0"/>
                    <label end="86" start="82" name="AV0"/>
                    <label end="91" start="88" name="VVI"/>
                    <label end="99" start="93" name="PNX"/>
                    <label end="104" start="101" name="PRP"/>
                    <label end="108" start="106" name="AT0"/>
                    <label end="115" start="110" name="NN1"/>
                    <label end="120" start="117" name="PRP"/>
                    <label end="124" start="122" name="AT0"/>
                    <label end="130" start="126" name="AJ0"/>
                    <label end="140" start="132" name="NN1"/>
                    <label end="142" start="142" name="PUN"/>
                </layer>
            </annotationSet>
            <annotationSet cDate="01/07/2003 11:54:01 PST Tue" status="MANUAL" ID="1524527">
                <layer rank="1" name="FE">
                    <label cBy="865" feID="3443" end="5" start="0" name="Experiencer"/>
                    <label cBy="865" feID="3443" end="99" start="93" name="Experiencer"/>
                    <label cBy="865" feID="3446" end="140" start="101" name="Injuring_entity"/>
                    <label cBy="664" feID="3439" itype="INI" name="Body_part"/>
                </layer>
                <layer rank="1" name="GF">
                    <label end="5" start="0" name="Ext"/>
                    <label end="99" start="93" name="Obj"/>
                    <label end="140" start="101" name="Dep"/>
                </layer>
                <layer rank="1" name="PT">
                    <label end="5" start="0" name="NP"/>
                    <label end="99" start="93" name="NP"/>
                    <label end="140" start="101" name="PP"/>
                </layer>
                <layer rank="1" name="Sent"/>
                <layer rank="1" name="Other"/>
                <layer rank="1" name="Target">
                    <label cBy="103" end="91" start="88" name="Target"/>
                </layer>
                <layer rank="1" name="Verb"/>
            </annotationSet>
        </sentence>
    </subCorpus>
    <subCorpus name="V-429-s20-rcoll-myself"/>
    <subCorpus name="V-429-s20-rcoll-nose">
        <sentence sentNo="0" aPos="19344642" ID="1036450">
            <text>He had stepped into the steam room to be met by a blast of hissing scalding fog which caused him to breath in sharply , thereby promptly burning his nose . </text>
            <annotationSet cDate="01/07/2003 11:54:02 PST Tue" status="UNANN" ID="1524550">
                <layer rank="1" name="BNC">
                    <label end="1" start="0" name="PNP"/>
                    <label end="5" start="3" name="VHD"/>
                    <label end="13" start="7" name="VVN"/>
                    <label end="18" start="15" name="PRP"/>
                    <label end="22" start="20" name="AT0"/>
                    <label end="28" start="24" name="NN1"/>
                    <label end="33" start="30" name="NN1"/>
                    <label end="36" start="35" name="TO0"/>
                    <label end="39" start="38" name="VBI"/>
                    <label end="43" start="41" name="VVN"/>
                    <label end="46" start="45" name="PRP"/>
                    <label end="48" start="48" name="AT0"/>
                    <label end="54" start="50" name="NN1"/>
                    <label end="57" start="56" name="PRF"/>
                    <label end="65" start="59" name="VVG"/>
                    <label end="74" start="67" name="AJ0"/>
                    <label end="78" start="76" name="NN1"/>
                    <label end="84" start="80" name="DTQ"/>
                    <label end="91" start="86" name="VVD"/>
                    <label end="95" start="93" name="PNP"/>
                    <label end="98" start="97" name="PRP"/>
                    <label end="105" start="100" name="NN1"/>
                    <label end="108" start="107" name="PRP"/>
                    <label end="116" start="110" name="AV0"/>
                    <label end="118" start="118" name="PUN"/>
                    <label end="126" start="120" name="AV0"/>
                    <label end="135" start="128" name="AV0"/>
                    <label end="143" start="137" name="VVG"/>
                    <label end="147" start="145" name="DPS"/>
                    <label end="152" start="149" name="NN1"/>
                    <label end="154" start="154" name="PUN"/>
                </layer>
            </annotationSet>
            <annotationSet cDate="01/07/2003 11:54:02 PST Tue" status="MANUAL" ID="1524551">
                <layer rank="1" name="FE">
                    <label cBy="865" feID="3443" end="1" start="0" name="Experiencer"/>
                    <label cBy="865" feID="3439" end="152" start="145" name="Body_part"/>
                    <label cBy="865" feID="3445" end="135" start="128" name="Time"/>
                </layer>
                <layer rank="1" name="GF">
                    <label end="1" start="0" name="Ext"/>
                    <label end="152" start="145" name="Obj"/>
                    <label end="135" start="128" name="Dep"/>
                </layer>
                <layer rank="1" name="PT">
                    <label end="1" start="0" name="NP"/>
                    <label end="152" start="145" name="NP"/>
                    <label end="135" start="128" name="AVP"/>
                </layer>
                <layer rank="1" name="Sent"/>
                <layer rank="1" name="Other"/>
                <layer rank="1" name="Target">
                    <label cBy="103" end="143" start="137" name="Target"/>
                </layer>
                <layer rank="1" name="Verb"/>
                <layer rank="2" name="FE">
                    <label cBy="865" feID="3443" end="147" start="145" name="Experiencer"/>
                </layer>
            </annotationSet>
        </sentence>
    </subCorpus>
    <subCorpus name="V-429-s20-rcoll-skin"/>
    <subCorpus name="V-429-s20-rcoll-themselves">
        <sentence sentNo="0" aPos="62553572" ID="1036467">
            <text>And the fact that they all burned themselves , or tried to . </text>
            <annotationSet cDate="01/07/2003 11:54:04 PST Tue" status="UNANN" ID="1524584">
                <layer rank="1" name="BNC">
                    <label end="2" start="0" name="CJC"/>
                    <label end="6" start="4" name="AT0"/>
                    <label end="11" start="8" name="NN1"/>
                    <label end="16" start="13" name="CJT"/>
                    <label end="21" start="18" name="PNP"/>
                    <label end="25" start="23" name="AV0"/>
                    <label end="32" start="27" name="VVD"/>
                    <label end="43" start="34" name="PNX"/>
                    <label end="45" start="45" name="PUN"/>
                    <label end="48" start="47" name="CJC"/>
                    <label end="54" start="50" name="VVD-VVN"/>
                    <label end="57" start="56" name="TO0"/>
                    <label end="59" start="59" name="PUN"/>
                </layer>
            </annotationSet>
            <annotationSet cDate="01/07/2003 11:54:04 PST Tue" status="MANUAL" ID="1524585">
                <layer rank="1" name="FE">
                    <label cBy="865" feID="3443" end="25" start="18" name="Experiencer"/>
                    <label cBy="865" feID="3443" end="43" start="34" name="Experiencer"/>
                </layer>
                <layer rank="1" name="GF">
                    <label end="25" start="18" name="Ext"/>
                    <label end="43" start="34" name="Obj"/>
                </layer>
                <layer rank="1" name="PT">
                    <label end="25" start="18" name="NP"/>
                    <label end="43" start="34" name="NP"/>
                </layer>
                <layer rank="1" name="Sent"/>
                <layer rank="1" name="Other"/>
                <layer rank="1" name="Target">
                    <label cBy="103" end="32" start="27" name="Target"/>
                </layer>
                <layer rank="1" name="Verb"/>
            </annotationSet>
        </sentence>
    </subCorpus>
    <subCorpus name="V-429-s20-rcoll-toe">
        <sentence sentNo="0" aPos="75630874" ID="1036472">
            <text>Lucenzo built a log fire in the big medieval fireplace , and they sat burning their toes on the stone hearth . </text>
            <annotationSet cDate="01/07/2003 11:54:05 PST Tue" status="UNANN" ID="1524594">
                <layer rank="1" name="BNC">
                    <label end="6" start="0" name="NP0"/>
                    <label end="12" start="8" name="VVD"/>
                    <label end="14" start="14" name="AT0"/>
                    <label end="18" start="16" name="NN1"/>
                    <label end="23" start="20" name="NN1"/>
                    <label end="26" start="25" name="PRP"/>
                    <label end="30" start="28" name="AT0"/>
                    <label end="34" start="32" name="AJ0"/>
                    <label end="43" start="36" name="AJ0"/>
                    <label end="53" start="45" name="NN1"/>
                    <label end="55" start="55" name="PUN"/>
                    <label end="59" start="57" name="CJC"/>
                    <label end="64" start="61" name="PNP"/>
                    <label end="68" start="66" name="VVD"/>
                    <label end="76" start="70" name="VVG"/>
                    <label end="82" start="78" name="DPS"/>
                    <label end="87" start="84" name="NN2"/>
                    <label end="90" start="89" name="PRP"/>
                    <label end="94" start="92" name="AT0"/>
                    <label end="100" start="96" name="NN1"/>
                    <label end="107" start="102" name="NN1"/>
                    <label end="109" start="109" name="PUN"/>
                </layer>
            </annotationSet>
            <annotationSet cDate="01/07/2003 11:54:05 PST Tue" status="MANUAL" ID="1524595">
                <layer rank="1" name="FE">
                    <label cBy="865" feID="3443" end="64" start="61" name="Experiencer"/>
                    <label cBy="865" feID="3439" end="87" start="78" name="Body_part"/>
                    <label cBy="865" feID="3446" end="107" start="89" name="Injuring_entity"/>
                </layer>
                <layer rank="1" name="GF">
                    <label end="64" start="61" name="Ext"/>
                    <label end="87" start="78" name="Obj"/>
                    <label end="107" start="89" name="Dep"/>
                </layer>
                <layer rank="1" name="PT">
                    <label end="64" start="61" name="NP"/>
                    <label end="87" start="78" name="NP"/>
                    <label end="107" start="89" name="PP"/>
                </layer>
                <layer rank="1" name="Sent"/>
                <layer rank="1" name="Other"/>
                <layer rank="1" name="Target">
                    <label cBy="103" end="76" start="70" name="Target"/>
                </layer>
                <layer rank="1" name="Verb"/>
                <layer rank="2" name="FE">
                    <label cBy="865" feID="3443" end="82" start="78" name="Experiencer"/>
                </layer>
            </annotationSet>
        </sentence>
    </subCorpus>
    <subCorpus name="V-429-s20-rcoll-yourself">
        <sentence sentNo="0" aPos="56479004" ID="1036475">
            <text>It 's also good for sunburn and if you burn yourself . </text>
            <annotationSet cDate="01/07/2003 11:54:05 PST Tue" status="UNANN" ID="1524600">
                <layer rank="1" name="BNC">
                    <label end="1" start="0" name="PNP"/>
                    <label end="4" start="3" name="VBZ"/>
                    <label end="9" start="6" name="AV0"/>
                    <label end="14" start="11" name="AJ0"/>
                    <label end="18" start="16" name="PRP"/>
                    <label end="26" start="20" name="NN1"/>
                    <label end="30" start="28" name="CJC"/>
                    <label end="33" start="32" name="CJS"/>
                    <label end="37" start="35" name="PNP"/>
                    <label end="42" start="39" name="VVB"/>
                    <label end="51" start="44" name="PNX"/>
                    <label end="53" start="53" name="PUN"/>
                </layer>
            </annotationSet>
            <annotationSet cDate="01/07/2003 11:54:05 PST Tue" status="MANUAL" ID="1524601">
                <layer rank="1" name="FE">
                    <label cBy="865" feID="3443" end="37" start="35" name="Experiencer"/>
                    <label cBy="865" feID="3443" end="51" start="44" name="Experiencer"/>
                </layer>
                <layer rank="1" name="GF">
                    <label end="37" start="35" name="Ext"/>
                    <label end="51" start="44" name="Obj"/>
                </layer>
                <layer rank="1" name="PT">
                    <label end="37" start="35" name="NP"/>
                    <label end="51" start="44" name="NP"/>
                </layer>
                <layer rank="1" name="Sent"/>
                <layer rank="1" name="Other"/>
                <layer rank="1" name="Target">
                    <label cBy="103" end="42" start="39" name="Target"/>
                </layer>
                <layer rank="1" name="Verb"/>
            </annotationSet>
        </sentence>
    </subCorpus>
    <subCorpus name="V-500-s20-vpto"/>
    <subCorpus name="V-520-s20-np-vping"/>
    <subCorpus name="V-530-s20-np-vpto"/>
    <subCorpus name="V-570-s20-np-ppat"/>
    <subCorpus name="V-570-s20-np-ppon">
        <sentence sentNo="0" aPos="41335332" ID="1036526">
            <text>Patrons not wishing to burn their legs on the metal benches watch from an air-conditioned tier heavy with the reek of cigarettes and beer . </text>
            <annotationSet cDate="01/07/2003 11:54:12 PST Tue" status="UNANN" ID="1524702">
                <layer rank="1" name="BNC">
                    <label end="6" start="0" name="NN2"/>
                    <label end="10" start="8" name="XX0"/>
                    <label end="18" start="12" name="VVG"/>
                    <label end="21" start="20" name="TO0"/>
                    <label end="26" start="23" name="VVI"/>
                    <label end="32" start="28" name="DPS"/>
                    <label end="37" start="34" name="NN2"/>
                    <label end="40" start="39" name="PRP"/>
                    <label end="44" start="42" name="AT0"/>
                    <label end="50" start="46" name="NN1"/>
                    <label end="58" start="52" name="NN2-VVZ"/>
                    <label end="64" start="60" name="NN1-VVB"/>
                    <label end="69" start="66" name="PRP"/>
                    <label end="72" start="71" name="AT0"/>
                    <label end="88" start="74" name="AJ0"/>
                    <label end="93" start="90" name="NN1"/>
                    <label end="99" start="95" name="AJ0"/>
                    <label end="104" start="101" name="PRP"/>
                    <label end="108" start="106" name="AT0"/>
                    <label end="113" start="110" name="NN1"/>
                    <label end="116" start="115" name="PRF"/>
                    <label end="127" start="118" name="NN2"/>
                    <label end="131" start="129" name="CJC"/>
                    <label end="136" start="133" name="NN1"/>
                    <label end="138" start="138" name="PUN"/>
                </layer>
            </annotationSet>
            <annotationSet cDate="01/07/2003 11:54:12 PST Tue" status="MANUAL" ID="1524703">
                <layer rank="1" name="FE">
                    <label cBy="865" feID="3443" end="6" start="0" name="Experiencer"/>
                    <label cBy="865" feID="3439" end="37" start="28" name="Body_part"/>
                    <label cBy="865" feID="3446" end="58" start="39" name="Injuring_entity"/>
                </layer>
                <layer rank="1" name="GF">
                    <label end="6" start="0" name="Ext"/>
                    <label end="37" start="28" name="Obj"/>
                    <label end="58" start="39" name="Dep"/>
                </layer>
                <layer rank="1" name="PT">
                    <label end="6" start="0" name="NP"/>
                    <label end="37" start="28" name="NP"/>
                    <label end="58" start="39" name="PP"/>
                </layer>
                <layer rank="1" name="Sent"/>
                <layer rank="1" name="Other"/>
                <layer rank="1" name="Target">
                    <label cBy="103" end="26" start="23" name="Target"/>
                </layer>
                <layer rank="1" name="Verb"/>
                <layer rank="2" name="FE">
                    <label cBy="865" feID="3443" end="32" start="28" name="Experiencer"/>
                </layer>
            </annotationSet>
        </sentence>
        <sentence sentNo="0" aPos="25587369" ID="1036527">
            <text>` Larry , &quot; she said , ` I 've just burnt my hand on the oven grid because of you . &quot; </text>
            <annotationSet cDate="01/07/2003 11:54:12 PST Tue" status="UNANN" ID="1524704">
                <layer rank="1" name="BNC">
                    <label end="0" start="0" name="PUQ"/>
                    <label end="6" start="2" name="NP0"/>
                    <label end="8" start="8" name="PUN"/>
                    <label end="10" start="10" name="PUQ"/>
                    <label end="14" start="12" name="PNP"/>
                    <label end="19" start="16" name="VVD"/>
                    <label end="21" start="21" name="PUN"/>
                    <label end="23" start="23" name="PUQ"/>
                    <label end="25" start="25" name="PNP"/>
                    <label end="29" start="27" name="VHB"/>
                    <label end="34" start="31" name="AV0"/>
                    <label end="40" start="36" name="VVN"/>
                    <label end="43" start="42" name="DPS"/>
                    <label end="48" start="45" name="NN1"/>
                    <label end="51" start="50" name="PRP"/>
                    <label end="55" start="53" name="AT0"/>
                    <label end="60" start="57" name="NN1"/>
                    <label end="65" start="62" name="NN1"/>
                    <label end="73" start="67" name="PRP"/>
                    <label end="76" start="75" name="PRP"/>
                    <label end="80" start="78" name="PNP"/>
                    <label end="82" start="82" name="PUN"/>
                    <label end="84" start="84" name="PUQ"/>
                </layer>
            </annotationSet>
            <annotationSet cDate="01/07/2003 11:54:13 PST Tue" status="MANUAL" ID="1524705">
                <layer rank="1" name="FE">
                    <label cBy="865" feID="3443" end="25" start="25" name="Experiencer"/>
                    <label cBy="865" feID="3439" end="48" start="42" name="Body_part"/>
                    <label cBy="865" feID="3446" end="65" start="50" name="Injuring_entity"/>
                </layer>
                <layer rank="1" name="GF">
                    <label end="25" start="25" name="Ext"/>
                    <label end="48" start="42" name="Obj"/>
                    <label end="65" start="50" name="Dep"/>
                </layer>
                <layer rank="1" name="PT">
                    <label end="25" start="25" name="NP"/>
                    <label end="48" start="42" name="NP"/>
                    <label end="65" start="50" name="PP"/>
                </layer>
                <layer rank="1" name="Sent"/>
                <layer rank="1" name="Other"/>
                <layer rank="1" name="Target">
                    <label cBy="103" end="40" start="36" name="Target"/>
                </layer>
                <layer rank="1" name="Verb"/>
                <layer rank="2" name="FE">
                    <label cBy="865" feID="3443" end="43" start="42" name="Experiencer"/>
                </layer>
            </annotationSet>
        </sentence>
    </subCorpus>
    <subCorpus name="V-620-s20-np-ppother"/>
    <subCorpus name="V-650-s20-np-pother">
        <sentence sentNo="0" aPos="58762444" ID="1036553">
            <text>Melanie burned her mouth on scalding tea . </text>
            <annotationSet cDate="01/07/2003 11:54:16 PST Tue" status="UNANN" ID="1524756">
                <layer rank="1" name="BNC">
                    <label end="6" start="0" name="NN1-NP0"/>
                    <label end="13" start="8" name="VVD"/>
                    <label end="17" start="15" name="DPS"/>
                    <label end="23" start="19" name="NN1"/>
                    <label end="26" start="25" name="PRP"/>
                    <label end="35" start="28" name="VVG"/>
                    <label end="39" start="37" name="NN1"/>
                    <label end="41" start="41" name="PUN"/>
                </layer>
            </annotationSet>
            <annotationSet cDate="01/07/2003 11:54:16 PST Tue" status="MANUAL" ID="1524757">
                <layer rank="1" name="FE">
                    <label cBy="865" feID="3443" end="6" start="0" name="Experiencer"/>
                    <label cBy="865" feID="3439" end="23" start="15" name="Body_part"/>
                    <label cBy="865" feID="3446" end="39" start="25" name="Injuring_entity"/>
                </layer>
                <layer rank="1" name="GF">
                    <label end="6" start="0" name="Ext"/>
                    <label end="23" start="15" name="Obj"/>
                    <label end="39" start="25" name="Dep"/>
                </layer>
                <layer rank="1" name="PT">
                    <label end="6" start="0" name="NP"/>
                    <label end="23" start="15" name="NP"/>
                    <label end="39" start="25" name="PPing"/>
                </layer>
                <layer rank="1" name="Sent"/>
                <layer rank="1" name="Other"/>
                <layer rank="1" name="Target">
                    <label cBy="103" end="13" start="8" name="Target"/>
                </layer>
                <layer rank="1" name="Verb"/>
                <layer rank="2" name="FE">
                    <label cBy="865" feID="3443" end="17" start="15" name="Experiencer"/>
                </layer>
            </annotationSet>
        </sentence>
    </subCorpus>
    <subCorpus name="V-660-s20-trans-simple"/>
    <subCorpus name="V-670-s20-pass-by"/>
    <subCorpus name="V-680-s20-pass"/>
    <subCorpus name="V-690-s20-trans-other"/>
    <subCorpus name="V-880-s20-intrans-simple"/>
    <subCorpus name="V-890-s20-intrans-adverb"/>
    <subCorpus name="V-900-s20-other"/>
</lexUnit>