<?xml version="1.0" encoding="UTF-8" standalone="yes"?>
<?xml-stylesheet type="text/xsl" href="lexUnit.xsl"?>
<lexUnit status="Finished_Initial" POS="A" name="stupefied.a" ID="6951" frame="Emotion_directed" frameID="46" totalAnnotated="6" xsi:schemaLocation="../schema/lexUnit.xsd" xmlns="http://framenet.icsi.berkeley.edu" xmlns:xsi="http://www.w3.org/2001/XMLSchema-instance">
    <header>
        <frame>
            <FE fgColor="FFFFFF" bgColor="00BFFF" type="Extra-Thematic" abbrev="cir" name="Circumstances"/>
            <FE fgColor="FFFFFF" bgColor="FF69B4" type="Peripheral" abbrev="Degr" name="Degree"/>
            <FE fgColor="FFFFFF" bgColor="0000FF" type="Extra-Thematic" abbrev="ET" name="Empathy_target"/>
            <FE fgColor="FFFFFF" bgColor="A52A2A" type="Core" abbrev="Event" name="Event"/>
            <FE fgColor="FFFFFF" bgColor="800080" type="Core" abbrev="Exp" name="Experiencer"/>
            <FE fgColor="FFFFFF" bgColor="008000" type="Core" abbrev="Exr" name="Expressor"/>
            <FE fgColor="000000" bgColor="7FFF00" type="Extra-Thematic" abbrev="" name="Frequency"/>
            <FE fgColor="FFFFFF" bgColor="FF00FF" type="Peripheral" abbrev="" name="Manner"/>
            <FE fgColor="FFFFFF" bgColor="2E8B57" type="Peripheral" abbrev="" name="Parameter"/>
            <FE fgColor="FFFFFF" bgColor="00008B" type="Extra-Thematic" abbrev="Reas" name="Reason"/>
            <FE fgColor="FFFFFF" bgColor="9F79EE" type="Core" abbrev="State" name="State"/>
            <FE fgColor="FFFFFF" bgColor="FF0000" type="Core" abbrev="Stim" name="Stimulus"/>
            <FE fgColor="FFFFFF" bgColor="FFA500" type="Core" abbrev="Top" name="Topic"/>
        </frame>
    </header>
    <definition>FN: astonished or astounded</definition>
    <lexeme POS="A" name="stupefied"/>
    <valences>
        <governor type="Sup" lemma="feel">
            <annoSet ID="1544831"/>
        </governor>
        <FERealization total="5">
            <FE name="Experiencer"/>
            <pattern total="3">
                <valenceUnit GF="Head" PT="N" FE="Experiencer"/>
                <annoSet ID="1544815"/>
                <annoSet ID="1544817"/>
                <annoSet ID="1544819"/>
            </pattern>
            <pattern total="2">
                <valenceUnit GF="Ext" PT="NP" FE="Experiencer"/>
                <annoSet ID="1544821"/>
                <annoSet ID="1544831"/>
            </pattern>
        </FERealization>
        <FERealization total="1">
            <FE name="State"/>
            <pattern total="1">
                <valenceUnit GF="Head" PT="N" FE="State"/>
                <annoSet ID="1544829"/>
            </pattern>
        </FERealization>
        <FEGroupRealization total="5">
            <FE name="Experiencer"/>
            <pattern total="3">
                <valenceUnit GF="Head" PT="N" FE="Experiencer"/>
                <annoSet ID="1544815"/>
                <annoSet ID="1544817"/>
                <annoSet ID="1544819"/>
            </pattern>
            <pattern total="2">
                <valenceUnit GF="Ext" PT="NP" FE="Experiencer"/>
                <annoSet ID="1544821"/>
                <annoSet ID="1544831"/>
            </pattern>
        </FEGroupRealization>
        <FEGroupRealization total="1">
            <FE name="State"/>
            <pattern total="1">
                <valenceUnit GF="Head" PT="N" FE="State"/>
                <annoSet ID="1544829"/>
            </pattern>
        </FEGroupRealization>
    </valences>
    <subCorpus name="A-001-all">
        <sentence sentNo="0" aPos="15646407" ID="1046660">
            <text>Except the O'Neil family in the first row of the circle , who sat in stupefied amazement , hardly believing what they had witnessed . </text>
            <annotationSet cDate="01/08/2003 12:17:10 PST Wed" status="UNANN" ID="1544814">
                <layer rank="1" name="BNC">
                    <label end="5" start="0" name="CJS"/>
                    <label end="9" start="7" name="AT0"/>
                    <label end="16" start="11" name="NP0"/>
                    <label end="23" start="18" name="NN0"/>
                    <label end="26" start="25" name="PRP"/>
                    <label end="30" start="28" name="AT0"/>
                    <label end="36" start="32" name="ORD"/>
                    <label end="40" start="38" name="NN1"/>
                    <label end="43" start="42" name="PRF"/>
                    <label end="47" start="45" name="AT0"/>
                    <label end="54" start="49" name="NN1"/>
                    <label end="56" start="56" name="PUN"/>
                    <label end="60" start="58" name="PNQ"/>
                    <label end="64" start="62" name="VVD"/>
                    <label end="67" start="66" name="PRP"/>
                    <label end="77" start="69" name="AJ0"/>
                    <label end="87" start="79" name="NN1"/>
                    <label end="89" start="89" name="PUN"/>
                    <label end="96" start="91" name="AV0"/>
                    <label end="106" start="98" name="VVG"/>
                    <label end="111" start="108" name="DTQ"/>
                    <label end="116" start="113" name="PNP"/>
                    <label end="120" start="118" name="VHD"/>
                    <label end="130" start="122" name="VVN"/>
                    <label end="132" start="132" name="PUN"/>
                </layer>
            </annotationSet>
            <annotationSet cDate="01/08/2003 12:17:10 PST Wed" status="MANUAL" ID="1544815">
                <layer rank="1" name="FE">
                    <label cBy="865" feID="194" end="87" start="79" name="Experiencer"/>
                </layer>
                <layer rank="1" name="GF">
                    <label end="87" start="79" name="Head"/>
                </layer>
                <layer rank="1" name="PT">
                    <label end="87" start="79" name="N"/>
                </layer>
                <layer rank="1" name="Sent"/>
                <layer rank="1" name="Other"/>
                <layer rank="1" name="Target">
                    <label cBy="103" end="77" start="69" name="Target"/>
                </layer>
                <layer rank="1" name="Adj"/>
            </annotationSet>
        </sentence>
        <sentence sentNo="0" aPos="23479649" ID="1046661">
            <text>If the birds are disturbed during the process , there could be large numbers of stupefied birds fluttering amongst the traffic as the morning progresses with public complaints resulting , &quot; the report stated . </text>
            <annotationSet cDate="01/08/2003 12:17:11 PST Wed" status="UNANN" ID="1544816">
                <layer rank="1" name="BNC">
                    <label end="1" start="0" name="CJS"/>
                    <label end="5" start="3" name="AT0"/>
                    <label end="11" start="7" name="NN2"/>
                    <label end="15" start="13" name="VBB"/>
                    <label end="25" start="17" name="VVN"/>
                    <label end="32" start="27" name="PRP"/>
                    <label end="36" start="34" name="AT0"/>
                    <label end="44" start="38" name="NN1"/>
                    <label end="46" start="46" name="PUN"/>
                    <label end="52" start="48" name="EX0"/>
                    <label end="58" start="54" name="VM0"/>
                    <label end="61" start="60" name="VBI"/>
                    <label end="67" start="63" name="AJ0"/>
                    <label end="75" start="69" name="NN2"/>
                    <label end="78" start="77" name="PRF"/>
                    <label end="88" start="80" name="AJ0"/>
                    <label end="94" start="90" name="NN2"/>
                    <label end="105" start="96" name="VVG"/>
                    <label end="113" start="107" name="PRP"/>
                    <label end="117" start="115" name="AT0"/>
                    <label end="125" start="119" name="NN1"/>
                    <label end="128" start="127" name="PRP"/>
                    <label end="132" start="130" name="AT0"/>
                    <label end="140" start="134" name="NN1"/>
                    <label end="151" start="142" name="VVZ"/>
                    <label end="156" start="153" name="PRP"/>
                    <label end="163" start="158" name="AJ0"/>
                    <label end="174" start="165" name="NN2"/>
                    <label end="184" start="176" name="VVG"/>
                    <label end="186" start="186" name="PUN"/>
                    <label end="188" start="188" name="PUQ"/>
                    <label end="192" start="190" name="AT0"/>
                    <label end="199" start="194" name="NN1"/>
                    <label end="206" start="201" name="VVD-VVN"/>
                    <label end="208" start="208" name="PUN"/>
                </layer>
            </annotationSet>
            <annotationSet cDate="01/08/2003 12:17:11 PST Wed" status="MANUAL" ID="1544817">
                <layer rank="1" name="FE">
                    <label cBy="865" feID="194" end="94" start="90" name="Experiencer"/>
                </layer>
                <layer rank="1" name="GF">
                    <label end="94" start="90" name="Head"/>
                </layer>
                <layer rank="1" name="PT">
                    <label end="94" start="90" name="N"/>
                </layer>
                <layer rank="1" name="Sent"/>
                <layer rank="1" name="Other"/>
                <layer rank="1" name="Target">
                    <label cBy="103" end="88" start="80" name="Target"/>
                </layer>
                <layer rank="1" name="Adj"/>
            </annotationSet>
        </sentence>
        <sentence sentNo="0" aPos="50737676" ID="1046662">
            <text>It was Blackberry who bullied the stupefied Pipkin to his feet and forced him to limp the few yards to the gravel spit . </text>
            <annotationSet cDate="01/08/2003 12:17:11 PST Wed" status="UNANN" ID="1544818">
                <layer rank="1" name="BNC">
                    <label end="1" start="0" name="PNP"/>
                    <label end="5" start="3" name="VBD"/>
                    <label end="16" start="7" name="NN1-NP0"/>
                    <label end="20" start="18" name="PNQ"/>
                    <label end="28" start="22" name="VVD"/>
                    <label end="32" start="30" name="AT0"/>
                    <label end="42" start="34" name="AJ0"/>
                    <label end="49" start="44" name="NN1"/>
                    <label end="52" start="51" name="PRP"/>
                    <label end="56" start="54" name="DPS"/>
                    <label end="61" start="58" name="NN2"/>
                    <label end="65" start="63" name="CJC"/>
                    <label end="72" start="67" name="VVD-VVN"/>
                    <label end="76" start="74" name="PNP"/>
                    <label end="79" start="78" name="TO0"/>
                    <label end="84" start="81" name="VVI"/>
                    <label end="88" start="86" name="AT0"/>
                    <label end="92" start="90" name="DT0"/>
                    <label end="98" start="94" name="NN2"/>
                    <label end="101" start="100" name="PRP"/>
                    <label end="105" start="103" name="AT0"/>
                    <label end="112" start="107" name="NN1"/>
                    <label end="117" start="114" name="NN1"/>
                    <label end="119" start="119" name="PUN"/>
                </layer>
            </annotationSet>
            <annotationSet cDate="01/08/2003 12:17:11 PST Wed" status="MANUAL" ID="1544819">
                <layer rank="1" name="FE">
                    <label cBy="865" feID="194" end="49" start="44" name="Experiencer"/>
                </layer>
                <layer rank="1" name="GF">
                    <label end="49" start="44" name="Head"/>
                </layer>
                <layer rank="1" name="PT">
                    <label end="49" start="44" name="N"/>
                </layer>
                <layer rank="1" name="Sent"/>
                <layer rank="1" name="Other"/>
                <layer rank="1" name="Target">
                    <label cBy="103" end="42" start="34" name="Target"/>
                </layer>
                <layer rank="1" name="Adj"/>
            </annotationSet>
        </sentence>
        <sentence sentNo="0" aPos="56845372" ID="1046663">
            <text>He woke stupefied , flicking his tongue over his parched lips like a reptile . </text>
            <annotationSet cDate="01/08/2003 12:17:11 PST Wed" status="UNANN" ID="1544820">
                <layer rank="1" name="BNC">
                    <label end="1" start="0" name="PNP"/>
                    <label end="6" start="3" name="VVD"/>
                    <label end="16" start="8" name="AJ0-VVD"/>
                    <label end="18" start="18" name="PUN"/>
                    <label end="27" start="20" name="VVG"/>
                    <label end="31" start="29" name="DPS"/>
                    <label end="38" start="33" name="NN1"/>
                    <label end="43" start="40" name="PRP"/>
                    <label end="47" start="45" name="DPS"/>
                    <label end="55" start="49" name="AJ0"/>
                    <label end="60" start="57" name="NN2"/>
                    <label end="65" start="62" name="PRP"/>
                    <label end="67" start="67" name="AT0"/>
                    <label end="75" start="69" name="NN1"/>
                    <label end="77" start="77" name="PUN"/>
                </layer>
            </annotationSet>
            <annotationSet cDate="01/08/2003 12:17:11 PST Wed" status="MANUAL" ID="1544821">
                <layer rank="1" name="FE">
                    <label cBy="865" feID="194" end="1" start="0" name="Experiencer"/>
                </layer>
                <layer rank="1" name="GF">
                    <label end="1" start="0" name="Ext"/>
                </layer>
                <layer rank="1" name="PT">
                    <label end="1" start="0" name="NP"/>
                </layer>
                <layer rank="1" name="Sent"/>
                <layer rank="1" name="Other"/>
                <layer rank="1" name="Target">
                    <label cBy="103" end="16" start="8" name="Target"/>
                </layer>
                <layer rank="1" name="Adj"/>
            </annotationSet>
        </sentence>
        <sentence sentNo="0" aPos="100732482" ID="1046667">
            <text>Laura stared up at Ross in stupefied amazement . </text>
            <annotationSet cDate="01/08/2003 12:17:11 PST Wed" status="UNANN" ID="1544828">
                <layer rank="1" name="BNC">
                    <label end="4" start="0" name="NP0"/>
                    <label end="11" start="6" name="VVD"/>
                    <label end="14" start="13" name="AVP"/>
                    <label end="17" start="16" name="PRP"/>
                    <label end="22" start="19" name="NP0"/>
                    <label end="25" start="24" name="PRP"/>
                    <label end="35" start="27" name="AJ0"/>
                    <label end="45" start="37" name="NN1"/>
                    <label end="47" start="47" name="PUN"/>
                </layer>
            </annotationSet>
            <annotationSet cDate="01/08/2003 12:17:11 PST Wed" status="MANUAL" ID="1544829">
                <layer rank="1" name="FE">
                    <label cBy="865" feID="3477" end="45" start="37" name="State"/>
                </layer>
                <layer rank="1" name="GF">
                    <label end="45" start="37" name="Head"/>
                </layer>
                <layer rank="1" name="PT">
                    <label end="45" start="37" name="N"/>
                </layer>
                <layer rank="1" name="Sent"/>
                <layer rank="1" name="Other"/>
                <layer rank="1" name="Target">
                    <label cBy="103" end="35" start="27" name="Target"/>
                </layer>
                <layer rank="1" name="Adj"/>
            </annotationSet>
        </sentence>
        <sentence sentNo="0" aPos="100971812" ID="1046668">
            <text>The pain had faded into the background and she was starting to feel stupefied , her head stuffed with cotton wool , her eyes heavy . </text>
            <annotationSet cDate="01/08/2003 12:17:11 PST Wed" status="UNANN" ID="1544830">
                <layer rank="1" name="BNC">
                    <label end="2" start="0" name="AT0"/>
                    <label end="7" start="4" name="NN1"/>
                    <label end="11" start="9" name="VHD"/>
                    <label end="17" start="13" name="VVN"/>
                    <label end="22" start="19" name="PRP"/>
                    <label end="26" start="24" name="AT0"/>
                    <label end="37" start="28" name="NN1"/>
                    <label end="41" start="39" name="CJC"/>
                    <label end="45" start="43" name="PNP"/>
                    <label end="49" start="47" name="VBD"/>
                    <label end="58" start="51" name="VVG"/>
                    <label end="61" start="60" name="TO0"/>
                    <label end="66" start="63" name="VVI"/>
                    <label end="76" start="68" name="AJ0"/>
                    <label end="78" start="78" name="PUN"/>
                    <label end="82" start="80" name="DPS"/>
                    <label end="87" start="84" name="NN1"/>
                    <label end="95" start="89" name="VVD-VVN"/>
                    <label end="100" start="97" name="PRP"/>
                    <label end="107" start="102" name="NN1"/>
                    <label end="112" start="109" name="NN1"/>
                    <label end="114" start="114" name="PUN"/>
                    <label end="118" start="116" name="DPS"/>
                    <label end="123" start="120" name="NN2"/>
                    <label end="129" start="125" name="AJ0"/>
                    <label end="131" start="131" name="PUN"/>
                </layer>
            </annotationSet>
            <annotationSet cDate="01/08/2003 12:17:11 PST Wed" status="MANUAL" ID="1544831">
                <layer rank="1" name="FE">
                    <label cBy="865" feID="194" end="45" start="43" name="Experiencer"/>
                </layer>
                <layer rank="1" name="GF">
                    <label end="45" start="43" name="Ext"/>
                </layer>
                <layer rank="1" name="PT">
                    <label end="45" start="43" name="NP"/>
                </layer>
                <layer rank="1" name="Sent"/>
                <layer rank="1" name="Other"/>
                <layer rank="1" name="Target">
                    <label cBy="103" end="76" start="68" name="Target"/>
                </layer>
                <layer rank="1" name="Adj">
                    <label end="66" start="63" name="Supp"/>
                </layer>
            </annotationSet>
        </sentence>
    </subCorpus>
</lexUnit>