<?xml version="1.0" encoding="UTF-8" standalone="yes"?>
<?xml-stylesheet type="text/xsl" href="lexUnit.xsl"?>
<lexUnit status="Finished_Initial" POS="A" name="heaped.a" ID="6991" frame="Abounding_with" frameID="262" totalAnnotated="6" xsi:schemaLocation="../schema/lexUnit.xsd" xmlns="http://framenet.icsi.berkeley.edu" xmlns:xsi="http://www.w3.org/2001/XMLSchema-instance">
    <header>
        <frame>
            <FE fgColor="FFFFFF" bgColor="FF69B4" type="Peripheral" abbrev="Degr" name="Degree"/>
            <FE fgColor="FFFFFF" bgColor="9400D3" type="Extra-Thematic" abbrev="Dep" name="Depictive"/>
            <FE fgColor="FFFFFF" bgColor="FF0000" type="Core" abbrev="Loc" name="Location"/>
            <FE fgColor="FFFFFF" bgColor="008000" type="Core" abbrev="Thm" name="Theme"/>
            <FE fgColor="FFFF00" bgColor="FFA500" type="Peripheral" abbrev="" name="Time"/>
        </frame>
    </header>
    <definition>FN: loaded copiously</definition>
    <lexeme POS="A" name="heaped"/>
    <valences>
        <FERealization total="6">
            <FE name="Location"/>
            <pattern total="6">
                <valenceUnit GF="Ext" PT="NP" FE="Location"/>
                <annoSet ID="1552196"/>
                <annoSet ID="1552202"/>
                <annoSet ID="1552206"/>
                <annoSet ID="1552208"/>
                <annoSet ID="1552210"/>
                <annoSet ID="1552216"/>
            </pattern>
        </FERealization>
        <FERealization total="6">
            <FE name="Theme"/>
            <pattern total="6">
                <valenceUnit GF="Dep" PT="PP[with]" FE="Theme"/>
                <annoSet ID="1552196"/>
                <annoSet ID="1552202"/>
                <annoSet ID="1552206"/>
                <annoSet ID="1552208"/>
                <annoSet ID="1552210"/>
                <annoSet ID="1552216"/>
            </pattern>
        </FERealization>
        <FEGroupRealization total="6">
            <FE name="Location"/>
            <FE name="Theme"/>
            <pattern total="6">
                <valenceUnit GF="Ext" PT="NP" FE="Location"/>
                <valenceUnit GF="Dep" PT="PP[with]" FE="Theme"/>
                <annoSet ID="1552196"/>
                <annoSet ID="1552202"/>
                <annoSet ID="1552206"/>
                <annoSet ID="1552208"/>
                <annoSet ID="1552210"/>
                <annoSet ID="1552216"/>
            </pattern>
        </FEGroupRealization>
    </valences>
    <subCorpus name="A-100-s20-ppin"/>
    <subCorpus name="A-100-s20-ppwith">
        <sentence sentNo="0" aPos="6837105" ID="1050375">
            <text>In a huge bare hall , trestle tables were heaped with children 's garments and there was a thick , stifling smell in the air . </text>
            <annotationSet cDate="01/08/2003 12:25:41 PST Wed" status="UNANN" ID="1552195">
                <layer rank="1" name="BNC">
                    <label end="1" start="0" name="PRP"/>
                    <label end="3" start="3" name="AT0"/>
                    <label end="8" start="5" name="AJ0"/>
                    <label end="13" start="10" name="AJ0"/>
                    <label end="18" start="15" name="NN1"/>
                    <label end="20" start="20" name="PUN"/>
                    <label end="28" start="22" name="NN1-VVB"/>
                    <label end="35" start="30" name="NN2"/>
                    <label end="40" start="37" name="VBD"/>
                    <label end="47" start="42" name="VVN"/>
                    <label end="52" start="49" name="PRP"/>
                    <label end="61" start="54" name="NN2"/>
                    <label end="64" start="63" name="POS"/>
                    <label end="73" start="66" name="NN2"/>
                    <label end="77" start="75" name="CJC"/>
                    <label end="83" start="79" name="EX0"/>
                    <label end="87" start="85" name="VBD"/>
                    <label end="89" start="89" name="AT0"/>
                    <label end="95" start="91" name="AJ0"/>
                    <label end="97" start="97" name="PUN"/>
                    <label end="106" start="99" name="VVG"/>
                    <label end="112" start="108" name="NN1"/>
                    <label end="115" start="114" name="PRP"/>
                    <label end="119" start="117" name="AT0"/>
                    <label end="123" start="121" name="NN1"/>
                    <label end="125" start="125" name="PUN"/>
                </layer>
            </annotationSet>
            <annotationSet cDate="01/08/2003 12:25:41 PST Wed" status="MANUAL" ID="1552196">
                <layer rank="1" name="FE">
                    <label cBy="532" feID="2261" end="35" start="22" name="Location"/>
                    <label cBy="532" feID="2260" end="73" start="49" name="Theme"/>
                </layer>
                <layer rank="1" name="GF">
                    <label end="35" start="22" name="Ext"/>
                    <label end="73" start="49" name="Dep"/>
                </layer>
                <layer rank="1" name="PT">
                    <label end="35" start="22" name="NP"/>
                    <label end="73" start="49" name="PP"/>
                </layer>
                <layer rank="1" name="Sent"/>
                <layer rank="1" name="Other"/>
                <layer rank="1" name="Target">
                    <label cBy="103" end="47" start="42" name="Target"/>
                </layer>
                <layer rank="1" name="Adj">
                    <label end="40" start="37" name="Cop"/>
                </layer>
            </annotationSet>
        </sentence>
        <sentence sentNo="0" aPos="56789403" ID="1050378">
            <text>No sooner had Katherine helped herself than a maid appeared with a silver platter heaped with pancakes . </text>
            <annotationSet cDate="01/08/2003 12:25:42 PST Wed" status="UNANN" ID="1552201">
                <layer rank="1" name="BNC">
                    <label end="1" start="0" name="AT0"/>
                    <label end="8" start="3" name="AV0"/>
                    <label end="12" start="10" name="VHN"/>
                    <label end="22" start="14" name="NP0"/>
                    <label end="29" start="24" name="VVN"/>
                    <label end="37" start="31" name="PNX"/>
                    <label end="42" start="39" name="CJS"/>
                    <label end="44" start="44" name="AT0"/>
                    <label end="49" start="46" name="NN1"/>
                    <label end="58" start="51" name="VVD-VVN"/>
                    <label end="63" start="60" name="PRP"/>
                    <label end="65" start="65" name="AT0"/>
                    <label end="72" start="67" name="AJ0-NN1"/>
                    <label end="80" start="74" name="NN1"/>
                    <label end="87" start="82" name="VVD-VVN"/>
                    <label end="92" start="89" name="PRP"/>
                    <label end="101" start="94" name="NN2"/>
                    <label end="103" start="103" name="PUN"/>
                </layer>
            </annotationSet>
            <annotationSet cDate="01/08/2003 12:25:42 PST Wed" status="MANUAL" ID="1552202">
                <layer rank="1" name="FE">
                    <label cBy="532" feID="2261" end="80" start="65" name="Location"/>
                    <label cBy="532" feID="2260" end="101" start="89" name="Theme"/>
                </layer>
                <layer rank="1" name="GF">
                    <label end="80" start="65" name="Ext"/>
                    <label end="101" start="89" name="Dep"/>
                </layer>
                <layer rank="1" name="PT">
                    <label end="80" start="65" name="NP"/>
                    <label end="101" start="89" name="PP"/>
                </layer>
                <layer rank="1" name="Sent"/>
                <layer rank="1" name="Other"/>
                <layer rank="1" name="Target">
                    <label cBy="103" end="87" start="82" name="Target"/>
                </layer>
                <layer rank="1" name="Adj"/>
            </annotationSet>
        </sentence>
        <sentence sentNo="0" aPos="57639951" ID="1050380">
            <text>There were tawny wicker chairs heaped with cushions . </text>
            <annotationSet cDate="01/08/2003 12:25:42 PST Wed" status="UNANN" ID="1552205">
                <layer rank="1" name="BNC">
                    <label end="4" start="0" name="EX0"/>
                    <label end="9" start="6" name="VBD"/>
                    <label end="15" start="11" name="AJ0"/>
                    <label end="22" start="17" name="NN1"/>
                    <label end="29" start="24" name="NN2"/>
                    <label end="36" start="31" name="VVD-VVN"/>
                    <label end="41" start="38" name="PRP"/>
                    <label end="50" start="43" name="NN2"/>
                    <label end="52" start="52" name="PUN"/>
                </layer>
            </annotationSet>
            <annotationSet cDate="01/08/2003 12:25:42 PST Wed" status="MANUAL" ID="1552206">
                <layer rank="1" name="FE">
                    <label cBy="532" feID="2261" end="29" start="11" name="Location"/>
                    <label cBy="532" feID="2260" end="50" start="38" name="Theme"/>
                </layer>
                <layer rank="1" name="GF">
                    <label end="29" start="11" name="Ext"/>
                    <label end="50" start="38" name="Dep"/>
                </layer>
                <layer rank="1" name="PT">
                    <label end="29" start="11" name="NP"/>
                    <label end="50" start="38" name="PP"/>
                </layer>
                <layer rank="1" name="Sent"/>
                <layer rank="1" name="Other"/>
                <layer rank="1" name="Target">
                    <label cBy="103" end="36" start="31" name="Target"/>
                </layer>
                <layer rank="1" name="Adj"/>
            </annotationSet>
        </sentence>
        <sentence sentNo="0" aPos="57652636" ID="1050381">
            <text>A trolley was heaped with beer cans and plates of half-eaten burgers . </text>
            <annotationSet cDate="01/08/2003 12:25:42 PST Wed" status="UNANN" ID="1552207">
                <layer rank="1" name="BNC">
                    <label end="0" start="0" name="AT0"/>
                    <label end="8" start="2" name="NN1"/>
                    <label end="12" start="10" name="VBD"/>
                    <label end="19" start="14" name="VVN"/>
                    <label end="24" start="21" name="PRP"/>
                    <label end="29" start="26" name="NN1"/>
                    <label end="34" start="31" name="NN2"/>
                    <label end="38" start="36" name="CJC"/>
                    <label end="45" start="40" name="NN2"/>
                    <label end="48" start="47" name="PRF"/>
                    <label end="59" start="50" name="AJ0"/>
                    <label end="67" start="61" name="NN2"/>
                    <label end="69" start="69" name="PUN"/>
                </layer>
            </annotationSet>
            <annotationSet cDate="01/08/2003 12:25:42 PST Wed" status="MANUAL" ID="1552208">
                <layer rank="1" name="FE">
                    <label cBy="532" feID="2261" end="8" start="0" name="Location"/>
                    <label cBy="532" feID="2260" end="67" start="21" name="Theme"/>
                </layer>
                <layer rank="1" name="GF">
                    <label end="8" start="0" name="Ext"/>
                    <label end="67" start="21" name="Dep"/>
                </layer>
                <layer rank="1" name="PT">
                    <label end="8" start="0" name="NP"/>
                    <label end="67" start="21" name="PP"/>
                </layer>
                <layer rank="1" name="Sent"/>
                <layer rank="1" name="Other"/>
                <layer rank="1" name="Target">
                    <label cBy="103" end="19" start="14" name="Target"/>
                </layer>
                <layer rank="1" name="Adj">
                    <label end="12" start="10" name="Cop"/>
                </layer>
            </annotationSet>
        </sentence>
        <sentence sentNo="0" aPos="59938518" ID="1050382">
            <text>It was heaped with a grain something like rice . </text>
            <annotationSet cDate="01/08/2003 12:25:42 PST Wed" status="UNANN" ID="1552209">
                <layer rank="1" name="BNC">
                    <label end="1" start="0" name="PNP"/>
                    <label end="5" start="3" name="VBD"/>
                    <label end="12" start="7" name="VVN"/>
                    <label end="17" start="14" name="PRP"/>
                    <label end="19" start="19" name="AT0"/>
                    <label end="25" start="21" name="NN1"/>
                    <label end="35" start="27" name="PNI"/>
                    <label end="40" start="37" name="PRP"/>
                    <label end="45" start="42" name="NN1"/>
                    <label end="47" start="47" name="PUN"/>
                </layer>
            </annotationSet>
            <annotationSet cDate="01/08/2003 12:25:42 PST Wed" status="MANUAL" ID="1552210">
                <layer rank="1" name="FE">
                    <label cBy="532" feID="2261" end="1" start="0" name="Location"/>
                    <label cBy="532" feID="2260" end="45" start="14" name="Theme"/>
                </layer>
                <layer rank="1" name="GF">
                    <label end="1" start="0" name="Ext"/>
                    <label end="45" start="14" name="Dep"/>
                </layer>
                <layer rank="1" name="PT">
                    <label end="1" start="0" name="NP"/>
                    <label end="45" start="14" name="PP"/>
                </layer>
                <layer rank="1" name="Sent"/>
                <layer rank="1" name="Other"/>
                <layer rank="1" name="Target">
                    <label cBy="103" end="12" start="7" name="Target"/>
                </layer>
                <layer rank="1" name="Adj">
                    <label end="5" start="3" name="Cop"/>
                </layer>
            </annotationSet>
        </sentence>
        <sentence sentNo="0" aPos="74756338" ID="1050385">
            <text>The proprietor brought them their plates heaped with beef and wild mushrooms and bordered with vegetables , breaking the silence between them . </text>
            <annotationSet cDate="01/08/2003 12:25:43 PST Wed" status="UNANN" ID="1552215">
                <layer rank="1" name="BNC">
                    <label end="2" start="0" name="AT0"/>
                    <label end="13" start="4" name="NN1"/>
                    <label end="21" start="15" name="VVD-VVN"/>
                    <label end="26" start="23" name="PNP"/>
                    <label end="32" start="28" name="DPS"/>
                    <label end="39" start="34" name="NN2"/>
                    <label end="46" start="41" name="VVD-VVN"/>
                    <label end="51" start="48" name="PRP"/>
                    <label end="56" start="53" name="NN1"/>
                    <label end="60" start="58" name="CJC"/>
                    <label end="65" start="62" name="AJ0"/>
                    <label end="75" start="67" name="NN2"/>
                    <label end="79" start="77" name="CJC"/>
                    <label end="88" start="81" name="VVD-VVN"/>
                    <label end="93" start="90" name="PRP"/>
                    <label end="104" start="95" name="NN2"/>
                    <label end="106" start="106" name="PUN"/>
                    <label end="115" start="108" name="VVG"/>
                    <label end="119" start="117" name="AT0"/>
                    <label end="127" start="121" name="NN1"/>
                    <label end="135" start="129" name="PRP"/>
                    <label end="140" start="137" name="PNP"/>
                    <label end="142" start="142" name="PUN"/>
                </layer>
            </annotationSet>
            <annotationSet cDate="01/08/2003 12:25:43 PST Wed" status="MANUAL" ID="1552216">
                <layer rank="1" name="FE">
                    <label cBy="532" feID="2260" end="75" start="48" name="Theme"/>
                    <label cBy="532" feID="2261" end="39" start="28" name="Location"/>
                </layer>
                <layer rank="1" name="GF">
                    <label end="75" start="48" name="Dep"/>
                    <label end="39" start="28" name="Ext"/>
                </layer>
                <layer rank="1" name="PT">
                    <label end="75" start="48" name="PP"/>
                    <label end="39" start="28" name="NP"/>
                </layer>
                <layer rank="1" name="Sent"/>
                <layer rank="1" name="Other"/>
                <layer rank="1" name="Target">
                    <label cBy="103" end="46" start="41" name="Target"/>
                </layer>
                <layer rank="1" name="Adj"/>
            </annotationSet>
        </sentence>
    </subCorpus>
    <subCorpus name="A-110-s20-ppother"/>
    <subCorpus name="A-160-s20-pother"/>
    <subCorpus name="A-170-s20-prenom"/>
    <subCorpus name="A-180-s20-punct"/>
    <subCorpus name="A-190-s20-other"/>
</lexUnit>