<?xml version="1.0" encoding="UTF-8" standalone="yes"?>
<?xml-stylesheet type="text/xsl" href="lexUnit.xsl"?>
<lexUnit status="Finished_Initial" POS="A" name="bespattered.a" ID="7023" frame="Abounding_with" frameID="262" totalAnnotated="6" xsi:schemaLocation="../schema/lexUnit.xsd" xmlns="http://framenet.icsi.berkeley.edu" xmlns:xsi="http://www.w3.org/2001/XMLSchema-instance">
    <header>
        <frame>
            <FE fgColor="FFFFFF" bgColor="FF69B4" type="Peripheral" abbrev="Degr" name="Degree"/>
            <FE fgColor="FFFFFF" bgColor="9400D3" type="Extra-Thematic" abbrev="Dep" name="Depictive"/>
            <FE fgColor="FFFFFF" bgColor="FF0000" type="Core" abbrev="Loc" name="Location"/>
            <FE fgColor="FFFFFF" bgColor="008000" type="Core" abbrev="Thm" name="Theme"/>
            <FE fgColor="FFFF00" bgColor="FFA500" type="Peripheral" abbrev="" name="Time"/>
        </frame>
    </header>
    <definition>FN: covered in patch of liquid</definition>
    <lexeme POS="A" name="bespattered"/>
    <valences>
        <FERealization total="1">
            <FE name="Degree"/>
            <pattern total="1">
                <valenceUnit GF="Dep" PT="AVP" FE="Degree"/>
                <annoSet ID="1559283"/>
            </pattern>
            <pattern total="1">
                <valenceUnit GF="Dep" PT="VPto" FE="Degree"/>
                <annoSet ID="1559283"/>
            </pattern>
        </FERealization>
        <FERealization total="6">
            <FE name="Location"/>
            <pattern total="4">
                <valenceUnit GF="Ext" PT="NP" FE="Location"/>
                <annoSet ID="1559275"/>
                <annoSet ID="1559279"/>
                <annoSet ID="1559283"/>
                <annoSet ID="1559285"/>
            </pattern>
            <pattern total="2">
                <valenceUnit GF="Head" PT="N" FE="Location"/>
                <annoSet ID="1559277"/>
                <annoSet ID="1559281"/>
            </pattern>
        </FERealization>
        <FERealization total="6">
            <FE name="Theme"/>
            <pattern total="2">
                <valenceUnit GF="Dep" PT="N" FE="Theme"/>
                <annoSet ID="1559281"/>
                <annoSet ID="1559283"/>
            </pattern>
            <pattern total="1">
                <valenceUnit GF="" PT="INI" FE="Theme"/>
                <annoSet ID="1559277"/>
            </pattern>
            <pattern total="3">
                <valenceUnit GF="Dep" PT="PP[with]" FE="Theme"/>
                <annoSet ID="1559275"/>
                <annoSet ID="1559279"/>
                <annoSet ID="1559285"/>
            </pattern>
        </FERealization>
        <FEGroupRealization total="1">
            <FE name="Degree"/>
            <FE name="Degree"/>
            <FE name="Location"/>
            <FE name="Theme"/>
            <pattern total="1">
                <valenceUnit GF="Dep" PT="AVP" FE="Degree"/>
                <valenceUnit GF="Dep" PT="VPto" FE="Degree"/>
                <valenceUnit GF="Ext" PT="NP" FE="Location"/>
                <valenceUnit GF="Dep" PT="N" FE="Theme"/>
                <annoSet ID="1559283"/>
            </pattern>
        </FEGroupRealization>
        <FEGroupRealization total="5">
            <FE name="Location"/>
            <FE name="Theme"/>
            <pattern total="1">
                <valenceUnit GF="Head" PT="N" FE="Location"/>
                <valenceUnit GF="" PT="INI" FE="Theme"/>
                <annoSet ID="1559277"/>
            </pattern>
            <pattern total="1">
                <valenceUnit GF="Head" PT="N" FE="Location"/>
                <valenceUnit GF="Dep" PT="N" FE="Theme"/>
                <annoSet ID="1559281"/>
            </pattern>
            <pattern total="3">
                <valenceUnit GF="Ext" PT="NP" FE="Location"/>
                <valenceUnit GF="Dep" PT="PP[with]" FE="Theme"/>
                <annoSet ID="1559275"/>
                <annoSet ID="1559279"/>
                <annoSet ID="1559285"/>
            </pattern>
        </FEGroupRealization>
    </valences>
    <subCorpus name="A-001-all">
        <sentence sentNo="0" aPos="22568563" ID="1053935">
            <text>When they had left the village , passing beneath the clump of wild apricot trees , bespattered with blossom , they walked in single file between the fields . </text>
            <annotationSet cDate="01/08/2003 12:34:00 PST Wed" status="UNANN" ID="1559274">
                <layer rank="1" name="BNC">
                    <label end="3" start="0" name="AVQ-CJS"/>
                    <label end="8" start="5" name="PNP"/>
                    <label end="12" start="10" name="VHD"/>
                    <label end="17" start="14" name="VVN"/>
                    <label end="21" start="19" name="AT0"/>
                    <label end="29" start="23" name="NN1"/>
                    <label end="31" start="31" name="PUN"/>
                    <label end="39" start="33" name="VVG"/>
                    <label end="47" start="41" name="PRP"/>
                    <label end="51" start="49" name="AT0"/>
                    <label end="57" start="53" name="NN1"/>
                    <label end="60" start="59" name="PRF"/>
                    <label end="65" start="62" name="AJ0"/>
                    <label end="73" start="67" name="NN1"/>
                    <label end="79" start="75" name="NN2"/>
                    <label end="81" start="81" name="PUN"/>
                    <label end="93" start="83" name="VVD-VVN"/>
                    <label end="98" start="95" name="PRP"/>
                    <label end="106" start="100" name="NN1"/>
                    <label end="108" start="108" name="PUN"/>
                    <label end="113" start="110" name="PNP"/>
                    <label end="120" start="115" name="VVD"/>
                    <label end="123" start="122" name="PRP"/>
                    <label end="130" start="125" name="AJ0"/>
                    <label end="135" start="132" name="NN1"/>
                    <label end="143" start="137" name="PRP"/>
                    <label end="147" start="145" name="AT0"/>
                    <label end="154" start="149" name="NN2"/>
                    <label end="156" start="156" name="PUN"/>
                </layer>
            </annotationSet>
            <annotationSet cDate="01/08/2003 12:34:00 PST Wed" status="MANUAL" ID="1559275">
                <layer rank="1" name="FE">
                    <label cBy="532" feID="2261" end="79" start="62" name="Location"/>
                    <label cBy="532" feID="2260" end="106" start="95" name="Theme"/>
                </layer>
                <layer rank="1" name="GF">
                    <label end="79" start="62" name="Ext"/>
                    <label end="106" start="95" name="Dep"/>
                </layer>
                <layer rank="1" name="PT">
                    <label end="79" start="62" name="NP"/>
                    <label end="106" start="95" name="PP"/>
                </layer>
                <layer rank="1" name="Sent"/>
                <layer rank="1" name="Other"/>
                <layer rank="1" name="Target">
                    <label cBy="103" end="93" start="83" name="Target"/>
                </layer>
                <layer rank="1" name="Adj"/>
            </annotationSet>
        </sentence>
        <sentence sentNo="0" aPos="25844419" ID="1053936">
            <text>He pointed to his bespattered plimsolls . </text>
            <annotationSet cDate="01/08/2003 12:34:00 PST Wed" status="UNANN" ID="1559276">
                <layer rank="1" name="BNC">
                    <label end="1" start="0" name="PNP"/>
                    <label end="9" start="3" name="VVD"/>
                    <label end="12" start="11" name="PRP"/>
                    <label end="16" start="14" name="DPS"/>
                    <label end="28" start="18" name="AJ0"/>
                    <label end="38" start="30" name="NN2"/>
                    <label end="40" start="40" name="PUN"/>
                </layer>
            </annotationSet>
            <annotationSet cDate="01/08/2003 12:34:00 PST Wed" status="MANUAL" ID="1559277">
                <layer rank="1" name="FE">
                    <label cBy="285" feID="2260" itype="INI" name="Theme"/>
                    <label cBy="285" feID="2261" end="38" start="30" name="Location"/>
                </layer>
                <layer rank="1" name="GF">
                    <label end="38" start="30" name="Head"/>
                </layer>
                <layer rank="1" name="PT">
                    <label end="38" start="30" name="N"/>
                </layer>
                <layer rank="1" name="Sent"/>
                <layer rank="1" name="Other"/>
                <layer rank="1" name="Target">
                    <label cBy="103" end="28" start="18" name="Target"/>
                </layer>
                <layer rank="1" name="Adj"/>
            </annotationSet>
        </sentence>
        <sentence sentNo="0" aPos="38856570" ID="1053937">
            <text>Many soldiers , still manning their guns , were bespattered with the bowels , blood and brains of their stricken comrades . </text>
            <annotationSet cDate="01/08/2003 12:34:00 PST Wed" status="UNANN" ID="1559278">
                <layer rank="1" name="BNC">
                    <label end="3" start="0" name="DT0"/>
                    <label end="12" start="5" name="NN2"/>
                    <label end="14" start="14" name="PUN"/>
                    <label end="20" start="16" name="AV0"/>
                    <label end="28" start="22" name="VVG"/>
                    <label end="34" start="30" name="DPS"/>
                    <label end="39" start="36" name="NN2"/>
                    <label end="41" start="41" name="PUN"/>
                    <label end="46" start="43" name="VBD"/>
                    <label end="58" start="48" name="VVN"/>
                    <label end="63" start="60" name="PRP"/>
                    <label end="67" start="65" name="AT0"/>
                    <label end="74" start="69" name="NN2"/>
                    <label end="76" start="76" name="PUN"/>
                    <label end="82" start="78" name="NN1"/>
                    <label end="86" start="84" name="CJC"/>
                    <label end="93" start="88" name="NN2"/>
                    <label end="96" start="95" name="PRF"/>
                    <label end="102" start="98" name="DPS"/>
                    <label end="111" start="104" name="AJ0"/>
                    <label end="120" start="113" name="NN2"/>
                    <label end="122" start="122" name="PUN"/>
                </layer>
            </annotationSet>
            <annotationSet cDate="01/08/2003 12:34:00 PST Wed" status="MANUAL" ID="1559279">
                <layer rank="1" name="FE">
                    <label cBy="285" feID="2261" end="12" start="0" name="Location"/>
                    <label cBy="285" feID="2260" end="120" start="60" name="Theme"/>
                </layer>
                <layer rank="1" name="GF">
                    <label end="12" start="0" name="Ext"/>
                    <label end="120" start="60" name="Dep"/>
                </layer>
                <layer rank="1" name="PT">
                    <label end="12" start="0" name="NP"/>
                    <label end="120" start="60" name="PP"/>
                </layer>
                <layer rank="1" name="Sent"/>
                <layer rank="1" name="Other"/>
                <layer rank="1" name="Target">
                    <label cBy="103" end="58" start="48" name="Target"/>
                </layer>
                <layer rank="1" name="Adj">
                    <label end="46" start="43" name="Cop"/>
                </layer>
            </annotationSet>
        </sentence>
        <sentence sentNo="0" aPos="52042980" ID="1053938">
            <text>Sally Gritten of the Penguin group -- normally as gutsy and go-getting as any Chicago-raised American can be -- writes to me thus , on tear bespattered paper : </text>
            <annotationSet cDate="01/08/2003 12:34:00 PST Wed" status="UNANN" ID="1559280">
                <layer rank="1" name="BNC">
                    <label end="4" start="0" name="NP0"/>
                    <label end="12" start="6" name="NP0"/>
                    <label end="15" start="14" name="PRF"/>
                    <label end="19" start="17" name="AT0"/>
                    <label end="27" start="21" name="NN1"/>
                    <label end="33" start="29" name="NN0"/>
                    <label end="36" start="35" name="PUN"/>
                    <label end="45" start="38" name="AV0"/>
                    <label end="48" start="47" name="AV0"/>
                    <label end="54" start="50" name="AJ0"/>
                    <label end="58" start="56" name="CJC"/>
                    <label end="69" start="60" name="AJ0-NN1"/>
                    <label end="72" start="71" name="CJS"/>
                    <label end="76" start="74" name="DT0"/>
                    <label end="91" start="78" name="AJ0"/>
                    <label end="100" start="93" name="NN1"/>
                    <label end="104" start="102" name="VM0"/>
                    <label end="107" start="106" name="VBI"/>
                    <label end="110" start="109" name="PUN"/>
                    <label end="117" start="112" name="VVZ"/>
                    <label end="120" start="119" name="PRP"/>
                    <label end="123" start="122" name="PNP"/>
                    <label end="128" start="125" name="AV0"/>
                    <label end="130" start="130" name="PUN"/>
                    <label end="133" start="132" name="PRP"/>
                    <label end="138" start="135" name="NN1"/>
                    <label end="150" start="140" name="AJ0-VVD"/>
                    <label end="156" start="152" name="NN1"/>
                    <label end="158" start="158" name="PUN"/>
                </layer>
            </annotationSet>
            <annotationSet cDate="01/08/2003 12:34:00 PST Wed" status="MANUAL" ID="1559281">
                <layer rank="1" name="FE">
                    <label cBy="285" feID="2260" end="138" start="135" name="Theme"/>
                    <label cBy="285" feID="2261" end="156" start="152" name="Location"/>
                </layer>
                <layer rank="1" name="GF">
                    <label end="138" start="135" name="Dep"/>
                    <label end="156" start="152" name="Head"/>
                </layer>
                <layer rank="1" name="PT">
                    <label end="138" start="135" name="N"/>
                    <label end="156" start="152" name="N"/>
                </layer>
                <layer rank="1" name="Sent"/>
                <layer rank="1" name="Other"/>
                <layer rank="1" name="Target">
                    <label cBy="103" end="150" start="140" name="Target"/>
                </layer>
                <layer rank="1" name="Adj"/>
            </annotationSet>
        </sentence>
        <sentence sentNo="0" aPos="77920647" ID="1053939">
            <text>However , the landlord took pity and Sally was the one not too mud bespattered to go in and fetch the drinks — meanwhile the horse trod on Ian 's toe …</text>
            <annotationSet cDate="01/08/2003 12:34:00 PST Wed" status="UNANN" ID="1559282">
                <layer rank="1" name="BNC">
                    <label end="6" start="0" name="AV0"/>
                    <label end="8" start="8" name="PUN"/>
                    <label end="12" start="10" name="AT0"/>
                    <label end="21" start="14" name="NN1"/>
                    <label end="26" start="23" name="VVD"/>
                    <label end="31" start="28" name="NN1"/>
                    <label end="35" start="33" name="CJC"/>
                    <label end="41" start="37" name="NP0"/>
                    <label end="45" start="43" name="VBD"/>
                    <label end="49" start="47" name="AT0"/>
                    <label end="53" start="51" name="CRD"/>
                    <label end="57" start="55" name="XX0"/>
                    <label end="61" start="59" name="AV0"/>
                    <label end="65" start="63" name="NN1"/>
                    <label end="77" start="67" name="VVD"/>
                    <label end="80" start="79" name="TO0"/>
                    <label end="83" start="82" name="VVI"/>
                    <label end="86" start="85" name="AVP"/>
                    <label end="90" start="88" name="CJC"/>
                    <label end="96" start="92" name="VVI"/>
                    <label end="100" start="98" name="AT0"/>
                    <label end="107" start="102" name="NN2"/>
                    <label end="109" start="109" name="PUN"/>
                    <label end="119" start="111" name="AV0"/>
                    <label end="123" start="121" name="AT0"/>
                    <label end="129" start="125" name="NN1"/>
                    <label end="134" start="131" name="VVD-VVN"/>
                    <label end="137" start="136" name="PRP"/>
                    <label end="141" start="139" name="NP0"/>
                    <label end="144" start="143" name="POS"/>
                    <label end="148" start="146" name="NN1"/>
                    <label end="150" start="150" name="PUN"/>
                </layer>
            </annotationSet>
            <annotationSet cDate="01/08/2003 12:34:00 PST Wed" status="MANUAL" ID="1559283">
                <layer rank="1" name="FE">
                    <label cBy="285" feID="2261" end="53" start="47" name="Location"/>
                    <label cBy="285" feID="2271" end="61" start="55" name="Degree"/>
                    <label cBy="285" feID="2260" end="65" start="63" name="Theme"/>
                    <label cBy="285" feID="2271" end="107" start="79" name="Degree"/>
                </layer>
                <layer rank="1" name="GF">
                    <label end="53" start="47" name="Ext"/>
                    <label end="61" start="55" name="Dep"/>
                    <label end="65" start="63" name="Dep"/>
                    <label end="107" start="79" name="Dep"/>
                </layer>
                <layer rank="1" name="PT">
                    <label end="53" start="47" name="NP"/>
                    <label end="61" start="55" name="AVP"/>
                    <label end="65" start="63" name="N"/>
                    <label end="107" start="79" name="VPto"/>
                </layer>
                <layer rank="1" name="Sent"/>
                <layer rank="1" name="Other"/>
                <layer rank="1" name="Target">
                    <label cBy="103" end="77" start="67" name="Target"/>
                </layer>
                <layer rank="1" name="Adj"/>
            </annotationSet>
        </sentence>
        <sentence sentNo="0" aPos="90506116" ID="1053940">
            <text>Pietro Miletti appeared , his elegant shoes and trousers bespattered with mud . </text>
            <annotationSet cDate="01/08/2003 12:34:00 PST Wed" status="UNANN" ID="1559284">
                <layer rank="1" name="BNC">
                    <label end="5" start="0" name="NP0"/>
                    <label end="13" start="7" name="NP0"/>
                    <label end="22" start="15" name="VVD"/>
                    <label end="24" start="24" name="PUN"/>
                    <label end="28" start="26" name="DPS"/>
                    <label end="36" start="30" name="AJ0"/>
                    <label end="42" start="38" name="NN2"/>
                    <label end="46" start="44" name="CJC"/>
                    <label end="55" start="48" name="NN2"/>
                    <label end="67" start="57" name="VVD-VVN"/>
                    <label end="72" start="69" name="PRP"/>
                    <label end="76" start="74" name="NN1"/>
                    <label end="78" start="78" name="PUN"/>
                </layer>
            </annotationSet>
            <annotationSet cDate="01/08/2003 12:34:00 PST Wed" status="MANUAL" ID="1559285">
                <layer rank="1" name="FE">
                    <label cBy="532" feID="2261" end="55" start="26" name="Location"/>
                    <label cBy="532" feID="2260" end="76" start="69" name="Theme"/>
                </layer>
                <layer rank="1" name="GF">
                    <label end="55" start="26" name="Ext"/>
                    <label end="76" start="69" name="Dep"/>
                </layer>
                <layer rank="1" name="PT">
                    <label end="55" start="26" name="NP"/>
                    <label end="76" start="69" name="PP"/>
                </layer>
                <layer rank="1" name="Sent"/>
                <layer rank="1" name="Other"/>
                <layer rank="1" name="Target">
                    <label cBy="103" end="67" start="57" name="Target"/>
                </layer>
                <layer rank="1" name="Adj"/>
            </annotationSet>
        </sentence>
    </subCorpus>
</lexUnit>