<?xml version="1.0" encoding="UTF-8" standalone="yes"?>
<?xml-stylesheet type="text/xsl" href="lexUnit.xsl"?>
<lexUnit status="Finished_Initial" POS="N" name="ecstasy.n" ID="7044" frame="Intoxicants" frameID="390" totalAnnotated="12" xsi:schemaLocation="../schema/lexUnit.xsd" xmlns="http://framenet.icsi.berkeley.edu" xmlns:xsi="http://www.w3.org/2001/XMLSchema-instance">
    <header>
        <frame>
            <FE fgColor="FFFFFF" bgColor="800080" type="Peripheral" abbrev="Co" name="Country_of_origin"/>
            <FE fgColor="FFFFFF" bgColor="008000" type="Peripheral" abbrev="Desc" name="Descriptor"/>
            <FE fgColor="FFFFFF" bgColor="0000FF" type="Core" abbrev="Int" name="Intoxicant"/>
            <FE fgColor="FFFFFF" bgColor="9F79EE" type="Peripheral" abbrev="Type" name="Type"/>
        </frame>
    </header>
    <definition>COD: an illegal amphetamine-based synthetic drug with euphoric effects</definition>
    <lexeme POS="N" name="ecstasy"/>
    <valences>
        <governor type="Gov" lemma="deal">
            <annoSet ID="1561883"/>
        </governor>
        <governor type="Gov" lemma="impact">
            <annoSet ID="1561849"/>
        </governor>
        <governor type="Gov" lemma="possess">
            <annoSet ID="1561881"/>
        </governor>
        <governor type="Gov" lemma="possession">
            <annoSet ID="1561879"/>
        </governor>
        <governor type="Gov" lemma="seize">
            <annoSet ID="1561945"/>
        </governor>
        <governor type="Gov" lemma="tablet">
            <annoSet ID="1561969"/>
        </governor>
        <governor type="Gov" lemma="take">
            <annoSet ID="1561961"/>
            <annoSet ID="1561965"/>
            <annoSet ID="1561975"/>
            <annoSet ID="1561987"/>
        </governor>
        <FERealization total="12">
            <FE name="Intoxicant"/>
            <pattern total="12">
                <valenceUnit GF="" PT="DEN" FE="Intoxicant"/>
                <annoSet ID="1561807"/>
                <annoSet ID="1561849"/>
                <annoSet ID="1561869"/>
                <annoSet ID="1561879"/>
                <annoSet ID="1561881"/>
                <annoSet ID="1561883"/>
                <annoSet ID="1561945"/>
                <annoSet ID="1561961"/>
                <annoSet ID="1561965"/>
                <annoSet ID="1561969"/>
                <annoSet ID="1561975"/>
                <annoSet ID="1561987"/>
            </pattern>
        </FERealization>
        <FEGroupRealization total="12">
            <FE name="Intoxicant"/>
            <pattern total="12">
                <valenceUnit GF="" PT="DEN" FE="Intoxicant"/>
                <annoSet ID="1561807"/>
                <annoSet ID="1561849"/>
                <annoSet ID="1561869"/>
                <annoSet ID="1561879"/>
                <annoSet ID="1561881"/>
                <annoSet ID="1561883"/>
                <annoSet ID="1561945"/>
                <annoSet ID="1561961"/>
                <annoSet ID="1561965"/>
                <annoSet ID="1561969"/>
                <annoSet ID="1561975"/>
                <annoSet ID="1561987"/>
            </pattern>
        </FEGroupRealization>
    </valences>
    <subCorpus name="N-280-s20-poss"/>
    <subCorpus name="N-300-s20-cmpd"/>
    <subCorpus name="N-330-s20-period">
        <sentence sentNo="0" aPos="27478169" ID="1055201">
            <text>Michael Hodson , prosecuting , told Newcastle Crown Court that some of them , including Suzanne , were already high on alcohol and Ecstasy . </text>
            <annotationSet cDate="01/08/2003 12:36:55 PST Wed" status="UNANN" ID="1561806">
                <layer rank="1" name="BNC">
                    <label end="6" start="0" name="NP0"/>
                    <label end="13" start="8" name="NP0"/>
                    <label end="15" start="15" name="PUN"/>
                    <label end="27" start="17" name="VVG"/>
                    <label end="29" start="29" name="PUN"/>
                    <label end="34" start="31" name="VVD-VVN"/>
                    <label end="44" start="36" name="NP0"/>
                    <label end="50" start="46" name="NP0"/>
                    <label end="56" start="52" name="NP0"/>
                    <label end="61" start="58" name="CJT"/>
                    <label end="66" start="63" name="DT0"/>
                    <label end="69" start="68" name="PRF"/>
                    <label end="74" start="71" name="PNP"/>
                    <label end="76" start="76" name="PUN"/>
                    <label end="86" start="78" name="PRP"/>
                    <label end="94" start="88" name="NP0"/>
                    <label end="96" start="96" name="PUN"/>
                    <label end="101" start="98" name="VBD"/>
                    <label end="109" start="103" name="AV0"/>
                    <label end="114" start="111" name="AJ0-AV0"/>
                    <label end="117" start="116" name="PRP"/>
                    <label end="125" start="119" name="NN1"/>
                    <label end="129" start="127" name="CJC"/>
                    <label end="137" start="131" name="NN1-NP0"/>
                    <label end="139" start="139" name="PUN"/>
                </layer>
            </annotationSet>
            <annotationSet cDate="01/08/2003 12:36:56 PST Wed" status="MANUAL" ID="1561807">
                <layer rank="1" name="FE">
                    <label cBy="865" feID="3495" end="137" start="131" name="Intoxicant"/>
                </layer>
                <layer rank="1" name="GF"/>
                <layer rank="1" name="PT"/>
                <layer rank="1" name="Sent"/>
                <layer rank="1" name="Other"/>
                <layer rank="1" name="Target">
                    <label cBy="103" end="137" start="131" name="Target"/>
                </layer>
                <layer rank="1" name="Noun"/>
            </annotationSet>
        </sentence>
    </subCorpus>
    <subCorpus name="N-380-s20-other">
        <sentence sentNo="0" aPos="29934428" ID="1055222">
            <text>Fear about the impact of Ecstasy on health is growing . </text>
            <annotationSet cDate="01/08/2003 12:37:00 PST Wed" status="UNANN" ID="1561848">
                <layer rank="1" name="BNC">
                    <label end="3" start="0" name="NN1-VVB"/>
                    <label end="9" start="5" name="PRP"/>
                    <label end="13" start="11" name="AT0"/>
                    <label end="20" start="15" name="NN1"/>
                    <label end="23" start="22" name="PRF"/>
                    <label end="31" start="25" name="NN1"/>
                    <label end="34" start="33" name="PRP"/>
                    <label end="41" start="36" name="NN1"/>
                    <label end="44" start="43" name="VBZ"/>
                    <label end="52" start="46" name="AJ0-VVG"/>
                    <label end="54" start="54" name="PUN"/>
                </layer>
            </annotationSet>
            <annotationSet cDate="01/08/2003 12:37:00 PST Wed" status="MANUAL" ID="1561849">
                <layer rank="1" name="FE">
                    <label cBy="865" feID="3495" end="31" start="25" name="Intoxicant"/>
                </layer>
                <layer rank="1" name="GF"/>
                <layer rank="1" name="PT"/>
                <layer rank="1" name="Sent"/>
                <layer rank="1" name="Other"/>
                <layer rank="1" name="Target">
                    <label cBy="103" end="31" start="25" name="Target"/>
                </layer>
                <layer rank="1" name="Noun">
                    <label end="20" start="15" name="Gov"/>
                    <label end="31" start="22" name="X"/>
                </layer>
            </annotationSet>
        </sentence>
        <sentence sentNo="0" aPos="104711714" ID="1055232">
            <text>However , since Ecstasy is a designer drug , a competent chemist can make it anywhere and underworld sources claim it is produced in the region . </text>
            <annotationSet cDate="01/08/2003 12:37:01 PST Wed" status="UNANN" ID="1561868">
                <layer rank="1" name="BNC">
                    <label end="6" start="0" name="AV0"/>
                    <label end="8" start="8" name="PUN"/>
                    <label end="14" start="10" name="CJS"/>
                    <label end="22" start="16" name="NN1-NP0"/>
                    <label end="25" start="24" name="VBZ"/>
                    <label end="27" start="27" name="AT0"/>
                    <label end="36" start="29" name="NN1"/>
                    <label end="41" start="38" name="NN1"/>
                    <label end="43" start="43" name="PUN"/>
                    <label end="45" start="45" name="AT0"/>
                    <label end="55" start="47" name="AJ0"/>
                    <label end="63" start="57" name="NN1"/>
                    <label end="67" start="65" name="VM0"/>
                    <label end="72" start="69" name="VVI"/>
                    <label end="75" start="74" name="PNP"/>
                    <label end="84" start="77" name="AV0"/>
                    <label end="88" start="86" name="CJC"/>
                    <label end="99" start="90" name="NN1-VVB"/>
                    <label end="107" start="101" name="NN2"/>
                    <label end="113" start="109" name="VVB"/>
                    <label end="116" start="115" name="PNP"/>
                    <label end="119" start="118" name="VBZ"/>
                    <label end="128" start="121" name="VVN"/>
                    <label end="131" start="130" name="PRP"/>
                    <label end="135" start="133" name="AT0"/>
                    <label end="142" start="137" name="NN1"/>
                    <label end="144" start="144" name="PUN"/>
                </layer>
            </annotationSet>
            <annotationSet cDate="01/08/2003 12:37:01 PST Wed" status="MANUAL" ID="1561869">
                <layer rank="1" name="FE">
                    <label cBy="865" feID="3495" end="22" start="16" name="Intoxicant"/>
                </layer>
                <layer rank="1" name="GF"/>
                <layer rank="1" name="PT"/>
                <layer rank="1" name="Sent"/>
                <layer rank="1" name="Other"/>
                <layer rank="1" name="Target">
                    <label cBy="103" end="22" start="16" name="Target"/>
                </layer>
                <layer rank="1" name="Noun"/>
            </annotationSet>
        </sentence>
    </subCorpus>
    <subCorpus name="N-429-s20-lcoll-cannabis">
        <sentence sentNo="0" aPos="103927224" ID="1055237">
            <text>The second man , 20 , has been charged with possession of cannabis and Ecstasy and has been bailed to Court on July 7 . </text>
            <annotationSet cDate="01/08/2003 12:37:01 PST Wed" status="UNANN" ID="1561878">
                <layer rank="1" name="BNC">
                    <label end="2" start="0" name="AT0"/>
                    <label end="9" start="4" name="ORD"/>
                    <label end="13" start="11" name="NN1"/>
                    <label end="15" start="15" name="PUN"/>
                    <label end="18" start="17" name="CRD"/>
                    <label end="20" start="20" name="PUN"/>
                    <label end="24" start="22" name="VHZ"/>
                    <label end="29" start="26" name="VBN"/>
                    <label end="37" start="31" name="VVN"/>
                    <label end="42" start="39" name="PRP"/>
                    <label end="53" start="44" name="NN1"/>
                    <label end="56" start="55" name="PRF"/>
                    <label end="65" start="58" name="NN1"/>
                    <label end="69" start="67" name="CJC"/>
                    <label end="77" start="71" name="NN1-NP0"/>
                    <label end="81" start="79" name="CJC"/>
                    <label end="85" start="83" name="VHZ"/>
                    <label end="90" start="87" name="VBN"/>
                    <label end="97" start="92" name="VVN"/>
                    <label end="100" start="99" name="PRP"/>
                    <label end="106" start="102" name="NN1"/>
                    <label end="109" start="108" name="PRP"/>
                    <label end="114" start="111" name="NP0"/>
                    <label end="116" start="116" name="CRD"/>
                    <label end="118" start="118" name="PUN"/>
                </layer>
            </annotationSet>
            <annotationSet cDate="01/08/2003 12:37:01 PST Wed" status="MANUAL" ID="1561879">
                <layer rank="1" name="FE">
                    <label cBy="865" feID="3495" end="77" start="71" name="Intoxicant"/>
                </layer>
                <layer rank="1" name="GF"/>
                <layer rank="1" name="PT"/>
                <layer rank="1" name="Sent"/>
                <layer rank="1" name="Other"/>
                <layer rank="1" name="Target">
                    <label cBy="103" end="77" start="71" name="Target"/>
                </layer>
                <layer rank="1" name="Noun">
                    <label end="53" start="44" name="Gov"/>
                    <label end="77" start="55" name="X"/>
                </layer>
            </annotationSet>
        </sentence>
        <sentence sentNo="0" aPos="106001770" ID="1055238">
            <text>Another rating , Mark Wonderling , 21 , from Worcester , admitted possessing cannabis , speed , LSD and ecstasy . </text>
            <annotationSet cDate="01/08/2003 12:37:01 PST Wed" status="UNANN" ID="1561880">
                <layer rank="1" name="BNC">
                    <label end="6" start="0" name="DT0"/>
                    <label end="13" start="8" name="NN1-VVG"/>
                    <label end="15" start="15" name="PUN"/>
                    <label end="20" start="17" name="NP0"/>
                    <label end="31" start="22" name="NP0"/>
                    <label end="33" start="33" name="PUN"/>
                    <label end="36" start="35" name="CRD"/>
                    <label end="38" start="38" name="PUN"/>
                    <label end="43" start="40" name="PRP"/>
                    <label end="53" start="45" name="NP0"/>
                    <label end="55" start="55" name="PUN"/>
                    <label end="64" start="57" name="VVD-VVN"/>
                    <label end="75" start="66" name="AJ0-VVG"/>
                    <label end="84" start="77" name="NN1"/>
                    <label end="86" start="86" name="PUN"/>
                    <label end="92" start="88" name="NN1"/>
                    <label end="94" start="94" name="PUN"/>
                    <label end="98" start="96" name="NN1"/>
                    <label end="102" start="100" name="CJC"/>
                    <label end="110" start="104" name="NN1"/>
                    <label end="112" start="112" name="PUN"/>
                </layer>
            </annotationSet>
            <annotationSet cDate="01/08/2003 12:37:02 PST Wed" status="MANUAL" ID="1561881">
                <layer rank="1" name="FE">
                    <label cBy="865" feID="3495" end="110" start="104" name="Intoxicant"/>
                </layer>
                <layer rank="1" name="GF"/>
                <layer rank="1" name="PT"/>
                <layer rank="1" name="Sent"/>
                <layer rank="1" name="Other"/>
                <layer rank="1" name="Target">
                    <label cBy="103" end="110" start="104" name="Target"/>
                </layer>
                <layer rank="1" name="Noun">
                    <label end="75" start="66" name="Gov"/>
                    <label end="110" start="77" name="X"/>
                </layer>
            </annotationSet>
        </sentence>
        <sentence sentNo="0" aPos="106621324" ID="1055239">
            <text>These dealt cannabis , ecstasy , or sulph ( an amphetamine ) . </text>
            <annotationSet cDate="01/08/2003 12:37:02 PST Wed" status="UNANN" ID="1561882">
                <layer rank="1" name="BNC">
                    <label end="4" start="0" name="DT0"/>
                    <label end="10" start="6" name="VVD-VVN"/>
                    <label end="19" start="12" name="NN1"/>
                    <label end="21" start="21" name="PUN"/>
                    <label end="29" start="23" name="NN1"/>
                    <label end="31" start="31" name="PUN"/>
                    <label end="34" start="33" name="CJC"/>
                    <label end="40" start="36" name="NN1"/>
                    <label end="42" start="42" name="PUL"/>
                    <label end="45" start="44" name="AT0"/>
                    <label end="57" start="47" name="NN1"/>
                    <label end="59" start="59" name="PUR"/>
                    <label end="61" start="61" name="PUN"/>
                </layer>
            </annotationSet>
            <annotationSet cDate="01/08/2003 12:37:02 PST Wed" status="MANUAL" ID="1561883">
                <layer rank="1" name="FE">
                    <label cBy="865" feID="3495" end="29" start="23" name="Intoxicant"/>
                </layer>
                <layer rank="1" name="GF"/>
                <layer rank="1" name="PT"/>
                <layer rank="1" name="Sent"/>
                <layer rank="1" name="Other"/>
                <layer rank="1" name="Target">
                    <label cBy="103" end="29" start="23" name="Target"/>
                </layer>
                <layer rank="1" name="Noun">
                    <label end="10" start="6" name="Gov"/>
                    <label end="59" start="12" name="X"/>
                </layer>
            </annotationSet>
        </sentence>
    </subCorpus>
    <subCorpus name="N-429-s20-lcoll-drug"/>
    <subCorpus name="N-429-s20-lcoll-pure"/>
    <subCorpus name="N-429-s20-lgov-have"/>
    <subCorpus name="N-429-s20-lgov-seize">
        <sentence sentNo="0" aPos="102147517" ID="1055270">
            <text>They seized Cannabis , Amphetamine Sulphate and Ecstasy . </text>
            <annotationSet cDate="01/08/2003 12:37:05 PST Wed" status="UNANN" ID="1561944">
                <layer rank="1" name="BNC">
                    <label end="3" start="0" name="PNP"/>
                    <label end="10" start="5" name="VVD"/>
                    <label end="19" start="12" name="NN1-NP0"/>
                    <label end="21" start="21" name="PUN"/>
                    <label end="33" start="23" name="NP0"/>
                    <label end="42" start="35" name="NN1"/>
                    <label end="46" start="44" name="CJC"/>
                    <label end="54" start="48" name="NN1-NP0"/>
                    <label end="56" start="56" name="PUN"/>
                </layer>
            </annotationSet>
            <annotationSet cDate="01/08/2003 12:37:05 PST Wed" status="MANUAL" ID="1561945">
                <layer rank="1" name="FE">
                    <label cBy="865" feID="3495" end="54" start="48" name="Intoxicant"/>
                </layer>
                <layer rank="1" name="GF"/>
                <layer rank="1" name="PT"/>
                <layer rank="1" name="Sent"/>
                <layer rank="1" name="Other"/>
                <layer rank="1" name="Target">
                    <label cBy="103" end="54" start="48" name="Target"/>
                </layer>
                <layer rank="1" name="Noun">
                    <label end="10" start="5" name="Gov"/>
                    <label end="54" start="12" name="X"/>
                </layer>
            </annotationSet>
        </sentence>
    </subCorpus>
    <subCorpus name="N-429-s20-lgov-sell"/>
    <subCorpus name="N-429-s20-lgov-take">
        <sentence sentNo="0" aPos="2491626" ID="1055278">
            <text>Then I thought stuff that , I 'd rather go to Ibiza with my literary agent , Alison , and take some Ecstasy . </text>
            <annotationSet cDate="01/08/2003 12:37:06 PST Wed" status="UNANN" ID="1561960">
                <layer rank="1" name="BNC">
                    <label end="3" start="0" name="AV0"/>
                    <label end="5" start="5" name="PNP"/>
                    <label end="13" start="7" name="VVD"/>
                    <label end="19" start="15" name="NN1-VVB"/>
                    <label end="24" start="21" name="CJT"/>
                    <label end="26" start="26" name="PUN"/>
                    <label end="28" start="28" name="PNP"/>
                    <label end="31" start="30" name="VHD"/>
                    <label end="38" start="33" name="AV0"/>
                    <label end="41" start="40" name="VVI"/>
                    <label end="44" start="43" name="PRP"/>
                    <label end="50" start="46" name="NN1-NP0"/>
                    <label end="55" start="52" name="PRP"/>
                    <label end="58" start="57" name="DPS"/>
                    <label end="67" start="60" name="AJ0"/>
                    <label end="73" start="69" name="NN1"/>
                    <label end="75" start="75" name="PUN"/>
                    <label end="82" start="77" name="NP0"/>
                    <label end="84" start="84" name="PUN"/>
                    <label end="88" start="86" name="CJC"/>
                    <label end="93" start="90" name="VVB"/>
                    <label end="98" start="95" name="DT0"/>
                    <label end="106" start="100" name="NN1"/>
                    <label end="108" start="108" name="PUN"/>
                </layer>
            </annotationSet>
            <annotationSet cDate="01/08/2003 12:37:06 PST Wed" status="MANUAL" ID="1561961">
                <layer rank="1" name="FE">
                    <label cBy="865" feID="3495" end="106" start="100" name="Intoxicant"/>
                </layer>
                <layer rank="1" name="GF"/>
                <layer rank="1" name="PT"/>
                <layer rank="1" name="Sent"/>
                <layer rank="1" name="Other"/>
                <layer rank="1" name="Target">
                    <label cBy="103" end="106" start="100" name="Target"/>
                </layer>
                <layer rank="1" name="Noun">
                    <label end="93" start="90" name="Gov"/>
                    <label end="106" start="95" name="X"/>
                </layer>
            </annotationSet>
        </sentence>
        <sentence sentNo="0" aPos="27507896" ID="1055280">
            <text>Fiona Jordan , defending , said Williams could remember little of what happened because he had taken Ecstasy at a rave party . </text>
            <annotationSet cDate="01/08/2003 12:37:06 PST Wed" status="UNANN" ID="1561964">
                <layer rank="1" name="BNC">
                    <label end="4" start="0" name="NP0"/>
                    <label end="11" start="6" name="NP0"/>
                    <label end="13" start="13" name="PUN"/>
                    <label end="23" start="15" name="VVG"/>
                    <label end="25" start="25" name="PUN"/>
                    <label end="30" start="27" name="VVD"/>
                    <label end="39" start="32" name="NP0"/>
                    <label end="45" start="41" name="VM0"/>
                    <label end="54" start="47" name="VVI"/>
                    <label end="61" start="56" name="DT0"/>
                    <label end="64" start="63" name="PRF"/>
                    <label end="69" start="66" name="DTQ"/>
                    <label end="78" start="71" name="VVD"/>
                    <label end="86" start="80" name="CJS"/>
                    <label end="89" start="88" name="PNP"/>
                    <label end="93" start="91" name="VHD"/>
                    <label end="99" start="95" name="VVN"/>
                    <label end="107" start="101" name="NN1-NP0"/>
                    <label end="110" start="109" name="PRP"/>
                    <label end="112" start="112" name="AT0"/>
                    <label end="117" start="114" name="NN1"/>
                    <label end="123" start="119" name="NN0"/>
                    <label end="125" start="125" name="PUN"/>
                </layer>
            </annotationSet>
            <annotationSet cDate="01/08/2003 12:37:07 PST Wed" status="MANUAL" ID="1561965">
                <layer rank="1" name="FE">
                    <label cBy="865" feID="3495" end="107" start="101" name="Intoxicant"/>
                </layer>
                <layer rank="1" name="GF"/>
                <layer rank="1" name="PT"/>
                <layer rank="1" name="Sent"/>
                <layer rank="1" name="Other"/>
                <layer rank="1" name="Target">
                    <label cBy="103" end="107" start="101" name="Target"/>
                </layer>
                <layer rank="1" name="Noun">
                    <label end="99" start="95" name="Gov"/>
                    <label end="107" start="101" name="X"/>
                </layer>
            </annotationSet>
        </sentence>
        <sentence sentNo="0" aPos="31805538" ID="1055282">
            <text>Rachel took the tablet of Ecstasy at a 21st birthday party in Liverpool . </text>
            <annotationSet cDate="01/08/2003 12:37:07 PST Wed" status="UNANN" ID="1561968">
                <layer rank="1" name="BNC">
                    <label end="5" start="0" name="NP0"/>
                    <label end="10" start="7" name="VVD"/>
                    <label end="14" start="12" name="AT0"/>
                    <label end="21" start="16" name="NN1"/>
                    <label end="24" start="23" name="PRF"/>
                    <label end="32" start="26" name="NN1-NP0"/>
                    <label end="35" start="34" name="PRP"/>
                    <label end="37" start="37" name="AT0"/>
                    <label end="42" start="39" name="ORD"/>
                    <label end="51" start="44" name="NN1"/>
                    <label end="57" start="53" name="NN0"/>
                    <label end="60" start="59" name="PRP"/>
                    <label end="70" start="62" name="NP0"/>
                    <label end="72" start="72" name="PUN"/>
                </layer>
            </annotationSet>
            <annotationSet cDate="01/08/2003 12:37:07 PST Wed" status="MANUAL" ID="1561969">
                <layer rank="1" name="FE">
                    <label cBy="865" feID="3495" end="32" start="26" name="Intoxicant"/>
                </layer>
                <layer rank="1" name="GF"/>
                <layer rank="1" name="PT"/>
                <layer rank="1" name="Sent"/>
                <layer rank="1" name="Other"/>
                <layer rank="1" name="Target">
                    <label cBy="103" end="32" start="26" name="Target"/>
                </layer>
                <layer rank="1" name="Noun">
                    <label end="21" start="16" name="Gov"/>
                    <label end="32" start="23" name="X"/>
                </layer>
            </annotationSet>
        </sentence>
        <sentence sentNo="0" aPos="31812435" ID="1055285">
            <text>A YOUNG father-to-be died after taking Ecstasy just two weeks before the expected birth of his first child . </text>
            <annotationSet cDate="01/08/2003 12:37:07 PST Wed" status="UNANN" ID="1561974">
                <layer rank="1" name="BNC">
                    <label end="0" start="0" name="AT0"/>
                    <label end="6" start="2" name="AJ0"/>
                    <label end="19" start="8" name="NP0"/>
                    <label end="24" start="21" name="VVD"/>
                    <label end="30" start="26" name="PRP"/>
                    <label end="37" start="32" name="VVG"/>
                    <label end="45" start="39" name="NN1-NP0"/>
                    <label end="50" start="47" name="AV0"/>
                    <label end="54" start="52" name="CRD"/>
                    <label end="60" start="56" name="NN2"/>
                    <label end="67" start="62" name="PRP"/>
                    <label end="71" start="69" name="AT0"/>
                    <label end="80" start="73" name="AJ0"/>
                    <label end="86" start="82" name="NN1"/>
                    <label end="89" start="88" name="PRF"/>
                    <label end="93" start="91" name="DPS"/>
                    <label end="99" start="95" name="ORD"/>
                    <label end="105" start="101" name="NN1"/>
                    <label end="107" start="107" name="PUN"/>
                </layer>
            </annotationSet>
            <annotationSet cDate="01/08/2003 12:37:07 PST Wed" status="MANUAL" ID="1561975">
                <layer rank="1" name="FE">
                    <label cBy="865" feID="3495" end="45" start="39" name="Intoxicant"/>
                </layer>
                <layer rank="1" name="GF"/>
                <layer rank="1" name="PT"/>
                <layer rank="1" name="Sent"/>
                <layer rank="1" name="Other"/>
                <layer rank="1" name="Target">
                    <label cBy="103" end="45" start="39" name="Target"/>
                </layer>
                <layer rank="1" name="Noun">
                    <label end="37" start="32" name="Gov"/>
                    <label end="45" start="39" name="X"/>
                </layer>
            </annotationSet>
        </sentence>
        <sentence sentNo="0" aPos="34236682" ID="1055291">
            <text>Just because we 're a rave band it does n't automatically mean we take Ecstasy . </text>
            <annotationSet cDate="01/08/2003 12:37:08 PST Wed" status="UNANN" ID="1561986">
                <layer rank="1" name="BNC">
                    <label end="3" start="0" name="AV0"/>
                    <label end="11" start="5" name="CJS"/>
                    <label end="14" start="13" name="PNP"/>
                    <label end="18" start="16" name="VBB"/>
                    <label end="20" start="20" name="AT0"/>
                    <label end="25" start="22" name="NN1"/>
                    <label end="30" start="27" name="NN1"/>
                    <label end="33" start="32" name="PNP"/>
                    <label end="38" start="35" name="VDZ"/>
                    <label end="42" start="40" name="XX0"/>
                    <label end="56" start="44" name="AV0"/>
                    <label end="61" start="58" name="VVI"/>
                    <label end="64" start="63" name="PNP"/>
                    <label end="69" start="66" name="VVB"/>
                    <label end="77" start="71" name="NN1-NP0"/>
                    <label end="79" start="79" name="PUN"/>
                </layer>
            </annotationSet>
            <annotationSet cDate="01/08/2003 12:37:08 PST Wed" status="MANUAL" ID="1561987">
                <layer rank="1" name="FE">
                    <label cBy="865" feID="3495" end="77" start="71" name="Intoxicant"/>
                </layer>
                <layer rank="1" name="GF"/>
                <layer rank="1" name="PT"/>
                <layer rank="1" name="Sent"/>
                <layer rank="1" name="Other"/>
                <layer rank="1" name="Target">
                    <label cBy="103" end="77" start="71" name="Target"/>
                </layer>
                <layer rank="1" name="Noun">
                    <label end="69" start="66" name="Gov"/>
                    <label end="77" start="71" name="X"/>
                </layer>
            </annotationSet>
        </sentence>
    </subCorpus>
</lexUnit>