<?xml version="1.0" encoding="UTF-8" standalone="yes"?>
<?xml-stylesheet type="text/xsl" href="lexUnit.xsl"?>
<lexUnit status="Finished_Initial" POS="A" name="wallpapered.a" ID="7002" frame="Abounding_with" frameID="262" totalAnnotated="4" xsi:schemaLocation="../schema/lexUnit.xsd" xmlns="http://framenet.icsi.berkeley.edu" xmlns:xsi="http://www.w3.org/2001/XMLSchema-instance">
    <header>
        <frame>
            <FE fgColor="FFFFFF" bgColor="FF69B4" type="Peripheral" abbrev="Degr" name="Degree"/>
            <FE fgColor="FFFFFF" bgColor="9400D3" type="Extra-Thematic" abbrev="Dep" name="Depictive"/>
            <FE fgColor="FFFFFF" bgColor="FF0000" type="Core" abbrev="Loc" name="Location"/>
            <FE fgColor="FFFFFF" bgColor="008000" type="Core" abbrev="Thm" name="Theme"/>
            <FE fgColor="FFFF00" bgColor="FFA500" type="Peripheral" abbrev="" name="Time"/>
        </frame>
    </header>
    <definition>FN: covered in wallpaper</definition>
    <lexeme POS="A" name="wallpapered"/>
    <valences>
        <FERealization total="4">
            <FE name="Location"/>
            <pattern total="2">
                <valenceUnit GF="Head" PT="N" FE="Location"/>
                <annoSet ID="1554010"/>
                <annoSet ID="1554012"/>
            </pattern>
            <pattern total="2">
                <valenceUnit GF="Ext" PT="NP" FE="Location"/>
                <annoSet ID="1554014"/>
                <annoSet ID="1554016"/>
            </pattern>
            <pattern total="1">
                <valenceUnit GF="Dep" PT="PP[on]" FE="Location"/>
                <annoSet ID="1554016"/>
            </pattern>
        </FERealization>
        <FERealization total="2">
            <FE name="Theme"/>
            <pattern total="2">
                <valenceUnit GF="Dep" PT="PP[with]" FE="Theme"/>
                <annoSet ID="1554014"/>
                <annoSet ID="1554016"/>
            </pattern>
        </FERealization>
        <FEGroupRealization total="2">
            <FE name="Location"/>
            <pattern total="2">
                <valenceUnit GF="Head" PT="N" FE="Location"/>
                <annoSet ID="1554010"/>
                <annoSet ID="1554012"/>
            </pattern>
        </FEGroupRealization>
        <FEGroupRealization total="1">
            <FE name="Location"/>
            <FE name="Location"/>
            <FE name="Theme"/>
            <pattern total="1">
                <valenceUnit GF="Ext" PT="NP" FE="Location"/>
                <valenceUnit GF="Dep" PT="PP[on]" FE="Location"/>
                <valenceUnit GF="Dep" PT="PP[with]" FE="Theme"/>
                <annoSet ID="1554016"/>
            </pattern>
        </FEGroupRealization>
        <FEGroupRealization total="1">
            <FE name="Location"/>
            <FE name="Theme"/>
            <pattern total="1">
                <valenceUnit GF="Ext" PT="NP" FE="Location"/>
                <valenceUnit GF="Dep" PT="PP[with]" FE="Theme"/>
                <annoSet ID="1554014"/>
            </pattern>
        </FEGroupRealization>
    </valences>
    <subCorpus name="A-001-all">
        <sentence sentNo="0" aPos="15635928" ID="1051282">
            <text>Plain drapes replaced the flounced curtains and white paint covered the old , ornately wallpapered walls . </text>
            <annotationSet cDate="01/08/2003 12:27:53 PST Wed" status="UNANN" ID="1554009">
                <layer rank="1" name="BNC">
                    <label end="4" start="0" name="AJ0"/>
                    <label end="11" start="6" name="NN2"/>
                    <label end="20" start="13" name="VVD"/>
                    <label end="24" start="22" name="AT0"/>
                    <label end="33" start="26" name="AJ0"/>
                    <label end="42" start="35" name="NN2"/>
                    <label end="46" start="44" name="CJC"/>
                    <label end="52" start="48" name="AJ0"/>
                    <label end="58" start="54" name="NN1"/>
                    <label end="66" start="60" name="VVD-VVN"/>
                    <label end="70" start="68" name="AT0"/>
                    <label end="74" start="72" name="AJ0"/>
                    <label end="76" start="76" name="PUN"/>
                    <label end="85" start="78" name="AV0"/>
                    <label end="97" start="87" name="AJ0-VVD"/>
                    <label end="103" start="99" name="NN2"/>
                    <label end="105" start="105" name="PUN"/>
                </layer>
            </annotationSet>
            <annotationSet cDate="01/08/2003 12:27:53 PST Wed" status="MANUAL" ID="1554010">
                <layer rank="1" name="FE">
                    <label cBy="268" feID="2261" end="103" start="99" name="Location"/>
                </layer>
                <layer rank="1" name="GF">
                    <label end="103" start="99" name="Head"/>
                </layer>
                <layer rank="1" name="PT">
                    <label end="103" start="99" name="N"/>
                </layer>
                <layer rank="1" name="Sent"/>
                <layer rank="1" name="Other"/>
                <layer rank="1" name="Target">
                    <label cBy="103" end="97" start="87" name="Target"/>
                </layer>
                <layer rank="1" name="Adj"/>
            </annotationSet>
        </sentence>
        <sentence sentNo="0" aPos="30903603" ID="1051283">
            <text>Blanche looked round her at the wallpapered walls and the flounced pink curtains and said , ` How very nice . </text>
            <annotationSet cDate="01/08/2003 12:27:53 PST Wed" status="UNANN" ID="1554011">
                <layer rank="1" name="BNC">
                    <label end="6" start="0" name="NN1-NP0"/>
                    <label end="13" start="8" name="VVD-VVN"/>
                    <label end="19" start="15" name="AVP-PRP"/>
                    <label end="23" start="21" name="PNP"/>
                    <label end="26" start="25" name="PRP"/>
                    <label end="30" start="28" name="AT0"/>
                    <label end="42" start="32" name="AJ0"/>
                    <label end="48" start="44" name="NN2"/>
                    <label end="52" start="50" name="CJC"/>
                    <label end="56" start="54" name="AT0"/>
                    <label end="65" start="58" name="AJ0"/>
                    <label end="70" start="67" name="AJ0"/>
                    <label end="79" start="72" name="NN2"/>
                    <label end="83" start="81" name="CJC"/>
                    <label end="88" start="85" name="VVD"/>
                    <label end="90" start="90" name="PUN"/>
                    <label end="92" start="92" name="PUQ"/>
                    <label end="96" start="94" name="AVQ"/>
                    <label end="101" start="98" name="AV0"/>
                    <label end="106" start="103" name="AJ0"/>
                    <label end="108" start="108" name="PUN"/>
                </layer>
            </annotationSet>
            <annotationSet cDate="01/08/2003 12:27:53 PST Wed" status="MANUAL" ID="1554012">
                <layer rank="1" name="FE">
                    <label cBy="268" feID="2261" end="48" start="44" name="Location"/>
                </layer>
                <layer rank="1" name="GF">
                    <label end="48" start="44" name="Head"/>
                </layer>
                <layer rank="1" name="PT">
                    <label end="48" start="44" name="N"/>
                </layer>
                <layer rank="1" name="Sent"/>
                <layer rank="1" name="Other"/>
                <layer rank="1" name="Target">
                    <label cBy="103" end="42" start="32" name="Target"/>
                </layer>
                <layer rank="1" name="Adj"/>
            </annotationSet>
        </sentence>
        <sentence sentNo="0" aPos="64812837" ID="1051284">
            <text>His shabby King 's Cross flat was wallpapered with photographs of all the current top models , mostly clipped from magazines and newspapers . </text>
            <annotationSet cDate="01/08/2003 12:27:53 PST Wed" status="UNANN" ID="1554013">
                <layer rank="1" name="BNC">
                    <label end="2" start="0" name="DPS"/>
                    <label end="9" start="4" name="AJ0"/>
                    <label end="14" start="11" name="NP0"/>
                    <label end="17" start="16" name="POS"/>
                    <label end="23" start="19" name="NP0"/>
                    <label end="28" start="25" name="NN1"/>
                    <label end="32" start="30" name="VBD"/>
                    <label end="44" start="34" name="VVN"/>
                    <label end="49" start="46" name="PRP"/>
                    <label end="61" start="51" name="NN2"/>
                    <label end="64" start="63" name="PRF"/>
                    <label end="68" start="66" name="DT0"/>
                    <label end="72" start="70" name="AT0"/>
                    <label end="80" start="74" name="AJ0"/>
                    <label end="84" start="82" name="AJ0-NN1"/>
                    <label end="91" start="86" name="NN2"/>
                    <label end="93" start="93" name="PUN"/>
                    <label end="100" start="95" name="AV0"/>
                    <label end="108" start="102" name="VVD-VVN"/>
                    <label end="113" start="110" name="PRP"/>
                    <label end="123" start="115" name="NN2"/>
                    <label end="127" start="125" name="CJC"/>
                    <label end="138" start="129" name="NN2"/>
                    <label end="140" start="140" name="PUN"/>
                </layer>
            </annotationSet>
            <annotationSet cDate="01/08/2003 12:27:53 PST Wed" status="MANUAL" ID="1554014">
                <layer rank="1" name="FE">
                    <label cBy="268" feID="2261" end="28" start="0" name="Location"/>
                    <label cBy="268" feID="2260" end="138" start="46" name="Theme"/>
                </layer>
                <layer rank="1" name="GF">
                    <label end="28" start="0" name="Ext"/>
                    <label end="138" start="46" name="Dep"/>
                </layer>
                <layer rank="1" name="PT">
                    <label end="28" start="0" name="NP"/>
                    <label end="138" start="46" name="PP"/>
                </layer>
                <layer rank="1" name="Sent"/>
                <layer rank="1" name="Other"/>
                <layer rank="1" name="Target">
                    <label cBy="103" end="44" start="34" name="Target"/>
                </layer>
                <layer rank="1" name="Adj">
                    <label end="32" start="30" name="Cop"/>
                </layer>
            </annotationSet>
        </sentence>
        <sentence sentNo="0" aPos="65712864" ID="1051285">
            <text>The bedroom is wallpapered , both on walls and ceiling , with a delicate tiny pink flower motif on a white background . </text>
            <annotationSet cDate="01/08/2003 12:27:53 PST Wed" status="UNANN" ID="1554015">
                <layer rank="1" name="BNC">
                    <label end="2" start="0" name="AT0"/>
                    <label end="10" start="4" name="NN1"/>
                    <label end="13" start="12" name="VBZ"/>
                    <label end="25" start="15" name="AJ0-VVN"/>
                    <label end="27" start="27" name="PUN"/>
                    <label end="32" start="29" name="AV0"/>
                    <label end="35" start="34" name="PRP"/>
                    <label end="41" start="37" name="NN2"/>
                    <label end="45" start="43" name="CJC"/>
                    <label end="53" start="47" name="NN1"/>
                    <label end="55" start="55" name="PUN"/>
                    <label end="60" start="57" name="PRP"/>
                    <label end="62" start="62" name="AT0"/>
                    <label end="71" start="64" name="AJ0"/>
                    <label end="76" start="73" name="AJ0"/>
                    <label end="81" start="78" name="AJ0"/>
                    <label end="88" start="83" name="NN1"/>
                    <label end="94" start="90" name="NN1"/>
                    <label end="97" start="96" name="PRP"/>
                    <label end="99" start="99" name="AT0"/>
                    <label end="105" start="101" name="AJ0"/>
                    <label end="116" start="107" name="NN1"/>
                    <label end="118" start="118" name="PUN"/>
                </layer>
            </annotationSet>
            <annotationSet cDate="01/08/2003 12:27:53 PST Wed" status="MANUAL" ID="1554016">
                <layer rank="1" name="FE">
                    <label cBy="268" feID="2261" end="10" start="0" name="Location"/>
                    <label cBy="268" feID="2261" end="53" start="29" name="Location"/>
                    <label cBy="268" feID="2260" end="116" start="57" name="Theme"/>
                </layer>
                <layer rank="1" name="GF">
                    <label end="10" start="0" name="Ext"/>
                    <label end="53" start="29" name="Dep"/>
                    <label end="116" start="57" name="Dep"/>
                </layer>
                <layer rank="1" name="PT">
                    <label end="10" start="0" name="NP"/>
                    <label end="53" start="29" name="PP"/>
                    <label end="116" start="57" name="PP"/>
                </layer>
                <layer rank="1" name="Sent"/>
                <layer rank="1" name="Other"/>
                <layer rank="1" name="Target">
                    <label cBy="103" end="25" start="15" name="Target"/>
                </layer>
                <layer rank="1" name="Adj">
                    <label end="13" start="12" name="Cop"/>
                </layer>
            </annotationSet>
        </sentence>
    </subCorpus>
</lexUnit>