<?xml version="1.0" encoding="UTF-8" standalone="yes"?>
<?xml-stylesheet type="text/xsl" href="lexUnit.xsl"?>
<lexUnit status="Finished_Initial" POS="A" name="bedecked.a" ID="7021" frame="Abounding_with" frameID="262" totalAnnotated="11" xsi:schemaLocation="../schema/lexUnit.xsd" xmlns="http://framenet.icsi.berkeley.edu" xmlns:xsi="http://www.w3.org/2001/XMLSchema-instance">
    <header>
        <frame>
            <FE fgColor="FFFFFF" bgColor="FF69B4" type="Peripheral" abbrev="Degr" name="Degree"/>
            <FE fgColor="FFFFFF" bgColor="9400D3" type="Extra-Thematic" abbrev="Dep" name="Depictive"/>
            <FE fgColor="FFFFFF" bgColor="FF0000" type="Core" abbrev="Loc" name="Location"/>
            <FE fgColor="FFFFFF" bgColor="008000" type="Core" abbrev="Thm" name="Theme"/>
            <FE fgColor="FFFF00" bgColor="FFA500" type="Peripheral" abbrev="" name="Time"/>
        </frame>
    </header>
    <definition>FN: decorated lavishly</definition>
    <lexeme POS="A" name="bedecked"/>
    <valences>
        <FERealization total="1">
            <FE name="Degree"/>
            <pattern total="1">
                <valenceUnit GF="Dep" PT="AVP" FE="Degree"/>
                <annoSet ID="1559199"/>
            </pattern>
        </FERealization>
        <FERealization total="11">
            <FE name="Location"/>
            <pattern total="9">
                <valenceUnit GF="Ext" PT="NP" FE="Location"/>
                <annoSet ID="1559193"/>
                <annoSet ID="1559199"/>
                <annoSet ID="1559203"/>
                <annoSet ID="1559215"/>
                <annoSet ID="1559221"/>
                <annoSet ID="1559227"/>
                <annoSet ID="1559229"/>
                <annoSet ID="1559231"/>
                <annoSet ID="1559235"/>
            </pattern>
            <pattern total="2">
                <valenceUnit GF="Head" PT="N" FE="Location"/>
                <annoSet ID="1559189"/>
                <annoSet ID="1559191"/>
            </pattern>
        </FERealization>
        <FERealization total="11">
            <FE name="Theme"/>
            <pattern total="9">
                <valenceUnit GF="Dep" PT="PP[with]" FE="Theme"/>
                <annoSet ID="1559193"/>
                <annoSet ID="1559199"/>
                <annoSet ID="1559203"/>
                <annoSet ID="1559215"/>
                <annoSet ID="1559221"/>
                <annoSet ID="1559227"/>
                <annoSet ID="1559229"/>
                <annoSet ID="1559231"/>
                <annoSet ID="1559235"/>
            </pattern>
            <pattern total="2">
                <valenceUnit GF="Dep" PT="N" FE="Theme"/>
                <annoSet ID="1559189"/>
                <annoSet ID="1559191"/>
            </pattern>
        </FERealization>
        <FEGroupRealization total="1">
            <FE name="Degree"/>
            <FE name="Location"/>
            <FE name="Theme"/>
            <pattern total="1">
                <valenceUnit GF="Dep" PT="AVP" FE="Degree"/>
                <valenceUnit GF="Ext" PT="NP" FE="Location"/>
                <valenceUnit GF="Dep" PT="PP[with]" FE="Theme"/>
                <annoSet ID="1559199"/>
            </pattern>
        </FEGroupRealization>
        <FEGroupRealization total="1">
            <FE name="Location"/>
            <FE name="Location"/>
            <FE name="Theme"/>
            <pattern total="1">
                <valenceUnit GF="Ext" PT="NP" FE="Location"/>
                <valenceUnit GF="Ext" PT="NP" FE="Location"/>
                <valenceUnit GF="Dep" PT="PP[with]" FE="Theme"/>
                <annoSet ID="1559215"/>
            </pattern>
        </FEGroupRealization>
        <FEGroupRealization total="9">
            <FE name="Location"/>
            <FE name="Theme"/>
            <pattern total="2">
                <valenceUnit GF="Head" PT="N" FE="Location"/>
                <valenceUnit GF="Dep" PT="N" FE="Theme"/>
                <annoSet ID="1559189"/>
                <annoSet ID="1559191"/>
            </pattern>
            <pattern total="7">
                <valenceUnit GF="Ext" PT="NP" FE="Location"/>
                <valenceUnit GF="Dep" PT="PP[with]" FE="Theme"/>
                <annoSet ID="1559193"/>
                <annoSet ID="1559203"/>
                <annoSet ID="1559221"/>
                <annoSet ID="1559227"/>
                <annoSet ID="1559229"/>
                <annoSet ID="1559231"/>
                <annoSet ID="1559235"/>
            </pattern>
        </FEGroupRealization>
    </valences>
    <subCorpus name="A-001-all">
        <sentence sentNo="0" aPos="11226256" ID="1053892">
            <text>Switzerland is famous for its snow capped mountains , alpine meadows , beautiful lakes and flower bedecked chalets . </text>
            <annotationSet cDate="01/08/2003 12:33:54 PST Wed" status="UNANN" ID="1559188">
                <layer rank="1" name="BNC">
                    <label end="10" start="0" name="NP0"/>
                    <label end="13" start="12" name="VBZ"/>
                    <label end="20" start="15" name="AJ0"/>
                    <label end="24" start="22" name="PRP"/>
                    <label end="28" start="26" name="DPS"/>
                    <label end="33" start="30" name="NN1"/>
                    <label end="40" start="35" name="AJ0-VVD"/>
                    <label end="50" start="42" name="NN2"/>
                    <label end="52" start="52" name="PUN"/>
                    <label end="59" start="54" name="AJ0"/>
                    <label end="67" start="61" name="NN2"/>
                    <label end="69" start="69" name="PUN"/>
                    <label end="79" start="71" name="AJ0"/>
                    <label end="85" start="81" name="NN2"/>
                    <label end="89" start="87" name="CJC"/>
                    <label end="96" start="91" name="NN1"/>
                    <label end="105" start="98" name="AJ0-VVD"/>
                    <label end="113" start="107" name="NN2"/>
                    <label end="115" start="115" name="PUN"/>
                </layer>
            </annotationSet>
            <annotationSet cDate="01/08/2003 12:33:54 PST Wed" status="MANUAL" ID="1559189">
                <layer rank="1" name="FE">
                    <label cBy="532" feID="2260" end="96" start="91" name="Theme"/>
                    <label cBy="532" feID="2261" end="113" start="107" name="Location"/>
                </layer>
                <layer rank="1" name="GF">
                    <label end="96" start="91" name="Dep"/>
                    <label end="113" start="107" name="Head"/>
                </layer>
                <layer rank="1" name="PT">
                    <label end="96" start="91" name="N"/>
                    <label end="113" start="107" name="N"/>
                </layer>
                <layer rank="1" name="Sent"/>
                <layer rank="1" name="Other"/>
                <layer rank="1" name="Target">
                    <label cBy="103" end="105" start="98" name="Target"/>
                </layer>
                <layer rank="1" name="Adj"/>
            </annotationSet>
        </sentence>
        <sentence sentNo="0" aPos="11255588" ID="1053893">
            <text>This is a picturesque little hotel , complete with flower bedecked balconies . </text>
            <annotationSet cDate="01/08/2003 12:33:55 PST Wed" status="UNANN" ID="1559190">
                <layer rank="1" name="BNC">
                    <label end="3" start="0" name="DT0"/>
                    <label end="6" start="5" name="VBZ"/>
                    <label end="8" start="8" name="AT0"/>
                    <label end="20" start="10" name="AJ0"/>
                    <label end="27" start="22" name="AJ0"/>
                    <label end="33" start="29" name="NN1"/>
                    <label end="35" start="35" name="PUN"/>
                    <label end="44" start="37" name="AJ0"/>
                    <label end="49" start="46" name="PRP"/>
                    <label end="56" start="51" name="NN1"/>
                    <label end="65" start="58" name="AJ0-VVD"/>
                    <label end="75" start="67" name="NN2"/>
                    <label end="77" start="77" name="PUN"/>
                </layer>
            </annotationSet>
            <annotationSet cDate="01/08/2003 12:33:55 PST Wed" status="MANUAL" ID="1559191">
                <layer rank="1" name="FE">
                    <label cBy="532" feID="2260" end="56" start="51" name="Theme"/>
                    <label cBy="532" feID="2261" end="75" start="67" name="Location"/>
                </layer>
                <layer rank="1" name="GF">
                    <label end="56" start="51" name="Dep"/>
                    <label end="75" start="67" name="Head"/>
                </layer>
                <layer rank="1" name="PT">
                    <label end="75" start="67" name="N"/>
                    <label end="56" start="51" name="N"/>
                </layer>
                <layer rank="1" name="Sent"/>
                <layer rank="1" name="Other"/>
                <layer rank="1" name="Target">
                    <label cBy="103" end="65" start="58" name="Target"/>
                </layer>
                <layer rank="1" name="Adj"/>
            </annotationSet>
        </sentence>
        <sentence sentNo="0" aPos="13271982" ID="1053894">
            <text>Enter the palace , walk from the antechamber with its remains of a Romanesque tower , then turn left to the Green Chamber bedecked with the emblems of the associate judges of the courts . </text>
            <annotationSet cDate="01/08/2003 12:33:55 PST Wed" status="UNANN" ID="1559192">
                <layer rank="1" name="BNC">
                    <label end="4" start="0" name="VVB"/>
                    <label end="8" start="6" name="AT0"/>
                    <label end="15" start="10" name="NN1"/>
                    <label end="17" start="17" name="PUN"/>
                    <label end="22" start="19" name="NN1-VVB"/>
                    <label end="27" start="24" name="PRP"/>
                    <label end="31" start="29" name="AT0"/>
                    <label end="43" start="33" name="NN1"/>
                    <label end="48" start="45" name="PRP"/>
                    <label end="52" start="50" name="DPS"/>
                    <label end="60" start="54" name="NN2"/>
                    <label end="63" start="62" name="PRF"/>
                    <label end="65" start="65" name="AT0"/>
                    <label end="76" start="67" name="AJ0"/>
                    <label end="82" start="78" name="NN1"/>
                    <label end="84" start="84" name="PUN"/>
                    <label end="89" start="86" name="AV0"/>
                    <label end="94" start="91" name="NN1-VVB"/>
                    <label end="99" start="96" name="AJ0-VVN"/>
                    <label end="102" start="101" name="PRP"/>
                    <label end="106" start="104" name="AT0"/>
                    <label end="112" start="108" name="NP0"/>
                    <label end="120" start="114" name="NP0"/>
                    <label end="129" start="122" name="VVD"/>
                    <label end="134" start="131" name="PRP"/>
                    <label end="138" start="136" name="AT0"/>
                    <label end="146" start="140" name="NN2"/>
                    <label end="149" start="148" name="PRF"/>
                    <label end="153" start="151" name="AT0"/>
                    <label end="163" start="155" name="AJ0-NN1"/>
                    <label end="170" start="165" name="NN2"/>
                    <label end="173" start="172" name="PRF"/>
                    <label end="177" start="175" name="AT0"/>
                    <label end="184" start="179" name="NN2"/>
                    <label end="186" start="186" name="PUN"/>
                </layer>
            </annotationSet>
            <annotationSet cDate="01/08/2003 12:33:55 PST Wed" status="MANUAL" ID="1559193">
                <layer rank="1" name="FE">
                    <label cBy="532" feID="2261" end="120" start="104" name="Location"/>
                    <label cBy="532" feID="2260" end="184" start="131" name="Theme"/>
                </layer>
                <layer rank="1" name="GF">
                    <label end="120" start="104" name="Ext"/>
                    <label end="184" start="131" name="Dep"/>
                </layer>
                <layer rank="1" name="PT">
                    <label end="120" start="104" name="NP"/>
                    <label end="184" start="131" name="PP"/>
                </layer>
                <layer rank="1" name="Sent"/>
                <layer rank="1" name="Other"/>
                <layer rank="1" name="Target">
                    <label cBy="103" end="129" start="122" name="Target"/>
                </layer>
                <layer rank="1" name="Adj"/>
            </annotationSet>
        </sentence>
        <sentence sentNo="0" aPos="13644347" ID="1053897">
            <text>The subject is richly bedecked with jewellery . </text>
            <annotationSet cDate="01/08/2003 12:33:55 PST Wed" status="UNANN" ID="1559198">
                <layer rank="1" name="BNC">
                    <label end="2" start="0" name="AT0"/>
                    <label end="10" start="4" name="NN1"/>
                    <label end="13" start="12" name="VBZ"/>
                    <label end="20" start="15" name="AV0"/>
                    <label end="29" start="22" name="VVD-VVN"/>
                    <label end="34" start="31" name="PRP"/>
                    <label end="44" start="36" name="NN1"/>
                    <label end="46" start="46" name="PUN"/>
                </layer>
            </annotationSet>
            <annotationSet cDate="01/08/2003 12:33:55 PST Wed" status="MANUAL" ID="1559199">
                <layer rank="1" name="FE">
                    <label cBy="532" feID="2261" end="10" start="0" name="Location"/>
                    <label cBy="532" feID="2271" end="20" start="15" name="Degree"/>
                    <label cBy="532" feID="2260" end="44" start="31" name="Theme"/>
                </layer>
                <layer rank="1" name="GF">
                    <label end="10" start="0" name="Ext"/>
                    <label end="20" start="15" name="Dep"/>
                    <label end="44" start="31" name="Dep"/>
                </layer>
                <layer rank="1" name="PT">
                    <label end="10" start="0" name="NP"/>
                    <label end="20" start="15" name="AVP"/>
                    <label end="44" start="31" name="PP"/>
                </layer>
                <layer rank="1" name="Sent"/>
                <layer rank="1" name="Other"/>
                <layer rank="1" name="Target">
                    <label cBy="103" end="29" start="22" name="Target"/>
                </layer>
                <layer rank="1" name="Adj">
                    <label end="13" start="12" name="Cop"/>
                </layer>
            </annotationSet>
        </sentence>
        <sentence sentNo="0" aPos="23533998" ID="1053899">
            <text>The lichen-crusted walls bedecked with city grime capture my attention time and time again . </text>
            <annotationSet cDate="01/08/2003 12:33:55 PST Wed" status="UNANN" ID="1559202">
                <layer rank="1" name="BNC">
                    <label end="2" start="0" name="AT0"/>
                    <label end="17" start="4" name="AJ0"/>
                    <label end="23" start="19" name="NN2"/>
                    <label end="32" start="25" name="VVD-VVN"/>
                    <label end="37" start="34" name="PRP"/>
                    <label end="42" start="39" name="NN1"/>
                    <label end="48" start="44" name="NN1"/>
                    <label end="56" start="50" name="VVB"/>
                    <label end="59" start="58" name="DPS"/>
                    <label end="69" start="61" name="NN1"/>
                    <label end="74" start="71" name="NN1"/>
                    <label end="78" start="76" name="CJC"/>
                    <label end="83" start="80" name="NN1"/>
                    <label end="89" start="85" name="AV0"/>
                    <label end="91" start="91" name="PUN"/>
                </layer>
            </annotationSet>
            <annotationSet cDate="01/08/2003 12:33:55 PST Wed" status="MANUAL" ID="1559203">
                <layer rank="1" name="FE">
                    <label cBy="532" feID="2261" end="23" start="0" name="Location"/>
                    <label cBy="532" feID="2260" end="48" start="34" name="Theme"/>
                </layer>
                <layer rank="1" name="GF">
                    <label end="23" start="0" name="Ext"/>
                    <label end="48" start="34" name="Dep"/>
                </layer>
                <layer rank="1" name="PT">
                    <label end="23" start="0" name="NP"/>
                    <label end="48" start="34" name="PP"/>
                </layer>
                <layer rank="1" name="Sent"/>
                <layer rank="1" name="Other"/>
                <layer rank="1" name="Target">
                    <label cBy="103" end="32" start="25" name="Target"/>
                </layer>
                <layer rank="1" name="Adj"/>
            </annotationSet>
        </sentence>
        <sentence sentNo="0" aPos="45630053" ID="1053905">
            <text>Although it is close to the restaurants and bars of Lipari , guests often prefer to linger with a drink under the palm tree in the hotel 's own inner courtyard which is bedecked with flowers and shrubs . </text>
            <annotationSet cDate="01/08/2003 12:33:56 PST Wed" status="UNANN" ID="1559214">
                <layer rank="1" name="BNC">
                    <label end="7" start="0" name="CJS"/>
                    <label end="10" start="9" name="PNP"/>
                    <label end="13" start="12" name="VBZ"/>
                    <label end="19" start="15" name="AJ0"/>
                    <label end="22" start="21" name="PRP"/>
                    <label end="26" start="24" name="AT0"/>
                    <label end="38" start="28" name="NN2"/>
                    <label end="42" start="40" name="CJC"/>
                    <label end="47" start="44" name="NN2"/>
                    <label end="50" start="49" name="PRF"/>
                    <label end="57" start="52" name="NN1-NP0"/>
                    <label end="59" start="59" name="PUN"/>
                    <label end="66" start="61" name="NN2"/>
                    <label end="72" start="68" name="AV0"/>
                    <label end="79" start="74" name="VVB"/>
                    <label end="82" start="81" name="TO0"/>
                    <label end="89" start="84" name="VVI"/>
                    <label end="94" start="91" name="PRP"/>
                    <label end="96" start="96" name="AT0"/>
                    <label end="102" start="98" name="NN1"/>
                    <label end="108" start="104" name="PRP"/>
                    <label end="112" start="110" name="AT0"/>
                    <label end="117" start="114" name="NN1"/>
                    <label end="122" start="119" name="NN1"/>
                    <label end="125" start="124" name="PRP"/>
                    <label end="129" start="127" name="AT0"/>
                    <label end="135" start="131" name="NN1"/>
                    <label end="138" start="137" name="VBZ"/>
                    <label end="142" start="140" name="DT0"/>
                    <label end="148" start="144" name="AJ0"/>
                    <label end="158" start="150" name="NN1"/>
                    <label end="164" start="160" name="DTQ"/>
                    <label end="167" start="166" name="VBZ"/>
                    <label end="176" start="169" name="VVN"/>
                    <label end="181" start="178" name="PRP"/>
                    <label end="189" start="183" name="NN2"/>
                    <label end="193" start="191" name="CJC"/>
                    <label end="200" start="195" name="NN2"/>
                    <label end="202" start="202" name="PUN"/>
                </layer>
            </annotationSet>
            <annotationSet cDate="01/08/2003 12:33:56 PST Wed" status="MANUAL" ID="1559215">
                <layer rank="1" name="FE">
                    <label cBy="532" feID="2260" end="200" start="178" name="Theme"/>
                    <label cBy="605" feID="2261" end="158" start="127" name="Location"/>
                    <label cBy="605" feID="2261" end="164" start="160" name="Location"/>
                </layer>
                <layer rank="1" name="GF">
                    <label end="200" start="178" name="Dep"/>
                    <label end="158" start="127" name="Ext"/>
                    <label end="164" start="160" name="Ext"/>
                </layer>
                <layer rank="1" name="PT">
                    <label end="200" start="178" name="PP"/>
                    <label end="158" start="127" name="NP"/>
                    <label end="164" start="160" name="NP"/>
                </layer>
                <layer rank="1" name="Sent"/>
                <layer rank="1" name="Other">
                    <label end="158" start="127" name="Ant"/>
                    <label end="164" start="160" name="Rel"/>
                </layer>
                <layer rank="1" name="Target">
                    <label cBy="103" end="176" start="169" name="Target"/>
                </layer>
                <layer rank="1" name="Adj">
                    <label end="167" start="166" name="Cop"/>
                </layer>
            </annotationSet>
        </sentence>
        <sentence sentNo="0" aPos="65225177" ID="1053908">
            <text>In the dimness of the rooms Dexter made out blurred figures and machinery bedecked with lights , knobs and dials . </text>
            <annotationSet cDate="01/08/2003 12:33:56 PST Wed" status="UNANN" ID="1559220">
                <layer rank="1" name="BNC">
                    <label end="1" start="0" name="PRP"/>
                    <label end="5" start="3" name="AT0"/>
                    <label end="13" start="7" name="NN1"/>
                    <label end="16" start="15" name="PRF"/>
                    <label end="20" start="18" name="AT0"/>
                    <label end="26" start="22" name="NN2"/>
                    <label end="33" start="28" name="NP0"/>
                    <label end="38" start="35" name="VVD"/>
                    <label end="42" start="40" name="AVP"/>
                    <label end="50" start="44" name="AJ0"/>
                    <label end="58" start="52" name="NN2"/>
                    <label end="62" start="60" name="CJC"/>
                    <label end="72" start="64" name="NN1"/>
                    <label end="81" start="74" name="VVD-VVN"/>
                    <label end="86" start="83" name="PRP"/>
                    <label end="93" start="88" name="NN2"/>
                    <label end="95" start="95" name="PUN"/>
                    <label end="101" start="97" name="NN2"/>
                    <label end="105" start="103" name="CJC"/>
                    <label end="111" start="107" name="NN2"/>
                    <label end="113" start="113" name="PUN"/>
                </layer>
            </annotationSet>
            <annotationSet cDate="01/08/2003 12:33:56 PST Wed" status="MANUAL" ID="1559221">
                <layer rank="1" name="FE">
                    <label cBy="532" feID="2261" end="72" start="64" name="Location"/>
                    <label cBy="532" feID="2260" end="111" start="83" name="Theme"/>
                </layer>
                <layer rank="1" name="GF">
                    <label end="72" start="64" name="Ext"/>
                    <label end="111" start="83" name="Dep"/>
                </layer>
                <layer rank="1" name="PT">
                    <label end="72" start="64" name="NP"/>
                    <label end="111" start="83" name="PP"/>
                </layer>
                <layer rank="1" name="Sent"/>
                <layer rank="1" name="Other"/>
                <layer rank="1" name="Target">
                    <label cBy="103" end="81" start="74" name="Target"/>
                </layer>
                <layer rank="1" name="Adj"/>
            </annotationSet>
        </sentence>
        <sentence sentNo="0" aPos="75876747" ID="1053911">
            <text>They paused to watch the rustics , bedecked with scarves , ribbons and laces , dance and carouse around their makeshift hobby horses to the raucous noise of pipers , drummers and other musicians . </text>
            <annotationSet cDate="01/08/2003 12:33:57 PST Wed" status="UNANN" ID="1559226">
                <layer rank="1" name="BNC">
                    <label end="3" start="0" name="PNP"/>
                    <label end="10" start="5" name="VVD"/>
                    <label end="13" start="12" name="TO0"/>
                    <label end="19" start="15" name="VVI"/>
                    <label end="23" start="21" name="AT0"/>
                    <label end="31" start="25" name="NN1"/>
                    <label end="33" start="33" name="PUN"/>
                    <label end="42" start="35" name="VVN"/>
                    <label end="47" start="44" name="PRP"/>
                    <label end="55" start="49" name="NN2"/>
                    <label end="57" start="57" name="PUN"/>
                    <label end="65" start="59" name="NN2"/>
                    <label end="69" start="67" name="CJC"/>
                    <label end="75" start="71" name="NN2-VVZ"/>
                    <label end="77" start="77" name="PUN"/>
                    <label end="83" start="79" name="VVB"/>
                    <label end="87" start="85" name="CJC"/>
                    <label end="95" start="89" name="NN1-VVB"/>
                    <label end="102" start="97" name="PRP"/>
                    <label end="108" start="104" name="DPS"/>
                    <label end="118" start="110" name="AJ0"/>
                    <label end="124" start="120" name="NN1"/>
                    <label end="131" start="126" name="NN2"/>
                    <label end="134" start="133" name="PRP"/>
                    <label end="138" start="136" name="AT0"/>
                    <label end="146" start="140" name="AJ0"/>
                    <label end="152" start="148" name="NN1"/>
                    <label end="155" start="154" name="PRF"/>
                    <label end="162" start="157" name="NN2"/>
                    <label end="164" start="164" name="PUN"/>
                    <label end="173" start="166" name="NN2"/>
                    <label end="177" start="175" name="CJC"/>
                    <label end="183" start="179" name="AJ0"/>
                    <label end="193" start="185" name="NN2"/>
                    <label end="195" start="195" name="PUN"/>
                </layer>
            </annotationSet>
            <annotationSet cDate="01/08/2003 12:33:57 PST Wed" status="MANUAL" ID="1559227">
                <layer rank="1" name="FE">
                    <label cBy="532" feID="2261" end="31" start="21" name="Location"/>
                    <label cBy="532" feID="2260" end="75" start="44" name="Theme"/>
                </layer>
                <layer rank="1" name="GF">
                    <label end="31" start="21" name="Ext"/>
                    <label end="75" start="44" name="Dep"/>
                </layer>
                <layer rank="1" name="PT">
                    <label end="31" start="21" name="NP"/>
                    <label end="75" start="44" name="PP"/>
                </layer>
                <layer rank="1" name="Sent"/>
                <layer rank="1" name="Other"/>
                <layer rank="1" name="Target">
                    <label cBy="103" end="42" start="35" name="Target"/>
                </layer>
                <layer rank="1" name="Adj"/>
            </annotationSet>
        </sentence>
        <sentence sentNo="0" aPos="79082985" ID="1053912">
            <text>The wall lights in the great stone walls were bedecked with pink silk shades . </text>
            <annotationSet cDate="01/08/2003 12:33:57 PST Wed" status="UNANN" ID="1559228">
                <layer rank="1" name="BNC">
                    <label end="2" start="0" name="AT0"/>
                    <label end="7" start="4" name="NN1"/>
                    <label end="14" start="9" name="NN2-VVZ"/>
                    <label end="17" start="16" name="PRP"/>
                    <label end="21" start="19" name="AT0"/>
                    <label end="27" start="23" name="AJ0"/>
                    <label end="33" start="29" name="NN1"/>
                    <label end="39" start="35" name="NN2"/>
                    <label end="44" start="41" name="VBD"/>
                    <label end="53" start="46" name="VVN"/>
                    <label end="58" start="55" name="PRP"/>
                    <label end="63" start="60" name="AJ0"/>
                    <label end="68" start="65" name="NN1"/>
                    <label end="75" start="70" name="NN2-VVZ"/>
                    <label end="77" start="77" name="PUN"/>
                </layer>
            </annotationSet>
            <annotationSet cDate="01/08/2003 12:33:57 PST Wed" status="MANUAL" ID="1559229">
                <layer rank="1" name="FE">
                    <label cBy="532" feID="2261" end="39" start="0" name="Location"/>
                    <label cBy="532" feID="2260" end="75" start="55" name="Theme"/>
                </layer>
                <layer rank="1" name="GF">
                    <label end="39" start="0" name="Ext"/>
                    <label end="75" start="55" name="Dep"/>
                </layer>
                <layer rank="1" name="PT">
                    <label end="39" start="0" name="NP"/>
                    <label end="75" start="55" name="PP"/>
                </layer>
                <layer rank="1" name="Sent"/>
                <layer rank="1" name="Other"/>
                <layer rank="1" name="Target">
                    <label cBy="103" end="53" start="46" name="Target"/>
                </layer>
                <layer rank="1" name="Adj">
                    <label end="44" start="41" name="Cop"/>
                </layer>
            </annotationSet>
        </sentence>
        <sentence sentNo="0" aPos="80318063" ID="1053913">
            <text>Our university hosts led us into a room bedecked with tinsel and flashing fairy lights , and seated us around a circular table covered with elaborate cold starters . </text>
            <annotationSet cDate="01/08/2003 12:33:57 PST Wed" status="UNANN" ID="1559230">
                <layer rank="1" name="BNC">
                    <label end="2" start="0" name="DPS"/>
                    <label end="13" start="4" name="NN1"/>
                    <label end="19" start="15" name="NN2"/>
                    <label end="23" start="21" name="VVD-VVN"/>
                    <label end="26" start="25" name="PNP"/>
                    <label end="31" start="28" name="PRP"/>
                    <label end="33" start="33" name="AT0"/>
                    <label end="38" start="35" name="NN1"/>
                    <label end="47" start="40" name="VVD-VVN"/>
                    <label end="52" start="49" name="PRP"/>
                    <label end="59" start="54" name="NN1"/>
                    <label end="63" start="61" name="CJC"/>
                    <label end="72" start="65" name="NN1-VVG"/>
                    <label end="78" start="74" name="NN1"/>
                    <label end="85" start="80" name="NN2"/>
                    <label end="87" start="87" name="PUN"/>
                    <label end="91" start="89" name="CJC"/>
                    <label end="98" start="93" name="VVD"/>
                    <label end="101" start="100" name="PNP"/>
                    <label end="108" start="103" name="AVP-PRP"/>
                    <label end="110" start="110" name="AT0"/>
                    <label end="119" start="112" name="AJ0"/>
                    <label end="125" start="121" name="NN1"/>
                    <label end="133" start="127" name="VVD-VVN"/>
                    <label end="138" start="135" name="PRP"/>
                    <label end="148" start="140" name="AJ0"/>
                    <label end="153" start="150" name="AJ0-NN1"/>
                    <label end="162" start="155" name="NN2"/>
                    <label end="164" start="164" name="PUN"/>
                </layer>
            </annotationSet>
            <annotationSet cDate="01/08/2003 12:33:57 PST Wed" status="MANUAL" ID="1559231">
                <layer rank="1" name="FE">
                    <label cBy="532" feID="2261" end="38" start="33" name="Location"/>
                    <label cBy="532" feID="2260" end="85" start="49" name="Theme"/>
                </layer>
                <layer rank="1" name="GF">
                    <label end="38" start="33" name="Ext"/>
                    <label end="85" start="49" name="Dep"/>
                </layer>
                <layer rank="1" name="PT">
                    <label end="38" start="33" name="NP"/>
                    <label end="85" start="49" name="PP"/>
                </layer>
                <layer rank="1" name="Sent"/>
                <layer rank="1" name="Other"/>
                <layer rank="1" name="Target">
                    <label cBy="103" end="47" start="40" name="Target"/>
                </layer>
                <layer rank="1" name="Adj"/>
            </annotationSet>
        </sentence>
        <sentence sentNo="0" aPos="89685624" ID="1053915">
            <text>The rather florid ladies in Rossetti 's pictures , for example , are often bedecked with gems to complement their ruby lips and amber hair . </text>
            <annotationSet cDate="01/08/2003 12:33:57 PST Wed" status="UNANN" ID="1559234">
                <layer rank="1" name="BNC">
                    <label end="2" start="0" name="AT0"/>
                    <label end="9" start="4" name="AV0"/>
                    <label end="16" start="11" name="AJ0"/>
                    <label end="23" start="18" name="NN2"/>
                    <label end="26" start="25" name="PRP"/>
                    <label end="35" start="28" name="NP0"/>
                    <label end="38" start="37" name="POS"/>
                    <label end="47" start="40" name="NN2"/>
                    <label end="49" start="49" name="PUN"/>
                    <label end="53" start="51" name="AV0"/>
                    <label end="61" start="55" name="AV0"/>
                    <label end="63" start="63" name="PUN"/>
                    <label end="67" start="65" name="VBB"/>
                    <label end="73" start="69" name="AV0"/>
                    <label end="82" start="75" name="VVN"/>
                    <label end="87" start="84" name="PRP"/>
                    <label end="92" start="89" name="NN2"/>
                    <label end="95" start="94" name="TO0"/>
                    <label end="106" start="97" name="VVI"/>
                    <label end="112" start="108" name="DPS"/>
                    <label end="117" start="114" name="AJ0-NN1"/>
                    <label end="122" start="119" name="NN2"/>
                    <label end="126" start="124" name="CJC"/>
                    <label end="132" start="128" name="AJ0"/>
                    <label end="137" start="134" name="NN1"/>
                    <label end="139" start="139" name="PUN"/>
                </layer>
            </annotationSet>
            <annotationSet cDate="01/08/2003 12:33:57 PST Wed" status="MANUAL" ID="1559235">
                <layer rank="1" name="FE">
                    <label cBy="532" feID="2261" end="47" start="0" name="Location"/>
                    <label cBy="532" feID="2260" end="92" start="84" name="Theme"/>
                </layer>
                <layer rank="1" name="GF">
                    <label end="47" start="0" name="Ext"/>
                    <label end="92" start="84" name="Dep"/>
                </layer>
                <layer rank="1" name="PT">
                    <label end="47" start="0" name="NP"/>
                    <label end="92" start="84" name="PP"/>
                </layer>
                <layer rank="1" name="Sent"/>
                <layer rank="1" name="Other"/>
                <layer rank="1" name="Target">
                    <label cBy="103" end="82" start="75" name="Target"/>
                </layer>
                <layer rank="1" name="Adj">
                    <label end="67" start="65" name="Cop"/>
                </layer>
            </annotationSet>
        </sentence>
    </subCorpus>
</lexUnit>