<?xml version="1.0" encoding="UTF-8" standalone="yes"?>
<?xml-stylesheet type="text/xsl" href="lexUnit.xsl"?>
<lexUnit status="Finished_Initial" POS="N" name="hallucinogen.n" ID="7069" frame="Intoxicants" frameID="390" totalAnnotated="5" xsi:schemaLocation="../schema/lexUnit.xsd" xmlns="http://framenet.icsi.berkeley.edu" xmlns:xsi="http://www.w3.org/2001/XMLSchema-instance">
    <header>
        <frame>
            <FE fgColor="FFFFFF" bgColor="800080" type="Peripheral" abbrev="Co" name="Country_of_origin"/>
            <FE fgColor="FFFFFF" bgColor="008000" type="Peripheral" abbrev="Desc" name="Descriptor"/>
            <FE fgColor="FFFFFF" bgColor="0000FF" type="Core" abbrev="Int" name="Intoxicant"/>
            <FE fgColor="FFFFFF" bgColor="9F79EE" type="Peripheral" abbrev="Type" name="Type"/>
        </frame>
    </header>
    <definition>COD: a drug causing hallucinations</definition>
    <lexeme POS="N" name="hallucinogen"/>
    <valences>
        <governor type="Gov" lemma="manufacture">
            <annoSet ID="1564345"/>
        </governor>
        <FERealization total="1">
            <FE name="Descriptor"/>
            <pattern total="1">
                <valenceUnit GF="Dep" PT="AJP" FE="Descriptor"/>
                <annoSet ID="1564335"/>
            </pattern>
        </FERealization>
        <FERealization total="5">
            <FE name="Intoxicant"/>
            <pattern total="5">
                <valenceUnit GF="" PT="DEN" FE="Intoxicant"/>
                <annoSet ID="1564325"/>
                <annoSet ID="1564329"/>
                <annoSet ID="1564331"/>
                <annoSet ID="1564335"/>
                <annoSet ID="1564345"/>
            </pattern>
        </FERealization>
        <FEGroupRealization total="1">
            <FE name="Descriptor"/>
            <FE name="Intoxicant"/>
            <pattern total="1">
                <valenceUnit GF="Dep" PT="AJP" FE="Descriptor"/>
                <valenceUnit GF="" PT="DEN" FE="Intoxicant"/>
                <annoSet ID="1564335"/>
            </pattern>
        </FEGroupRealization>
        <FEGroupRealization total="4">
            <FE name="Intoxicant"/>
            <pattern total="4">
                <valenceUnit GF="" PT="DEN" FE="Intoxicant"/>
                <annoSet ID="1564325"/>
                <annoSet ID="1564329"/>
                <annoSet ID="1564331"/>
                <annoSet ID="1564345"/>
            </pattern>
        </FEGroupRealization>
    </valences>
    <subCorpus name="N-001-all">
        <sentence sentNo="0" aPos="19694659" ID="1056460">
            <text>Cowan believes that a phenomenon known as lateral inhibition is responsible for the patterns generated by hallucinogens . </text>
            <annotationSet cDate="01/08/2003 12:39:43 PST Wed" status="UNANN" ID="1564324">
                <layer rank="1" name="BNC">
                    <label end="4" start="0" name="NN1-NP0"/>
                    <label end="13" start="6" name="VVZ"/>
                    <label end="18" start="15" name="CJT"/>
                    <label end="20" start="20" name="AT0"/>
                    <label end="31" start="22" name="NN1"/>
                    <label end="37" start="33" name="VVN"/>
                    <label end="40" start="39" name="AV0"/>
                    <label end="48" start="42" name="AJ0"/>
                    <label end="59" start="50" name="NN1"/>
                    <label end="62" start="61" name="VBZ"/>
                    <label end="74" start="64" name="AJ0"/>
                    <label end="78" start="76" name="PRP"/>
                    <label end="82" start="80" name="AT0"/>
                    <label end="91" start="84" name="NN2"/>
                    <label end="101" start="93" name="VVD-VVN"/>
                    <label end="104" start="103" name="PRP"/>
                    <label end="118" start="106" name="NN2"/>
                    <label end="120" start="120" name="PUN"/>
                </layer>
            </annotationSet>
            <annotationSet cDate="01/08/2003 12:39:43 PST Wed" status="MANUAL" ID="1564325">
                <layer rank="1" name="FE">
                    <label cBy="865" feID="3495" end="118" start="106" name="Intoxicant"/>
                </layer>
                <layer rank="1" name="GF"/>
                <layer rank="1" name="PT"/>
                <layer rank="1" name="Sent"/>
                <layer rank="1" name="Other"/>
                <layer rank="1" name="Target">
                    <label cBy="103" end="118" start="106" name="Target"/>
                </layer>
                <layer rank="1" name="Noun"/>
            </annotationSet>
        </sentence>
        <sentence sentNo="0" aPos="23172665" ID="1056462">
            <text>Used by the Aztecs in ancient rituals , magic mushrooms are a hallucinogen . </text>
            <annotationSet cDate="01/08/2003 12:39:43 PST Wed" status="UNANN" ID="1564328">
                <layer rank="1" name="BNC">
                    <label end="3" start="0" name="VVN"/>
                    <label end="6" start="5" name="PRP"/>
                    <label end="10" start="8" name="AT0"/>
                    <label end="17" start="12" name="NN2"/>
                    <label end="20" start="19" name="PRP"/>
                    <label end="28" start="22" name="AJ0"/>
                    <label end="36" start="30" name="NN2"/>
                    <label end="38" start="38" name="PUN"/>
                    <label end="44" start="40" name="AJ0"/>
                    <label end="54" start="46" name="NN2"/>
                    <label end="58" start="56" name="VBB"/>
                    <label end="60" start="60" name="AT0"/>
                    <label end="73" start="62" name="NN1"/>
                    <label end="75" start="75" name="PUN"/>
                </layer>
            </annotationSet>
            <annotationSet cDate="01/08/2003 12:39:43 PST Wed" status="MANUAL" ID="1564329">
                <layer rank="1" name="FE">
                    <label cBy="865" feID="3495" end="73" start="62" name="Intoxicant"/>
                </layer>
                <layer rank="1" name="GF"/>
                <layer rank="1" name="PT"/>
                <layer rank="1" name="Sent"/>
                <layer rank="1" name="Other"/>
                <layer rank="1" name="Target">
                    <label cBy="103" end="73" start="62" name="Target"/>
                </layer>
                <layer rank="1" name="Noun"/>
            </annotationSet>
        </sentence>
        <sentence sentNo="0" aPos="23172737" ID="1056463">
            <text>The mushrooms themselves are only as harmful as most other hallucinogens . </text>
            <annotationSet cDate="01/08/2003 12:39:43 PST Wed" status="UNANN" ID="1564330">
                <layer rank="1" name="BNC">
                    <label end="2" start="0" name="AT0"/>
                    <label end="12" start="4" name="NN2"/>
                    <label end="23" start="14" name="PNX"/>
                    <label end="27" start="25" name="VBB"/>
                    <label end="32" start="29" name="AV0"/>
                    <label end="35" start="34" name="AV0"/>
                    <label end="43" start="37" name="AJ0"/>
                    <label end="46" start="45" name="CJS"/>
                    <label end="51" start="48" name="DT0"/>
                    <label end="57" start="53" name="AJ0"/>
                    <label end="71" start="59" name="NN2"/>
                    <label end="73" start="73" name="PUN"/>
                </layer>
            </annotationSet>
            <annotationSet cDate="01/08/2003 12:39:43 PST Wed" status="MANUAL" ID="1564331">
                <layer rank="1" name="FE">
                    <label cBy="865" feID="3495" end="71" start="59" name="Intoxicant"/>
                </layer>
                <layer rank="1" name="GF"/>
                <layer rank="1" name="PT"/>
                <layer rank="1" name="Sent"/>
                <layer rank="1" name="Other"/>
                <layer rank="1" name="Target">
                    <label cBy="103" end="71" start="59" name="Target"/>
                </layer>
                <layer rank="1" name="Noun"/>
            </annotationSet>
        </sentence>
        <sentence sentNo="0" aPos="57460981" ID="1056465">
            <text>It was a mild hallucinogen -- no lasting effects . </text>
            <annotationSet cDate="01/08/2003 12:39:43 PST Wed" status="UNANN" ID="1564334">
                <layer rank="1" name="BNC">
                    <label end="1" start="0" name="PNP"/>
                    <label end="5" start="3" name="VBD"/>
                    <label end="7" start="7" name="AT0"/>
                    <label end="12" start="9" name="AJ0"/>
                    <label end="25" start="14" name="NN1"/>
                    <label end="28" start="27" name="PUN"/>
                    <label end="31" start="30" name="AT0"/>
                    <label end="39" start="33" name="AJ0"/>
                    <label end="47" start="41" name="NN2"/>
                    <label end="49" start="49" name="PUN"/>
                </layer>
            </annotationSet>
            <annotationSet cDate="01/08/2003 12:39:43 PST Wed" status="MANUAL" ID="1564335">
                <layer rank="1" name="FE">
                    <label cBy="865" feID="3497" end="12" start="9" name="Descriptor"/>
                    <label cBy="865" feID="3495" end="25" start="14" name="Intoxicant"/>
                </layer>
                <layer rank="1" name="GF">
                    <label end="12" start="9" name="Dep"/>
                </layer>
                <layer rank="1" name="PT">
                    <label end="12" start="9" name="AJP"/>
                </layer>
                <layer rank="1" name="Sent"/>
                <layer rank="1" name="Other"/>
                <layer rank="1" name="Target">
                    <label cBy="103" end="25" start="14" name="Target"/>
                </layer>
                <layer rank="1" name="Noun"/>
            </annotationSet>
        </sentence>
        <sentence sentNo="0" aPos="86142669" ID="1056470">
            <text>The treaty called upon all countries , whether production , transit or destination countries , to step up controls on chemicals used in manufacturing narcotics and hallucinogens . </text>
            <annotationSet cDate="01/08/2003 12:39:44 PST Wed" status="UNANN" ID="1564344">
                <layer rank="1" name="BNC">
                    <label end="2" start="0" name="AT0"/>
                    <label end="9" start="4" name="NN1"/>
                    <label end="16" start="11" name="VVN"/>
                    <label end="21" start="18" name="PRP"/>
                    <label end="25" start="23" name="DT0"/>
                    <label end="35" start="27" name="NN2"/>
                    <label end="37" start="37" name="PUN"/>
                    <label end="45" start="39" name="CJS"/>
                    <label end="56" start="47" name="NN1"/>
                    <label end="58" start="58" name="PUN"/>
                    <label end="66" start="60" name="NN1-VVB"/>
                    <label end="69" start="68" name="CJC"/>
                    <label end="81" start="71" name="NN1"/>
                    <label end="91" start="83" name="NN2"/>
                    <label end="93" start="93" name="PUN"/>
                    <label end="96" start="95" name="TO0"/>
                    <label end="101" start="98" name="VVI"/>
                    <label end="104" start="103" name="AVP"/>
                    <label end="113" start="106" name="NN2-VVZ"/>
                    <label end="116" start="115" name="PRP"/>
                    <label end="126" start="118" name="NN2"/>
                    <label end="131" start="128" name="VVD-VVN"/>
                    <label end="134" start="133" name="PRP"/>
                    <label end="148" start="136" name="AJ0-VVG"/>
                    <label end="158" start="150" name="NN2"/>
                    <label end="162" start="160" name="CJC"/>
                    <label end="176" start="164" name="NN2"/>
                    <label end="178" start="178" name="PUN"/>
                </layer>
            </annotationSet>
            <annotationSet cDate="01/08/2003 12:39:44 PST Wed" status="MANUAL" ID="1564345">
                <layer rank="1" name="FE">
                    <label cBy="865" feID="3495" end="176" start="164" name="Intoxicant"/>
                </layer>
                <layer rank="1" name="GF"/>
                <layer rank="1" name="PT"/>
                <layer rank="1" name="Sent"/>
                <layer rank="1" name="Other"/>
                <layer rank="1" name="Target">
                    <label cBy="103" end="176" start="164" name="Target"/>
                </layer>
                <layer rank="1" name="Noun">
                    <label end="148" start="136" name="Gov"/>
                    <label end="176" start="150" name="X"/>
                </layer>
            </annotationSet>
        </sentence>
    </subCorpus>
</lexUnit>