<?xml version="1.0" encoding="UTF-8" standalone="yes"?>
<?xml-stylesheet type="text/xsl" href="lexUnit.xsl"?>
<lexUnit status="Finished_Initial" POS="N" name="codeine.n" ID="7075" frame="Intoxicants" frameID="390" totalAnnotated="5" xsi:schemaLocation="../schema/lexUnit.xsd" xmlns="http://framenet.icsi.berkeley.edu" xmlns:xsi="http://www.w3.org/2001/XMLSchema-instance">
    <header>
        <frame>
            <FE fgColor="FFFFFF" bgColor="800080" type="Peripheral" abbrev="Co" name="Country_of_origin"/>
            <FE fgColor="FFFFFF" bgColor="008000" type="Peripheral" abbrev="Desc" name="Descriptor"/>
            <FE fgColor="FFFFFF" bgColor="0000FF" type="Core" abbrev="Int" name="Intoxicant"/>
            <FE fgColor="FFFFFF" bgColor="9F79EE" type="Peripheral" abbrev="Type" name="Type"/>
        </frame>
    </header>
    <definition>COD: a sleep-inducing and analgesic drug derived from morphine. </definition>
    <lexeme POS="N" name="codeine"/>
    <valences>
        <governor type="Gov" lemma="dose">
            <annoSet ID="1565769"/>
        </governor>
        <governor type="Gov" lemma="source">
            <annoSet ID="1565757"/>
        </governor>
        <FERealization total="5">
            <FE name="Intoxicant"/>
            <pattern total="5">
                <valenceUnit GF="" PT="DEN" FE="Intoxicant"/>
                <annoSet ID="1565755"/>
                <annoSet ID="1565757"/>
                <annoSet ID="1565759"/>
                <annoSet ID="1565763"/>
                <annoSet ID="1565769"/>
            </pattern>
        </FERealization>
        <FEGroupRealization total="5">
            <FE name="Intoxicant"/>
            <pattern total="5">
                <valenceUnit GF="" PT="DEN" FE="Intoxicant"/>
                <annoSet ID="1565755"/>
                <annoSet ID="1565757"/>
                <annoSet ID="1565759"/>
                <annoSet ID="1565763"/>
                <annoSet ID="1565769"/>
            </pattern>
        </FEGroupRealization>
    </valences>
    <subCorpus name="N-001-all">
        <sentence sentNo="0" aPos="13975120" ID="1057175">
            <text>Codeine , which occurs with morphine in opium , relieves pain , but more feebly , and rarely causes dependence . </text>
            <annotationSet cDate="01/08/2003 12:41:18 PST Wed" status="UNANN" ID="1565754">
                <layer rank="1" name="BNC">
                    <label end="6" start="0" name="NN1-NP0"/>
                    <label end="8" start="8" name="PUN"/>
                    <label end="14" start="10" name="DTQ"/>
                    <label end="21" start="16" name="VVZ"/>
                    <label end="26" start="23" name="PRP"/>
                    <label end="35" start="28" name="NN1"/>
                    <label end="38" start="37" name="PRP"/>
                    <label end="44" start="40" name="NN1"/>
                    <label end="46" start="46" name="PUN"/>
                    <label end="55" start="48" name="VVZ"/>
                    <label end="60" start="57" name="NN1"/>
                    <label end="62" start="62" name="PUN"/>
                    <label end="66" start="64" name="CJC"/>
                    <label end="71" start="68" name="AV0"/>
                    <label end="78" start="73" name="AV0"/>
                    <label end="80" start="80" name="PUN"/>
                    <label end="84" start="82" name="CJC"/>
                    <label end="91" start="86" name="AV0"/>
                    <label end="98" start="93" name="VVZ"/>
                    <label end="109" start="100" name="NN1"/>
                    <label end="111" start="111" name="PUN"/>
                </layer>
            </annotationSet>
            <annotationSet cDate="01/08/2003 12:41:18 PST Wed" status="MANUAL" ID="1565755">
                <layer rank="1" name="FE">
                    <label cBy="865" feID="3495" end="6" start="0" name="Intoxicant"/>
                </layer>
                <layer rank="1" name="GF"/>
                <layer rank="1" name="PT"/>
                <layer rank="1" name="Sent"/>
                <layer rank="1" name="Other"/>
                <layer rank="1" name="Target">
                    <label cBy="103" end="6" start="0" name="Target"/>
                </layer>
                <layer rank="1" name="Noun"/>
            </annotationSet>
        </sentence>
        <sentence sentNo="0" aPos="20274952" ID="1057176">
            <text>Papaver somniferum , is the only commercial source of codeine , an alkaloid widely used in cough suppressants and pain killers . </text>
            <annotationSet cDate="01/08/2003 12:41:18 PST Wed" status="UNANN" ID="1565756">
                <layer rank="1" name="BNC">
                    <label end="6" start="0" name="NN1-VVB"/>
                    <label end="17" start="8" name="NN1"/>
                    <label end="19" start="19" name="PUN"/>
                    <label end="22" start="21" name="VBZ"/>
                    <label end="26" start="24" name="AT0"/>
                    <label end="31" start="28" name="AJ0"/>
                    <label end="42" start="33" name="AJ0"/>
                    <label end="49" start="44" name="NN1"/>
                    <label end="52" start="51" name="PRF"/>
                    <label end="60" start="54" name="NN1"/>
                    <label end="62" start="62" name="PUN"/>
                    <label end="65" start="64" name="AT0"/>
                    <label end="74" start="67" name="AJ0-NN1"/>
                    <label end="81" start="76" name="AV0"/>
                    <label end="86" start="83" name="VVD-VVN"/>
                    <label end="89" start="88" name="PRP"/>
                    <label end="95" start="91" name="NN1"/>
                    <label end="108" start="97" name="NN2"/>
                    <label end="112" start="110" name="CJC"/>
                    <label end="117" start="114" name="NN1"/>
                    <label end="125" start="119" name="NN2"/>
                    <label end="127" start="127" name="PUN"/>
                </layer>
            </annotationSet>
            <annotationSet cDate="01/08/2003 12:41:19 PST Wed" status="MANUAL" ID="1565757">
                <layer rank="1" name="FE">
                    <label cBy="865" feID="3495" end="60" start="54" name="Intoxicant"/>
                </layer>
                <layer rank="1" name="GF"/>
                <layer rank="1" name="PT"/>
                <layer rank="1" name="Sent"/>
                <layer rank="1" name="Other"/>
                <layer rank="1" name="Target">
                    <label cBy="103" end="60" start="54" name="Target"/>
                </layer>
                <layer rank="1" name="Noun">
                    <label end="49" start="44" name="Gov"/>
                    <label end="60" start="51" name="X"/>
                </layer>
            </annotationSet>
        </sentence>
        <sentence sentNo="0" aPos="20275099" ID="1057177">
            <text>The alkaloid , thebaine , can be easily converted into codeine by demethylation . </text>
            <annotationSet cDate="01/08/2003 12:41:19 PST Wed" status="UNANN" ID="1565758">
                <layer rank="1" name="BNC">
                    <label end="2" start="0" name="AT0"/>
                    <label end="11" start="4" name="AJ0-NN1"/>
                    <label end="13" start="13" name="PUN"/>
                    <label end="22" start="15" name="NN1-VVB"/>
                    <label end="24" start="24" name="PUN"/>
                    <label end="28" start="26" name="VM0"/>
                    <label end="31" start="30" name="VBI"/>
                    <label end="38" start="33" name="AV0"/>
                    <label end="48" start="40" name="VVD-VVN"/>
                    <label end="53" start="50" name="PRP"/>
                    <label end="61" start="55" name="NN1"/>
                    <label end="64" start="63" name="PRP"/>
                    <label end="78" start="66" name="NN1"/>
                    <label end="80" start="80" name="PUN"/>
                </layer>
            </annotationSet>
            <annotationSet cDate="01/08/2003 12:41:19 PST Wed" status="MANUAL" ID="1565759">
                <layer rank="1" name="FE">
                    <label cBy="865" feID="3495" end="61" start="55" name="Intoxicant"/>
                </layer>
                <layer rank="1" name="GF"/>
                <layer rank="1" name="PT"/>
                <layer rank="1" name="Sent"/>
                <layer rank="1" name="Other"/>
                <layer rank="1" name="Target">
                    <label cBy="103" end="61" start="55" name="Target"/>
                </layer>
                <layer rank="1" name="Noun"/>
            </annotationSet>
        </sentence>
        <sentence sentNo="0" aPos="34742089" ID="1057179">
            <text>Later , however , it was revealed that another post-mortem discovered 14 different drugs in Presley 's body -- including codeine , three sedatives , five varieties of ` downers &quot; , two anti-depressants and a decongestant . </text>
            <annotationSet cDate="01/08/2003 12:41:19 PST Wed" status="UNANN" ID="1565762">
                <layer rank="1" name="BNC">
                    <label end="4" start="0" name="AV0"/>
                    <label end="6" start="6" name="PUN"/>
                    <label end="14" start="8" name="AV0"/>
                    <label end="16" start="16" name="PUN"/>
                    <label end="19" start="18" name="PNP"/>
                    <label end="23" start="21" name="VBD"/>
                    <label end="32" start="25" name="VVN"/>
                    <label end="37" start="34" name="CJT"/>
                    <label end="45" start="39" name="DT0"/>
                    <label end="57" start="47" name="NN1"/>
                    <label end="68" start="59" name="VVD"/>
                    <label end="71" start="70" name="CRD"/>
                    <label end="81" start="73" name="AJ0"/>
                    <label end="87" start="83" name="NN2"/>
                    <label end="90" start="89" name="PRP"/>
                    <label end="98" start="92" name="NP0"/>
                    <label end="101" start="100" name="POS"/>
                    <label end="106" start="103" name="NN1"/>
                    <label end="109" start="108" name="PUN"/>
                    <label end="119" start="111" name="PRP"/>
                    <label end="127" start="121" name="NN1"/>
                    <label end="129" start="129" name="PUN"/>
                    <label end="135" start="131" name="CRD"/>
                    <label end="145" start="137" name="NN2"/>
                    <label end="147" start="147" name="PUN"/>
                    <label end="152" start="149" name="CRD"/>
                    <label end="162" start="154" name="NN2"/>
                    <label end="165" start="164" name="PRF"/>
                    <label end="167" start="167" name="PUQ"/>
                    <label end="175" start="169" name="NN2"/>
                    <label end="177" start="177" name="PUQ"/>
                    <label end="179" start="179" name="PUN"/>
                    <label end="183" start="181" name="CRD"/>
                    <label end="200" start="185" name="NN2"/>
                    <label end="204" start="202" name="CJC"/>
                    <label end="206" start="206" name="AT0"/>
                    <label end="219" start="208" name="NN1"/>
                    <label end="221" start="221" name="PUN"/>
                </layer>
            </annotationSet>
            <annotationSet cDate="01/08/2003 12:41:19 PST Wed" status="MANUAL" ID="1565763">
                <layer rank="1" name="FE">
                    <label cBy="865" feID="3495" end="127" start="121" name="Intoxicant"/>
                </layer>
                <layer rank="1" name="GF"/>
                <layer rank="1" name="PT"/>
                <layer rank="1" name="Sent"/>
                <layer rank="1" name="Other"/>
                <layer rank="1" name="Target">
                    <label cBy="103" end="127" start="121" name="Target"/>
                </layer>
                <layer rank="1" name="Noun"/>
            </annotationSet>
        </sentence>
        <sentence sentNo="0" aPos="77520884" ID="1057182">
            <text>While he was there a doctor was about to inject a dose of codeine when Peter exclaimed : ` You ca n't do that . </text>
            <annotationSet cDate="01/08/2003 12:41:19 PST Wed" status="UNANN" ID="1565768">
                <layer rank="1" name="BNC">
                    <label end="4" start="0" name="CJS"/>
                    <label end="7" start="6" name="PNP"/>
                    <label end="11" start="9" name="VBD"/>
                    <label end="17" start="13" name="AV0"/>
                    <label end="19" start="19" name="AT0"/>
                    <label end="26" start="21" name="NN1"/>
                    <label end="30" start="28" name="VBD"/>
                    <label end="36" start="32" name="AVP"/>
                    <label end="39" start="38" name="TO0"/>
                    <label end="46" start="41" name="VVI"/>
                    <label end="48" start="48" name="AT0"/>
                    <label end="53" start="50" name="NN1"/>
                    <label end="56" start="55" name="PRF"/>
                    <label end="64" start="58" name="NN1"/>
                    <label end="69" start="66" name="AVQ-CJS"/>
                    <label end="75" start="71" name="NP0"/>
                    <label end="85" start="77" name="VVD"/>
                    <label end="87" start="87" name="PUN"/>
                    <label end="89" start="89" name="PUQ"/>
                    <label end="93" start="91" name="PNP"/>
                    <label end="96" start="95" name="VM0"/>
                    <label end="100" start="98" name="XX0"/>
                    <label end="103" start="102" name="VDI"/>
                    <label end="108" start="105" name="DT0"/>
                    <label end="110" start="110" name="PUN"/>
                </layer>
            </annotationSet>
            <annotationSet cDate="01/08/2003 12:41:19 PST Wed" status="MANUAL" ID="1565769">
                <layer rank="1" name="FE">
                    <label cBy="865" feID="3495" end="64" start="58" name="Intoxicant"/>
                </layer>
                <layer rank="1" name="GF"/>
                <layer rank="1" name="PT"/>
                <layer rank="1" name="Sent"/>
                <layer rank="1" name="Other"/>
                <layer rank="1" name="Target">
                    <label cBy="103" end="64" start="58" name="Target"/>
                </layer>
                <layer rank="1" name="Noun">
                    <label end="53" start="50" name="Gov"/>
                    <label end="64" start="55" name="X"/>
                </layer>
            </annotationSet>
        </sentence>
    </subCorpus>
</lexUnit>