<?xml version="1.0" encoding="UTF-8" standalone="yes"?>
<?xml-stylesheet type="text/xsl" href="lexUnit.xsl"?>
<lexUnit status="Finished_Initial" POS="N" name="conjecture.n" ID="708" frame="Statement" frameID="43" totalAnnotated="10" xsi:schemaLocation="../schema/lexUnit.xsd" xmlns="http://framenet.icsi.berkeley.edu" xmlns:xsi="http://www.w3.org/2001/XMLSchema-instance">
    <header>
        <frame>
            <FE fgColor="FFFFFF" bgColor="006400" type="Extra-Thematic" abbrev="Add" name="Addressee"/>
            <FE fgColor="000000" bgColor="2E8B57" type="Extra-Thematic" abbrev="" name="Containing_event"/>
            <FE fgColor="000000" bgColor="EEE8AA" type="Extra-Thematic" abbrev="Deg" name="Degree"/>
            <FE fgColor="FFFFFF" bgColor="9400D3" type="Extra-Thematic" abbrev="Dep" name="Depictive"/>
            <FE fgColor="FFFFFF" bgColor="00008B" type="Extra-Thematic" abbrev="Epi" name="Epistemic_stance"/>
            <FE fgColor="00008B" bgColor="FFFF00" type="Extra-Thematic" abbrev="Eve" name="Event_description"/>
            <FE fgColor="FFFFFF" bgColor="1E90FF" type="Extra-Thematic" abbrev="" name="Frequency"/>
            <FE fgColor="000000" bgColor="d0d0d0" type="Extra-Thematic" abbrev="Gro" name="Group"/>
            <FE fgColor="FFFFFF" bgColor="7CCD7C" type="Extra-Thematic" abbrev="ICause" name="Internal_cause"/>
            <FE fgColor="FFFFFF" bgColor="2E8B57" type="Extra-Thematic" abbrev="" name="Iteration"/>
            <FE fgColor="FFFFFF" bgColor="FF00FF" type="Peripheral" abbrev="Manr" name="Manner"/>
            <FE fgColor="FFFFFF" bgColor="A52A2A" type="Peripheral" abbrev="Mns" name="Means"/>
            <FE fgColor="FFFFFF" bgColor="808080" type="Core" abbrev="Medium" name="Medium"/>
            <FE fgColor="FFFFFF" bgColor="00BFFF" type="Core" abbrev="Msg" name="Message"/>
            <FE fgColor="FFFFFF" bgColor="9F79EE" type="Extra-Thematic" abbrev="" name="Occasion"/>
            <FE fgColor="FFFFFF" bgColor="90876C" type="Extra-Thematic" abbrev="par" name="Particular_iteration"/>
            <FE fgColor="FFFFFF" bgColor="008000" type="Peripheral" abbrev="Pla" name="Place"/>
            <FE fgColor="FFFFFF" bgColor="FF0000" type="Core" abbrev="Spkr" name="Speaker"/>
            <FE fgColor="FFFFFF" bgColor="FFA500" type="Peripheral" abbrev="Time" name="Time"/>
            <FE fgColor="FFFFFF" bgColor="0000FF" type="Core" abbrev="Top" name="Topic"/>
        </frame>
    </header>
    <definition>COD: an opinion or conclusion based on incomplete information. </definition>
    <lexeme POS="N" name="conjecture"/>
    <valences>
        <FERealization total="3">
            <FE name="Message"/>
            <pattern total="3">
                <valenceUnit GF="Dep" PT="Sfin" FE="Message"/>
                <annoSet ID="893240"/>
                <annoSet ID="893242"/>
                <annoSet ID="893516"/>
            </pattern>
        </FERealization>
        <FERealization total="6">
            <FE name="Speaker"/>
            <pattern total="4">
                <valenceUnit GF="Gen" PT="Poss" FE="Speaker"/>
                <annoSet ID="893266"/>
                <annoSet ID="893274"/>
                <annoSet ID="893490"/>
                <annoSet ID="893516"/>
            </pattern>
            <pattern total="1">
                <valenceUnit GF="Dep" PT="N" FE="Speaker"/>
                <annoSet ID="893388"/>
            </pattern>
            <pattern total="1">
                <valenceUnit GF="Ext" PT="NP" FE="Speaker"/>
                <annoSet ID="893348"/>
            </pattern>
        </FERealization>
        <FERealization total="4">
            <FE name="Topic"/>
            <pattern total="1">
                <valenceUnit GF="Dep" PT="VPing" FE="Topic"/>
                <annoSet ID="893388"/>
            </pattern>
            <pattern total="1">
                <valenceUnit GF="Dep" PT="PP[as]" FE="Topic"/>
                <annoSet ID="893348"/>
            </pattern>
            <pattern total="2">
                <valenceUnit GF="Dep" PT="PP[about]" FE="Topic"/>
                <annoSet ID="893328"/>
                <annoSet ID="893332"/>
            </pattern>
        </FERealization>
        <FEGroupRealization total="2">
            <FE name="Message"/>
            <pattern total="2">
                <valenceUnit GF="Dep" PT="Sfin" FE="Message"/>
                <annoSet ID="893240"/>
                <annoSet ID="893242"/>
            </pattern>
        </FEGroupRealization>
        <FEGroupRealization total="1">
            <FE name="Message"/>
            <FE name="Speaker"/>
            <pattern total="1">
                <valenceUnit GF="Dep" PT="Sfin" FE="Message"/>
                <valenceUnit GF="Gen" PT="Poss" FE="Speaker"/>
                <annoSet ID="893516"/>
            </pattern>
        </FEGroupRealization>
        <FEGroupRealization total="3">
            <FE name="Speaker"/>
            <pattern total="3">
                <valenceUnit GF="Gen" PT="Poss" FE="Speaker"/>
                <annoSet ID="893266"/>
                <annoSet ID="893274"/>
                <annoSet ID="893490"/>
            </pattern>
        </FEGroupRealization>
        <FEGroupRealization total="2">
            <FE name="Speaker"/>
            <FE name="Topic"/>
            <pattern total="1">
                <valenceUnit GF="Dep" PT="N" FE="Speaker"/>
                <valenceUnit GF="Dep" PT="VPing" FE="Topic"/>
                <annoSet ID="893388"/>
            </pattern>
            <pattern total="1">
                <valenceUnit GF="Ext" PT="NP" FE="Speaker"/>
                <valenceUnit GF="Dep" PT="PP[as]" FE="Topic"/>
                <annoSet ID="893348"/>
            </pattern>
        </FEGroupRealization>
        <FEGroupRealization total="2">
            <FE name="Topic"/>
            <pattern total="2">
                <valenceUnit GF="Dep" PT="PP[about]" FE="Topic"/>
                <annoSet ID="893328"/>
                <annoSet ID="893332"/>
            </pattern>
        </FEGroupRealization>
    </valences>
    <subCorpus name="N-200-s20-sthat">
        <sentence sentNo="0" aPos="39265895" ID="714425">
            <text>It is a worthwhile conjecture that many , particularly the young , set their faces against these forms of dissection as a morally enhanced form of squeamishness . </text>
            <annotationSet cDate="01/07/2003 11:40:23 PST Tue" status="UNANN" ID="893239">
                <layer rank="1" name="BNC">
                    <label end="1" start="0" name="PNP"/>
                    <label end="4" start="3" name="VBZ"/>
                    <label end="6" start="6" name="AT0"/>
                    <label end="17" start="8" name="AJ0-NN1"/>
                    <label end="28" start="19" name="NN1"/>
                    <label end="33" start="30" name="CJT"/>
                    <label end="38" start="35" name="DT0"/>
                    <label end="40" start="40" name="PUN"/>
                    <label end="53" start="42" name="AV0"/>
                    <label end="57" start="55" name="AT0"/>
                    <label end="63" start="59" name="AJ0"/>
                    <label end="65" start="65" name="PUN"/>
                    <label end="69" start="67" name="VVD"/>
                    <label end="75" start="71" name="DPS"/>
                    <label end="81" start="77" name="NN2"/>
                    <label end="89" start="83" name="PRP"/>
                    <label end="95" start="91" name="DT0"/>
                    <label end="101" start="97" name="NN2"/>
                    <label end="104" start="103" name="PRF"/>
                    <label end="115" start="106" name="NN1"/>
                    <label end="118" start="117" name="PRP"/>
                    <label end="120" start="120" name="AT0"/>
                    <label end="128" start="122" name="AV0"/>
                    <label end="137" start="130" name="AJ0"/>
                    <label end="142" start="139" name="NN1"/>
                    <label end="145" start="144" name="PRF"/>
                    <label end="159" start="147" name="NN1"/>
                    <label end="161" start="161" name="PUN"/>
                </layer>
            </annotationSet>
            <annotationSet cDate="01/07/2003 11:40:23 PST Tue" status="MANUAL" ID="893240">
                <layer rank="1" name="FE">
                    <label cBy="296" feID="185" end="159" start="30" name="Message"/>
                </layer>
                <layer rank="1" name="GF">
                    <label end="159" start="30" name="Dep"/>
                </layer>
                <layer rank="1" name="PT">
                    <label end="159" start="30" name="Sfin"/>
                </layer>
                <layer rank="1" name="Sent"/>
                <layer rank="1" name="Other"/>
                <layer rank="1" name="Target">
                    <label cBy="103" end="28" start="19" name="Target"/>
                </layer>
                <layer rank="1" name="Noun"/>
            </annotationSet>
        </sentence>
        <sentence sentNo="0" aPos="82604118" ID="714426">
            <text>This project investigates the conjecture that the Polish crisis is ` systemic &quot; , ie deeply rooted in the economic and political processes of Polish society as a socialist system . </text>
            <annotationSet cDate="01/07/2003 11:40:24 PST Tue" status="UNANN" ID="893241">
                <layer rank="1" name="BNC">
                    <label end="3" start="0" name="DT0"/>
                    <label end="11" start="5" name="NN1"/>
                    <label end="24" start="13" name="VVZ"/>
                    <label end="28" start="26" name="AT0"/>
                    <label end="39" start="30" name="NN1"/>
                    <label end="44" start="41" name="CJT"/>
                    <label end="48" start="46" name="AT0"/>
                    <label end="55" start="50" name="AJ0"/>
                    <label end="62" start="57" name="NN1"/>
                    <label end="65" start="64" name="VBZ"/>
                    <label end="67" start="67" name="PUQ"/>
                    <label end="76" start="69" name="AJ0"/>
                    <label end="78" start="78" name="PUQ"/>
                    <label end="80" start="80" name="PUN"/>
                    <label end="83" start="82" name="AV0"/>
                    <label end="90" start="85" name="AV0"/>
                    <label end="97" start="92" name="VVD-VVN"/>
                    <label end="100" start="99" name="PRP"/>
                    <label end="104" start="102" name="AT0"/>
                    <label end="113" start="106" name="AJ0"/>
                    <label end="117" start="115" name="CJC"/>
                    <label end="127" start="119" name="AJ0"/>
                    <label end="137" start="129" name="NN2"/>
                    <label end="140" start="139" name="PRF"/>
                    <label end="147" start="142" name="AJ0"/>
                    <label end="155" start="149" name="NN0"/>
                    <label end="158" start="157" name="PRP"/>
                    <label end="160" start="160" name="AT0"/>
                    <label end="170" start="162" name="AJ0"/>
                    <label end="177" start="172" name="NN1"/>
                    <label end="179" start="179" name="PUN"/>
                </layer>
            </annotationSet>
            <annotationSet cDate="01/07/2003 11:40:24 PST Tue" status="MANUAL" ID="893242">
                <layer rank="1" name="FE">
                    <label cBy="296" feID="185" end="177" start="41" name="Message"/>
                </layer>
                <layer rank="1" name="GF">
                    <label end="177" start="41" name="Dep"/>
                </layer>
                <layer rank="1" name="PT">
                    <label end="177" start="41" name="Sfin"/>
                </layer>
                <layer rank="1" name="Sent"/>
                <layer rank="1" name="Other"/>
                <layer rank="1" name="Target">
                    <label cBy="103" end="39" start="30" name="Target"/>
                </layer>
                <layer rank="1" name="Noun"/>
            </annotationSet>
        </sentence>
    </subCorpus>
    <subCorpus name="N-250-s20-ppabout"/>
    <subCorpus name="N-250-s20-ppof"/>
    <subCorpus name="N-280-s20-poss">
        <sentence sentNo="0" aPos="63487186" ID="714438">
            <text>There her conjectures reached an abrupt end . </text>
            <annotationSet cDate="01/07/2003 11:40:25 PST Tue" status="UNANN" ID="893265">
                <layer rank="1" name="BNC">
                    <label end="4" start="0" name="AV0"/>
                    <label end="8" start="6" name="DPS"/>
                    <label end="20" start="10" name="NN2"/>
                    <label end="28" start="22" name="VVD-VVN"/>
                    <label end="31" start="30" name="AT0"/>
                    <label end="38" start="33" name="AJ0"/>
                    <label end="42" start="40" name="NN1"/>
                    <label end="44" start="44" name="PUN"/>
                </layer>
            </annotationSet>
            <annotationSet cDate="01/07/2003 11:40:25 PST Tue" status="MANUAL" ID="893266">
                <layer rank="1" name="FE">
                    <label cBy="296" feID="183" end="8" start="6" name="Speaker"/>
                </layer>
                <layer rank="1" name="GF">
                    <label end="8" start="6" name="Gen"/>
                </layer>
                <layer rank="1" name="PT">
                    <label end="8" start="6" name="Poss"/>
                </layer>
                <layer rank="1" name="Sent"/>
                <layer rank="1" name="Other"/>
                <layer rank="1" name="Target">
                    <label cBy="103" end="20" start="10" name="Target"/>
                </layer>
                <layer rank="1" name="Noun"/>
            </annotationSet>
        </sentence>
        <sentence sentNo="0" aPos="101206640" ID="714442">
            <text>When his lips met hers , shock rippled through her because her conjectures could not have been further from the truth . </text>
            <annotationSet cDate="01/07/2003 11:40:26 PST Tue" status="UNANN" ID="893273">
                <layer rank="1" name="BNC">
                    <label end="3" start="0" name="CJS"/>
                    <label end="7" start="5" name="DPS"/>
                    <label end="12" start="9" name="NN2"/>
                    <label end="16" start="14" name="VVD-VVN"/>
                    <label end="21" start="18" name="PNP"/>
                    <label end="23" start="23" name="PUN"/>
                    <label end="29" start="25" name="NN1"/>
                    <label end="37" start="31" name="VVD-VVN"/>
                    <label end="45" start="39" name="PRP"/>
                    <label end="49" start="47" name="PNP"/>
                    <label end="57" start="51" name="CJS"/>
                    <label end="61" start="59" name="DPS"/>
                    <label end="73" start="63" name="NN2-VVZ"/>
                    <label end="79" start="75" name="VM0"/>
                    <label end="83" start="81" name="XX0"/>
                    <label end="88" start="85" name="VHI"/>
                    <label end="93" start="90" name="VBN"/>
                    <label end="101" start="95" name="AJC"/>
                    <label end="106" start="103" name="PRP"/>
                    <label end="110" start="108" name="AT0"/>
                    <label end="116" start="112" name="NN1"/>
                    <label end="118" start="118" name="PUN"/>
                </layer>
            </annotationSet>
            <annotationSet cDate="01/07/2003 11:40:26 PST Tue" status="MANUAL" ID="893274">
                <layer rank="1" name="FE">
                    <label cBy="296" feID="183" end="61" start="59" name="Speaker"/>
                </layer>
                <layer rank="1" name="GF">
                    <label end="61" start="59" name="Gen"/>
                </layer>
                <layer rank="1" name="PT">
                    <label end="61" start="59" name="Poss"/>
                </layer>
                <layer rank="1" name="Sent"/>
                <layer rank="1" name="Other"/>
                <layer rank="1" name="Target">
                    <label cBy="103" end="73" start="63" name="Target"/>
                </layer>
                <layer rank="1" name="Noun"/>
            </annotationSet>
        </sentence>
    </subCorpus>
    <subCorpus name="N-300-s20-cmpd"/>
    <subCorpus name="N-330-s20-period"/>
    <subCorpus name="N-340-s20-ppother"/>
    <subCorpus name="N-340a-s20-ppother">
        <sentence sentNo="0" aPos="6344409" ID="714469">
            <text>It seems to allow that , although we must begin and end with appearances , we might find it possible and advantageous in doing so to interpose conjectures about their hidden causes . </text>
            <annotationSet cDate="01/07/2003 11:40:31 PST Tue" status="UNANN" ID="893327">
                <layer rank="1" name="BNC">
                    <label end="1" start="0" name="PNP"/>
                    <label end="7" start="3" name="VVZ"/>
                    <label end="10" start="9" name="TO0"/>
                    <label end="16" start="12" name="VVI"/>
                    <label end="21" start="18" name="CJT-DT0"/>
                    <label end="23" start="23" name="PUN"/>
                    <label end="32" start="25" name="CJS"/>
                    <label end="35" start="34" name="PNP"/>
                    <label end="40" start="37" name="VM0"/>
                    <label end="46" start="42" name="VVI"/>
                    <label end="50" start="48" name="CJC"/>
                    <label end="54" start="52" name="VVI"/>
                    <label end="59" start="56" name="PRP"/>
                    <label end="71" start="61" name="NN2"/>
                    <label end="73" start="73" name="PUN"/>
                    <label end="76" start="75" name="PNP"/>
                    <label end="82" start="78" name="VM0"/>
                    <label end="87" start="84" name="VVI"/>
                    <label end="90" start="89" name="PNP"/>
                    <label end="99" start="92" name="AJ0"/>
                    <label end="103" start="101" name="CJC"/>
                    <label end="116" start="105" name="AJ0"/>
                    <label end="119" start="118" name="PRP"/>
                    <label end="125" start="121" name="VDG"/>
                    <label end="128" start="127" name="AV0"/>
                    <label end="131" start="130" name="TO0"/>
                    <label end="141" start="133" name="VVI"/>
                    <label end="153" start="143" name="NN2"/>
                    <label end="159" start="155" name="PRP"/>
                    <label end="165" start="161" name="DPS"/>
                    <label end="172" start="167" name="AJ0"/>
                    <label end="179" start="174" name="NN2"/>
                    <label end="181" start="181" name="PUN"/>
                </layer>
            </annotationSet>
            <annotationSet cDate="01/07/2003 11:40:31 PST Tue" status="MANUAL" ID="893328">
                <layer rank="1" name="FE">
                    <label cBy="296" feID="186" end="179" start="155" name="Topic"/>
                </layer>
                <layer rank="1" name="GF">
                    <label end="179" start="155" name="Dep"/>
                </layer>
                <layer rank="1" name="PT">
                    <label end="179" start="155" name="PP"/>
                </layer>
                <layer rank="1" name="Sent"/>
                <layer rank="1" name="Other"/>
                <layer rank="1" name="Target">
                    <label cBy="103" end="153" start="143" name="Target"/>
                </layer>
                <layer rank="1" name="Noun"/>
            </annotationSet>
        </sentence>
        <sentence sentNo="0" aPos="14771800" ID="714471">
            <text>Conjectures about the newcomer were many and various . </text>
            <annotationSet cDate="01/07/2003 11:40:31 PST Tue" status="UNANN" ID="893331">
                <layer rank="1" name="BNC">
                    <label end="10" start="0" name="NN2-VVZ"/>
                    <label end="16" start="12" name="PRP"/>
                    <label end="20" start="18" name="AT0"/>
                    <label end="29" start="22" name="NN1"/>
                    <label end="34" start="31" name="VBD"/>
                    <label end="39" start="36" name="DT0"/>
                    <label end="43" start="41" name="CJC"/>
                    <label end="51" start="45" name="AJ0"/>
                    <label end="53" start="53" name="PUN"/>
                </layer>
            </annotationSet>
            <annotationSet cDate="01/07/2003 11:40:31 PST Tue" status="MANUAL" ID="893332">
                <layer rank="1" name="FE">
                    <label cBy="296" feID="186" end="29" start="12" name="Topic"/>
                </layer>
                <layer rank="1" name="GF">
                    <label end="29" start="12" name="Dep"/>
                </layer>
                <layer rank="1" name="PT">
                    <label end="29" start="12" name="PP"/>
                </layer>
                <layer rank="1" name="Sent"/>
                <layer rank="1" name="Other"/>
                <layer rank="1" name="Target">
                    <label cBy="103" end="10" start="0" name="Target"/>
                </layer>
                <layer rank="1" name="Noun"/>
            </annotationSet>
        </sentence>
        <sentence sentNo="0" aPos="64972411" ID="714479">
            <text>Her conjectures as to her possible future occupation lead to a number of wild escapades involving kidnapping and terrorism , as well as to more humble pursuits such as pig-farming . </text>
            <annotationSet cDate="01/07/2003 11:40:32 PST Tue" status="UNANN" ID="893347">
                <layer rank="1" name="BNC">
                    <label end="2" start="0" name="PNP"/>
                    <label end="14" start="4" name="NN2-VVZ"/>
                    <label end="17" start="16" name="PRP"/>
                    <label end="20" start="19" name="PRP"/>
                    <label end="24" start="22" name="DPS"/>
                    <label end="33" start="26" name="AJ0"/>
                    <label end="40" start="35" name="AJ0-NN1"/>
                    <label end="51" start="42" name="NN1"/>
                    <label end="56" start="53" name="NN1-VVB"/>
                    <label end="59" start="58" name="PRP"/>
                    <label end="61" start="61" name="AT0"/>
                    <label end="68" start="63" name="NN1"/>
                    <label end="71" start="70" name="PRF"/>
                    <label end="76" start="73" name="AJ0"/>
                    <label end="86" start="78" name="NN2"/>
                    <label end="96" start="88" name="VVG"/>
                    <label end="107" start="98" name="AJ0-NN1"/>
                    <label end="111" start="109" name="CJC"/>
                    <label end="121" start="113" name="NN1"/>
                    <label end="123" start="123" name="PUN"/>
                    <label end="126" start="125" name="CJC"/>
                    <label end="131" start="128" name="CJC"/>
                    <label end="134" start="133" name="CJC"/>
                    <label end="137" start="136" name="PRP"/>
                    <label end="142" start="139" name="DT0"/>
                    <label end="149" start="144" name="AJ0"/>
                    <label end="158" start="151" name="NN2"/>
                    <label end="163" start="160" name="PRP"/>
                    <label end="166" start="165" name="PRP"/>
                    <label end="178" start="168" name="NN1"/>
                    <label end="180" start="180" name="PUN"/>
                </layer>
            </annotationSet>
            <annotationSet cDate="01/07/2003 11:40:32 PST Tue" status="MANUAL" ID="893348">
                <layer rank="1" name="FE">
                    <label cBy="296" feID="183" end="2" start="0" name="Speaker"/>
                    <label cBy="296" feID="186" end="51" start="16" name="Topic"/>
                </layer>
                <layer rank="1" name="GF">
                    <label end="2" start="0" name="Ext"/>
                    <label end="51" start="16" name="Dep"/>
                </layer>
                <layer rank="1" name="PT">
                    <label end="2" start="0" name="NP"/>
                    <label end="51" start="16" name="PP"/>
                </layer>
                <layer rank="1" name="Sent"/>
                <layer rank="1" name="Other"/>
                <layer rank="1" name="Target">
                    <label cBy="103" end="14" start="4" name="Target"/>
                </layer>
                <layer rank="1" name="Noun"/>
            </annotationSet>
        </sentence>
    </subCorpus>
    <subCorpus name="N-380-s20-other">
        <sentence sentNo="0" aPos="88937923" ID="714499">
            <text>Despite conflicting statements from Tehran and press conjecture centring on Libya , it was never clear who was responsible for laying them . </text>
            <annotationSet cDate="01/07/2003 11:40:35 PST Tue" status="UNANN" ID="893387">
                <layer rank="1" name="BNC">
                    <label end="6" start="0" name="PRP"/>
                    <label end="18" start="8" name="AJ0-VVG"/>
                    <label end="29" start="20" name="NN2"/>
                    <label end="34" start="31" name="PRP"/>
                    <label end="41" start="36" name="NP0"/>
                    <label end="45" start="43" name="CJC"/>
                    <label end="51" start="47" name="VVB"/>
                    <label end="62" start="53" name="NN1-VVB"/>
                    <label end="71" start="64" name="VVG"/>
                    <label end="74" start="73" name="PRP"/>
                    <label end="80" start="76" name="NP0"/>
                    <label end="82" start="82" name="PUN"/>
                    <label end="85" start="84" name="PNP"/>
                    <label end="89" start="87" name="VBD"/>
                    <label end="95" start="91" name="AV0"/>
                    <label end="101" start="97" name="AJ0"/>
                    <label end="105" start="103" name="PNQ"/>
                    <label end="109" start="107" name="VBD"/>
                    <label end="121" start="111" name="AJ0"/>
                    <label end="125" start="123" name="PRP"/>
                    <label end="132" start="127" name="VVG"/>
                    <label end="137" start="134" name="PNP"/>
                    <label end="139" start="139" name="PUN"/>
                </layer>
            </annotationSet>
            <annotationSet cDate="01/07/2003 11:40:35 PST Tue" status="MANUAL" ID="893388">
                <layer rank="1" name="FE">
                    <label cBy="296" feID="183" end="51" start="47" name="Speaker"/>
                    <label cBy="296" feID="186" end="80" start="64" name="Topic"/>
                </layer>
                <layer rank="1" name="GF">
                    <label end="51" start="47" name="Dep"/>
                    <label end="80" start="64" name="Dep"/>
                </layer>
                <layer rank="1" name="PT">
                    <label end="51" start="47" name="N"/>
                    <label end="80" start="64" name="VPing"/>
                </layer>
                <layer rank="1" name="Sent"/>
                <layer rank="1" name="Other"/>
                <layer rank="1" name="Target">
                    <label cBy="103" end="62" start="53" name="Target"/>
                </layer>
                <layer rank="1" name="Noun"/>
            </annotationSet>
        </sentence>
    </subCorpus>
    <subCorpus name="N-429-s20-lcoll-bold"/>
    <subCorpus name="N-429-s20-lcoll-public"/>
    <subCorpus name="N-429-s20-lgov-for"/>
    <subCorpus name="N-429-s20-lgov-make"/>
    <subCorpus name="N-429-s20-lgov-of"/>
    <subCorpus name="N-429-s20-lgov-offer">
        <sentence sentNo="0" aPos="4708079" ID="714550">
            <text>When Lawson resigned the pundits gathered , and mused , and offered up their conjectures and reflections , and it was called Political Speculation . </text>
            <annotationSet cDate="01/07/2003 11:40:43 PST Tue" status="UNANN" ID="893489">
                <layer rank="1" name="BNC">
                    <label end="3" start="0" name="CJS"/>
                    <label end="10" start="5" name="NP0"/>
                    <label end="19" start="12" name="VVD"/>
                    <label end="23" start="21" name="AT0"/>
                    <label end="31" start="25" name="NN2"/>
                    <label end="40" start="33" name="VVD"/>
                    <label end="42" start="42" name="PUN"/>
                    <label end="46" start="44" name="CJC"/>
                    <label end="52" start="48" name="VVD"/>
                    <label end="54" start="54" name="PUN"/>
                    <label end="58" start="56" name="CJC"/>
                    <label end="66" start="60" name="VVD-VVN"/>
                    <label end="69" start="68" name="AVP"/>
                    <label end="75" start="71" name="DPS"/>
                    <label end="87" start="77" name="NN2"/>
                    <label end="91" start="89" name="CJC"/>
                    <label end="103" start="93" name="NN2"/>
                    <label end="105" start="105" name="PUN"/>
                    <label end="109" start="107" name="CJC"/>
                    <label end="112" start="111" name="PNP"/>
                    <label end="116" start="114" name="VBD"/>
                    <label end="123" start="118" name="VVN"/>
                    <label end="133" start="125" name="AJ0"/>
                    <label end="145" start="135" name="NN1"/>
                    <label end="147" start="147" name="PUN"/>
                </layer>
            </annotationSet>
            <annotationSet cDate="01/07/2003 11:40:43 PST Tue" status="MANUAL" ID="893490">
                <layer rank="1" name="FE">
                    <label cBy="296" feID="183" end="75" start="71" name="Speaker"/>
                </layer>
                <layer rank="1" name="GF">
                    <label end="75" start="71" name="Gen"/>
                </layer>
                <layer rank="1" name="PT">
                    <label end="75" start="71" name="Poss"/>
                </layer>
                <layer rank="1" name="Sent"/>
                <layer rank="1" name="Other"/>
                <layer rank="1" name="Target">
                    <label cBy="103" end="87" start="77" name="Target"/>
                </layer>
                <layer rank="1" name="Noun"/>
            </annotationSet>
        </sentence>
    </subCorpus>
    <subCorpus name="N-429-s20-lgov-remain"/>
    <subCorpus name="N-429-s20-lgov-support">
        <sentence sentNo="0" aPos="43867215" ID="714563">
            <text>They support their conjecture that writing enables interpersonal meanings to be dominated by the logical functions of language , for instance , by citing the Royal Society of London . </text>
            <annotationSet cDate="01/07/2003 11:40:45 PST Tue" status="UNANN" ID="893515">
                <layer rank="1" name="BNC">
                    <label end="3" start="0" name="PNP"/>
                    <label end="11" start="5" name="VVB"/>
                    <label end="17" start="13" name="DPS"/>
                    <label end="28" start="19" name="NN1"/>
                    <label end="33" start="30" name="CJT-DT0"/>
                    <label end="41" start="35" name="NN1-VVG"/>
                    <label end="49" start="43" name="VVZ"/>
                    <label end="63" start="51" name="AJ0"/>
                    <label end="72" start="65" name="NN2"/>
                    <label end="75" start="74" name="TO0"/>
                    <label end="78" start="77" name="VBI"/>
                    <label end="88" start="80" name="VVN"/>
                    <label end="91" start="90" name="PRP"/>
                    <label end="95" start="93" name="AT0"/>
                    <label end="103" start="97" name="AJ0"/>
                    <label end="113" start="105" name="NN2"/>
                    <label end="116" start="115" name="PRF"/>
                    <label end="125" start="118" name="NN1"/>
                    <label end="127" start="127" name="PUN"/>
                    <label end="131" start="129" name="AV0"/>
                    <label end="140" start="133" name="AV0"/>
                    <label end="142" start="142" name="PUN"/>
                    <label end="145" start="144" name="PRP"/>
                    <label end="152" start="147" name="VVG"/>
                    <label end="156" start="154" name="AT0"/>
                    <label end="162" start="158" name="AJ0"/>
                    <label end="170" start="164" name="NN0"/>
                    <label end="173" start="172" name="PRF"/>
                    <label end="180" start="175" name="NP0"/>
                    <label end="182" start="182" name="PUN"/>
                </layer>
            </annotationSet>
            <annotationSet cDate="01/07/2003 11:40:45 PST Tue" status="MANUAL" ID="893516">
                <layer rank="1" name="FE">
                    <label cBy="296" feID="183" end="17" start="13" name="Speaker"/>
                    <label cBy="296" feID="185" end="125" start="30" name="Message"/>
                </layer>
                <layer rank="1" name="GF">
                    <label end="17" start="13" name="Gen"/>
                    <label end="125" start="30" name="Dep"/>
                </layer>
                <layer rank="1" name="PT">
                    <label end="17" start="13" name="Poss"/>
                    <label end="125" start="30" name="Sfin"/>
                </layer>
                <layer rank="1" name="Sent"/>
                <layer rank="1" name="Other"/>
                <layer rank="1" name="Target">
                    <label cBy="103" end="28" start="19" name="Target"/>
                </layer>
                <layer rank="1" name="Noun"/>
            </annotationSet>
        </sentence>
    </subCorpus>
</lexUnit>