<?xml version="1.0" encoding="UTF-8" standalone="yes"?>
<?xml-stylesheet type="text/xsl" href="lexUnit.xsl"?>
<lexUnit status="Finished_Initial" POS="N" name="peyote.n" ID="7080" frame="Intoxicants" frameID="390" totalAnnotated="4" xsi:schemaLocation="../schema/lexUnit.xsd" xmlns="http://framenet.icsi.berkeley.edu" xmlns:xsi="http://www.w3.org/2001/XMLSchema-instance">
    <header>
        <frame>
            <FE fgColor="FFFFFF" bgColor="800080" type="Peripheral" abbrev="Co" name="Country_of_origin"/>
            <FE fgColor="FFFFFF" bgColor="008000" type="Peripheral" abbrev="Desc" name="Descriptor"/>
            <FE fgColor="FFFFFF" bgColor="0000FF" type="Core" abbrev="Int" name="Intoxicant"/>
            <FE fgColor="FFFFFF" bgColor="9F79EE" type="Peripheral" abbrev="Type" name="Type"/>
        </frame>
    </header>
    <definition>FN: a hallucinogenic drug prepared from a small, soft, blue-green spineless cactus, native to Mexico and the southern US, containing mescaline</definition>
    <lexeme POS="N" name="peyote"/>
    <valences>
        <governor type="Gov" lemma="blip">
            <annoSet ID="1566245"/>
        </governor>
        <governor type="Gov" lemma="chew">
            <annoSet ID="1566243"/>
            <annoSet ID="1566249"/>
        </governor>
        <governor type="Gov" lemma="include">
            <annoSet ID="1566241"/>
        </governor>
        <FERealization total="4">
            <FE name="Intoxicant"/>
            <pattern total="4">
                <valenceUnit GF="" PT="DEN" FE="Intoxicant"/>
                <annoSet ID="1566241"/>
                <annoSet ID="1566243"/>
                <annoSet ID="1566245"/>
                <annoSet ID="1566249"/>
            </pattern>
        </FERealization>
        <FEGroupRealization total="4">
            <FE name="Intoxicant"/>
            <pattern total="4">
                <valenceUnit GF="" PT="DEN" FE="Intoxicant"/>
                <annoSet ID="1566241"/>
                <annoSet ID="1566243"/>
                <annoSet ID="1566245"/>
                <annoSet ID="1566249"/>
            </pattern>
        </FEGroupRealization>
    </valences>
    <subCorpus name="N-001-all">
        <sentence sentNo="0" aPos="13969218" ID="1057418">
            <text>They included the soothing mandragora , the energizing coca leaves ( see Chapter 6 ) , and the givers of disordered visions , the Mexican cactus Peyote and certain mushrooms of the Amanita and Psilocybe families . </text>
            <annotationSet cDate="01/08/2003 12:41:52 PST Wed" status="UNANN" ID="1566240">
                <layer rank="1" name="BNC">
                    <label end="3" start="0" name="PNP"/>
                    <label end="12" start="5" name="VVD"/>
                    <label end="16" start="14" name="AT0"/>
                    <label end="25" start="18" name="AJ0"/>
                    <label end="36" start="27" name="NN1"/>
                    <label end="38" start="38" name="PUN"/>
                    <label end="42" start="40" name="AT0"/>
                    <label end="53" start="44" name="AJ0"/>
                    <label end="58" start="55" name="NN1"/>
                    <label end="65" start="60" name="NN2-VVZ"/>
                    <label end="67" start="67" name="PUL"/>
                    <label end="71" start="69" name="VVB"/>
                    <label end="79" start="73" name="NN1"/>
                    <label end="81" start="81" name="CRD"/>
                    <label end="83" start="83" name="PUR"/>
                    <label end="85" start="85" name="PUN"/>
                    <label end="89" start="87" name="CJC"/>
                    <label end="93" start="91" name="AT0"/>
                    <label end="100" start="95" name="NN2"/>
                    <label end="103" start="102" name="PRF"/>
                    <label end="114" start="105" name="AJ0"/>
                    <label end="122" start="116" name="NN2"/>
                    <label end="124" start="124" name="PUN"/>
                    <label end="128" start="126" name="AT0"/>
                    <label end="136" start="130" name="AJ0"/>
                    <label end="143" start="138" name="NN1"/>
                    <label end="150" start="145" name="NN1-NP0"/>
                    <label end="154" start="152" name="CJC"/>
                    <label end="162" start="156" name="AJ0"/>
                    <label end="172" start="164" name="NN2"/>
                    <label end="175" start="174" name="PRF"/>
                    <label end="179" start="177" name="AT0"/>
                    <label end="187" start="181" name="NN1-NP0"/>
                    <label end="191" start="189" name="CJC"/>
                    <label end="201" start="193" name="NP0"/>
                    <label end="210" start="203" name="NN2"/>
                    <label end="212" start="212" name="PUN"/>
                </layer>
            </annotationSet>
            <annotationSet cDate="01/08/2003 12:41:52 PST Wed" status="MANUAL" ID="1566241">
                <layer rank="1" name="FE">
                    <label cBy="395" feID="3495" end="150" start="145" name="Intoxicant"/>
                </layer>
                <layer rank="1" name="GF"/>
                <layer rank="1" name="PT"/>
                <layer rank="1" name="Sent"/>
                <layer rank="1" name="Other"/>
                <layer rank="1" name="Target">
                    <label cBy="103" end="150" start="145" name="Target"/>
                </layer>
                <layer rank="1" name="Noun">
                    <label end="12" start="5" name="Gov"/>
                    <label end="210" start="14" name="X"/>
                </layer>
            </annotationSet>
        </sentence>
        <sentence sentNo="0" aPos="35097132" ID="1057419">
            <text>NME is the source : I do n't eat , think or chew peyote without consulting this bible in newsprint </text>
            <annotationSet cDate="01/08/2003 12:41:52 PST Wed" status="UNANN" ID="1566242">
                <layer rank="1" name="BNC">
                    <label end="2" start="0" name="NN1-NP0"/>
                    <label end="5" start="4" name="VBZ"/>
                    <label end="9" start="7" name="AT0"/>
                    <label end="16" start="11" name="NN1"/>
                    <label end="18" start="18" name="PUN"/>
                    <label end="20" start="20" name="PNP"/>
                    <label end="23" start="22" name="VDB"/>
                    <label end="27" start="25" name="XX0"/>
                    <label end="31" start="29" name="VVI"/>
                    <label end="33" start="33" name="PUN"/>
                    <label end="39" start="35" name="VVB"/>
                    <label end="42" start="41" name="CJC"/>
                    <label end="47" start="44" name="NN1-VVB"/>
                    <label end="54" start="49" name="NN1-VVB"/>
                    <label end="62" start="56" name="PRP"/>
                    <label end="73" start="64" name="VVG"/>
                    <label end="78" start="75" name="DT0"/>
                    <label end="84" start="80" name="NN1"/>
                    <label end="87" start="86" name="PRP"/>
                    <label end="97" start="89" name="NN1"/>
                </layer>
            </annotationSet>
            <annotationSet cDate="01/08/2003 12:41:52 PST Wed" status="MANUAL" ID="1566243">
                <layer rank="1" name="FE">
                    <label cBy="395" feID="3495" end="54" start="49" name="Intoxicant"/>
                </layer>
                <layer rank="1" name="GF"/>
                <layer rank="1" name="PT"/>
                <layer rank="1" name="Sent"/>
                <layer rank="1" name="Other"/>
                <layer rank="1" name="Target">
                    <label cBy="103" end="54" start="49" name="Target"/>
                </layer>
                <layer rank="1" name="Noun">
                    <label end="54" start="49" name="X"/>
                    <label end="47" start="44" name="Gov"/>
                </layer>
            </annotationSet>
        </sentence>
        <sentence sentNo="0" aPos="59710876" ID="1057420">
            <text>The man had enjoyed a blip of peyote earlier in the day , and there was a mild , dreamy look on his face , a look of effortless tolerance ; but his hand was steady . </text>
            <annotationSet cDate="01/08/2003 12:41:53 PST Wed" status="UNANN" ID="1566244">
                <layer rank="1" name="BNC">
                    <label end="2" start="0" name="AT0"/>
                    <label end="6" start="4" name="NN1"/>
                    <label end="10" start="8" name="VHD"/>
                    <label end="18" start="12" name="VVN"/>
                    <label end="20" start="20" name="AT0"/>
                    <label end="25" start="22" name="NN1"/>
                    <label end="28" start="27" name="PRF"/>
                    <label end="35" start="30" name="NN1"/>
                    <label end="43" start="37" name="AV0"/>
                    <label end="46" start="45" name="PRP"/>
                    <label end="50" start="48" name="AT0"/>
                    <label end="54" start="52" name="NN1"/>
                    <label end="56" start="56" name="PUN"/>
                    <label end="60" start="58" name="CJC"/>
                    <label end="66" start="62" name="EX0"/>
                    <label end="70" start="68" name="VBD"/>
                    <label end="72" start="72" name="AT0"/>
                    <label end="77" start="74" name="AJ0-NN1"/>
                    <label end="79" start="79" name="PUN"/>
                    <label end="86" start="81" name="AJ0"/>
                    <label end="91" start="88" name="NN1"/>
                    <label end="94" start="93" name="PRP"/>
                    <label end="98" start="96" name="DPS"/>
                    <label end="103" start="100" name="NN1"/>
                    <label end="105" start="105" name="PUN"/>
                    <label end="107" start="107" name="AT0"/>
                    <label end="112" start="109" name="NN1"/>
                    <label end="115" start="114" name="PRF"/>
                    <label end="126" start="117" name="AJ0"/>
                    <label end="136" start="128" name="NN1"/>
                    <label end="138" start="138" name="PUN"/>
                    <label end="142" start="140" name="CJC"/>
                    <label end="146" start="144" name="DPS"/>
                    <label end="151" start="148" name="NN1"/>
                    <label end="155" start="153" name="VBD"/>
                    <label end="162" start="157" name="AJ0-AV0"/>
                    <label end="164" start="164" name="PUN"/>
                </layer>
            </annotationSet>
            <annotationSet cDate="01/08/2003 12:41:53 PST Wed" status="MANUAL" ID="1566245">
                <layer rank="1" name="FE">
                    <label cBy="865" feID="3495" end="35" start="30" name="Intoxicant"/>
                </layer>
                <layer rank="1" name="GF"/>
                <layer rank="1" name="PT"/>
                <layer rank="1" name="Sent"/>
                <layer rank="1" name="Other"/>
                <layer rank="1" name="Target">
                    <label cBy="103" end="35" start="30" name="Target"/>
                </layer>
                <layer rank="1" name="Noun">
                    <label end="25" start="22" name="Gov"/>
                    <label end="35" start="27" name="X"/>
                </layer>
            </annotationSet>
        </sentence>
        <sentence sentNo="0" aPos="96443379" ID="1057422">
            <text>I write this letter while chewing peyote ( 52 ) a . </text>
            <annotationSet cDate="01/08/2003 12:41:53 PST Wed" status="UNANN" ID="1566248">
                <layer rank="1" name="BNC">
                    <label end="0" start="0" name="PNP"/>
                    <label end="6" start="2" name="VVB"/>
                    <label end="11" start="8" name="DT0"/>
                    <label end="18" start="13" name="NN1"/>
                    <label end="24" start="20" name="CJS"/>
                    <label end="32" start="26" name="AJ0-VVG"/>
                    <label end="39" start="34" name="NN1"/>
                    <label end="41" start="41" name="PUL"/>
                    <label end="44" start="43" name="CRD"/>
                    <label end="46" start="46" name="PUR"/>
                    <label end="48" start="48" name="AT0"/>
                    <label end="50" start="50" name="PUN"/>
                </layer>
            </annotationSet>
            <annotationSet cDate="01/08/2003 12:41:53 PST Wed" status="MANUAL" ID="1566249">
                <layer rank="1" name="FE">
                    <label cBy="865" feID="3495" end="39" start="34" name="Intoxicant"/>
                </layer>
                <layer rank="1" name="GF"/>
                <layer rank="1" name="PT"/>
                <layer rank="1" name="Sent"/>
                <layer rank="1" name="Other"/>
                <layer rank="1" name="Target">
                    <label cBy="103" end="39" start="34" name="Target"/>
                </layer>
                <layer rank="1" name="Noun">
                    <label end="32" start="26" name="Gov"/>
                    <label end="39" start="34" name="X"/>
                </layer>
            </annotationSet>
        </sentence>
    </subCorpus>
</lexUnit>