<?xml version="1.0" encoding="UTF-8" standalone="yes"?>
<?xml-stylesheet type="text/xsl" href="lexUnit.xsl"?>
<lexUnit status="Created" POS="V" name="gotta.v" ID="7096" frame="Being_obligated" frameID="392" totalAnnotated="0" xsi:schemaLocation="../schema/lexUnit.xsd" xmlns="http://framenet.icsi.berkeley.edu" xmlns:xsi="http://www.w3.org/2001/XMLSchema-instance">
    <header>
        <frame>
            <FE fgColor="FFFFFF" bgColor="9400D3" type="Extra-Thematic" abbrev="con" name="Condition"/>
            <FE fgColor="FFFFFF" bgColor="00008B" type="Peripheral" abbrev="Con" name="Consequence"/>
            <FE fgColor="FFFFFF" bgColor="008000" type="Core" abbrev="Duty" name="Duty"/>
            <FE fgColor="FFFFFF" bgColor="FF69B4" type="Extra-Thematic" abbrev="" name="Frequency"/>
            <FE fgColor="FFFFFF" bgColor="0000FF" type="Peripheral" abbrev="pla" name="Place"/>
            <FE fgColor="FFFFFF" bgColor="FF0000" type="Core" abbrev="Resp" name="Responsible_party"/>
            <FE fgColor="FFFFFF" bgColor="FFA500" type="Peripheral" abbrev="tim" name="Time"/>
        </frame>
    </header>
    <definition>COD: have got to. </definition>
    <lexeme POS="V" name="gotta"/>
    <valences/>
    <subCorpus name="V-001-all"/>
</lexUnit>