<?xml version="1.0" encoding="UTF-8" standalone="yes"?>
<?xml-stylesheet type="text/xsl" href="lexUnit.xsl"?>
<lexUnit status="Finished_Initial" POS="N" name="barbiturate.n" ID="7056" frame="Intoxicants" frameID="390" totalAnnotated="5" xsi:schemaLocation="../schema/lexUnit.xsd" xmlns="http://framenet.icsi.berkeley.edu" xmlns:xsi="http://www.w3.org/2001/XMLSchema-instance">
    <header>
        <frame>
            <FE fgColor="FFFFFF" bgColor="800080" type="Peripheral" abbrev="Co" name="Country_of_origin"/>
            <FE fgColor="FFFFFF" bgColor="008000" type="Peripheral" abbrev="Desc" name="Descriptor"/>
            <FE fgColor="FFFFFF" bgColor="0000FF" type="Core" abbrev="Int" name="Intoxicant"/>
            <FE fgColor="FFFFFF" bgColor="9F79EE" type="Peripheral" abbrev="Type" name="Type"/>
        </frame>
    </header>
    <definition>COD: any of a class of sedative drugs derived from barbituric acid. </definition>
    <lexeme POS="N" name="barbiturate"/>
    <valences>
        <governor type="Gov" lemma="overdose">
            <annoSet ID="1562401"/>
        </governor>
        <governor type="Gov" lemma="take">
            <annoSet ID="1562363"/>
        </governor>
        <FERealization total="1">
            <FE name="Descriptor"/>
            <pattern total="1">
                <valenceUnit GF="Dep" PT="AJP" FE="Descriptor"/>
                <annoSet ID="1562351"/>
            </pattern>
        </FERealization>
        <FERealization total="5">
            <FE name="Intoxicant"/>
            <pattern total="5">
                <valenceUnit GF="" PT="DEN" FE="Intoxicant"/>
                <annoSet ID="1562351"/>
                <annoSet ID="1562357"/>
                <annoSet ID="1562361"/>
                <annoSet ID="1562363"/>
                <annoSet ID="1562401"/>
            </pattern>
        </FERealization>
        <FEGroupRealization total="1">
            <FE name="Descriptor"/>
            <FE name="Intoxicant"/>
            <pattern total="1">
                <valenceUnit GF="Dep" PT="AJP" FE="Descriptor"/>
                <valenceUnit GF="" PT="DEN" FE="Intoxicant"/>
                <annoSet ID="1562351"/>
            </pattern>
        </FEGroupRealization>
        <FEGroupRealization total="4">
            <FE name="Intoxicant"/>
            <pattern total="4">
                <valenceUnit GF="" PT="DEN" FE="Intoxicant"/>
                <annoSet ID="1562357"/>
                <annoSet ID="1562361"/>
                <annoSet ID="1562363"/>
                <annoSet ID="1562401"/>
            </pattern>
        </FEGroupRealization>
    </valences>
    <subCorpus name="N-001-all">
        <sentence sentNo="0" aPos="24099355" ID="1055473">
            <text>Most dogs are humanely destroyed by an intravenous injection of a powerful barbiturate or a mixture of a barbiturate and other drugs . </text>
            <annotationSet cDate="01/08/2003 12:37:32 PST Wed" status="UNANN" ID="1562350">
                <layer rank="1" name="BNC">
                    <label end="3" start="0" name="DT0"/>
                    <label end="8" start="5" name="NN2"/>
                    <label end="12" start="10" name="VBB"/>
                    <label end="21" start="14" name="AV0"/>
                    <label end="31" start="23" name="VVN"/>
                    <label end="34" start="33" name="PRP"/>
                    <label end="37" start="36" name="AT0"/>
                    <label end="49" start="39" name="AJ0"/>
                    <label end="59" start="51" name="NN1"/>
                    <label end="62" start="61" name="PRF"/>
                    <label end="64" start="64" name="AT0"/>
                    <label end="73" start="66" name="AJ0"/>
                    <label end="85" start="75" name="NN1"/>
                    <label end="88" start="87" name="CJC"/>
                    <label end="90" start="90" name="AT0"/>
                    <label end="98" start="92" name="NN1"/>
                    <label end="101" start="100" name="PRF"/>
                    <label end="103" start="103" name="AT0"/>
                    <label end="115" start="105" name="NN1"/>
                    <label end="119" start="117" name="CJC"/>
                    <label end="125" start="121" name="AJ0"/>
                    <label end="131" start="127" name="NN2"/>
                    <label end="133" start="133" name="PUN"/>
                </layer>
            </annotationSet>
            <annotationSet cDate="01/08/2003 12:37:32 PST Wed" status="MANUAL" ID="1562351">
                <layer rank="1" name="FE">
                    <label cBy="865" feID="3497" end="73" start="66" name="Descriptor"/>
                    <label cBy="865" feID="3495" end="85" start="75" name="Intoxicant"/>
                </layer>
                <layer rank="1" name="GF">
                    <label end="73" start="66" name="Dep"/>
                </layer>
                <layer rank="1" name="PT">
                    <label end="73" start="66" name="AJP"/>
                </layer>
                <layer rank="1" name="Sent"/>
                <layer rank="1" name="Other"/>
                <layer rank="1" name="Target">
                    <label cBy="103" end="85" start="75" name="Target"/>
                </layer>
                <layer rank="1" name="Noun"/>
            </annotationSet>
        </sentence>
        <sentence sentNo="0" aPos="25818386" ID="1055476">
            <text>Though my Mother had enough barbiturates in her system to kill ten people , her addiction had built up sufficient tolerance to suggest the possibility of an accidental overdose . </text>
            <annotationSet cDate="01/08/2003 12:37:33 PST Wed" status="UNANN" ID="1562356">
                <layer rank="1" name="BNC">
                    <label end="5" start="0" name="CJS"/>
                    <label end="8" start="7" name="DPS"/>
                    <label end="15" start="10" name="NN1-NP0"/>
                    <label end="19" start="17" name="VHD"/>
                    <label end="26" start="21" name="DT0"/>
                    <label end="39" start="28" name="NN2"/>
                    <label end="42" start="41" name="PRP"/>
                    <label end="46" start="44" name="DPS"/>
                    <label end="53" start="48" name="NN1"/>
                    <label end="56" start="55" name="TO0"/>
                    <label end="61" start="58" name="VVI"/>
                    <label end="65" start="63" name="CRD"/>
                    <label end="72" start="67" name="NN0"/>
                    <label end="74" start="74" name="PUN"/>
                    <label end="78" start="76" name="DPS"/>
                    <label end="88" start="80" name="NN1"/>
                    <label end="92" start="90" name="VHD"/>
                    <label end="98" start="94" name="VVN"/>
                    <label end="101" start="100" name="AVP-PRP"/>
                    <label end="112" start="103" name="AJ0"/>
                    <label end="122" start="114" name="NN1"/>
                    <label end="125" start="124" name="TO0"/>
                    <label end="133" start="127" name="VVI"/>
                    <label end="137" start="135" name="AT0"/>
                    <label end="149" start="139" name="NN1"/>
                    <label end="152" start="151" name="PRF"/>
                    <label end="155" start="154" name="AT0"/>
                    <label end="166" start="157" name="AJ0"/>
                    <label end="175" start="168" name="NN1"/>
                    <label end="177" start="177" name="PUN"/>
                </layer>
            </annotationSet>
            <annotationSet cDate="01/08/2003 12:37:33 PST Wed" status="MANUAL" ID="1562357">
                <layer rank="1" name="FE">
                    <label cBy="865" feID="3495" end="39" start="28" name="Intoxicant"/>
                </layer>
                <layer rank="1" name="GF"/>
                <layer rank="1" name="PT"/>
                <layer rank="1" name="Sent"/>
                <layer rank="1" name="Other"/>
                <layer rank="1" name="Target">
                    <label cBy="103" end="39" start="28" name="Target"/>
                </layer>
                <layer rank="1" name="Noun"/>
            </annotationSet>
        </sentence>
        <sentence sentNo="0" aPos="29655787" ID="1055478">
            <text>People try to beat that misery with barbiturates , but nothing can cure it because you 've taken away from yourself all chance of feeling pleasure . </text>
            <annotationSet cDate="01/08/2003 12:37:33 PST Wed" status="UNANN" ID="1562360">
                <layer rank="1" name="BNC">
                    <label end="5" start="0" name="NN0"/>
                    <label end="9" start="7" name="VVB"/>
                    <label end="12" start="11" name="TO0"/>
                    <label end="17" start="14" name="VVI"/>
                    <label end="22" start="19" name="DT0"/>
                    <label end="29" start="24" name="NN1"/>
                    <label end="34" start="31" name="PRP"/>
                    <label end="47" start="36" name="NN2"/>
                    <label end="49" start="49" name="PUN"/>
                    <label end="53" start="51" name="CJC"/>
                    <label end="61" start="55" name="PNI"/>
                    <label end="65" start="63" name="VM0"/>
                    <label end="70" start="67" name="VVI"/>
                    <label end="73" start="72" name="PNP"/>
                    <label end="81" start="75" name="CJS"/>
                    <label end="85" start="83" name="PNP"/>
                    <label end="89" start="87" name="VHB"/>
                    <label end="95" start="91" name="VVN"/>
                    <label end="100" start="97" name="PRP"/>
                    <label end="105" start="102" name="PRP"/>
                    <label end="114" start="107" name="PNX"/>
                    <label end="118" start="116" name="DT0"/>
                    <label end="125" start="120" name="NN1"/>
                    <label end="128" start="127" name="PRF"/>
                    <label end="136" start="130" name="NN1-VVG"/>
                    <label end="145" start="138" name="NN1"/>
                    <label end="147" start="147" name="PUN"/>
                </layer>
            </annotationSet>
            <annotationSet cDate="01/08/2003 12:37:33 PST Wed" status="MANUAL" ID="1562361">
                <layer rank="1" name="FE">
                    <label cBy="865" feID="3495" end="47" start="36" name="Intoxicant"/>
                </layer>
                <layer rank="1" name="GF"/>
                <layer rank="1" name="PT"/>
                <layer rank="1" name="Sent"/>
                <layer rank="1" name="Other"/>
                <layer rank="1" name="Target">
                    <label cBy="103" end="47" start="36" name="Target"/>
                </layer>
                <layer rank="1" name="Noun"/>
            </annotationSet>
        </sentence>
        <sentence sentNo="0" aPos="30320730" ID="1055479">
            <text>He suffered from insomnia and was taking barbiturates . </text>
            <annotationSet cDate="01/08/2003 12:37:33 PST Wed" status="UNANN" ID="1562362">
                <layer rank="1" name="BNC">
                    <label end="1" start="0" name="PNP"/>
                    <label end="10" start="3" name="VVD"/>
                    <label end="15" start="12" name="PRP"/>
                    <label end="24" start="17" name="NN1"/>
                    <label end="28" start="26" name="CJC"/>
                    <label end="32" start="30" name="VBD"/>
                    <label end="39" start="34" name="VVG"/>
                    <label end="52" start="41" name="NN2"/>
                    <label end="54" start="54" name="PUN"/>
                </layer>
            </annotationSet>
            <annotationSet cDate="01/08/2003 12:37:33 PST Wed" status="MANUAL" ID="1562363">
                <layer rank="1" name="FE">
                    <label cBy="865" feID="3495" end="52" start="41" name="Intoxicant"/>
                </layer>
                <layer rank="1" name="GF"/>
                <layer rank="1" name="PT"/>
                <layer rank="1" name="Sent"/>
                <layer rank="1" name="Other"/>
                <layer rank="1" name="Target">
                    <label cBy="103" end="52" start="41" name="Target"/>
                </layer>
                <layer rank="1" name="Noun">
                    <label end="39" start="34" name="Gov"/>
                    <label end="52" start="41" name="X"/>
                </layer>
            </annotationSet>
        </sentence>
        <sentence sentNo="0" aPos="104066554" ID="1055498">
            <text>The cause of death was given as a combined overdose of barbiturates and alcohol . </text>
            <annotationSet cDate="01/08/2003 12:37:37 PST Wed" status="UNANN" ID="1562400">
                <layer rank="1" name="BNC">
                    <label end="2" start="0" name="AT0"/>
                    <label end="8" start="4" name="NN1"/>
                    <label end="11" start="10" name="PRF"/>
                    <label end="17" start="13" name="NN1"/>
                    <label end="21" start="19" name="VBD"/>
                    <label end="27" start="23" name="VVN"/>
                    <label end="30" start="29" name="PRP"/>
                    <label end="32" start="32" name="AT0"/>
                    <label end="41" start="34" name="AJ0"/>
                    <label end="50" start="43" name="NN1"/>
                    <label end="53" start="52" name="PRF"/>
                    <label end="66" start="55" name="NN2"/>
                    <label end="70" start="68" name="CJC"/>
                    <label end="78" start="72" name="NN1"/>
                    <label end="80" start="80" name="PUN"/>
                </layer>
            </annotationSet>
            <annotationSet cDate="01/08/2003 12:37:37 PST Wed" status="MANUAL" ID="1562401">
                <layer rank="1" name="FE">
                    <label cBy="865" feID="3495" end="66" start="55" name="Intoxicant"/>
                </layer>
                <layer rank="1" name="GF"/>
                <layer rank="1" name="PT"/>
                <layer rank="1" name="Sent"/>
                <layer rank="1" name="Other"/>
                <layer rank="1" name="Target">
                    <label cBy="103" end="66" start="55" name="Target"/>
                </layer>
                <layer rank="1" name="Noun">
                    <label end="50" start="43" name="Gov"/>
                    <label end="78" start="52" name="X"/>
                </layer>
            </annotationSet>
        </sentence>
    </subCorpus>
</lexUnit>