<?xml version="1.0" encoding="UTF-8" standalone="yes"?>
<?xml-stylesheet type="text/xsl" href="lexUnit.xsl"?>
<lexUnit status="Finished_Initial" POS="V" name="preserve.v" ID="7027" frame="Preserving" frameID="339" totalAnnotated="12" xsi:schemaLocation="../schema/lexUnit.xsd" xmlns="http://framenet.icsi.berkeley.edu" xmlns:xsi="http://www.w3.org/2001/XMLSchema-instance">
    <header>
        <frame>
            <FE fgColor="FFFFFF" bgColor="FF0000" type="Core" abbrev="Agt" name="Agent"/>
            <FE fgColor="FFFFFF" bgColor="FF69B4" type="Peripheral" abbrev="Degr" name="Degree"/>
            <FE fgColor="FFFFFF" bgColor="800080" type="Extra-Thematic" abbrev="Depict" name="Depictive"/>
            <FE fgColor="000000" bgColor="FFFF00" type="Peripheral" abbrev="Dur" name="Duration"/>
            <FE fgColor="FFFFFF" bgColor="808080" type="Peripheral" abbrev="Ins" name="Instrument"/>
            <FE fgColor="FFFFFF" bgColor="FF00FF" type="Peripheral" abbrev="Mnr" name="Manner"/>
            <FE fgColor="FFFFFF" bgColor="FF69B4" type="Peripheral" abbrev="Means" name="Means"/>
            <FE fgColor="FFFFFF" bgColor="00008B" type="Core" abbrev="Med" name="Medium"/>
            <FE fgColor="FFFFFF" bgColor="008000" type="Peripheral" abbrev="Place" name="Place"/>
            <FE fgColor="FFFFFF" bgColor="9F79EE" type="Peripheral" abbrev="Purp" name="Purpose"/>
            <FE fgColor="0000FF" bgColor="EEE8AA" type="Extra-Thematic" abbrev="Result" name="Result"/>
            <FE fgColor="FFFFFF" bgColor="FFA500" type="Peripheral" abbrev="Time" name="Time"/>
            <FE fgColor="FFFFFF" bgColor="0000FF" type="Core" abbrev="Und" name="Undergoer"/>
        </frame>
    </header>
    <definition>COD: treat (food) to prevent its decomposition or prepare (fruit) for long-term storage by boiling it with sugar. </definition>
    <lexeme POS="V" name="preserve"/>
    <valences>
        <FERealization total="12">
            <FE name="Agent"/>
            <pattern total="11">
                <valenceUnit GF="" PT="CNI" FE="Agent"/>
                <annoSet ID="1661327"/>
                <annoSet ID="1661331"/>
                <annoSet ID="1661343"/>
                <annoSet ID="1661347"/>
                <annoSet ID="1661349"/>
                <annoSet ID="1661357"/>
                <annoSet ID="1661363"/>
                <annoSet ID="1661531"/>
                <annoSet ID="1661617"/>
                <annoSet ID="1661643"/>
                <annoSet ID="1661701"/>
            </pattern>
            <pattern total="1">
                <valenceUnit GF="Ext" PT="NP" FE="Agent"/>
                <annoSet ID="1661339"/>
            </pattern>
        </FERealization>
        <FERealization total="1">
            <FE name="Means"/>
            <pattern total="1">
                <valenceUnit GF="Dep" PT="PP[through]" FE="Means"/>
                <annoSet ID="1661617"/>
            </pattern>
        </FERealization>
        <FERealization total="1">
            <FE name="Medium"/>
            <pattern total="1">
                <valenceUnit GF="Dep" PT="PP[with]" FE="Medium"/>
                <annoSet ID="1661701"/>
            </pattern>
        </FERealization>
        <FERealization total="1">
            <FE name="Purpose"/>
            <pattern total="1">
                <valenceUnit GF="Dep" PT="PP[for]" FE="Purpose"/>
                <annoSet ID="1661331"/>
            </pattern>
        </FERealization>
        <FERealization total="12">
            <FE name="Undergoer"/>
            <pattern total="4">
                <valenceUnit GF="Ext" PT="NP" FE="Undergoer"/>
                <annoSet ID="1661343"/>
                <annoSet ID="1661349"/>
                <annoSet ID="1661617"/>
                <annoSet ID="1661701"/>
            </pattern>
            <pattern total="8">
                <valenceUnit GF="Obj" PT="NP" FE="Undergoer"/>
                <annoSet ID="1661327"/>
                <annoSet ID="1661331"/>
                <annoSet ID="1661339"/>
                <annoSet ID="1661347"/>
                <annoSet ID="1661357"/>
                <annoSet ID="1661363"/>
                <annoSet ID="1661531"/>
                <annoSet ID="1661643"/>
            </pattern>
        </FERealization>
        <FEGroupRealization total="1">
            <FE name="Agent"/>
            <FE name="Means"/>
            <FE name="Undergoer"/>
            <pattern total="1">
                <valenceUnit GF="" PT="CNI" FE="Agent"/>
                <valenceUnit GF="Dep" PT="PP[through]" FE="Means"/>
                <valenceUnit GF="Ext" PT="NP" FE="Undergoer"/>
                <annoSet ID="1661617"/>
            </pattern>
        </FEGroupRealization>
        <FEGroupRealization total="1">
            <FE name="Agent"/>
            <FE name="Medium"/>
            <FE name="Undergoer"/>
            <pattern total="1">
                <valenceUnit GF="" PT="CNI" FE="Agent"/>
                <valenceUnit GF="Dep" PT="PP[with]" FE="Medium"/>
                <valenceUnit GF="Ext" PT="NP" FE="Undergoer"/>
                <annoSet ID="1661701"/>
            </pattern>
        </FEGroupRealization>
        <FEGroupRealization total="1">
            <FE name="Agent"/>
            <FE name="Purpose"/>
            <FE name="Undergoer"/>
            <pattern total="1">
                <valenceUnit GF="" PT="CNI" FE="Agent"/>
                <valenceUnit GF="Dep" PT="PP[for]" FE="Purpose"/>
                <valenceUnit GF="Obj" PT="NP" FE="Undergoer"/>
                <annoSet ID="1661331"/>
            </pattern>
        </FEGroupRealization>
        <FEGroupRealization total="9">
            <FE name="Agent"/>
            <FE name="Undergoer"/>
            <pattern total="2">
                <valenceUnit GF="" PT="CNI" FE="Agent"/>
                <valenceUnit GF="Ext" PT="NP" FE="Undergoer"/>
                <annoSet ID="1661343"/>
                <annoSet ID="1661349"/>
            </pattern>
            <pattern total="6">
                <valenceUnit GF="" PT="CNI" FE="Agent"/>
                <valenceUnit GF="Obj" PT="NP" FE="Undergoer"/>
                <annoSet ID="1661327"/>
                <annoSet ID="1661347"/>
                <annoSet ID="1661357"/>
                <annoSet ID="1661363"/>
                <annoSet ID="1661531"/>
                <annoSet ID="1661643"/>
            </pattern>
            <pattern total="1">
                <valenceUnit GF="Ext" PT="NP" FE="Agent"/>
                <valenceUnit GF="Obj" PT="NP" FE="Undergoer"/>
                <annoSet ID="1661339"/>
            </pattern>
        </FEGroupRealization>
    </valences>
    <subCorpus name="V-429-s20-lcoll-fish"/>
    <subCorpus name="V-429-s20-lcoll-meat">
        <sentence sentNo="0" aPos="4322538" ID="1105096">
            <text>The salt must be rubbed or soaked into the meat to preserve it . </text>
            <annotationSet cDate="01/08/2003 02:37:39 PST Wed" status="UNANN" ID="1661326">
                <layer rank="1" name="BNC">
                    <label end="2" start="0" name="AT0"/>
                    <label end="7" start="4" name="NN1"/>
                    <label end="12" start="9" name="VM0"/>
                    <label end="15" start="14" name="VBI"/>
                    <label end="22" start="17" name="VVN"/>
                    <label end="25" start="24" name="CJC"/>
                    <label end="32" start="27" name="VVN"/>
                    <label end="37" start="34" name="PRP"/>
                    <label end="41" start="39" name="AT0"/>
                    <label end="46" start="43" name="NN1"/>
                    <label end="49" start="48" name="TO0"/>
                    <label end="58" start="51" name="VVI"/>
                    <label end="61" start="60" name="PNP"/>
                    <label end="63" start="63" name="PUN"/>
                </layer>
            </annotationSet>
            <annotationSet cDate="01/08/2003 02:37:39 PST Wed" status="MANUAL" ID="1661327">
                <layer rank="1" name="FE">
                    <label cBy="618" feID="2896" end="61" start="60" name="Undergoer"/>
                    <label cBy="296" feID="2894" itype="CNI" name="Agent"/>
                </layer>
                <layer rank="1" name="GF">
                    <label end="61" start="60" name="Obj"/>
                </layer>
                <layer rank="1" name="PT">
                    <label end="61" start="60" name="NP"/>
                </layer>
                <layer rank="1" name="Sent"/>
                <layer rank="1" name="Other"/>
                <layer rank="1" name="Target">
                    <label cBy="103" end="58" start="51" name="Target"/>
                </layer>
                <layer rank="1" name="Verb"/>
            </annotationSet>
        </sentence>
        <sentence sentNo="0" aPos="41552387" ID="1105098">
            <text>As salt would have been a precious commodity , all their meat had to be air-dried in order to preserve it for the winter months , and this was done by the use of cleits . </text>
            <annotationSet cDate="01/08/2003 02:37:40 PST Wed" status="UNANN" ID="1661330">
                <layer rank="1" name="BNC">
                    <label end="1" start="0" name="CJS"/>
                    <label end="6" start="3" name="NN1"/>
                    <label end="12" start="8" name="VM0"/>
                    <label end="17" start="14" name="VHI"/>
                    <label end="22" start="19" name="VBN"/>
                    <label end="24" start="24" name="AT0"/>
                    <label end="33" start="26" name="AJ0"/>
                    <label end="43" start="35" name="NN1"/>
                    <label end="45" start="45" name="PUN"/>
                    <label end="49" start="47" name="DT0"/>
                    <label end="55" start="51" name="DPS"/>
                    <label end="60" start="57" name="NN1"/>
                    <label end="64" start="62" name="VHD"/>
                    <label end="67" start="66" name="TO0"/>
                    <label end="70" start="69" name="VBI"/>
                    <label end="80" start="72" name="AJ0"/>
                    <label end="83" start="82" name="AV0"/>
                    <label end="89" start="85" name="AV0"/>
                    <label end="92" start="91" name="TO0"/>
                    <label end="101" start="94" name="VVI"/>
                    <label end="104" start="103" name="PNP"/>
                    <label end="108" start="106" name="PRP"/>
                    <label end="112" start="110" name="AT0"/>
                    <label end="119" start="114" name="NN1"/>
                    <label end="126" start="121" name="NN2"/>
                    <label end="128" start="128" name="PUN"/>
                    <label end="132" start="130" name="CJC"/>
                    <label end="137" start="134" name="DT0"/>
                    <label end="141" start="139" name="VBD"/>
                    <label end="146" start="143" name="VDN"/>
                    <label end="149" start="148" name="PRP"/>
                    <label end="153" start="151" name="AT0"/>
                    <label end="157" start="155" name="NN1"/>
                    <label end="160" start="159" name="PRF"/>
                    <label end="167" start="162" name="NN2"/>
                    <label end="169" start="169" name="PUN"/>
                </layer>
            </annotationSet>
            <annotationSet cDate="01/08/2003 02:37:40 PST Wed" status="MANUAL" ID="1661331">
                <layer rank="1" name="FE">
                    <label cBy="618" feID="2896" end="104" start="103" name="Undergoer"/>
                    <label cBy="618" feID="2902" end="126" start="106" name="Purpose"/>
                    <label cBy="296" feID="2894" itype="CNI" name="Agent"/>
                </layer>
                <layer rank="1" name="GF">
                    <label end="104" start="103" name="Obj"/>
                    <label end="126" start="106" name="Dep"/>
                </layer>
                <layer rank="1" name="PT">
                    <label end="104" start="103" name="NP"/>
                    <label end="126" start="106" name="PP"/>
                </layer>
                <layer rank="1" name="Sent"/>
                <layer rank="1" name="Other"/>
                <layer rank="1" name="Target">
                    <label cBy="103" end="101" start="94" name="Target"/>
                </layer>
                <layer rank="1" name="Verb"/>
            </annotationSet>
        </sentence>
    </subCorpus>
    <subCorpus name="V-429-s20-rcoll-bamboo"/>
    <subCorpus name="V-429-s20-rcoll-brine"/>
    <subCorpus name="V-429-s20-rcoll-corpse">
        <sentence sentNo="0" aPos="23391763" ID="1105102">
            <text>In a move variously described as ` ghoulish &quot; , ` Machiavellian &quot; and ` sick &quot; , Mr Creed , it was alleged , had orchestrated this posthumous resignation , instructing expert embalmers to preserve the corpse and even arranging a photo session two days after Sir Charles 's death ( Sir Charles 's lifeless arm around Mr Creed 's shoulders ) so a picture could be released to the press along with a transcript of the letter of resignation . </text>
            <annotationSet cDate="01/08/2003 02:37:40 PST Wed" status="UNANN" ID="1661338">
                <layer rank="1" name="BNC">
                    <label end="1" start="0" name="PRP"/>
                    <label end="3" start="3" name="AT0"/>
                    <label end="8" start="5" name="NN1"/>
                    <label end="18" start="10" name="AV0"/>
                    <label end="28" start="20" name="VVD-VVN"/>
                    <label end="31" start="30" name="AV0"/>
                    <label end="33" start="33" name="PUQ"/>
                    <label end="42" start="35" name="AJ0"/>
                    <label end="44" start="44" name="PUQ"/>
                    <label end="46" start="46" name="PUN"/>
                    <label end="48" start="48" name="PUQ"/>
                    <label end="62" start="50" name="NP0"/>
                    <label end="64" start="64" name="PUQ"/>
                    <label end="68" start="66" name="CJC"/>
                    <label end="70" start="70" name="PUQ"/>
                    <label end="75" start="72" name="AJ0-NN1"/>
                    <label end="77" start="77" name="PUQ"/>
                    <label end="79" start="79" name="PUN"/>
                    <label end="82" start="81" name="NP0"/>
                    <label end="88" start="84" name="NP0"/>
                    <label end="90" start="90" name="PUN"/>
                    <label end="93" start="92" name="PNP"/>
                    <label end="97" start="95" name="VBD"/>
                    <label end="105" start="99" name="VVN"/>
                    <label end="107" start="107" name="PUN"/>
                    <label end="111" start="109" name="VHD"/>
                    <label end="124" start="113" name="VVN"/>
                    <label end="129" start="126" name="DT0"/>
                    <label end="140" start="131" name="AJ0"/>
                    <label end="152" start="142" name="NN1"/>
                    <label end="154" start="154" name="PUN"/>
                    <label end="166" start="156" name="VVG"/>
                    <label end="173" start="168" name="AJ0"/>
                    <label end="183" start="175" name="NN2"/>
                    <label end="186" start="185" name="TO0"/>
                    <label end="195" start="188" name="VVI"/>
                    <label end="199" start="197" name="AT0"/>
                    <label end="206" start="201" name="NN1"/>
                    <label end="210" start="208" name="CJC"/>
                    <label end="215" start="212" name="AV0"/>
                    <label end="225" start="217" name="VVG"/>
                    <label end="227" start="227" name="AT0"/>
                    <label end="233" start="229" name="NN1"/>
                    <label end="241" start="235" name="NN1"/>
                    <label end="245" start="243" name="CRD"/>
                    <label end="250" start="247" name="NN2"/>
                    <label end="256" start="252" name="PRP"/>
                    <label end="260" start="258" name="NP0"/>
                    <label end="268" start="262" name="NP0"/>
                    <label end="271" start="270" name="POS"/>
                    <label end="277" start="273" name="NN1"/>
                    <label end="279" start="279" name="PUL"/>
                    <label end="283" start="281" name="NP0"/>
                    <label end="291" start="285" name="NP0"/>
                    <label end="294" start="293" name="POS"/>
                    <label end="303" start="296" name="AJ0"/>
                    <label end="307" start="305" name="NN1"/>
                    <label end="314" start="309" name="PRP"/>
                    <label end="317" start="316" name="NP0"/>
                    <label end="323" start="319" name="NP0"/>
                    <label end="326" start="325" name="POS"/>
                    <label end="336" start="328" name="NN2"/>
                    <label end="338" start="338" name="PUR"/>
                    <label end="341" start="340" name="CJS"/>
                    <label end="343" start="343" name="AT0"/>
                    <label end="351" start="345" name="NN1"/>
                    <label end="357" start="353" name="VM0"/>
                    <label end="360" start="359" name="VBI"/>
                    <label end="369" start="362" name="VVN"/>
                    <label end="372" start="371" name="PRP"/>
                    <label end="376" start="374" name="AT0"/>
                    <label end="382" start="378" name="NN0"/>
                    <label end="388" start="384" name="PRP"/>
                    <label end="393" start="390" name="PRP"/>
                    <label end="395" start="395" name="AT0"/>
                    <label end="406" start="397" name="NN1"/>
                    <label end="409" start="408" name="PRF"/>
                    <label end="413" start="411" name="AT0"/>
                    <label end="420" start="415" name="NN1"/>
                    <label end="423" start="422" name="PRF"/>
                    <label end="435" start="425" name="NN1"/>
                    <label end="437" start="437" name="PUN"/>
                </layer>
            </annotationSet>
            <annotationSet cDate="01/08/2003 02:37:40 PST Wed" status="MANUAL" ID="1661339">
                <layer rank="1" name="FE">
                    <label cBy="618" feID="2894" end="183" start="168" name="Agent"/>
                    <label cBy="618" feID="2896" end="206" start="197" name="Undergoer"/>
                </layer>
                <layer rank="1" name="GF">
                    <label end="183" start="168" name="Ext"/>
                    <label end="206" start="197" name="Obj"/>
                </layer>
                <layer rank="1" name="PT">
                    <label end="183" start="168" name="NP"/>
                    <label end="206" start="197" name="NP"/>
                </layer>
                <layer rank="1" name="Sent"/>
                <layer rank="1" name="Other"/>
                <layer rank="1" name="Target">
                    <label cBy="103" end="195" start="188" name="Target"/>
                </layer>
                <layer rank="1" name="Verb"/>
            </annotationSet>
        </sentence>
    </subCorpus>
    <subCorpus name="V-429-s20-rcoll-decay">
        <sentence sentNo="0" aPos="55670671" ID="1105104">
            <text>Such a mixture we now know as potpourri , from the French pourrir , to rot , not a very accurate name , since the ingredients are preserved rather than allowed to decay . </text>
            <annotationSet cDate="01/08/2003 02:37:40 PST Wed" status="UNANN" ID="1661342">
                <layer rank="1" name="BNC">
                    <label end="3" start="0" name="DT0"/>
                    <label end="5" start="5" name="AT0"/>
                    <label end="13" start="7" name="NN1"/>
                    <label end="16" start="15" name="PNP"/>
                    <label end="20" start="18" name="AV0"/>
                    <label end="25" start="22" name="VVB"/>
                    <label end="28" start="27" name="PRP"/>
                    <label end="38" start="30" name="NN1"/>
                    <label end="40" start="40" name="PUN"/>
                    <label end="45" start="42" name="PRP"/>
                    <label end="49" start="47" name="AT0"/>
                    <label end="56" start="51" name="AJ0"/>
                    <label end="64" start="58" name="NN1"/>
                    <label end="66" start="66" name="PUN"/>
                    <label end="69" start="68" name="TO0"/>
                    <label end="73" start="71" name="VVI"/>
                    <label end="75" start="75" name="PUN"/>
                    <label end="79" start="77" name="XX0"/>
                    <label end="81" start="81" name="AT0"/>
                    <label end="86" start="83" name="AV0"/>
                    <label end="95" start="88" name="AJ0"/>
                    <label end="100" start="97" name="NN1"/>
                    <label end="102" start="102" name="PUN"/>
                    <label end="108" start="104" name="CJS"/>
                    <label end="112" start="110" name="AT0"/>
                    <label end="124" start="114" name="NN2"/>
                    <label end="128" start="126" name="VBB"/>
                    <label end="138" start="130" name="VVN"/>
                    <label end="145" start="140" name="PRP"/>
                    <label end="150" start="147" name="PRP"/>
                    <label end="158" start="152" name="AJ0-VVN"/>
                    <label end="161" start="160" name="TO0"/>
                    <label end="167" start="163" name="VVI"/>
                    <label end="169" start="169" name="PUN"/>
                </layer>
            </annotationSet>
            <annotationSet cDate="01/08/2003 02:37:40 PST Wed" status="MANUAL" ID="1661343">
                <layer rank="1" name="FE">
                    <label cBy="618" feID="2896" end="124" start="110" name="Undergoer"/>
                    <label cBy="618" feID="2894" itype="CNI" name="Agent"/>
                </layer>
                <layer rank="1" name="GF">
                    <label end="124" start="110" name="Ext"/>
                </layer>
                <layer rank="1" name="PT">
                    <label end="124" start="110" name="NP"/>
                </layer>
                <layer rank="1" name="Sent"/>
                <layer rank="1" name="Other"/>
                <layer rank="1" name="Target">
                    <label cBy="103" end="138" start="130" name="Target"/>
                </layer>
                <layer rank="1" name="Verb"/>
            </annotationSet>
        </sentence>
    </subCorpus>
    <subCorpus name="V-429-s20-rcoll-fish">
        <sentence sentNo="0" aPos="5750183" ID="1105106">
            <text>Smoking is a very ancient art that has been used for hundreds of years to preserve fish and meat , preferred to salting because it does not destroy the natural flavour of the food to the same extent . </text>
            <annotationSet cDate="01/08/2003 02:37:41 PST Wed" status="UNANN" ID="1661346">
                <layer rank="1" name="BNC">
                    <label end="6" start="0" name="NP0"/>
                    <label end="9" start="8" name="VBZ"/>
                    <label end="11" start="11" name="AT0"/>
                    <label end="16" start="13" name="AV0"/>
                    <label end="24" start="18" name="AJ0"/>
                    <label end="28" start="26" name="NN1"/>
                    <label end="33" start="30" name="CJT"/>
                    <label end="37" start="35" name="VHZ"/>
                    <label end="42" start="39" name="VBN"/>
                    <label end="47" start="44" name="VVN"/>
                    <label end="51" start="49" name="PRP"/>
                    <label end="60" start="53" name="NN2"/>
                    <label end="63" start="62" name="PRF"/>
                    <label end="69" start="65" name="NN2"/>
                    <label end="72" start="71" name="TO0"/>
                    <label end="81" start="74" name="VVI"/>
                    <label end="86" start="83" name="NN0"/>
                    <label end="90" start="88" name="CJC"/>
                    <label end="95" start="92" name="NN1"/>
                    <label end="97" start="97" name="PUN"/>
                    <label end="107" start="99" name="VVD-VVN"/>
                    <label end="110" start="109" name="PRP"/>
                    <label end="118" start="112" name="VVG"/>
                    <label end="126" start="120" name="CJS"/>
                    <label end="129" start="128" name="PNP"/>
                    <label end="134" start="131" name="VDZ"/>
                    <label end="138" start="136" name="XX0"/>
                    <label end="146" start="140" name="VVI"/>
                    <label end="150" start="148" name="AT0"/>
                    <label end="158" start="152" name="AJ0"/>
                    <label end="166" start="160" name="NN1"/>
                    <label end="169" start="168" name="PRF"/>
                    <label end="173" start="171" name="AT0"/>
                    <label end="178" start="175" name="NN1"/>
                    <label end="181" start="180" name="PRP"/>
                    <label end="185" start="183" name="AT0"/>
                    <label end="190" start="187" name="DT0"/>
                    <label end="197" start="192" name="NN1"/>
                    <label end="199" start="199" name="PUN"/>
                </layer>
            </annotationSet>
            <annotationSet cDate="01/08/2003 02:37:41 PST Wed" status="MANUAL" ID="1661347">
                <layer rank="1" name="FE">
                    <label cBy="618" feID="2896" end="95" start="83" name="Undergoer"/>
                    <label cBy="296" feID="2894" itype="CNI" name="Agent"/>
                </layer>
                <layer rank="1" name="GF">
                    <label end="95" start="83" name="Obj"/>
                </layer>
                <layer rank="1" name="PT">
                    <label end="95" start="83" name="NP"/>
                </layer>
                <layer rank="1" name="Sent"/>
                <layer rank="1" name="Other"/>
                <layer rank="1" name="Target">
                    <label cBy="103" end="81" start="74" name="Target"/>
                </layer>
                <layer rank="1" name="Verb"/>
            </annotationSet>
        </sentence>
        <sentence sentNo="0" aPos="41561512" ID="1105107">
            <text>Although deep-freezing has revolutionised the way food is preserved , with some kinds of fish I still prefer the old method of salting and sun drying . </text>
            <annotationSet cDate="01/08/2003 02:37:41 PST Wed" status="UNANN" ID="1661348">
                <layer rank="1" name="BNC">
                    <label end="7" start="0" name="CJS"/>
                    <label end="21" start="9" name="NN1"/>
                    <label end="25" start="23" name="VHZ"/>
                    <label end="40" start="27" name="VVN"/>
                    <label end="44" start="42" name="AT0"/>
                    <label end="48" start="46" name="NN1"/>
                    <label end="53" start="50" name="NN1"/>
                    <label end="56" start="55" name="VBZ"/>
                    <label end="66" start="58" name="VVN"/>
                    <label end="68" start="68" name="PUN"/>
                    <label end="73" start="70" name="PRP"/>
                    <label end="78" start="75" name="DT0"/>
                    <label end="84" start="80" name="NN2"/>
                    <label end="87" start="86" name="PRF"/>
                    <label end="92" start="89" name="NN0"/>
                    <label end="94" start="94" name="PNP"/>
                    <label end="100" start="96" name="AV0"/>
                    <label end="107" start="102" name="VVB"/>
                    <label end="111" start="109" name="AT0"/>
                    <label end="115" start="113" name="AJ0"/>
                    <label end="122" start="117" name="NN1"/>
                    <label end="125" start="124" name="PRF"/>
                    <label end="133" start="127" name="NN1-VVG"/>
                    <label end="137" start="135" name="CJC"/>
                    <label end="141" start="139" name="NN1"/>
                    <label end="148" start="143" name="NN1-VVG"/>
                    <label end="150" start="150" name="PUN"/>
                </layer>
            </annotationSet>
            <annotationSet cDate="01/08/2003 02:37:41 PST Wed" status="MANUAL" ID="1661349">
                <layer rank="1" name="FE">
                    <label cBy="618" feID="2896" end="53" start="50" name="Undergoer"/>
                    <label cBy="618" feID="2894" itype="CNI" name="Agent"/>
                </layer>
                <layer rank="1" name="GF">
                    <label end="53" start="50" name="Ext"/>
                </layer>
                <layer rank="1" name="PT">
                    <label end="53" start="50" name="NP"/>
                </layer>
                <layer rank="1" name="Sent"/>
                <layer rank="1" name="Other"/>
                <layer rank="1" name="Target">
                    <label cBy="103" end="66" start="58" name="Target"/>
                </layer>
                <layer rank="1" name="Verb"/>
            </annotationSet>
        </sentence>
    </subCorpus>
    <subCorpus name="V-429-s20-rcoll-flesh"/>
    <subCorpus name="V-429-s20-rcoll-hide"/>
    <subCorpus name="V-429-s20-rcoll-meat">
        <sentence sentNo="0" aPos="5713078" ID="1105111">
            <text>They are usually smoked or scalded to preserve the meat , but some , such as haslet and liver sausage , are totally cooked . </text>
            <annotationSet cDate="01/08/2003 02:37:42 PST Wed" status="UNANN" ID="1661356">
                <layer rank="1" name="BNC">
                    <label end="3" start="0" name="PNP"/>
                    <label end="7" start="5" name="VBB"/>
                    <label end="15" start="9" name="AV0"/>
                    <label end="22" start="17" name="VVN"/>
                    <label end="25" start="24" name="CJC"/>
                    <label end="33" start="27" name="VVN"/>
                    <label end="36" start="35" name="TO0"/>
                    <label end="45" start="38" name="VVI"/>
                    <label end="49" start="47" name="AT0"/>
                    <label end="54" start="51" name="NN1"/>
                    <label end="56" start="56" name="PUN"/>
                    <label end="60" start="58" name="CJC"/>
                    <label end="65" start="62" name="DT0"/>
                    <label end="67" start="67" name="PUN"/>
                    <label end="72" start="69" name="PRP"/>
                    <label end="75" start="74" name="PRP"/>
                    <label end="82" start="77" name="NN1"/>
                    <label end="86" start="84" name="CJC"/>
                    <label end="92" start="88" name="AJC"/>
                    <label end="100" start="94" name="NN1"/>
                    <label end="102" start="102" name="PUN"/>
                    <label end="106" start="104" name="VBB"/>
                    <label end="114" start="108" name="AV0"/>
                    <label end="121" start="116" name="VVN"/>
                    <label end="123" start="123" name="PUN"/>
                </layer>
            </annotationSet>
            <annotationSet cDate="01/08/2003 02:37:42 PST Wed" status="MANUAL" ID="1661357">
                <layer rank="1" name="FE">
                    <label cBy="618" feID="2896" end="54" start="47" name="Undergoer"/>
                    <label cBy="296" feID="2894" itype="CNI" name="Agent"/>
                </layer>
                <layer rank="1" name="GF">
                    <label end="54" start="47" name="Obj"/>
                </layer>
                <layer rank="1" name="PT">
                    <label end="54" start="47" name="NP"/>
                </layer>
                <layer rank="1" name="Sent"/>
                <layer rank="1" name="Other"/>
                <layer rank="1" name="Target">
                    <label cBy="103" end="45" start="38" name="Target"/>
                </layer>
                <layer rank="1" name="Verb"/>
            </annotationSet>
        </sentence>
        <sentence sentNo="0" aPos="5728598" ID="1105114">
            <text>It is used in processed ham and bacon ; also to preserve the pink colour of the meat . </text>
            <annotationSet cDate="01/08/2003 02:37:42 PST Wed" status="UNANN" ID="1661362">
                <layer rank="1" name="BNC">
                    <label end="1" start="0" name="PNP"/>
                    <label end="4" start="3" name="VBZ"/>
                    <label end="9" start="6" name="VVN"/>
                    <label end="12" start="11" name="PRP"/>
                    <label end="22" start="14" name="AJ0"/>
                    <label end="26" start="24" name="NN1"/>
                    <label end="30" start="28" name="CJC"/>
                    <label end="36" start="32" name="NN1"/>
                    <label end="38" start="38" name="PUN"/>
                    <label end="43" start="40" name="AV0"/>
                    <label end="46" start="45" name="TO0"/>
                    <label end="55" start="48" name="VVI"/>
                    <label end="59" start="57" name="AT0"/>
                    <label end="64" start="61" name="AJ0"/>
                    <label end="71" start="66" name="NN1"/>
                    <label end="74" start="73" name="PRF"/>
                    <label end="78" start="76" name="AT0"/>
                    <label end="83" start="80" name="NN1"/>
                    <label end="85" start="85" name="PUN"/>
                </layer>
            </annotationSet>
            <annotationSet cDate="01/08/2003 02:37:42 PST Wed" status="MANUAL" ID="1661363">
                <layer rank="1" name="FE">
                    <label cBy="618" feID="2896" end="83" start="57" name="Undergoer"/>
                    <label cBy="296" feID="2894" itype="CNI" name="Agent"/>
                </layer>
                <layer rank="1" name="GF">
                    <label end="83" start="57" name="Obj"/>
                </layer>
                <layer rank="1" name="PT">
                    <label end="83" start="57" name="NP"/>
                </layer>
                <layer rank="1" name="Sent"/>
                <layer rank="1" name="Other"/>
                <layer rank="1" name="Target">
                    <label cBy="103" end="55" start="48" name="Target"/>
                </layer>
                <layer rank="1" name="Verb"/>
            </annotationSet>
        </sentence>
    </subCorpus>
    <subCorpus name="V-429-s20-rcoll-seafood"/>
    <subCorpus name="V-570-s20-np-ppin"/>
    <subCorpus name="V-570-s20-np-ppwith"/>
    <subCorpus name="V-620-s20-np-ppother"/>
    <subCorpus name="V-650-s20-np-pother"/>
    <subCorpus name="V-660-s20-trans-simple">
        <sentence sentNo="0" aPos="75784046" ID="1105198">
            <text>Outside the kitchen door scullions were bringing out steaming chunks of bloody red meat to throw into huge casks of pickle and salt to preserve them . </text>
            <annotationSet cDate="01/08/2003 02:37:55 PST Wed" status="UNANN" ID="1661530">
                <layer rank="1" name="BNC">
                    <label end="6" start="0" name="PRP"/>
                    <label end="10" start="8" name="AT0"/>
                    <label end="18" start="12" name="NN1"/>
                    <label end="23" start="20" name="NN1"/>
                    <label end="33" start="25" name="NN2"/>
                    <label end="38" start="35" name="VBD"/>
                    <label end="47" start="40" name="VVG"/>
                    <label end="51" start="49" name="AVP"/>
                    <label end="60" start="53" name="VVG"/>
                    <label end="67" start="62" name="NN2"/>
                    <label end="70" start="69" name="PRF"/>
                    <label end="77" start="72" name="AJ0"/>
                    <label end="81" start="79" name="AJ0"/>
                    <label end="86" start="83" name="NN1"/>
                    <label end="89" start="88" name="TO0"/>
                    <label end="95" start="91" name="VVI"/>
                    <label end="100" start="97" name="PRP"/>
                    <label end="105" start="102" name="AJ0"/>
                    <label end="111" start="107" name="NN2"/>
                    <label end="114" start="113" name="PRF"/>
                    <label end="121" start="116" name="NN1"/>
                    <label end="125" start="123" name="CJC"/>
                    <label end="130" start="127" name="AJ0-NN1"/>
                    <label end="133" start="132" name="TO0"/>
                    <label end="142" start="135" name="VVI"/>
                    <label end="147" start="144" name="PNP"/>
                    <label end="149" start="149" name="PUN"/>
                </layer>
            </annotationSet>
            <annotationSet cDate="01/08/2003 02:37:55 PST Wed" status="MANUAL" ID="1661531">
                <layer rank="1" name="FE">
                    <label cBy="618" feID="2896" end="147" start="144" name="Undergoer"/>
                    <label cBy="296" feID="2894" itype="CNI" name="Agent"/>
                </layer>
                <layer rank="1" name="GF">
                    <label end="147" start="144" name="Obj"/>
                </layer>
                <layer rank="1" name="PT">
                    <label end="147" start="144" name="NP"/>
                </layer>
                <layer rank="1" name="Sent"/>
                <layer rank="1" name="Other"/>
                <layer rank="1" name="Target">
                    <label cBy="103" end="142" start="135" name="Target"/>
                </layer>
                <layer rank="1" name="Verb"/>
            </annotationSet>
        </sentence>
    </subCorpus>
    <subCorpus name="V-670-s20-pass-by"/>
    <subCorpus name="V-680-s20-pass">
        <sentence sentNo="0" aPos="51665780" ID="1105241">
            <text>Sometimes bodies are preserved through mummification or in waterlogged deposits , but more often only skeletons survive . </text>
            <annotationSet cDate="01/08/2003 02:38:02 PST Wed" status="UNANN" ID="1661616">
                <layer rank="1" name="BNC">
                    <label end="8" start="0" name="AV0"/>
                    <label end="15" start="10" name="NN2"/>
                    <label end="19" start="17" name="VBB"/>
                    <label end="29" start="21" name="VVN"/>
                    <label end="37" start="31" name="PRP"/>
                    <label end="51" start="39" name="NN1"/>
                    <label end="54" start="53" name="CJC"/>
                    <label end="57" start="56" name="PRP"/>
                    <label end="69" start="59" name="AJ0"/>
                    <label end="78" start="71" name="NN2"/>
                    <label end="80" start="80" name="PUN"/>
                    <label end="84" start="82" name="CJC"/>
                    <label end="89" start="86" name="AV0"/>
                    <label end="95" start="91" name="AV0"/>
                    <label end="100" start="97" name="AJ0"/>
                    <label end="110" start="102" name="NN2"/>
                    <label end="118" start="112" name="VVB"/>
                    <label end="120" start="120" name="PUN"/>
                </layer>
            </annotationSet>
            <annotationSet cDate="01/08/2003 02:38:02 PST Wed" status="MANUAL" ID="1661617">
                <layer rank="1" name="FE">
                    <label cBy="618" feID="2896" end="15" start="10" name="Undergoer"/>
                    <label cBy="618" feID="2898" end="78" start="31" name="Means"/>
                    <label cBy="618" feID="2894" itype="CNI" name="Agent"/>
                </layer>
                <layer rank="1" name="GF">
                    <label end="15" start="10" name="Ext"/>
                    <label end="78" start="31" name="Dep"/>
                </layer>
                <layer rank="1" name="PT">
                    <label end="15" start="10" name="NP"/>
                    <label end="78" start="31" name="PP"/>
                </layer>
                <layer rank="1" name="Sent"/>
                <layer rank="1" name="Other"/>
                <layer rank="1" name="Target">
                    <label cBy="103" end="29" start="21" name="Target"/>
                </layer>
                <layer rank="1" name="Verb"/>
            </annotationSet>
        </sentence>
    </subCorpus>
    <subCorpus name="V-690-s20-trans-other">
        <sentence sentNo="0" aPos="46330545" ID="1105254">
            <text>This happens when water leaches out the salt used to preserve the leather or when leather comes into contact with sea water or salt used to grit the roads . </text>
            <annotationSet cDate="01/08/2003 02:38:03 PST Wed" status="UNANN" ID="1661642">
                <layer rank="1" name="BNC">
                    <label end="3" start="0" name="DT0"/>
                    <label end="11" start="5" name="VVZ"/>
                    <label end="16" start="13" name="AVQ"/>
                    <label end="22" start="18" name="NN1"/>
                    <label end="30" start="24" name="VVZ"/>
                    <label end="34" start="32" name="AVP"/>
                    <label end="38" start="36" name="AT0"/>
                    <label end="43" start="40" name="NN1"/>
                    <label end="48" start="45" name="VVN"/>
                    <label end="51" start="50" name="TO0"/>
                    <label end="60" start="53" name="VVI"/>
                    <label end="64" start="62" name="AT0"/>
                    <label end="72" start="66" name="NN1"/>
                    <label end="75" start="74" name="CJC"/>
                    <label end="80" start="77" name="AVQ-CJS"/>
                    <label end="88" start="82" name="NN1"/>
                    <label end="94" start="90" name="VVZ"/>
                    <label end="99" start="96" name="PRP"/>
                    <label end="107" start="101" name="NN1"/>
                    <label end="112" start="109" name="PRP"/>
                    <label end="116" start="114" name="NN1"/>
                    <label end="122" start="118" name="NN1"/>
                    <label end="125" start="124" name="CJC"/>
                    <label end="130" start="127" name="NN1"/>
                    <label end="135" start="132" name="VVD-VVN"/>
                    <label end="138" start="137" name="PRP"/>
                    <label end="143" start="140" name="NN1"/>
                    <label end="147" start="145" name="AT0"/>
                    <label end="153" start="149" name="NN2"/>
                    <label end="155" start="155" name="PUN"/>
                </layer>
            </annotationSet>
            <annotationSet cDate="01/08/2003 02:38:03 PST Wed" status="MANUAL" ID="1661643">
                <layer rank="1" name="FE">
                    <label cBy="618" feID="2896" end="72" start="62" name="Undergoer"/>
                    <label cBy="296" feID="2894" itype="CNI" name="Agent"/>
                </layer>
                <layer rank="1" name="GF">
                    <label end="72" start="62" name="Obj"/>
                </layer>
                <layer rank="1" name="PT">
                    <label end="72" start="62" name="NP"/>
                </layer>
                <layer rank="1" name="Sent"/>
                <layer rank="1" name="Other"/>
                <layer rank="1" name="Target">
                    <label cBy="103" end="60" start="53" name="Target"/>
                </layer>
                <layer rank="1" name="Verb"/>
            </annotationSet>
        </sentence>
    </subCorpus>
    <subCorpus name="V-730-s20-ppin"/>
    <subCorpus name="V-730-s20-ppwith">
        <sentence sentNo="0" aPos="91322265" ID="1105283">
            <text>Some dietary components such as bread , food preserved with sulphur dioxide , and alcoholic beverages such as beer , wine and cider are rich in sulphate . </text>
            <annotationSet cDate="01/08/2003 02:38:07 PST Wed" status="UNANN" ID="1661700">
                <layer rank="1" name="BNC">
                    <label end="3" start="0" name="DT0"/>
                    <label end="11" start="5" name="AJ0"/>
                    <label end="22" start="13" name="NN2"/>
                    <label end="27" start="24" name="PRP"/>
                    <label end="30" start="29" name="PRP"/>
                    <label end="36" start="32" name="NN1"/>
                    <label end="38" start="38" name="PUN"/>
                    <label end="43" start="40" name="NN1"/>
                    <label end="53" start="45" name="VVD-VVN"/>
                    <label end="58" start="55" name="PRP"/>
                    <label end="66" start="60" name="NN1"/>
                    <label end="74" start="68" name="NN1"/>
                    <label end="76" start="76" name="PUN"/>
                    <label end="80" start="78" name="CJC"/>
                    <label end="90" start="82" name="AJ0-NN1"/>
                    <label end="100" start="92" name="NN2"/>
                    <label end="105" start="102" name="PRP"/>
                    <label end="108" start="107" name="PRP"/>
                    <label end="113" start="110" name="NN1"/>
                    <label end="115" start="115" name="PUN"/>
                    <label end="120" start="117" name="NN1"/>
                    <label end="124" start="122" name="CJC"/>
                    <label end="130" start="126" name="NN1-VVB"/>
                    <label end="134" start="132" name="VBB"/>
                    <label end="139" start="136" name="AJ0"/>
                    <label end="142" start="141" name="PRP"/>
                    <label end="151" start="144" name="NN1"/>
                    <label end="153" start="153" name="PUN"/>
                </layer>
            </annotationSet>
            <annotationSet cDate="01/08/2003 02:38:07 PST Wed" status="MANUAL" ID="1661701">
                <layer rank="1" name="FE">
                    <label cBy="618" feID="2896" end="43" start="40" name="Undergoer"/>
                    <label cBy="618" feID="2895" end="74" start="55" name="Medium"/>
                    <label cBy="618" feID="2894" itype="CNI" name="Agent"/>
                </layer>
                <layer rank="1" name="GF">
                    <label end="74" start="55" name="Dep"/>
                    <label end="43" start="40" name="Ext"/>
                </layer>
                <layer rank="1" name="PT">
                    <label end="74" start="55" name="PP"/>
                    <label end="43" start="40" name="NP"/>
                </layer>
                <layer rank="1" name="Sent"/>
                <layer rank="1" name="Other"/>
                <layer rank="1" name="Target">
                    <label cBy="103" end="53" start="45" name="Target"/>
                </layer>
                <layer rank="1" name="Verb"/>
            </annotationSet>
        </sentence>
    </subCorpus>
    <subCorpus name="V-780-s20-ppother"/>
    <subCorpus name="V-810-s20-pother"/>
    <subCorpus name="V-880-s20-intrans-simple"/>
    <subCorpus name="V-890-s20-intrans-adverb"/>
    <subCorpus name="V-900-s20-other"/>
</lexUnit>