<?xml version="1.0" encoding="UTF-8" standalone="yes"?>
<?xml-stylesheet type="text/xsl" href="lexUnit.xsl"?>
<lexUnit status="Needs_SCs" POS="N" name="weed.n" ID="7077" frame="Intoxicants" frameID="390" totalAnnotated="2" xsi:schemaLocation="../schema/lexUnit.xsd" xmlns="http://framenet.icsi.berkeley.edu" xmlns:xsi="http://www.w3.org/2001/XMLSchema-instance">
    <header>
        <frame>
            <FE fgColor="FFFFFF" bgColor="800080" type="Peripheral" abbrev="Co" name="Country_of_origin"/>
            <FE fgColor="FFFFFF" bgColor="008000" type="Peripheral" abbrev="Desc" name="Descriptor"/>
            <FE fgColor="FFFFFF" bgColor="0000FF" type="Core" abbrev="Int" name="Intoxicant"/>
            <FE fgColor="FFFFFF" bgColor="9F79EE" type="Peripheral" abbrev="Type" name="Type"/>
        </frame>
    </header>
    <definition>COD: cannabis. </definition>
    <lexeme POS="N" name="weed"/>
    <valences>
        <governor type="Gov" lemma="smoke">
            <annoSet ID="1565739"/>
            <annoSet ID="1565741"/>
        </governor>
        <FERealization total="2">
            <FE name="Intoxicant"/>
            <pattern total="2">
                <valenceUnit GF="" PT="DEN" FE="Intoxicant"/>
                <annoSet ID="1565739"/>
                <annoSet ID="1565741"/>
            </pattern>
        </FERealization>
        <FEGroupRealization total="2">
            <FE name="Intoxicant"/>
            <pattern total="2">
                <valenceUnit GF="" PT="DEN" FE="Intoxicant"/>
                <annoSet ID="1565739"/>
                <annoSet ID="1565741"/>
            </pattern>
        </FEGroupRealization>
    </valences>
    <subCorpus name="N-280-s20-poss"/>
    <subCorpus name="N-300-s20-cmpd"/>
    <subCorpus name="N-330-s20-period"/>
    <subCorpus name="N-380-s20-other"/>
    <subCorpus name="N-429-s20-lcoll-strong"/>
    <subCorpus name="N-429-s20-lgov-do"/>
    <subCorpus name="N-429-s20-lgov-grow"/>
    <subCorpus name="N-429-s20-lgov-smoke">
        <sentence sentNo="0" aPos="29938412" ID="1057167">
            <text>We use razors to cut blunts [ cigars ] open and smoke some weed . </text>
            <annotationSet cDate="01/08/2003 12:41:17 PST Wed" status="UNANN" ID="1565738">
                <layer rank="1" name="BNC">
                    <label end="1" start="0" name="PNP"/>
                    <label end="5" start="3" name="VVB"/>
                    <label end="12" start="7" name="NN2"/>
                    <label end="15" start="14" name="TO0"/>
                    <label end="19" start="17" name="VVI"/>
                    <label end="26" start="21" name="VVZ"/>
                    <label end="28" start="28" name="PUL"/>
                    <label end="35" start="30" name="NN2"/>
                    <label end="37" start="37" name="PUR"/>
                    <label end="42" start="39" name="VVB"/>
                    <label end="46" start="44" name="CJC"/>
                    <label end="52" start="48" name="VVB"/>
                    <label end="57" start="54" name="DT0"/>
                    <label end="62" start="59" name="NN1"/>
                    <label end="64" start="64" name="PUN"/>
                </layer>
            </annotationSet>
            <annotationSet cDate="01/08/2003 12:41:17 PST Wed" status="MANUAL" ID="1565739">
                <layer rank="1" name="FE">
                    <label cBy="865" feID="3495" end="62" start="59" name="Intoxicant"/>
                </layer>
                <layer rank="1" name="GF"/>
                <layer rank="1" name="PT"/>
                <layer rank="1" name="Sent"/>
                <layer rank="1" name="Other"/>
                <layer rank="1" name="Target">
                    <label cBy="103" end="62" start="59" name="Target"/>
                </layer>
                <layer rank="1" name="Noun">
                    <label end="52" start="48" name="Gov"/>
                    <label end="62" start="54" name="X"/>
                </layer>
            </annotationSet>
        </sentence>
        <sentence sentNo="0" aPos="33458083" ID="1057168">
            <text>The old bill might be straight in Leyton but there are growing numbers who smoke weed and support calls for legalisation . </text>
            <annotationSet cDate="01/08/2003 12:41:18 PST Wed" status="UNANN" ID="1565740">
                <layer rank="1" name="BNC">
                    <label end="2" start="0" name="AT0"/>
                    <label end="6" start="4" name="AJ0"/>
                    <label end="11" start="8" name="NN1"/>
                    <label end="17" start="13" name="VM0"/>
                    <label end="20" start="19" name="VBI"/>
                    <label end="29" start="22" name="AJ0-AV0"/>
                    <label end="32" start="31" name="PRP"/>
                    <label end="39" start="34" name="NP0"/>
                    <label end="43" start="41" name="CJC"/>
                    <label end="49" start="45" name="EX0"/>
                    <label end="53" start="51" name="VBB"/>
                    <label end="61" start="55" name="AJ0-VVG"/>
                    <label end="69" start="63" name="NN2"/>
                    <label end="73" start="71" name="PNQ"/>
                    <label end="79" start="75" name="VVB"/>
                    <label end="84" start="81" name="NN1"/>
                    <label end="88" start="86" name="CJC"/>
                    <label end="96" start="90" name="NN1-VVB"/>
                    <label end="102" start="98" name="NN2-VVZ"/>
                    <label end="106" start="104" name="PRP"/>
                    <label end="119" start="108" name="NN1"/>
                    <label end="121" start="121" name="PUN"/>
                </layer>
            </annotationSet>
            <annotationSet cDate="01/08/2003 12:41:18 PST Wed" status="MANUAL" ID="1565741">
                <layer rank="1" name="FE">
                    <label cBy="865" feID="3495" end="84" start="81" name="Intoxicant"/>
                </layer>
                <layer rank="1" name="GF"/>
                <layer rank="1" name="PT"/>
                <layer rank="1" name="Sent"/>
                <layer rank="1" name="Other"/>
                <layer rank="1" name="Target">
                    <label cBy="103" end="84" start="81" name="Target"/>
                </layer>
                <layer rank="1" name="Noun">
                    <label end="79" start="75" name="Gov"/>
                    <label end="84" start="81" name="X"/>
                </layer>
            </annotationSet>
        </sentence>
    </subCorpus>
    <subCorpus name="N-429-s20-lgov-use"/>
</lexUnit>