<?xml version="1.0" encoding="UTF-8" standalone="yes"?>
<?xml-stylesheet type="text/xsl" href="lexUnit.xsl"?>
<lexUnit status="Finished_Initial" POS="N" name="mescaline.n" ID="7039" frame="Intoxicants" frameID="390" totalAnnotated="4" xsi:schemaLocation="../schema/lexUnit.xsd" xmlns="http://framenet.icsi.berkeley.edu" xmlns:xsi="http://www.w3.org/2001/XMLSchema-instance">
    <header>
        <frame>
            <FE fgColor="FFFFFF" bgColor="800080" type="Peripheral" abbrev="Co" name="Country_of_origin"/>
            <FE fgColor="FFFFFF" bgColor="008000" type="Peripheral" abbrev="Desc" name="Descriptor"/>
            <FE fgColor="FFFFFF" bgColor="0000FF" type="Core" abbrev="Int" name="Intoxicant"/>
            <FE fgColor="FFFFFF" bgColor="9F79EE" type="Peripheral" abbrev="Type" name="Type"/>
        </frame>
    </header>
    <definition>COD: a hallucinogenic compound present in the peyote cactus. </definition>
    <lexeme POS="N" name="mescaline"/>
    <valences>
        <governor type="Gov" lemma="take">
            <annoSet ID="1561607"/>
            <annoSet ID="1561615"/>
        </governor>
        <FERealization total="4">
            <FE name="Intoxicant"/>
            <pattern total="4">
                <valenceUnit GF="" PT="DEN" FE="Intoxicant"/>
                <annoSet ID="1561607"/>
                <annoSet ID="1561611"/>
                <annoSet ID="1561615"/>
                <annoSet ID="1561617"/>
            </pattern>
        </FERealization>
        <FEGroupRealization total="4">
            <FE name="Intoxicant"/>
            <pattern total="4">
                <valenceUnit GF="" PT="DEN" FE="Intoxicant"/>
                <annoSet ID="1561607"/>
                <annoSet ID="1561611"/>
                <annoSet ID="1561615"/>
                <annoSet ID="1561617"/>
            </pattern>
        </FEGroupRealization>
    </valences>
    <subCorpus name="N-001-all">
        <sentence sentNo="0" aPos="5551749" ID="1055101">
            <text>We smoked dope and people who wanted to would take sillacybin , mescalin or LSD , and that was literally it . </text>
            <annotationSet cDate="01/08/2003 12:36:42 PST Wed" status="UNANN" ID="1561606">
                <layer rank="1" name="BNC">
                    <label end="1" start="0" name="PNP"/>
                    <label end="8" start="3" name="VVD"/>
                    <label end="13" start="10" name="NN1"/>
                    <label end="17" start="15" name="CJC"/>
                    <label end="24" start="19" name="NN0"/>
                    <label end="28" start="26" name="PNQ"/>
                    <label end="35" start="30" name="VVD"/>
                    <label end="38" start="37" name="AVP"/>
                    <label end="44" start="40" name="VM0"/>
                    <label end="49" start="46" name="VVI"/>
                    <label end="60" start="51" name="NN1"/>
                    <label end="62" start="62" name="PUN"/>
                    <label end="71" start="64" name="NN1"/>
                    <label end="74" start="73" name="CJC"/>
                    <label end="78" start="76" name="NN1"/>
                    <label end="80" start="80" name="PUN"/>
                    <label end="84" start="82" name="CJC"/>
                    <label end="89" start="86" name="CJT-DT0"/>
                    <label end="93" start="91" name="VBD"/>
                    <label end="103" start="95" name="AV0"/>
                    <label end="106" start="105" name="PNP"/>
                    <label end="108" start="108" name="PUN"/>
                </layer>
            </annotationSet>
            <annotationSet cDate="01/08/2003 12:36:42 PST Wed" status="MANUAL" ID="1561607">
                <layer rank="1" name="FE">
                    <label cBy="865" feID="3495" end="71" start="64" name="Intoxicant"/>
                </layer>
                <layer rank="1" name="GF"/>
                <layer rank="1" name="PT"/>
                <layer rank="1" name="Sent"/>
                <layer rank="1" name="Other"/>
                <layer rank="1" name="Target">
                    <label cBy="103" end="71" start="64" name="Target"/>
                </layer>
                <layer rank="1" name="Noun">
                    <label end="49" start="46" name="Gov"/>
                    <label end="78" start="51" name="X"/>
                </layer>
            </annotationSet>
        </sentence>
        <sentence sentNo="0" aPos="26331990" ID="1055103">
            <text>Mescaline and LSD make colours seem more intense and time much slower ; the reverberations are stronger and the conscious present lasts longer . </text>
            <annotationSet cDate="01/08/2003 12:36:42 PST Wed" status="UNANN" ID="1561610">
                <layer rank="1" name="BNC">
                    <label end="8" start="0" name="NN1-VVB"/>
                    <label end="12" start="10" name="CJC"/>
                    <label end="16" start="14" name="NN1"/>
                    <label end="21" start="18" name="VVB"/>
                    <label end="29" start="23" name="NN2"/>
                    <label end="34" start="31" name="VVI"/>
                    <label end="39" start="36" name="DT0"/>
                    <label end="47" start="41" name="AJ0"/>
                    <label end="51" start="49" name="CJC"/>
                    <label end="56" start="53" name="NN1"/>
                    <label end="61" start="58" name="AV0"/>
                    <label end="68" start="63" name="AJC"/>
                    <label end="70" start="70" name="PUN"/>
                    <label end="74" start="72" name="AT0"/>
                    <label end="89" start="76" name="NN2"/>
                    <label end="93" start="91" name="VBB"/>
                    <label end="102" start="95" name="AJC"/>
                    <label end="106" start="104" name="CJC"/>
                    <label end="110" start="108" name="AT0"/>
                    <label end="120" start="112" name="AJ0"/>
                    <label end="128" start="122" name="NN1"/>
                    <label end="134" start="130" name="VVZ"/>
                    <label end="141" start="136" name="AV0"/>
                    <label end="143" start="143" name="PUN"/>
                </layer>
            </annotationSet>
            <annotationSet cDate="01/08/2003 12:36:42 PST Wed" status="MANUAL" ID="1561611">
                <layer rank="1" name="FE">
                    <label cBy="865" feID="3495" end="8" start="0" name="Intoxicant"/>
                </layer>
                <layer rank="1" name="GF"/>
                <layer rank="1" name="PT"/>
                <layer rank="1" name="Sent"/>
                <layer rank="1" name="Other"/>
                <layer rank="1" name="Target">
                    <label cBy="103" end="8" start="0" name="Target"/>
                </layer>
                <layer rank="1" name="Noun"/>
            </annotationSet>
        </sentence>
        <sentence sentNo="0" aPos="49803921" ID="1055105">
            <text>This phenomenon is well known among people taking nitrous oxide or mescaline , as well as drunks . </text>
            <annotationSet cDate="01/08/2003 12:36:42 PST Wed" status="UNANN" ID="1561614">
                <layer rank="1" name="BNC">
                    <label end="3" start="0" name="DT0"/>
                    <label end="14" start="5" name="NN1"/>
                    <label end="17" start="16" name="VBZ"/>
                    <label end="22" start="19" name="AV0"/>
                    <label end="28" start="24" name="VVN"/>
                    <label end="34" start="30" name="PRP"/>
                    <label end="41" start="36" name="NN0"/>
                    <label end="48" start="43" name="VVG"/>
                    <label end="56" start="50" name="AJ0"/>
                    <label end="62" start="58" name="NN1"/>
                    <label end="65" start="64" name="CJC"/>
                    <label end="75" start="67" name="NN1-VVB"/>
                    <label end="77" start="77" name="PUN"/>
                    <label end="80" start="79" name="CJC"/>
                    <label end="85" start="82" name="CJC"/>
                    <label end="88" start="87" name="CJC"/>
                    <label end="95" start="90" name="NN2"/>
                    <label end="97" start="97" name="PUN"/>
                </layer>
            </annotationSet>
            <annotationSet cDate="01/08/2003 12:36:42 PST Wed" status="MANUAL" ID="1561615">
                <layer rank="1" name="FE">
                    <label cBy="865" feID="3495" end="75" start="67" name="Intoxicant"/>
                </layer>
                <layer rank="1" name="GF"/>
                <layer rank="1" name="PT"/>
                <layer rank="1" name="Sent"/>
                <layer rank="1" name="Other"/>
                <layer rank="1" name="Target">
                    <label cBy="103" end="75" start="67" name="Target"/>
                </layer>
                <layer rank="1" name="Noun">
                    <label end="48" start="43" name="Gov"/>
                    <label end="75" start="50" name="X"/>
                </layer>
            </annotationSet>
        </sentence>
        <sentence sentNo="0" aPos="66629508" ID="1055106">
            <text>LSD , mescalin , &quot; 'magic mushrooms &quot; , ecstasy and similar &quot; designer &quot; &quot; drugs that are synthetically manufactured hallucinogens. v amphetamines , amyl nitrite and other stimulants ( &quot; uppers &quot; ) . </text>
            <annotationSet cDate="01/08/2003 12:36:42 PST Wed" status="UNANN" ID="1561616">
                <layer rank="1" name="BNC">
                    <label end="2" start="0" name="NN1"/>
                    <label end="4" start="4" name="PUN"/>
                    <label end="13" start="6" name="NN1"/>
                    <label end="15" start="15" name="PUN"/>
                    <label end="17" start="17" name="PUQ"/>
                    <label end="24" start="19" name="AJ0"/>
                    <label end="34" start="26" name="NN2"/>
                    <label end="36" start="36" name="PUQ"/>
                    <label end="38" start="38" name="PUN"/>
                    <label end="46" start="40" name="NN1"/>
                    <label end="50" start="48" name="CJC"/>
                    <label end="58" start="52" name="AJ0"/>
                    <label end="60" start="60" name="PUQ"/>
                    <label end="69" start="62" name="NN1"/>
                    <label end="71" start="71" name="PUQ"/>
                    <label end="73" start="73" name="PUQ"/>
                    <label end="79" start="75" name="VVZ"/>
                    <label end="84" start="81" name="CJT"/>
                    <label end="88" start="86" name="VBB"/>
                    <label end="102" start="90" name="AV0"/>
                    <label end="115" start="104" name="AJ0"/>
                    <label end="130" start="117" name="NN0"/>
                    <label end="132" start="132" name="CRD"/>
                    <label end="145" start="134" name="NN2-VVZ"/>
                    <label end="147" start="147" name="PUN"/>
                    <label end="152" start="149" name="NN1"/>
                    <label end="160" start="154" name="NN1"/>
                    <label end="164" start="162" name="CJC"/>
                    <label end="170" start="166" name="AJ0"/>
                    <label end="181" start="172" name="NN2"/>
                    <label end="183" start="183" name="PUL"/>
                    <label end="185" start="185" name="PUQ"/>
                    <label end="192" start="187" name="NN2"/>
                    <label end="194" start="194" name="PUQ"/>
                    <label end="196" start="196" name="PUR"/>
                    <label end="198" start="198" name="PUN"/>
                </layer>
            </annotationSet>
            <annotationSet cDate="01/08/2003 12:36:42 PST Wed" status="MANUAL" ID="1561617">
                <layer rank="1" name="FE">
                    <label cBy="865" feID="3495" end="13" start="6" name="Intoxicant"/>
                </layer>
                <layer rank="1" name="GF"/>
                <layer rank="1" name="PT"/>
                <layer rank="1" name="Sent"/>
                <layer rank="1" name="Other"/>
                <layer rank="1" name="Target">
                    <label cBy="103" end="13" start="6" name="Target"/>
                </layer>
                <layer rank="1" name="Noun"/>
            </annotationSet>
        </sentence>
    </subCorpus>
</lexUnit>