<?xml version="1.0" encoding="UTF-8" standalone="yes"?>
<?xml-stylesheet type="text/xsl" href="lexUnit.xsl"?>
<lexUnit status="Created" POS="N" name="love bite.n" ID="7098" frame="Body_mark" frameID="393" totalAnnotated="0" xsi:schemaLocation="../schema/lexUnit.xsd" xmlns="http://framenet.icsi.berkeley.edu" xmlns:xsi="http://www.w3.org/2001/XMLSchema-instance">
    <header>
        <frame>
            <FE fgColor="FFFFFF" bgColor="9400D3" type="Peripheral" abbrev="Attachment" name="Attachment"/>
            <FE fgColor="FFFFFF" bgColor="FF0000" type="Core" abbrev="Body_m" name="Body_mark"/>
            <FE fgColor="FFFFFF" bgColor="008000" type="Peripheral" abbrev="cause" name="Cause"/>
            <FE fgColor="000000" bgColor="d0d0d0" type="Peripheral" abbrev="con" name="Constituents"/>
            <FE fgColor="FFFFFF" bgColor="0000FF" type="Peripheral" abbrev="Desc" name="Descriptor"/>
            <FE fgColor="FFFFFF" bgColor="800080" type="Core" abbrev="Poss" name="Possessor"/>
            <FE fgColor="FFFFFF" bgColor="A52A2A" type="Peripheral" abbrev="typ" name="Type"/>
        </frame>
    </header>
    <definition>COD: temporary red mark on the skin caused by biting or sucking during sexual play. </definition>
    <lexeme order="1" headword="false" breakBefore="false" POS="N" name="love"/>
    <lexeme order="2" headword="true" breakBefore="false" POS="N" name="bite"/>
    <valences/>
</lexUnit>