<?xml version="1.0" encoding="UTF-8" standalone="yes"?>
<?xml-stylesheet type="text/xsl" href="lexUnit.xsl"?>
<lexUnit status="Finished_Initial" POS="N" name="tranquillizer.n" ID="7059" frame="Intoxicants" frameID="390" totalAnnotated="20" xsi:schemaLocation="../schema/lexUnit.xsd" xmlns="http://framenet.icsi.berkeley.edu" xmlns:xsi="http://www.w3.org/2001/XMLSchema-instance">
    <header>
        <frame>
            <FE fgColor="FFFFFF" bgColor="800080" type="Peripheral" abbrev="Co" name="Country_of_origin"/>
            <FE fgColor="FFFFFF" bgColor="008000" type="Peripheral" abbrev="Desc" name="Descriptor"/>
            <FE fgColor="FFFFFF" bgColor="0000FF" type="Core" abbrev="Int" name="Intoxicant"/>
            <FE fgColor="FFFFFF" bgColor="9F79EE" type="Peripheral" abbrev="Type" name="Type"/>
        </frame>
    </header>
    <definition>FN: a drug with a sedative effect</definition>
    <lexeme POS="N" name="tranquillizer"/>
    <valences>
        <governor type="Gov" lemma="addict">
            <annoSet ID="1562775"/>
            <annoSet ID="1562777"/>
        </governor>
        <governor type="Gov" lemma="addiction">
            <annoSet ID="1562707"/>
        </governor>
        <governor type="Gov" lemma="administer">
            <annoSet ID="1562739"/>
        </governor>
        <governor type="Gov" lemma="administration">
            <annoSet ID="1562753"/>
        </governor>
        <governor type="Gov" lemma="dose">
            <annoSet ID="1562703"/>
        </governor>
        <governor type="Gov" lemma="inject">
            <annoSet ID="1562689"/>
        </governor>
        <governor type="Gov" lemma="prescribe">
            <annoSet ID="1562795"/>
            <annoSet ID="1562797"/>
        </governor>
        <governor type="Gov" lemma="take">
            <annoSet ID="1562811"/>
            <annoSet ID="1562813"/>
            <annoSet ID="1562821"/>
        </governor>
        <governor type="Gov" lemma="withdraw">
            <annoSet ID="1562827"/>
        </governor>
        <FERealization total="6">
            <FE name="Descriptor"/>
            <pattern total="5">
                <valenceUnit GF="Dep" PT="AJP" FE="Descriptor"/>
                <annoSet ID="1562757"/>
                <annoSet ID="1562759"/>
                <annoSet ID="1562763"/>
                <annoSet ID="1562771"/>
                <annoSet ID="1562827"/>
            </pattern>
            <pattern total="1">
                <valenceUnit GF="Dep" PT="N" FE="Descriptor"/>
                <annoSet ID="1562669"/>
            </pattern>
        </FERealization>
        <FERealization total="20">
            <FE name="Intoxicant"/>
            <pattern total="20">
                <valenceUnit GF="" PT="DEN" FE="Intoxicant"/>
                <annoSet ID="1562667"/>
                <annoSet ID="1562669"/>
                <annoSet ID="1562689"/>
                <annoSet ID="1562703"/>
                <annoSet ID="1562707"/>
                <annoSet ID="1562739"/>
                <annoSet ID="1562751"/>
                <annoSet ID="1562753"/>
                <annoSet ID="1562757"/>
                <annoSet ID="1562759"/>
                <annoSet ID="1562763"/>
                <annoSet ID="1562771"/>
                <annoSet ID="1562775"/>
                <annoSet ID="1562777"/>
                <annoSet ID="1562795"/>
                <annoSet ID="1562797"/>
                <annoSet ID="1562811"/>
                <annoSet ID="1562813"/>
                <annoSet ID="1562821"/>
                <annoSet ID="1562827"/>
            </pattern>
        </FERealization>
        <FERealization total="3">
            <FE name="Type"/>
            <pattern total="2">
                <valenceUnit GF="Dep" PT="AJP" FE="Type"/>
                <annoSet ID="1562751"/>
                <annoSet ID="1562753"/>
            </pattern>
            <pattern total="1">
                <valenceUnit GF="Dep" PT="N" FE="Type"/>
                <annoSet ID="1562667"/>
            </pattern>
        </FERealization>
        <FEGroupRealization total="6">
            <FE name="Descriptor"/>
            <FE name="Intoxicant"/>
            <pattern total="5">
                <valenceUnit GF="Dep" PT="AJP" FE="Descriptor"/>
                <valenceUnit GF="" PT="DEN" FE="Intoxicant"/>
                <annoSet ID="1562757"/>
                <annoSet ID="1562759"/>
                <annoSet ID="1562763"/>
                <annoSet ID="1562771"/>
                <annoSet ID="1562827"/>
            </pattern>
            <pattern total="1">
                <valenceUnit GF="Dep" PT="N" FE="Descriptor"/>
                <valenceUnit GF="" PT="DEN" FE="Intoxicant"/>
                <annoSet ID="1562669"/>
            </pattern>
        </FEGroupRealization>
        <FEGroupRealization total="11">
            <FE name="Intoxicant"/>
            <pattern total="11">
                <valenceUnit GF="" PT="DEN" FE="Intoxicant"/>
                <annoSet ID="1562689"/>
                <annoSet ID="1562703"/>
                <annoSet ID="1562707"/>
                <annoSet ID="1562739"/>
                <annoSet ID="1562775"/>
                <annoSet ID="1562777"/>
                <annoSet ID="1562795"/>
                <annoSet ID="1562797"/>
                <annoSet ID="1562811"/>
                <annoSet ID="1562813"/>
                <annoSet ID="1562821"/>
            </pattern>
        </FEGroupRealization>
        <FEGroupRealization total="3">
            <FE name="Intoxicant"/>
            <FE name="Type"/>
            <pattern total="2">
                <valenceUnit GF="" PT="DEN" FE="Intoxicant"/>
                <valenceUnit GF="Dep" PT="AJP" FE="Type"/>
                <annoSet ID="1562751"/>
                <annoSet ID="1562753"/>
            </pattern>
            <pattern total="1">
                <valenceUnit GF="" PT="DEN" FE="Intoxicant"/>
                <valenceUnit GF="Dep" PT="N" FE="Type"/>
                <annoSet ID="1562667"/>
            </pattern>
        </FEGroupRealization>
    </valences>
    <subCorpus name="N-280-s20-poss"/>
    <subCorpus name="N-300-s20-cmpd">
        <sentence sentNo="0" aPos="33472105" ID="1055631">
            <text>The drug it most closely resembles is PCP , an animal tranquilliser . </text>
            <annotationSet cDate="01/08/2003 12:37:54 PST Wed" status="UNANN" ID="1562666">
                <layer rank="1" name="BNC">
                    <label end="2" start="0" name="AT0"/>
                    <label end="7" start="4" name="NN1"/>
                    <label end="10" start="9" name="PNP"/>
                    <label end="15" start="12" name="AV0"/>
                    <label end="23" start="17" name="AV0"/>
                    <label end="33" start="25" name="VVZ"/>
                    <label end="36" start="35" name="VBZ"/>
                    <label end="40" start="38" name="NP0"/>
                    <label end="42" start="42" name="PUN"/>
                    <label end="45" start="44" name="AT0"/>
                    <label end="52" start="47" name="NN1"/>
                    <label end="66" start="54" name="NN1"/>
                    <label end="68" start="68" name="PUN"/>
                </layer>
            </annotationSet>
            <annotationSet cDate="01/08/2003 12:37:54 PST Wed" status="MANUAL" ID="1562667">
                <layer rank="1" name="FE">
                    <label cBy="865" feID="3496" end="52" start="47" name="Type"/>
                    <label cBy="865" feID="3495" end="66" start="54" name="Intoxicant"/>
                </layer>
                <layer rank="1" name="GF">
                    <label end="52" start="47" name="Dep"/>
                </layer>
                <layer rank="1" name="PT">
                    <label end="52" start="47" name="N"/>
                </layer>
                <layer rank="1" name="Sent"/>
                <layer rank="1" name="Other"/>
                <layer rank="1" name="Target">
                    <label cBy="103" end="66" start="54" name="Target"/>
                </layer>
                <layer rank="1" name="Noun"/>
            </annotationSet>
        </sentence>
        <sentence sentNo="0" aPos="70750453" ID="1055632">
            <text>Josie gave her a black coffee and then opened a kitchen drawer , bringing out bottles containing just about every prescription tranquilliser known to medical science . </text>
            <annotationSet cDate="01/08/2003 12:37:54 PST Wed" status="UNANN" ID="1562668">
                <layer rank="1" name="BNC">
                    <label end="4" start="0" name="NP0"/>
                    <label end="9" start="6" name="VVD"/>
                    <label end="13" start="11" name="PNP"/>
                    <label end="15" start="15" name="AT0"/>
                    <label end="21" start="17" name="AJ0"/>
                    <label end="28" start="23" name="NN1"/>
                    <label end="32" start="30" name="CJC"/>
                    <label end="37" start="34" name="AV0"/>
                    <label end="44" start="39" name="VVD-VVN"/>
                    <label end="46" start="46" name="AT0"/>
                    <label end="54" start="48" name="NN1"/>
                    <label end="61" start="56" name="NN1"/>
                    <label end="63" start="63" name="PUN"/>
                    <label end="72" start="65" name="VVG"/>
                    <label end="76" start="74" name="AVP"/>
                    <label end="84" start="78" name="NN2"/>
                    <label end="95" start="86" name="VVG"/>
                    <label end="100" start="97" name="AV0"/>
                    <label end="106" start="102" name="AV0"/>
                    <label end="112" start="108" name="AT0"/>
                    <label end="125" start="114" name="NN1"/>
                    <label end="139" start="127" name="NN1"/>
                    <label end="145" start="141" name="VVN"/>
                    <label end="148" start="147" name="PRP"/>
                    <label end="156" start="150" name="AJ0"/>
                    <label end="164" start="158" name="NN1"/>
                    <label end="166" start="166" name="PUN"/>
                </layer>
            </annotationSet>
            <annotationSet cDate="01/08/2003 12:37:55 PST Wed" status="MANUAL" ID="1562669">
                <layer rank="1" name="FE">
                    <label cBy="865" feID="3497" end="125" start="114" name="Descriptor"/>
                    <label cBy="865" feID="3495" end="139" start="127" name="Intoxicant"/>
                </layer>
                <layer rank="1" name="GF">
                    <label end="125" start="114" name="Dep"/>
                </layer>
                <layer rank="1" name="PT">
                    <label end="125" start="114" name="N"/>
                </layer>
                <layer rank="1" name="Sent"/>
                <layer rank="1" name="Other"/>
                <layer rank="1" name="Target">
                    <label cBy="103" end="139" start="127" name="Target"/>
                </layer>
                <layer rank="1" name="Noun"/>
            </annotationSet>
        </sentence>
    </subCorpus>
    <subCorpus name="N-330-s20-period">
        <sentence sentNo="0" aPos="36671656" ID="1055642">
            <text>Each captive was injected with a tranquillizer . </text>
            <annotationSet cDate="01/08/2003 12:37:55 PST Wed" status="UNANN" ID="1562688">
                <layer rank="1" name="BNC">
                    <label end="3" start="0" name="DT0"/>
                    <label end="11" start="5" name="NN1"/>
                    <label end="15" start="13" name="VBD"/>
                    <label end="24" start="17" name="VVN"/>
                    <label end="29" start="26" name="PRP"/>
                    <label end="31" start="31" name="AT0"/>
                    <label end="45" start="33" name="NN1"/>
                    <label end="47" start="47" name="PUN"/>
                </layer>
            </annotationSet>
            <annotationSet cDate="01/08/2003 12:37:55 PST Wed" status="MANUAL" ID="1562689">
                <layer rank="1" name="FE">
                    <label cBy="865" feID="3495" end="45" start="33" name="Intoxicant"/>
                </layer>
                <layer rank="1" name="GF"/>
                <layer rank="1" name="PT"/>
                <layer rank="1" name="Sent"/>
                <layer rank="1" name="Other"/>
                <layer rank="1" name="Target">
                    <label cBy="103" end="45" start="33" name="Target"/>
                </layer>
                <layer rank="1" name="Noun">
                    <label end="24" start="17" name="Gov"/>
                    <label end="45" start="26" name="X"/>
                </layer>
            </annotationSet>
        </sentence>
        <sentence sentNo="0" aPos="63707199" ID="1055649">
            <text>But if the pain is rooted in our past and is never brought into consciousness , we will need stronger and stronger doses of the tranquillizer . </text>
            <annotationSet cDate="01/08/2003 12:37:56 PST Wed" status="UNANN" ID="1562702">
                <layer rank="1" name="BNC">
                    <label end="2" start="0" name="CJC"/>
                    <label end="5" start="4" name="CJS"/>
                    <label end="9" start="7" name="AT0"/>
                    <label end="14" start="11" name="NN1"/>
                    <label end="17" start="16" name="VBZ"/>
                    <label end="24" start="19" name="VVN"/>
                    <label end="27" start="26" name="PRP"/>
                    <label end="31" start="29" name="DPS"/>
                    <label end="36" start="33" name="AJ0-NN1"/>
                    <label end="40" start="38" name="CJC"/>
                    <label end="43" start="42" name="VBZ"/>
                    <label end="49" start="45" name="AV0"/>
                    <label end="57" start="51" name="VVD-VVN"/>
                    <label end="62" start="59" name="PRP"/>
                    <label end="76" start="64" name="NN1"/>
                    <label end="78" start="78" name="PUN"/>
                    <label end="81" start="80" name="PNP"/>
                    <label end="86" start="83" name="VM0"/>
                    <label end="91" start="88" name="VVI"/>
                    <label end="100" start="93" name="AJC"/>
                    <label end="104" start="102" name="CJC"/>
                    <label end="113" start="106" name="AJC"/>
                    <label end="119" start="115" name="NN2"/>
                    <label end="122" start="121" name="PRF"/>
                    <label end="126" start="124" name="AT0"/>
                    <label end="140" start="128" name="NN1"/>
                    <label end="142" start="142" name="PUN"/>
                </layer>
            </annotationSet>
            <annotationSet cDate="01/08/2003 12:37:56 PST Wed" status="MANUAL" ID="1562703">
                <layer rank="1" name="FE">
                    <label cBy="865" feID="3495" end="140" start="128" name="Intoxicant"/>
                </layer>
                <layer rank="1" name="GF"/>
                <layer rank="1" name="PT"/>
                <layer rank="1" name="Sent"/>
                <layer rank="1" name="Other"/>
                <layer rank="1" name="Target">
                    <label cBy="103" end="140" start="128" name="Target"/>
                </layer>
                <layer rank="1" name="Noun">
                    <label end="119" start="115" name="Gov"/>
                    <label end="140" start="121" name="X"/>
                </layer>
            </annotationSet>
        </sentence>
        <sentence sentNo="0" aPos="66636045" ID="1055651">
            <text>Some people have two or more equally strong primary addictions , for example anorexia and addiction to tranquillisers . </text>
            <annotationSet cDate="01/08/2003 12:37:56 PST Wed" status="UNANN" ID="1562706">
                <layer rank="1" name="BNC">
                    <label end="3" start="0" name="DT0"/>
                    <label end="10" start="5" name="NN0"/>
                    <label end="15" start="12" name="VHB"/>
                    <label end="19" start="17" name="CRD"/>
                    <label end="22" start="21" name="CJC"/>
                    <label end="27" start="24" name="AV0"/>
                    <label end="35" start="29" name="AV0"/>
                    <label end="42" start="37" name="AJ0"/>
                    <label end="50" start="44" name="AJ0-NN1"/>
                    <label end="61" start="52" name="NN2"/>
                    <label end="63" start="63" name="PUN"/>
                    <label end="67" start="65" name="AV0"/>
                    <label end="75" start="69" name="AV0"/>
                    <label end="84" start="77" name="NN1"/>
                    <label end="88" start="86" name="CJC"/>
                    <label end="98" start="90" name="NN1"/>
                    <label end="101" start="100" name="PRP"/>
                    <label end="116" start="103" name="NN2"/>
                    <label end="118" start="118" name="PUN"/>
                </layer>
            </annotationSet>
            <annotationSet cDate="01/08/2003 12:37:57 PST Wed" status="MANUAL" ID="1562707">
                <layer rank="1" name="FE">
                    <label cBy="865" feID="3495" end="116" start="103" name="Intoxicant"/>
                </layer>
                <layer rank="1" name="GF"/>
                <layer rank="1" name="PT"/>
                <layer rank="1" name="Sent"/>
                <layer rank="1" name="Other"/>
                <layer rank="1" name="Target">
                    <label cBy="103" end="116" start="103" name="Target"/>
                </layer>
                <layer rank="1" name="Noun">
                    <label end="98" start="90" name="Gov"/>
                    <label end="116" start="100" name="X"/>
                </layer>
            </annotationSet>
        </sentence>
    </subCorpus>
    <subCorpus name="N-380-s20-other">
        <sentence sentNo="0" aPos="64891544" ID="1055667">
            <text>She switched channels and continued , ` Lars , could you administer another tranquillizer for me ? &quot; </text>
            <annotationSet cDate="01/08/2003 12:37:58 PST Wed" status="UNANN" ID="1562738">
                <layer rank="1" name="BNC">
                    <label end="2" start="0" name="PNP"/>
                    <label end="11" start="4" name="VVD"/>
                    <label end="20" start="13" name="NN2"/>
                    <label end="24" start="22" name="CJC"/>
                    <label end="34" start="26" name="VVD-VVN"/>
                    <label end="36" start="36" name="PUN"/>
                    <label end="38" start="38" name="PUQ"/>
                    <label end="43" start="40" name="NP0"/>
                    <label end="45" start="45" name="PUN"/>
                    <label end="51" start="47" name="VM0"/>
                    <label end="55" start="53" name="PNP"/>
                    <label end="66" start="57" name="VVI"/>
                    <label end="74" start="68" name="DT0"/>
                    <label end="88" start="76" name="NN1"/>
                    <label end="92" start="90" name="PRP"/>
                    <label end="95" start="94" name="PNP"/>
                    <label end="97" start="97" name="PUN"/>
                    <label end="99" start="99" name="PUQ"/>
                </layer>
            </annotationSet>
            <annotationSet cDate="01/08/2003 12:37:58 PST Wed" status="MANUAL" ID="1562739">
                <layer rank="1" name="FE">
                    <label cBy="865" feID="3495" end="88" start="76" name="Intoxicant"/>
                </layer>
                <layer rank="1" name="GF"/>
                <layer rank="1" name="PT"/>
                <layer rank="1" name="Sent"/>
                <layer rank="1" name="Other"/>
                <layer rank="1" name="Target">
                    <label cBy="103" end="88" start="76" name="Target"/>
                </layer>
                <layer rank="1" name="Noun">
                    <label end="66" start="57" name="Gov"/>
                    <label end="88" start="68" name="X"/>
                </layer>
            </annotationSet>
        </sentence>
    </subCorpus>
    <subCorpus name="N-429-s20-lcoll-herbal">
        <sentence sentNo="0" aPos="64520936" ID="1055673">
            <text>` Do you want a herbal tranquillizer ? &quot; </text>
            <annotationSet cDate="01/08/2003 12:37:59 PST Wed" status="UNANN" ID="1562750">
                <layer rank="1" name="BNC">
                    <label end="0" start="0" name="PUQ"/>
                    <label end="3" start="2" name="VDB"/>
                    <label end="7" start="5" name="PNP"/>
                    <label end="12" start="9" name="VVI"/>
                    <label end="14" start="14" name="AT0"/>
                    <label end="21" start="16" name="AJ0"/>
                    <label end="35" start="23" name="NN1"/>
                    <label end="37" start="37" name="PUN"/>
                    <label end="39" start="39" name="PUQ"/>
                </layer>
            </annotationSet>
            <annotationSet cDate="01/08/2003 12:37:59 PST Wed" status="MANUAL" ID="1562751">
                <layer rank="1" name="FE">
                    <label cBy="865" feID="3496" end="21" start="16" name="Type"/>
                    <label cBy="865" feID="3495" end="35" start="23" name="Intoxicant"/>
                </layer>
                <layer rank="1" name="GF">
                    <label end="21" start="16" name="Dep"/>
                </layer>
                <layer rank="1" name="PT">
                    <label end="21" start="16" name="AJP"/>
                </layer>
                <layer rank="1" name="Sent"/>
                <layer rank="1" name="Other"/>
                <layer rank="1" name="Target">
                    <label cBy="103" end="35" start="23" name="Target"/>
                </layer>
                <layer rank="1" name="Noun"/>
            </annotationSet>
        </sentence>
        <sentence sentNo="0" aPos="80340033" ID="1055674">
            <text>It starts in the morning with a ` purge to the head &quot; -- a ` nasal &quot; treatment in which medicine is administered through the nose and eyes , which is extremely painful -- and continues with regular administration of herbal tranquillizers , digestive powders and a sleeping pill at night . </text>
            <annotationSet cDate="01/08/2003 12:37:59 PST Wed" status="UNANN" ID="1562752">
                <layer rank="1" name="BNC">
                    <label end="1" start="0" name="PNP"/>
                    <label end="8" start="3" name="VVZ"/>
                    <label end="11" start="10" name="PRP"/>
                    <label end="15" start="13" name="AT0"/>
                    <label end="23" start="17" name="NN1"/>
                    <label end="28" start="25" name="PRP"/>
                    <label end="30" start="30" name="AT0"/>
                    <label end="32" start="32" name="PUQ"/>
                    <label end="38" start="34" name="NN1"/>
                    <label end="41" start="40" name="PRP"/>
                    <label end="45" start="43" name="AT0"/>
                    <label end="50" start="47" name="NN1"/>
                    <label end="52" start="52" name="PUQ"/>
                    <label end="55" start="54" name="PUN"/>
                    <label end="57" start="57" name="AT0"/>
                    <label end="59" start="59" name="PUQ"/>
                    <label end="65" start="61" name="AJ0"/>
                    <label end="67" start="67" name="PUQ"/>
                    <label end="77" start="69" name="NN1"/>
                    <label end="80" start="79" name="PRP"/>
                    <label end="86" start="82" name="DTQ"/>
                    <label end="95" start="88" name="NN1"/>
                    <label end="98" start="97" name="VBZ"/>
                    <label end="111" start="100" name="VVN"/>
                    <label end="119" start="113" name="PRP"/>
                    <label end="123" start="121" name="AT0"/>
                    <label end="128" start="125" name="NN1"/>
                    <label end="132" start="130" name="CJC"/>
                    <label end="137" start="134" name="NN2"/>
                    <label end="139" start="139" name="PUN"/>
                    <label end="145" start="141" name="DTQ"/>
                    <label end="148" start="147" name="VBZ"/>
                    <label end="158" start="150" name="AV0"/>
                    <label end="166" start="160" name="AJ0"/>
                    <label end="169" start="168" name="PUN"/>
                    <label end="173" start="171" name="CJC"/>
                    <label end="183" start="175" name="VVZ"/>
                    <label end="188" start="185" name="PRP"/>
                    <label end="196" start="190" name="AJ0"/>
                    <label end="211" start="198" name="NN0"/>
                    <label end="214" start="213" name="PRF"/>
                    <label end="221" start="216" name="AJ0"/>
                    <label end="236" start="223" name="NN2"/>
                    <label end="238" start="238" name="PUN"/>
                    <label end="248" start="240" name="AJ0"/>
                    <label end="256" start="250" name="NN2"/>
                    <label end="260" start="258" name="CJC"/>
                    <label end="262" start="262" name="AT0"/>
                    <label end="271" start="264" name="AJ0"/>
                    <label end="276" start="273" name="NN1"/>
                    <label end="279" start="278" name="PRP"/>
                    <label end="285" start="281" name="NN1"/>
                    <label end="287" start="287" name="PUN"/>
                </layer>
            </annotationSet>
            <annotationSet cDate="01/08/2003 12:37:59 PST Wed" status="MANUAL" ID="1562753">
                <layer rank="1" name="FE">
                    <label cBy="865" feID="3496" end="221" start="216" name="Type"/>
                    <label cBy="865" feID="3495" end="236" start="223" name="Intoxicant"/>
                </layer>
                <layer rank="1" name="GF">
                    <label end="221" start="216" name="Dep"/>
                </layer>
                <layer rank="1" name="PT">
                    <label end="221" start="216" name="AJP"/>
                </layer>
                <layer rank="1" name="Sent"/>
                <layer rank="1" name="Other"/>
                <layer rank="1" name="Target">
                    <label cBy="103" end="236" start="223" name="Target"/>
                </layer>
                <layer rank="1" name="Noun">
                    <label end="211" start="198" name="Gov"/>
                    <label end="236" start="213" name="X"/>
                </layer>
            </annotationSet>
        </sentence>
    </subCorpus>
    <subCorpus name="N-429-s20-lcoll-mild">
        <sentence sentNo="0" aPos="13058709" ID="1055676">
            <text>He said in a kindly voice , ` I 'll write you a prescription for sleeping pills , and a mild tranquilliser . &quot; </text>
            <annotationSet cDate="01/08/2003 12:37:59 PST Wed" status="UNANN" ID="1562756">
                <layer rank="1" name="BNC">
                    <label end="1" start="0" name="PNP"/>
                    <label end="6" start="3" name="VVD"/>
                    <label end="9" start="8" name="PRP"/>
                    <label end="11" start="11" name="AT0"/>
                    <label end="18" start="13" name="AJ0"/>
                    <label end="24" start="20" name="NN1"/>
                    <label end="26" start="26" name="PUN"/>
                    <label end="28" start="28" name="PUQ"/>
                    <label end="30" start="30" name="PNP"/>
                    <label end="34" start="32" name="VM0"/>
                    <label end="40" start="36" name="VVI"/>
                    <label end="44" start="42" name="PNP"/>
                    <label end="46" start="46" name="AT0"/>
                    <label end="59" start="48" name="NN1"/>
                    <label end="63" start="61" name="PRP"/>
                    <label end="72" start="65" name="AJ0-VVG"/>
                    <label end="78" start="74" name="NN2"/>
                    <label end="80" start="80" name="PUN"/>
                    <label end="84" start="82" name="CJC"/>
                    <label end="86" start="86" name="AT0"/>
                    <label end="91" start="88" name="AJ0"/>
                    <label end="105" start="93" name="NN1"/>
                    <label end="107" start="107" name="PUN"/>
                    <label end="109" start="109" name="PUQ"/>
                </layer>
            </annotationSet>
            <annotationSet cDate="01/08/2003 12:37:59 PST Wed" status="MANUAL" ID="1562757">
                <layer rank="1" name="FE">
                    <label cBy="865" feID="3497" end="91" start="88" name="Descriptor"/>
                    <label cBy="865" feID="3495" end="105" start="93" name="Intoxicant"/>
                </layer>
                <layer rank="1" name="GF">
                    <label end="91" start="88" name="Dep"/>
                </layer>
                <layer rank="1" name="PT">
                    <label end="91" start="88" name="AJP"/>
                </layer>
                <layer rank="1" name="Sent"/>
                <layer rank="1" name="Other"/>
                <layer rank="1" name="Target">
                    <label cBy="103" end="105" start="93" name="Target"/>
                </layer>
                <layer rank="1" name="Noun"/>
            </annotationSet>
        </sentence>
    </subCorpus>
    <subCorpus name="N-429-s20-lcoll-minor">
        <sentence sentNo="0" aPos="18865508" ID="1055677">
            <text>The highest rates of self-poisoning were among those who received antidepressants and minor tranquillizers . </text>
            <annotationSet cDate="01/08/2003 12:37:59 PST Wed" status="UNANN" ID="1562758">
                <layer rank="1" name="BNC">
                    <label end="2" start="0" name="AT0"/>
                    <label end="10" start="4" name="AJS"/>
                    <label end="16" start="12" name="NN2"/>
                    <label end="19" start="18" name="PRF"/>
                    <label end="34" start="21" name="NN1"/>
                    <label end="39" start="36" name="VBD"/>
                    <label end="45" start="41" name="PRP"/>
                    <label end="51" start="47" name="DT0"/>
                    <label end="55" start="53" name="PNQ"/>
                    <label end="64" start="57" name="VVD"/>
                    <label end="80" start="66" name="NN2"/>
                    <label end="84" start="82" name="CJC"/>
                    <label end="90" start="86" name="AJ0"/>
                    <label end="105" start="92" name="NN2"/>
                    <label end="107" start="107" name="PUN"/>
                </layer>
            </annotationSet>
            <annotationSet cDate="01/08/2003 12:38:00 PST Wed" status="MANUAL" ID="1562759">
                <layer rank="1" name="FE">
                    <label cBy="865" feID="3497" end="90" start="86" name="Descriptor"/>
                    <label cBy="865" feID="3495" end="105" start="92" name="Intoxicant"/>
                </layer>
                <layer rank="1" name="GF">
                    <label end="90" start="86" name="Dep"/>
                </layer>
                <layer rank="1" name="PT">
                    <label end="90" start="86" name="AJP"/>
                </layer>
                <layer rank="1" name="Sent"/>
                <layer rank="1" name="Other"/>
                <layer rank="1" name="Target">
                    <label cBy="103" end="105" start="92" name="Target"/>
                </layer>
                <layer rank="1" name="Noun"/>
            </annotationSet>
        </sentence>
        <sentence sentNo="0" aPos="66641503" ID="1055679">
            <text>Observe that hypnotics , minor tranquillisers , pain killers and many other mood-altering drugs are cross-addictive with alcohol and with the various illegal addictive drugs . </text>
            <annotationSet cDate="01/08/2003 12:38:00 PST Wed" status="UNANN" ID="1562762">
                <layer rank="1" name="BNC">
                    <label end="6" start="0" name="VVB"/>
                    <label end="11" start="8" name="CJT-DT0"/>
                    <label end="21" start="13" name="NN2"/>
                    <label end="23" start="23" name="PUN"/>
                    <label end="29" start="25" name="AJ0"/>
                    <label end="44" start="31" name="NN2"/>
                    <label end="46" start="46" name="PUN"/>
                    <label end="51" start="48" name="NN1"/>
                    <label end="59" start="53" name="NN2"/>
                    <label end="63" start="61" name="CJC"/>
                    <label end="68" start="65" name="DT0"/>
                    <label end="74" start="70" name="AJ0"/>
                    <label end="88" start="76" name="AJ0-NN1"/>
                    <label end="94" start="90" name="NN2"/>
                    <label end="98" start="96" name="VBB"/>
                    <label end="114" start="100" name="AJ0"/>
                    <label end="119" start="116" name="PRP"/>
                    <label end="127" start="121" name="NN1"/>
                    <label end="131" start="129" name="CJC"/>
                    <label end="136" start="133" name="PRP"/>
                    <label end="140" start="138" name="AT0"/>
                    <label end="148" start="142" name="AJ0"/>
                    <label end="156" start="150" name="AJ0"/>
                    <label end="166" start="158" name="AJ0"/>
                    <label end="172" start="168" name="NN2"/>
                    <label end="174" start="174" name="PUN"/>
                </layer>
            </annotationSet>
            <annotationSet cDate="01/08/2003 12:38:00 PST Wed" status="MANUAL" ID="1562763">
                <layer rank="1" name="FE">
                    <label cBy="865" feID="3497" end="29" start="25" name="Descriptor"/>
                    <label cBy="865" feID="3495" end="44" start="31" name="Intoxicant"/>
                </layer>
                <layer rank="1" name="GF">
                    <label end="29" start="25" name="Dep"/>
                </layer>
                <layer rank="1" name="PT">
                    <label end="29" start="25" name="AJP"/>
                </layer>
                <layer rank="1" name="Sent"/>
                <layer rank="1" name="Other"/>
                <layer rank="1" name="Target">
                    <label cBy="103" end="44" start="31" name="Target"/>
                </layer>
                <layer rank="1" name="Noun"/>
            </annotationSet>
        </sentence>
    </subCorpus>
    <subCorpus name="N-429-s20-lcoll-prescribed">
        <sentence sentNo="0" aPos="44434854" ID="1055683">
            <text>For non-phobic clients , homework tasks might include being more assertive in a specific situation at work , involvement in a relaxing leisure activity , or cutting down on prescribed tranquillizers . </text>
            <annotationSet cDate="01/08/2003 12:38:00 PST Wed" status="UNANN" ID="1562770">
                <layer rank="1" name="BNC">
                    <label end="2" start="0" name="PRP"/>
                    <label end="13" start="4" name="AJ0"/>
                    <label end="21" start="15" name="NN2"/>
                    <label end="23" start="23" name="PUN"/>
                    <label end="32" start="25" name="NN1"/>
                    <label end="38" start="34" name="NN2"/>
                    <label end="44" start="40" name="VM0"/>
                    <label end="52" start="46" name="VVI"/>
                    <label end="58" start="54" name="VBG"/>
                    <label end="63" start="60" name="AV0"/>
                    <label end="73" start="65" name="AJ0"/>
                    <label end="76" start="75" name="PRP"/>
                    <label end="78" start="78" name="AT0"/>
                    <label end="87" start="80" name="AJ0"/>
                    <label end="97" start="89" name="NN1"/>
                    <label end="100" start="99" name="PRP"/>
                    <label end="105" start="102" name="NN1"/>
                    <label end="107" start="107" name="PUN"/>
                    <label end="119" start="109" name="NN1"/>
                    <label end="122" start="121" name="PRP"/>
                    <label end="124" start="124" name="AT0"/>
                    <label end="133" start="126" name="AJ0"/>
                    <label end="141" start="135" name="NN1"/>
                    <label end="150" start="143" name="NN1"/>
                    <label end="152" start="152" name="PUN"/>
                    <label end="155" start="154" name="CJC"/>
                    <label end="163" start="157" name="VVG"/>
                    <label end="168" start="165" name="AVP"/>
                    <label end="171" start="170" name="PRP"/>
                    <label end="182" start="173" name="AJ0"/>
                    <label end="197" start="184" name="NN2"/>
                    <label end="199" start="199" name="PUN"/>
                </layer>
            </annotationSet>
            <annotationSet cDate="01/08/2003 12:38:00 PST Wed" status="MANUAL" ID="1562771">
                <layer rank="1" name="FE">
                    <label cBy="865" feID="3497" end="182" start="173" name="Descriptor"/>
                    <label cBy="865" feID="3495" end="197" start="184" name="Intoxicant"/>
                </layer>
                <layer rank="1" name="GF">
                    <label end="182" start="173" name="Dep"/>
                </layer>
                <layer rank="1" name="PT">
                    <label end="182" start="173" name="AJP"/>
                </layer>
                <layer rank="1" name="Sent"/>
                <layer rank="1" name="Other"/>
                <layer rank="1" name="Target">
                    <label cBy="103" end="197" start="184" name="Target"/>
                </layer>
                <layer rank="1" name="Noun"/>
            </annotationSet>
        </sentence>
    </subCorpus>
    <subCorpus name="N-429-s20-lgov-addict">
        <sentence sentNo="0" aPos="15721429" ID="1055685">
            <text>There are , however , many people who are addicted to tranquillisers of one sort or another . </text>
            <annotationSet cDate="01/08/2003 12:38:00 PST Wed" status="UNANN" ID="1562774">
                <layer rank="1" name="BNC">
                    <label end="4" start="0" name="EX0"/>
                    <label end="8" start="6" name="VBB"/>
                    <label end="10" start="10" name="PUN"/>
                    <label end="18" start="12" name="AV0"/>
                    <label end="20" start="20" name="PUN"/>
                    <label end="25" start="22" name="DT0"/>
                    <label end="32" start="27" name="NN0"/>
                    <label end="36" start="34" name="PNQ"/>
                    <label end="40" start="38" name="VBB"/>
                    <label end="49" start="42" name="VVN"/>
                    <label end="52" start="51" name="PRP"/>
                    <label end="67" start="54" name="NN2"/>
                    <label end="70" start="69" name="PRF"/>
                    <label end="74" start="72" name="CRD"/>
                    <label end="79" start="76" name="NN1"/>
                    <label end="82" start="81" name="CJC"/>
                    <label end="90" start="84" name="DT0"/>
                    <label end="92" start="92" name="PUN"/>
                </layer>
            </annotationSet>
            <annotationSet cDate="01/08/2003 12:38:00 PST Wed" status="MANUAL" ID="1562775">
                <layer rank="1" name="FE">
                    <label cBy="865" feID="3495" end="67" start="54" name="Intoxicant"/>
                </layer>
                <layer rank="1" name="GF"/>
                <layer rank="1" name="PT"/>
                <layer rank="1" name="Sent"/>
                <layer rank="1" name="Other"/>
                <layer rank="1" name="Target">
                    <label cBy="103" end="67" start="54" name="Target"/>
                </layer>
                <layer rank="1" name="Noun">
                    <label end="49" start="42" name="Gov"/>
                    <label end="67" start="51" name="X"/>
                </layer>
            </annotationSet>
        </sentence>
        <sentence sentNo="0" aPos="74527349" ID="1055686">
            <text>My mother , out of guilt , perhaps , became addicted to tranquillisers and drink . </text>
            <annotationSet cDate="01/08/2003 12:38:01 PST Wed" status="UNANN" ID="1562776">
                <layer rank="1" name="BNC">
                    <label end="1" start="0" name="DPS"/>
                    <label end="8" start="3" name="NN1"/>
                    <label end="10" start="10" name="PUN"/>
                    <label end="14" start="12" name="PRP"/>
                    <label end="17" start="16" name="PRP"/>
                    <label end="23" start="19" name="NN1"/>
                    <label end="25" start="25" name="PUN"/>
                    <label end="33" start="27" name="AV0"/>
                    <label end="35" start="35" name="PUN"/>
                    <label end="42" start="37" name="VVD"/>
                    <label end="51" start="44" name="VVD-VVN"/>
                    <label end="54" start="53" name="PRP"/>
                    <label end="69" start="56" name="NN2"/>
                    <label end="73" start="71" name="CJC"/>
                    <label end="79" start="75" name="NN1-VVB"/>
                    <label end="81" start="81" name="PUN"/>
                </layer>
            </annotationSet>
            <annotationSet cDate="01/08/2003 12:38:01 PST Wed" status="MANUAL" ID="1562777">
                <layer rank="1" name="FE">
                    <label cBy="865" feID="3495" end="69" start="56" name="Intoxicant"/>
                </layer>
                <layer rank="1" name="GF"/>
                <layer rank="1" name="PT"/>
                <layer rank="1" name="Sent"/>
                <layer rank="1" name="Other"/>
                <layer rank="1" name="Target">
                    <label cBy="103" end="69" start="56" name="Target"/>
                </layer>
                <layer rank="1" name="Noun">
                    <label end="51" start="44" name="Gov"/>
                    <label end="69" start="53" name="X"/>
                </layer>
            </annotationSet>
        </sentence>
    </subCorpus>
    <subCorpus name="9-s20-lgov-give"/>
    <subCorpus name="N-429-s20-lgov-prescribe">
        <sentence sentNo="0" aPos="4809948" ID="1055695">
            <text>Doctors are now increasingly reluctant to prescribe tranquillisers for fear of being sued by patients who become addicted to them . </text>
            <annotationSet cDate="01/08/2003 12:38:03 PST Wed" status="UNANN" ID="1562794">
                <layer rank="1" name="BNC">
                    <label end="6" start="0" name="NN2"/>
                    <label end="10" start="8" name="VBB"/>
                    <label end="14" start="12" name="AV0"/>
                    <label end="27" start="16" name="AV0"/>
                    <label end="37" start="29" name="AJ0"/>
                    <label end="40" start="39" name="TO0"/>
                    <label end="50" start="42" name="VVI"/>
                    <label end="65" start="52" name="NN2"/>
                    <label end="69" start="67" name="PRP"/>
                    <label end="74" start="71" name="PRP"/>
                    <label end="77" start="76" name="PRP"/>
                    <label end="83" start="79" name="VBG"/>
                    <label end="88" start="85" name="VVN"/>
                    <label end="91" start="90" name="PRP"/>
                    <label end="100" start="93" name="NN2"/>
                    <label end="104" start="102" name="PNQ"/>
                    <label end="111" start="106" name="VVB"/>
                    <label end="120" start="113" name="VVD-VVN"/>
                    <label end="123" start="122" name="PRP"/>
                    <label end="128" start="125" name="PNP"/>
                    <label end="130" start="130" name="PUN"/>
                </layer>
            </annotationSet>
            <annotationSet cDate="01/08/2003 12:38:04 PST Wed" status="MANUAL" ID="1562795">
                <layer rank="1" name="FE">
                    <label cBy="865" feID="3495" end="65" start="52" name="Intoxicant"/>
                </layer>
                <layer rank="1" name="GF"/>
                <layer rank="1" name="PT"/>
                <layer rank="1" name="Sent"/>
                <layer rank="1" name="Other"/>
                <layer rank="1" name="Target">
                    <label cBy="103" end="65" start="52" name="Target"/>
                </layer>
                <layer rank="1" name="Noun">
                    <label end="50" start="42" name="Gov"/>
                    <label end="65" start="52" name="X"/>
                </layer>
            </annotationSet>
        </sentence>
        <sentence sentNo="0" aPos="18844825" ID="1055696">
            <text>She had seen her general practitioner a week after the separation and he had prescribed a tranquillizer . </text>
            <annotationSet cDate="01/08/2003 12:38:04 PST Wed" status="UNANN" ID="1562796">
                <layer rank="1" name="BNC">
                    <label end="2" start="0" name="PNP"/>
                    <label end="6" start="4" name="VHD"/>
                    <label end="11" start="8" name="VVN"/>
                    <label end="15" start="13" name="DPS"/>
                    <label end="23" start="17" name="AJ0-NN1"/>
                    <label end="36" start="25" name="NN1"/>
                    <label end="38" start="38" name="AT0"/>
                    <label end="43" start="40" name="NN1"/>
                    <label end="49" start="45" name="PRP"/>
                    <label end="53" start="51" name="AT0"/>
                    <label end="64" start="55" name="NN1"/>
                    <label end="68" start="66" name="CJC"/>
                    <label end="71" start="70" name="PNP"/>
                    <label end="75" start="73" name="VHD"/>
                    <label end="86" start="77" name="VVN"/>
                    <label end="88" start="88" name="AT0"/>
                    <label end="102" start="90" name="NN1"/>
                    <label end="104" start="104" name="PUN"/>
                </layer>
            </annotationSet>
            <annotationSet cDate="01/08/2003 12:38:04 PST Wed" status="MANUAL" ID="1562797">
                <layer rank="1" name="FE">
                    <label cBy="865" feID="3495" end="102" start="90" name="Intoxicant"/>
                </layer>
                <layer rank="1" name="GF"/>
                <layer rank="1" name="PT"/>
                <layer rank="1" name="Sent"/>
                <layer rank="1" name="Other"/>
                <layer rank="1" name="Target">
                    <label cBy="103" end="102" start="90" name="Target"/>
                </layer>
                <layer rank="1" name="Noun">
                    <label end="86" start="77" name="Gov"/>
                    <label end="102" start="88" name="X"/>
                </layer>
            </annotationSet>
        </sentence>
    </subCorpus>
    <subCorpus name="N-429-s20-lgov-take">
        <sentence sentNo="0" aPos="31317453" ID="1055703">
            <text>` I would n't have thought she was the type to take tranquillisers . </text>
            <annotationSet cDate="01/08/2003 12:38:04 PST Wed" status="UNANN" ID="1562810">
                <layer rank="1" name="BNC">
                    <label end="0" start="0" name="PUQ"/>
                    <label end="2" start="2" name="PNP"/>
                    <label end="8" start="4" name="VM0"/>
                    <label end="12" start="10" name="XX0"/>
                    <label end="17" start="14" name="VHI"/>
                    <label end="25" start="19" name="VVN"/>
                    <label end="29" start="27" name="PNP"/>
                    <label end="33" start="31" name="VBD"/>
                    <label end="37" start="35" name="AT0"/>
                    <label end="42" start="39" name="NN1"/>
                    <label end="45" start="44" name="TO0"/>
                    <label end="50" start="47" name="VVI"/>
                    <label end="65" start="52" name="NN2"/>
                    <label end="67" start="67" name="PUN"/>
                </layer>
            </annotationSet>
            <annotationSet cDate="01/08/2003 12:38:04 PST Wed" status="MANUAL" ID="1562811">
                <layer rank="1" name="FE">
                    <label cBy="865" feID="3495" end="65" start="52" name="Intoxicant"/>
                </layer>
                <layer rank="1" name="GF"/>
                <layer rank="1" name="PT"/>
                <layer rank="1" name="Sent"/>
                <layer rank="1" name="Other"/>
                <layer rank="1" name="Target">
                    <label cBy="103" end="65" start="52" name="Target"/>
                </layer>
                <layer rank="1" name="Noun">
                    <label end="50" start="47" name="Gov"/>
                    <label end="65" start="52" name="X"/>
                </layer>
            </annotationSet>
        </sentence>
        <sentence sentNo="0" aPos="44438283" ID="1055704">
            <text>Similarly , use of maladaptive coping strategies such as avoidance behaviour , taking tranquillizers , and visiting their GP , decreased , while the adoption of adaptive coping strategies , such as relaxation , increased . </text>
            <annotationSet cDate="01/08/2003 12:38:04 PST Wed" status="UNANN" ID="1562812">
                <layer rank="1" name="BNC">
                    <label end="8" start="0" name="AV0"/>
                    <label end="10" start="10" name="PUN"/>
                    <label end="14" start="12" name="NN1"/>
                    <label end="17" start="16" name="PRF"/>
                    <label end="29" start="19" name="AJ0"/>
                    <label end="36" start="31" name="AJ0-NN1"/>
                    <label end="47" start="38" name="NN2"/>
                    <label end="52" start="49" name="PRP"/>
                    <label end="55" start="54" name="PRP"/>
                    <label end="65" start="57" name="NN1"/>
                    <label end="75" start="67" name="NN1"/>
                    <label end="77" start="77" name="PUN"/>
                    <label end="84" start="79" name="VVG"/>
                    <label end="99" start="86" name="NN2"/>
                    <label end="101" start="101" name="PUN"/>
                    <label end="105" start="103" name="CJC"/>
                    <label end="114" start="107" name="VVG"/>
                    <label end="120" start="116" name="DPS"/>
                    <label end="123" start="122" name="NN1"/>
                    <label end="125" start="125" name="PUN"/>
                    <label end="135" start="127" name="VVD"/>
                    <label end="137" start="137" name="PUN"/>
                    <label end="143" start="139" name="CJS"/>
                    <label end="147" start="145" name="AT0"/>
                    <label end="156" start="149" name="NN1"/>
                    <label end="159" start="158" name="PRF"/>
                    <label end="168" start="161" name="AJ0"/>
                    <label end="175" start="170" name="AJ0-NN1"/>
                    <label end="186" start="177" name="NN2"/>
                    <label end="188" start="188" name="PUN"/>
                    <label end="193" start="190" name="PRP"/>
                    <label end="196" start="195" name="PRP"/>
                    <label end="207" start="198" name="NN1"/>
                    <label end="209" start="209" name="PUN"/>
                    <label end="219" start="211" name="VVD-VVN"/>
                    <label end="221" start="221" name="PUN"/>
                </layer>
            </annotationSet>
            <annotationSet cDate="01/08/2003 12:38:05 PST Wed" status="MANUAL" ID="1562813">
                <layer rank="1" name="FE">
                    <label cBy="865" feID="3495" end="99" start="86" name="Intoxicant"/>
                </layer>
                <layer rank="1" name="GF"/>
                <layer rank="1" name="PT"/>
                <layer rank="1" name="Sent"/>
                <layer rank="1" name="Other"/>
                <layer rank="1" name="Target">
                    <label cBy="103" end="99" start="86" name="Target"/>
                </layer>
                <layer rank="1" name="Noun">
                    <label end="84" start="79" name="Gov"/>
                    <label end="99" start="86" name="X"/>
                </layer>
            </annotationSet>
        </sentence>
        <sentence sentNo="0" aPos="98459625" ID="1055708">
            <text>I wonder how many of you have experience of taking tranquillizers ? </text>
            <annotationSet cDate="01/08/2003 12:38:05 PST Wed" status="UNANN" ID="1562820">
                <layer rank="1" name="BNC">
                    <label end="0" start="0" name="PNP"/>
                    <label end="7" start="2" name="VVB"/>
                    <label end="11" start="9" name="AVQ"/>
                    <label end="16" start="13" name="DT0"/>
                    <label end="19" start="18" name="PRF"/>
                    <label end="23" start="21" name="PNP"/>
                    <label end="28" start="25" name="VHB"/>
                    <label end="39" start="30" name="NN1"/>
                    <label end="42" start="41" name="PRF"/>
                    <label end="49" start="44" name="VVG"/>
                    <label end="64" start="51" name="NN2"/>
                    <label end="66" start="66" name="PUN"/>
                </layer>
            </annotationSet>
            <annotationSet cDate="01/08/2003 12:38:05 PST Wed" status="MANUAL" ID="1562821">
                <layer rank="1" name="FE">
                    <label cBy="865" feID="3495" end="64" start="51" name="Intoxicant"/>
                </layer>
                <layer rank="1" name="GF"/>
                <layer rank="1" name="PT"/>
                <layer rank="1" name="Sent"/>
                <layer rank="1" name="Other"/>
                <layer rank="1" name="Target">
                    <label cBy="103" end="64" start="51" name="Target"/>
                </layer>
                <layer rank="1" name="Noun">
                    <label end="49" start="44" name="Gov"/>
                    <label end="64" start="51" name="X"/>
                </layer>
            </annotationSet>
        </sentence>
    </subCorpus>
    <subCorpus name="N-429-s20-lgov-withdraw">
        <sentence sentNo="0" aPos="60791906" ID="1055711">
            <text>In an era of choice and ` needs driven &quot; care , adequate support for people wishing to withdraw from major tranquillisers is not only absent but opposed . </text>
            <annotationSet cDate="01/08/2003 12:38:05 PST Wed" status="UNANN" ID="1562826">
                <layer rank="1" name="BNC">
                    <label end="1" start="0" name="PRP"/>
                    <label end="4" start="3" name="AT0"/>
                    <label end="8" start="6" name="NN1"/>
                    <label end="11" start="10" name="PRF"/>
                    <label end="18" start="13" name="NN1"/>
                    <label end="22" start="20" name="CJC"/>
                    <label end="24" start="24" name="PUQ"/>
                    <label end="30" start="26" name="NN2-VVZ"/>
                    <label end="37" start="32" name="AJ0"/>
                    <label end="39" start="39" name="PUQ"/>
                    <label end="44" start="41" name="NN1"/>
                    <label end="46" start="46" name="PUN"/>
                    <label end="55" start="48" name="AJ0"/>
                    <label end="63" start="57" name="NN1"/>
                    <label end="67" start="65" name="PRP"/>
                    <label end="74" start="69" name="NN0"/>
                    <label end="82" start="76" name="VVG"/>
                    <label end="85" start="84" name="TO0"/>
                    <label end="94" start="87" name="VVI"/>
                    <label end="99" start="96" name="PRP"/>
                    <label end="105" start="101" name="AJ0"/>
                    <label end="120" start="107" name="NN2"/>
                    <label end="123" start="122" name="VBZ"/>
                    <label end="127" start="125" name="XX0"/>
                    <label end="132" start="129" name="AV0"/>
                    <label end="139" start="134" name="AJ0"/>
                    <label end="143" start="141" name="CJC"/>
                    <label end="151" start="145" name="VVD-VVN"/>
                    <label end="153" start="153" name="PUN"/>
                </layer>
            </annotationSet>
            <annotationSet cDate="01/08/2003 12:38:05 PST Wed" status="MANUAL" ID="1562827">
                <layer rank="1" name="FE">
                    <label cBy="865" feID="3497" end="105" start="101" name="Descriptor"/>
                    <label cBy="865" feID="3495" end="120" start="107" name="Intoxicant"/>
                </layer>
                <layer rank="1" name="GF">
                    <label end="105" start="101" name="Dep"/>
                </layer>
                <layer rank="1" name="PT">
                    <label end="105" start="101" name="AJP"/>
                </layer>
                <layer rank="1" name="Sent"/>
                <layer rank="1" name="Other"/>
                <layer rank="1" name="Target">
                    <label cBy="103" end="120" start="107" name="Target"/>
                </layer>
                <layer rank="1" name="Noun">
                    <label end="94" start="87" name="Gov"/>
                    <label end="120" start="96" name="X"/>
                </layer>
            </annotationSet>
        </sentence>
    </subCorpus>
</lexUnit>