<?xml version="1.0" encoding="UTF-8" standalone="yes"?>
<?xml-stylesheet type="text/xsl" href="lexUnit.xsl"?>
<lexUnit status="FN1_Sent" POS="V" name="exclaim.v" ID="718" frame="Statement" frameID="43" totalAnnotated="27" xsi:schemaLocation="../schema/lexUnit.xsd" xmlns="http://framenet.icsi.berkeley.edu" xmlns:xsi="http://www.w3.org/2001/XMLSchema-instance">
    <header>
        <frame>
            <FE fgColor="FFFFFF" bgColor="006400" type="Extra-Thematic" abbrev="Add" name="Addressee"/>
            <FE fgColor="000000" bgColor="2E8B57" type="Extra-Thematic" abbrev="" name="Containing_event"/>
            <FE fgColor="000000" bgColor="EEE8AA" type="Extra-Thematic" abbrev="Deg" name="Degree"/>
            <FE fgColor="FFFFFF" bgColor="9400D3" type="Extra-Thematic" abbrev="Dep" name="Depictive"/>
            <FE fgColor="FFFFFF" bgColor="00008B" type="Extra-Thematic" abbrev="Epi" name="Epistemic_stance"/>
            <FE fgColor="00008B" bgColor="FFFF00" type="Extra-Thematic" abbrev="Eve" name="Event_description"/>
            <FE fgColor="FFFFFF" bgColor="1E90FF" type="Extra-Thematic" abbrev="" name="Frequency"/>
            <FE fgColor="000000" bgColor="d0d0d0" type="Extra-Thematic" abbrev="Gro" name="Group"/>
            <FE fgColor="FFFFFF" bgColor="7CCD7C" type="Extra-Thematic" abbrev="ICause" name="Internal_cause"/>
            <FE fgColor="FFFFFF" bgColor="2E8B57" type="Extra-Thematic" abbrev="" name="Iteration"/>
            <FE fgColor="FFFFFF" bgColor="FF00FF" type="Peripheral" abbrev="Manr" name="Manner"/>
            <FE fgColor="FFFFFF" bgColor="A52A2A" type="Peripheral" abbrev="Mns" name="Means"/>
            <FE fgColor="FFFFFF" bgColor="808080" type="Core" abbrev="Medium" name="Medium"/>
            <FE fgColor="FFFFFF" bgColor="00BFFF" type="Core" abbrev="Msg" name="Message"/>
            <FE fgColor="FFFFFF" bgColor="9F79EE" type="Extra-Thematic" abbrev="" name="Occasion"/>
            <FE fgColor="FFFFFF" bgColor="90876C" type="Extra-Thematic" abbrev="par" name="Particular_iteration"/>
            <FE fgColor="FFFFFF" bgColor="008000" type="Peripheral" abbrev="Pla" name="Place"/>
            <FE fgColor="FFFFFF" bgColor="FF0000" type="Core" abbrev="Spkr" name="Speaker"/>
            <FE fgColor="FFFFFF" bgColor="FFA500" type="Peripheral" abbrev="Time" name="Time"/>
            <FE fgColor="FFFFFF" bgColor="0000FF" type="Core" abbrev="Top" name="Topic"/>
        </frame>
    </header>
    <definition>COD: cry out suddenly, especially in surprise, anger, or pain.</definition>
    <lexeme POS="V" name="exclaim"/>
    <valences>
        <FERealization total="4">
            <FE name="Addressee"/>
            <pattern total="4">
                <valenceUnit GF="Dep" PT="PP[to]" FE="Addressee"/>
                <annoSet ID="949539"/>
                <annoSet ID="949543"/>
                <annoSet ID="949551"/>
                <annoSet ID="949553"/>
            </pattern>
        </FERealization>
        <FERealization total="1">
            <FE name="Internal_cause"/>
            <pattern total="1">
                <valenceUnit GF="Dep" PT="PP[in]" FE="Internal_cause"/>
                <annoSet ID="949513"/>
            </pattern>
        </FERealization>
        <FERealization total="5">
            <FE name="Manner"/>
            <pattern total="5">
                <valenceUnit GF="Dep" PT="AVP" FE="Manner"/>
                <annoSet ID="949401"/>
                <annoSet ID="949411"/>
                <annoSet ID="949585"/>
                <annoSet ID="949607"/>
                <annoSet ID="949613"/>
            </pattern>
        </FERealization>
        <FERealization total="27">
            <FE name="Message"/>
            <pattern total="24">
                <valenceUnit GF="Dep" PT="QUO" FE="Message"/>
                <annoSet ID="949379"/>
                <annoSet ID="949385"/>
                <annoSet ID="949389"/>
                <annoSet ID="949393"/>
                <annoSet ID="949401"/>
                <annoSet ID="949411"/>
                <annoSet ID="949415"/>
                <annoSet ID="949417"/>
                <annoSet ID="949437"/>
                <annoSet ID="949449"/>
                <annoSet ID="949457"/>
                <annoSet ID="949459"/>
                <annoSet ID="949499"/>
                <annoSet ID="949513"/>
                <annoSet ID="949539"/>
                <annoSet ID="949543"/>
                <annoSet ID="949551"/>
                <annoSet ID="949553"/>
                <annoSet ID="949585"/>
                <annoSet ID="949595"/>
                <annoSet ID="949607"/>
                <annoSet ID="949611"/>
                <annoSet ID="949613"/>
                <annoSet ID="949631"/>
            </pattern>
            <pattern total="2">
                <valenceUnit GF="Obj" PT="NP" FE="Message"/>
                <annoSet ID="949609"/>
                <annoSet ID="949647"/>
            </pattern>
            <pattern total="1">
                <valenceUnit GF="Dep" PT="Sfin" FE="Message"/>
                <annoSet ID="949603"/>
            </pattern>
        </FERealization>
        <FERealization total="27">
            <FE name="Speaker"/>
            <pattern total="27">
                <valenceUnit GF="Ext" PT="NP" FE="Speaker"/>
                <annoSet ID="949379"/>
                <annoSet ID="949385"/>
                <annoSet ID="949389"/>
                <annoSet ID="949393"/>
                <annoSet ID="949401"/>
                <annoSet ID="949411"/>
                <annoSet ID="949415"/>
                <annoSet ID="949417"/>
                <annoSet ID="949437"/>
                <annoSet ID="949449"/>
                <annoSet ID="949457"/>
                <annoSet ID="949459"/>
                <annoSet ID="949499"/>
                <annoSet ID="949513"/>
                <annoSet ID="949539"/>
                <annoSet ID="949543"/>
                <annoSet ID="949551"/>
                <annoSet ID="949553"/>
                <annoSet ID="949585"/>
                <annoSet ID="949595"/>
                <annoSet ID="949603"/>
                <annoSet ID="949607"/>
                <annoSet ID="949609"/>
                <annoSet ID="949611"/>
                <annoSet ID="949613"/>
                <annoSet ID="949631"/>
                <annoSet ID="949647"/>
            </pattern>
        </FERealization>
        <FEGroupRealization total="1">
            <FE name="Addressee"/>
            <FE name="Message"/>
            <FE name="Message"/>
            <FE name="Speaker"/>
            <pattern total="1">
                <valenceUnit GF="Dep" PT="PP[to]" FE="Addressee"/>
                <valenceUnit GF="Dep" PT="QUO" FE="Message"/>
                <valenceUnit GF="Dep" PT="QUO" FE="Message"/>
                <valenceUnit GF="Ext" PT="NP" FE="Speaker"/>
                <annoSet ID="949539"/>
            </pattern>
        </FEGroupRealization>
        <FEGroupRealization total="3">
            <FE name="Addressee"/>
            <FE name="Message"/>
            <FE name="Speaker"/>
            <pattern total="3">
                <valenceUnit GF="Dep" PT="PP[to]" FE="Addressee"/>
                <valenceUnit GF="Dep" PT="QUO" FE="Message"/>
                <valenceUnit GF="Ext" PT="NP" FE="Speaker"/>
                <annoSet ID="949543"/>
                <annoSet ID="949551"/>
                <annoSet ID="949553"/>
            </pattern>
        </FEGroupRealization>
        <FEGroupRealization total="1">
            <FE name="Internal_cause"/>
            <FE name="Message"/>
            <FE name="Speaker"/>
            <pattern total="1">
                <valenceUnit GF="Dep" PT="PP[in]" FE="Internal_cause"/>
                <valenceUnit GF="Dep" PT="QUO" FE="Message"/>
                <valenceUnit GF="Ext" PT="NP" FE="Speaker"/>
                <annoSet ID="949513"/>
            </pattern>
        </FEGroupRealization>
        <FEGroupRealization total="5">
            <FE name="Manner"/>
            <FE name="Message"/>
            <FE name="Speaker"/>
            <pattern total="5">
                <valenceUnit GF="Dep" PT="AVP" FE="Manner"/>
                <valenceUnit GF="Dep" PT="QUO" FE="Message"/>
                <valenceUnit GF="Ext" PT="NP" FE="Speaker"/>
                <annoSet ID="949401"/>
                <annoSet ID="949411"/>
                <annoSet ID="949585"/>
                <annoSet ID="949607"/>
                <annoSet ID="949613"/>
            </pattern>
        </FEGroupRealization>
        <FEGroupRealization total="2">
            <FE name="Message"/>
            <FE name="Message"/>
            <FE name="Speaker"/>
            <pattern total="2">
                <valenceUnit GF="Dep" PT="QUO" FE="Message"/>
                <valenceUnit GF="Dep" PT="QUO" FE="Message"/>
                <valenceUnit GF="Ext" PT="NP" FE="Speaker"/>
                <annoSet ID="949415"/>
                <annoSet ID="949437"/>
            </pattern>
        </FEGroupRealization>
        <FEGroupRealization total="15">
            <FE name="Message"/>
            <FE name="Speaker"/>
            <pattern total="2">
                <valenceUnit GF="Obj" PT="NP" FE="Message"/>
                <valenceUnit GF="Ext" PT="NP" FE="Speaker"/>
                <annoSet ID="949609"/>
                <annoSet ID="949647"/>
            </pattern>
            <pattern total="12">
                <valenceUnit GF="Dep" PT="QUO" FE="Message"/>
                <valenceUnit GF="Ext" PT="NP" FE="Speaker"/>
                <annoSet ID="949379"/>
                <annoSet ID="949385"/>
                <annoSet ID="949389"/>
                <annoSet ID="949393"/>
                <annoSet ID="949417"/>
                <annoSet ID="949449"/>
                <annoSet ID="949457"/>
                <annoSet ID="949459"/>
                <annoSet ID="949499"/>
                <annoSet ID="949595"/>
                <annoSet ID="949611"/>
                <annoSet ID="949631"/>
            </pattern>
            <pattern total="1">
                <valenceUnit GF="Dep" PT="Sfin" FE="Message"/>
                <valenceUnit GF="Ext" PT="NP" FE="Speaker"/>
                <annoSet ID="949603"/>
            </pattern>
        </FEGroupRealization>
    </valences>
    <subCorpus name="V-coordpass"/>
    <subCorpus name="V-intrans-other">
        <sentence sentNo="0" aPos="8651784" ID="743838">
            <text>` Sad ? &quot; they both exclaimed together . </text>
            <annotationSet cDate="01/07/2003 12:49:46 PST Tue" status="UNANN" ID="949378">
                <layer rank="1" name="BNC">
                    <label end="0" start="0" name="PUQ"/>
                    <label end="4" start="2" name="AJ0"/>
                    <label end="6" start="6" name="PUN"/>
                    <label end="8" start="8" name="PUQ"/>
                    <label end="13" start="10" name="PNP"/>
                    <label end="18" start="15" name="AV0"/>
                    <label end="28" start="20" name="VVD-VVN"/>
                    <label end="37" start="30" name="AV0"/>
                    <label end="39" start="39" name="PUN"/>
                </layer>
            </annotationSet>
            <annotationSet cDate="01/07/2003 12:49:46 PST Tue" status="MANUAL" ID="949379">
                <layer rank="1" name="FE">
                    <label cBy="103" feID="185" end="8" start="0" name="Message"/>
                    <label cBy="103" feID="183" end="18" start="10" name="Speaker"/>
                </layer>
                <layer rank="1" name="GF">
                    <label end="8" start="0" name="Dep"/>
                    <label end="18" start="10" name="Ext"/>
                </layer>
                <layer rank="1" name="PT">
                    <label end="8" start="0" name="QUO"/>
                    <label end="18" start="10" name="NP"/>
                </layer>
                <layer rank="1" name="Sent">
                    <label end="0" start="0" name="sense1"/>
                </layer>
                <layer rank="1" name="Other"/>
                <layer rank="1" name="Target">
                    <label cBy="103" end="28" start="20" name="Target"/>
                </layer>
                <layer rank="1" name="Verb"/>
            </annotationSet>
        </sentence>
        <sentence sentNo="0" aPos="21887839" ID="743841">
            <text>` Now that 's what I call a real bird's-eye view ! &quot; she exclaimed as she landed , beaming with delight . </text>
            <annotationSet cDate="01/07/2003 12:49:47 PST Tue" status="UNANN" ID="949384">
                <layer rank="1" name="BNC">
                    <label end="0" start="0" name="PUQ"/>
                    <label end="4" start="2" name="CJS"/>
                    <label end="9" start="6" name="CJS"/>
                    <label end="12" start="11" name="VBZ"/>
                    <label end="17" start="14" name="DTQ"/>
                    <label end="19" start="19" name="PNP"/>
                    <label end="24" start="21" name="VVB"/>
                    <label end="26" start="26" name="AT0"/>
                    <label end="31" start="28" name="AJ0"/>
                    <label end="42" start="33" name="AJ0-NN1"/>
                    <label end="47" start="44" name="NN1"/>
                    <label end="49" start="49" name="PUN"/>
                    <label end="51" start="51" name="PUQ"/>
                    <label end="55" start="53" name="PNP"/>
                    <label end="65" start="57" name="VVD"/>
                    <label end="68" start="67" name="CJS"/>
                    <label end="72" start="70" name="PNP"/>
                    <label end="79" start="74" name="VVD"/>
                    <label end="81" start="81" name="PUN"/>
                    <label end="89" start="83" name="VVG"/>
                    <label end="94" start="91" name="PRP"/>
                    <label end="102" start="96" name="NN1"/>
                    <label end="104" start="104" name="PUN"/>
                </layer>
            </annotationSet>
            <annotationSet cDate="01/07/2003 12:49:47 PST Tue" status="MANUAL" ID="949385">
                <layer rank="1" name="FE">
                    <label cBy="103" feID="185" end="51" start="0" name="Message"/>
                    <label cBy="103" feID="183" end="55" start="53" name="Speaker"/>
                </layer>
                <layer rank="1" name="GF">
                    <label end="51" start="0" name="Dep"/>
                    <label end="55" start="53" name="Ext"/>
                </layer>
                <layer rank="1" name="PT">
                    <label end="51" start="0" name="QUO"/>
                    <label end="55" start="53" name="NP"/>
                </layer>
                <layer rank="1" name="Sent">
                    <label end="0" start="0" name="sense1"/>
                </layer>
                <layer rank="1" name="Other"/>
                <layer rank="1" name="Target">
                    <label cBy="103" end="65" start="57" name="Target"/>
                </layer>
                <layer rank="1" name="Verb"/>
            </annotationSet>
        </sentence>
        <sentence sentNo="0" aPos="55771541" ID="743843">
            <text>&quot; Oh , but you 've been in bed ! &quot; she exclaimed as soon as she went round the angle . </text>
            <annotationSet cDate="01/07/2003 12:49:47 PST Tue" status="UNANN" ID="949388">
                <layer rank="1" name="BNC">
                    <label end="0" start="0" name="PUQ"/>
                    <label end="3" start="2" name="ITJ"/>
                    <label end="5" start="5" name="PUN"/>
                    <label end="9" start="7" name="CJC"/>
                    <label end="13" start="11" name="PNP"/>
                    <label end="17" start="15" name="VHB"/>
                    <label end="22" start="19" name="VBN"/>
                    <label end="25" start="24" name="PRP"/>
                    <label end="29" start="27" name="NN1"/>
                    <label end="31" start="31" name="PUN"/>
                    <label end="33" start="33" name="PUQ"/>
                    <label end="37" start="35" name="PNP"/>
                    <label end="47" start="39" name="VVD"/>
                    <label end="50" start="49" name="CJS"/>
                    <label end="55" start="52" name="CJS"/>
                    <label end="58" start="57" name="CJS"/>
                    <label end="62" start="60" name="PNP"/>
                    <label end="67" start="64" name="VVD"/>
                    <label end="73" start="69" name="AVP-PRP"/>
                    <label end="77" start="75" name="AT0"/>
                    <label end="83" start="79" name="NN1"/>
                    <label end="85" start="85" name="PUN"/>
                </layer>
            </annotationSet>
            <annotationSet cDate="01/07/2003 12:49:47 PST Tue" status="MANUAL" ID="949389">
                <layer rank="1" name="FE">
                    <label cBy="103" feID="185" end="33" start="0" name="Message"/>
                    <label cBy="103" feID="183" end="37" start="35" name="Speaker"/>
                </layer>
                <layer rank="1" name="GF">
                    <label end="33" start="0" name="Dep"/>
                    <label end="37" start="35" name="Ext"/>
                </layer>
                <layer rank="1" name="PT">
                    <label end="33" start="0" name="QUO"/>
                    <label end="37" start="35" name="NP"/>
                </layer>
                <layer rank="1" name="Sent">
                    <label end="0" start="0" name="sense1"/>
                </layer>
                <layer rank="1" name="Other"/>
                <layer rank="1" name="Target">
                    <label cBy="103" end="47" start="39" name="Target"/>
                </layer>
                <layer rank="1" name="Verb"/>
            </annotationSet>
        </sentence>
        <sentence sentNo="0" aPos="63390823" ID="743845">
            <text>` Any landing you walk away from is a good one , &quot; she exclaimed as they taxied in to the small terminal . </text>
            <annotationSet cDate="01/07/2003 12:49:47 PST Tue" status="UNANN" ID="949392">
                <layer rank="1" name="BNC">
                    <label end="0" start="0" name="PUQ"/>
                    <label end="4" start="2" name="DT0"/>
                    <label end="12" start="6" name="NN1-VVG"/>
                    <label end="16" start="14" name="PNP"/>
                    <label end="21" start="18" name="VVB"/>
                    <label end="26" start="23" name="PRP"/>
                    <label end="31" start="28" name="PRP"/>
                    <label end="34" start="33" name="VBZ"/>
                    <label end="36" start="36" name="AT0"/>
                    <label end="41" start="38" name="AJ0"/>
                    <label end="45" start="43" name="PNI"/>
                    <label end="47" start="47" name="PUN"/>
                    <label end="49" start="49" name="PUQ"/>
                    <label end="53" start="51" name="PNP"/>
                    <label end="63" start="55" name="VVD"/>
                    <label end="66" start="65" name="CJS"/>
                    <label end="71" start="68" name="PNP"/>
                    <label end="78" start="73" name="VVD"/>
                    <label end="81" start="80" name="AVP"/>
                    <label end="84" start="83" name="PRP"/>
                    <label end="88" start="86" name="AT0"/>
                    <label end="94" start="90" name="AJ0"/>
                    <label end="103" start="96" name="NN1"/>
                    <label end="105" start="105" name="PUN"/>
                </layer>
            </annotationSet>
            <annotationSet cDate="01/07/2003 12:49:47 PST Tue" status="MANUAL" ID="949393">
                <layer rank="1" name="FE">
                    <label cBy="103" feID="185" end="49" start="0" name="Message"/>
                    <label cBy="103" feID="183" end="53" start="51" name="Speaker"/>
                </layer>
                <layer rank="1" name="GF">
                    <label end="49" start="0" name="Dep"/>
                    <label end="53" start="51" name="Ext"/>
                </layer>
                <layer rank="1" name="PT">
                    <label end="49" start="0" name="QUO"/>
                    <label end="53" start="51" name="NP"/>
                </layer>
                <layer rank="1" name="Sent">
                    <label end="0" start="0" name="sense1"/>
                </layer>
                <layer rank="1" name="Other"/>
                <layer rank="1" name="Target">
                    <label cBy="103" end="63" start="55" name="Target"/>
                </layer>
                <layer rank="1" name="Verb"/>
            </annotationSet>
        </sentence>
        <sentence sentNo="0" aPos="76572564" ID="743849">
            <text>Staring back at him , aware of how still he was holding himself , she exclaimed weakly , ` Oh , Leo , could does n't even enter into it . </text>
            <annotationSet cDate="01/07/2003 12:49:48 PST Tue" status="UNANN" ID="949400">
                <layer rank="1" name="BNC">
                    <label end="6" start="0" name="VVG"/>
                    <label end="11" start="8" name="AVP"/>
                    <label end="14" start="13" name="PRP"/>
                    <label end="18" start="16" name="PNP"/>
                    <label end="20" start="20" name="PUN"/>
                    <label end="26" start="22" name="AJ0"/>
                    <label end="29" start="28" name="PRF"/>
                    <label end="33" start="31" name="AVQ"/>
                    <label end="39" start="35" name="AV0"/>
                    <label end="42" start="41" name="PNP"/>
                    <label end="46" start="44" name="VBD"/>
                    <label end="54" start="48" name="VVG"/>
                    <label end="62" start="56" name="PNX"/>
                    <label end="64" start="64" name="PUN"/>
                    <label end="68" start="66" name="PNP"/>
                    <label end="78" start="70" name="VVD"/>
                    <label end="85" start="80" name="AV0"/>
                    <label end="87" start="87" name="PUN"/>
                    <label end="89" start="89" name="PUQ"/>
                    <label end="92" start="91" name="ITJ"/>
                    <label end="94" start="94" name="PUN"/>
                    <label end="98" start="96" name="NP0"/>
                    <label end="100" start="100" name="PUN"/>
                    <label end="106" start="102" name="VM0"/>
                    <label end="111" start="108" name="VDZ"/>
                    <label end="115" start="113" name="XX0"/>
                    <label end="120" start="117" name="AV0"/>
                    <label end="126" start="122" name="VVI"/>
                    <label end="131" start="128" name="PRP"/>
                    <label end="134" start="133" name="PNP"/>
                    <label end="136" start="136" name="PUN"/>
                </layer>
            </annotationSet>
            <annotationSet cDate="01/07/2003 12:49:48 PST Tue" status="MANUAL" ID="949401">
                <layer rank="1" name="FE">
                    <label cBy="103" feID="183" end="68" start="66" name="Speaker"/>
                    <label cBy="103" feID="1241" end="85" start="80" name="Manner"/>
                    <label cBy="103" feID="185" end="134" start="89" name="Message"/>
                </layer>
                <layer rank="1" name="GF">
                    <label end="68" start="66" name="Ext"/>
                    <label end="85" start="80" name="Dep"/>
                    <label end="134" start="89" name="Dep"/>
                </layer>
                <layer rank="1" name="PT">
                    <label end="68" start="66" name="NP"/>
                    <label end="85" start="80" name="AVP"/>
                    <label end="134" start="89" name="QUO"/>
                </layer>
                <layer rank="1" name="Sent">
                    <label end="0" start="0" name="sense1"/>
                </layer>
                <layer rank="1" name="Other"/>
                <layer rank="1" name="Target">
                    <label cBy="103" end="78" start="70" name="Target"/>
                </layer>
                <layer rank="1" name="Verb"/>
            </annotationSet>
        </sentence>
        <sentence sentNo="0" aPos="109081778" ID="743854">
            <text>This combination was so successful that one dealer exclaimed indignantly ` These prices are what I would charge myself . &quot; </text>
            <annotationSet cDate="01/07/2003 12:49:48 PST Tue" status="UNANN" ID="949410">
                <layer rank="1" name="BNC">
                    <label end="3" start="0" name="DT0"/>
                    <label end="15" start="5" name="NN1"/>
                    <label end="19" start="17" name="VBD"/>
                    <label end="22" start="21" name="AV0"/>
                    <label end="33" start="24" name="AJ0"/>
                    <label end="38" start="35" name="CJT"/>
                    <label end="42" start="40" name="CRD"/>
                    <label end="49" start="44" name="NN1"/>
                    <label end="59" start="51" name="VVD"/>
                    <label end="71" start="61" name="AV0"/>
                    <label end="73" start="73" name="PUQ"/>
                    <label end="79" start="75" name="DT0"/>
                    <label end="86" start="81" name="NN2"/>
                    <label end="90" start="88" name="VBB"/>
                    <label end="95" start="92" name="DTQ"/>
                    <label end="97" start="97" name="PNP"/>
                    <label end="103" start="99" name="VM0"/>
                    <label end="110" start="105" name="VVI"/>
                    <label end="117" start="112" name="PNX"/>
                    <label end="119" start="119" name="PUN"/>
                    <label end="121" start="121" name="PUQ"/>
                </layer>
            </annotationSet>
            <annotationSet cDate="01/07/2003 12:49:48 PST Tue" status="MANUAL" ID="949411">
                <layer rank="1" name="FE">
                    <label cBy="103" feID="183" end="49" start="40" name="Speaker"/>
                    <label cBy="103" feID="1241" end="71" start="61" name="Manner"/>
                    <label cBy="103" feID="185" end="121" start="73" name="Message"/>
                </layer>
                <layer rank="1" name="GF">
                    <label end="49" start="40" name="Ext"/>
                    <label end="71" start="61" name="Dep"/>
                    <label end="121" start="73" name="Dep"/>
                </layer>
                <layer rank="1" name="PT">
                    <label end="49" start="40" name="NP"/>
                    <label end="71" start="61" name="AVP"/>
                    <label end="121" start="73" name="QUO"/>
                </layer>
                <layer rank="1" name="Sent">
                    <label end="0" start="0" name="sense1"/>
                </layer>
                <layer rank="1" name="Other"/>
                <layer rank="1" name="Target">
                    <label cBy="103" end="59" start="51" name="Target"/>
                </layer>
                <layer rank="1" name="Verb"/>
            </annotationSet>
        </sentence>
    </subCorpus>
    <subCorpus name="V-intrans-simple">
        <sentence sentNo="0" aPos="6603741" ID="743856">
            <text>Barbaric , we might exclaim , how awful ! </text>
            <annotationSet cDate="01/07/2003 12:49:48 PST Tue" status="UNANN" ID="949414">
                <layer rank="1" name="BNC">
                    <label end="7" start="0" name="NP0"/>
                    <label end="9" start="9" name="PUN"/>
                    <label end="12" start="11" name="PNP"/>
                    <label end="18" start="14" name="VM0"/>
                    <label end="26" start="20" name="VVI"/>
                    <label end="28" start="28" name="PUN"/>
                    <label end="32" start="30" name="AVQ"/>
                    <label end="38" start="34" name="AJ0"/>
                    <label end="40" start="40" name="PUN"/>
                </layer>
            </annotationSet>
            <annotationSet cDate="01/07/2003 12:49:48 PST Tue" status="MANUAL" ID="949415">
                <layer rank="1" name="FE">
                    <label cBy="103" feID="185" end="7" start="0" name="Message"/>
                    <label cBy="103" feID="183" end="12" start="11" name="Speaker"/>
                    <label cBy="103" feID="185" end="40" start="30" name="Message"/>
                </layer>
                <layer rank="1" name="GF">
                    <label end="7" start="0" name="Dep"/>
                    <label end="12" start="11" name="Ext"/>
                    <label end="40" start="30" name="Dep"/>
                </layer>
                <layer rank="1" name="PT">
                    <label end="7" start="0" name="QUO"/>
                    <label end="12" start="11" name="NP"/>
                    <label end="40" start="30" name="QUO"/>
                </layer>
                <layer rank="1" name="Sent">
                    <label end="0" start="0" name="sense1"/>
                </layer>
                <layer rank="1" name="Other"/>
                <layer rank="1" name="Target">
                    <label cBy="103" end="26" start="20" name="Target"/>
                </layer>
                <layer rank="1" name="Verb"/>
            </annotationSet>
        </sentence>
        <sentence sentNo="0" aPos="8655179" ID="743857">
            <text>I exclaimed , bewildered , ` But she must be seventy . &quot; </text>
            <annotationSet cDate="01/07/2003 12:49:48 PST Tue" status="UNANN" ID="949416">
                <layer rank="1" name="BNC">
                    <label end="0" start="0" name="PNP"/>
                    <label end="10" start="2" name="VVD"/>
                    <label end="12" start="12" name="PUN"/>
                    <label end="23" start="14" name="VVD"/>
                    <label end="25" start="25" name="PUN"/>
                    <label end="27" start="27" name="PUQ"/>
                    <label end="31" start="29" name="CJC"/>
                    <label end="35" start="33" name="PNP"/>
                    <label end="40" start="37" name="VM0"/>
                    <label end="43" start="42" name="VBI"/>
                    <label end="51" start="45" name="CRD"/>
                    <label end="53" start="53" name="PUN"/>
                    <label end="55" start="55" name="PUQ"/>
                </layer>
            </annotationSet>
            <annotationSet cDate="01/07/2003 12:49:49 PST Tue" status="MANUAL" ID="949417">
                <layer rank="1" name="FE">
                    <label cBy="103" feID="183" end="0" start="0" name="Speaker"/>
                    <label cBy="103" feID="185" end="55" start="27" name="Message"/>
                </layer>
                <layer rank="1" name="GF">
                    <label end="0" start="0" name="Ext"/>
                    <label end="55" start="27" name="Dep"/>
                </layer>
                <layer rank="1" name="PT">
                    <label end="0" start="0" name="NP"/>
                    <label end="55" start="27" name="QUO"/>
                </layer>
                <layer rank="1" name="Sent">
                    <label end="0" start="0" name="sense1"/>
                </layer>
                <layer rank="1" name="Other"/>
                <layer rank="1" name="Target">
                    <label cBy="103" end="10" start="2" name="Target"/>
                </layer>
                <layer rank="1" name="Verb"/>
            </annotationSet>
        </sentence>
        <sentence sentNo="0" aPos="69038800" ID="743867">
            <text>It 's for me , Thérèse exclaimed : it 's from the nuns in Soeur Dosithée 's old convent . </text>
            <annotationSet cDate="01/07/2003 12:49:49 PST Tue" status="UNANN" ID="949436">
                <layer rank="1" name="BNC">
                    <label end="1" start="0" name="PNP"/>
                    <label end="4" start="3" name="VBZ"/>
                    <label end="8" start="6" name="PRP"/>
                    <label end="11" start="10" name="PNP"/>
                    <label end="13" start="13" name="PUN"/>
                    <label end="21" start="15" name="NP0"/>
                    <label end="31" start="23" name="VVD"/>
                    <label end="33" start="33" name="PUN"/>
                    <label end="36" start="35" name="PNP"/>
                    <label end="39" start="38" name="VBZ"/>
                    <label end="44" start="41" name="PRP"/>
                    <label end="48" start="46" name="AT0"/>
                    <label end="53" start="50" name="NN2"/>
                    <label end="56" start="55" name="PRP"/>
                    <label end="62" start="58" name="NP0"/>
                    <label end="71" start="64" name="NP0"/>
                    <label end="74" start="73" name="POS"/>
                    <label end="78" start="76" name="AJ0"/>
                    <label end="86" start="80" name="NN1"/>
                    <label end="88" start="88" name="PUN"/>
                </layer>
            </annotationSet>
            <annotationSet cDate="01/07/2003 12:49:49 PST Tue" status="MANUAL" ID="949437">
                <layer rank="1" name="FE">
                    <label cBy="103" feID="185" end="11" start="0" name="Message"/>
                    <label cBy="103" feID="183" end="21" start="15" name="Speaker"/>
                    <label cBy="103" feID="185" end="86" start="35" name="Message"/>
                </layer>
                <layer rank="1" name="GF">
                    <label end="11" start="0" name="Dep"/>
                    <label end="21" start="15" name="Ext"/>
                    <label end="86" start="35" name="Dep"/>
                </layer>
                <layer rank="1" name="PT">
                    <label end="11" start="0" name="QUO"/>
                    <label end="21" start="15" name="NP"/>
                    <label end="86" start="35" name="QUO"/>
                </layer>
                <layer rank="1" name="Sent">
                    <label end="0" start="0" name="sense1"/>
                </layer>
                <layer rank="1" name="Other"/>
                <layer rank="1" name="Target">
                    <label cBy="103" end="31" start="23" name="Target"/>
                </layer>
                <layer rank="1" name="Verb"/>
            </annotationSet>
        </sentence>
        <sentence sentNo="0" aPos="101792635" ID="743873">
            <text>` Fabia , love , how nice to hear from you ! &quot; her mother exclaimed . </text>
            <annotationSet cDate="01/07/2003 12:49:50 PST Tue" status="UNANN" ID="949448">
                <layer rank="1" name="BNC">
                    <label end="0" start="0" name="PUQ"/>
                    <label end="6" start="2" name="NP0"/>
                    <label end="8" start="8" name="PUN"/>
                    <label end="13" start="10" name="NN1-VVB"/>
                    <label end="15" start="15" name="PUN"/>
                    <label end="19" start="17" name="AVQ"/>
                    <label end="24" start="21" name="AJ0"/>
                    <label end="27" start="26" name="TO0"/>
                    <label end="32" start="29" name="VVI"/>
                    <label end="37" start="34" name="PRP"/>
                    <label end="41" start="39" name="PNP"/>
                    <label end="43" start="43" name="PUN"/>
                    <label end="45" start="45" name="PUQ"/>
                    <label end="49" start="47" name="PNP"/>
                    <label end="56" start="51" name="NN1"/>
                    <label end="66" start="58" name="VVD-VVN"/>
                    <label end="68" start="68" name="PUN"/>
                </layer>
            </annotationSet>
            <annotationSet cDate="01/07/2003 12:49:50 PST Tue" status="MANUAL" ID="949449">
                <layer rank="1" name="FE">
                    <label cBy="103" feID="185" end="45" start="0" name="Message"/>
                    <label cBy="103" feID="183" end="56" start="47" name="Speaker"/>
                </layer>
                <layer rank="1" name="GF">
                    <label end="45" start="0" name="Dep"/>
                    <label end="56" start="47" name="Ext"/>
                </layer>
                <layer rank="1" name="PT">
                    <label end="45" start="0" name="QUO"/>
                    <label end="56" start="47" name="NP"/>
                </layer>
                <layer rank="1" name="Sent">
                    <label end="0" start="0" name="sense1"/>
                </layer>
                <layer rank="1" name="Other"/>
                <layer rank="1" name="Target">
                    <label cBy="103" end="66" start="58" name="Target"/>
                </layer>
                <layer rank="1" name="Verb"/>
            </annotationSet>
        </sentence>
    </subCorpus>
    <subCorpus name="V-invertquote">
        <sentence sentNo="0" aPos="11162779" ID="743877">
            <text>` Why did n't you say so before ? &quot; exclaimed the Bookman . </text>
            <annotationSet cDate="01/07/2003 12:49:51 PST Tue" status="UNANN" ID="949456">
                <layer rank="1" name="BNC">
                    <label end="0" start="0" name="PUQ"/>
                    <label end="4" start="2" name="AVQ"/>
                    <label end="8" start="6" name="VDD"/>
                    <label end="12" start="10" name="XX0"/>
                    <label end="16" start="14" name="PNP"/>
                    <label end="20" start="18" name="VVI"/>
                    <label end="23" start="22" name="AV0"/>
                    <label end="30" start="25" name="AV0"/>
                    <label end="32" start="32" name="PUN"/>
                    <label end="34" start="34" name="PUQ"/>
                    <label end="44" start="36" name="VVD"/>
                    <label end="48" start="46" name="AT0"/>
                    <label end="56" start="50" name="NN1"/>
                    <label end="58" start="58" name="PUN"/>
                </layer>
            </annotationSet>
            <annotationSet cDate="01/07/2003 12:49:51 PST Tue" status="MANUAL" ID="949457">
                <layer rank="1" name="FE">
                    <label cBy="103" feID="185" end="34" start="0" name="Message"/>
                    <label cBy="103" feID="183" end="56" start="46" name="Speaker"/>
                </layer>
                <layer rank="1" name="GF">
                    <label end="34" start="0" name="Dep"/>
                    <label end="56" start="46" name="Ext"/>
                </layer>
                <layer rank="1" name="PT">
                    <label end="34" start="0" name="QUO"/>
                    <label end="56" start="46" name="NP"/>
                </layer>
                <layer rank="1" name="Sent">
                    <label end="0" start="0" name="sense1"/>
                </layer>
                <layer rank="1" name="Other"/>
                <layer rank="1" name="Target">
                    <label cBy="103" end="44" start="36" name="Target"/>
                </layer>
                <layer rank="1" name="Verb"/>
            </annotationSet>
        </sentence>
        <sentence sentNo="0" aPos="16287391" ID="743878">
            <text>` What a shame ! &quot; exclaimed Carol . </text>
            <annotationSet cDate="01/07/2003 12:49:51 PST Tue" status="UNANN" ID="949458">
                <layer rank="1" name="BNC">
                    <label end="0" start="0" name="PUQ"/>
                    <label end="5" start="2" name="DTQ"/>
                    <label end="7" start="7" name="AT0"/>
                    <label end="13" start="9" name="NN1"/>
                    <label end="15" start="15" name="PUN"/>
                    <label end="17" start="17" name="PUQ"/>
                    <label end="27" start="19" name="VVD"/>
                    <label end="33" start="29" name="NN1-NP0"/>
                    <label end="35" start="35" name="PUN"/>
                </layer>
            </annotationSet>
            <annotationSet cDate="01/07/2003 12:49:51 PST Tue" status="MANUAL" ID="949459">
                <layer rank="1" name="FE">
                    <label cBy="103" feID="185" end="17" start="0" name="Message"/>
                    <label cBy="103" feID="183" end="33" start="29" name="Speaker"/>
                </layer>
                <layer rank="1" name="GF">
                    <label end="17" start="0" name="Dep"/>
                    <label end="33" start="29" name="Ext"/>
                </layer>
                <layer rank="1" name="PT">
                    <label end="17" start="0" name="QUO"/>
                    <label end="33" start="29" name="NP"/>
                </layer>
                <layer rank="1" name="Sent">
                    <label end="0" start="0" name="sense1"/>
                </layer>
                <layer rank="1" name="Other"/>
                <layer rank="1" name="Target">
                    <label cBy="103" end="27" start="19" name="Target"/>
                </layer>
                <layer rank="1" name="Verb"/>
            </annotationSet>
        </sentence>
    </subCorpus>
    <subCorpus name="V-pother"/>
    <subCorpus name="V-ppother">
        <sentence sentNo="0" aPos="4282009" ID="743898">
            <text>Phil exclaimed in alarm , ` What 's wrong , Arty , boy ? </text>
            <annotationSet cDate="01/07/2003 12:49:53 PST Tue" status="UNANN" ID="949498">
                <layer rank="1" name="BNC">
                    <label end="3" start="0" name="NP0"/>
                    <label end="13" start="5" name="VVD"/>
                    <label end="16" start="15" name="PRP"/>
                    <label end="22" start="18" name="NN1"/>
                    <label end="24" start="24" name="PUN"/>
                    <label end="26" start="26" name="PUQ"/>
                    <label end="31" start="28" name="DTQ"/>
                    <label end="34" start="33" name="VBZ"/>
                    <label end="40" start="36" name="AJ0"/>
                    <label end="42" start="42" name="PUN"/>
                    <label end="47" start="44" name="NN1-NP0"/>
                    <label end="49" start="49" name="PUN"/>
                    <label end="53" start="51" name="NN1"/>
                    <label end="55" start="55" name="PUN"/>
                </layer>
            </annotationSet>
            <annotationSet cDate="01/07/2003 12:49:53 PST Tue" status="MANUAL" ID="949499">
                <layer rank="1" name="FE">
                    <label cBy="103" feID="183" end="3" start="0" name="Speaker"/>
                    <label cBy="103" feID="185" end="55" start="26" name="Message"/>
                </layer>
                <layer rank="1" name="GF">
                    <label end="3" start="0" name="Ext"/>
                    <label end="55" start="26" name="Dep"/>
                </layer>
                <layer rank="1" name="PT">
                    <label end="3" start="0" name="NP"/>
                    <label end="55" start="26" name="QUO"/>
                </layer>
                <layer rank="1" name="Sent">
                    <label end="0" start="0" name="sense1"/>
                </layer>
                <layer rank="1" name="Other"/>
                <layer rank="1" name="Target">
                    <label cBy="103" end="13" start="5" name="Target"/>
                </layer>
                <layer rank="1" name="Verb"/>
            </annotationSet>
        </sentence>
        <sentence sentNo="0" aPos="80052156" ID="743905">
            <text>“ Feargal ! ” she exclaimed in exasperation . </text>
            <annotationSet cDate="01/07/2003 12:49:54 PST Tue" status="UNANN" ID="949512">
                <layer rank="1" name="BNC">
                    <label end="0" start="0" name="PUQ"/>
                    <label end="8" start="2" name="NP0"/>
                    <label end="10" start="10" name="PUN"/>
                    <label end="12" start="12" name="PUQ"/>
                    <label end="16" start="14" name="PNP"/>
                    <label end="26" start="18" name="VVD"/>
                    <label end="29" start="28" name="PRP"/>
                    <label end="42" start="31" name="NN1"/>
                    <label end="44" start="44" name="PUN"/>
                </layer>
            </annotationSet>
            <annotationSet cDate="01/07/2003 12:49:54 PST Tue" status="MANUAL" ID="949513">
                <layer rank="1" name="FE">
                    <label cBy="103" feID="185" end="12" start="0" name="Message"/>
                    <label cBy="103" feID="183" end="16" start="14" name="Speaker"/>
                    <label cBy="103" feID="1519" end="42" start="28" name="Internal_cause"/>
                </layer>
                <layer rank="1" name="GF">
                    <label end="12" start="0" name="Dep"/>
                    <label end="16" start="14" name="Ext"/>
                    <label end="42" start="28" name="Dep"/>
                </layer>
                <layer rank="1" name="PT">
                    <label end="12" start="0" name="QUO"/>
                    <label end="16" start="14" name="NP"/>
                    <label end="42" start="28" name="PP"/>
                </layer>
                <layer rank="1" name="Sent">
                    <label end="0" start="0" name="sense1"/>
                </layer>
                <layer rank="1" name="Other"/>
                <layer rank="1" name="Target">
                    <label cBy="103" end="26" start="18" name="Target"/>
                </layer>
                <layer rank="1" name="Verb"/>
            </annotationSet>
        </sentence>
    </subCorpus>
    <subCorpus name="V-ppto">
        <sentence sentNo="0" aPos="74106796" ID="743918">
            <text>` Upon my soul , &quot; Louisa exclaimed to Emilia Frere , ` your husband is a man of surprises . </text>
            <annotationSet cDate="01/07/2003 12:49:55 PST Tue" status="UNANN" ID="949538">
                <layer rank="1" name="BNC">
                    <label end="0" start="0" name="PUQ"/>
                    <label end="5" start="2" name="PRP"/>
                    <label end="8" start="7" name="DPS"/>
                    <label end="13" start="10" name="NN1"/>
                    <label end="15" start="15" name="PUN"/>
                    <label end="17" start="17" name="PUQ"/>
                    <label end="24" start="19" name="NP0"/>
                    <label end="34" start="26" name="VVD"/>
                    <label end="37" start="36" name="PRP"/>
                    <label end="44" start="39" name="NP0"/>
                    <label end="50" start="46" name="NP0"/>
                    <label end="52" start="52" name="PUN"/>
                    <label end="54" start="54" name="PUQ"/>
                    <label end="59" start="56" name="DPS"/>
                    <label end="67" start="61" name="NN1"/>
                    <label end="70" start="69" name="VBZ"/>
                    <label end="72" start="72" name="AT0"/>
                    <label end="76" start="74" name="NN1"/>
                    <label end="79" start="78" name="PRF"/>
                    <label end="89" start="81" name="NN2"/>
                    <label end="91" start="91" name="PUN"/>
                </layer>
            </annotationSet>
            <annotationSet cDate="01/07/2003 12:49:55 PST Tue" status="MANUAL" ID="949539">
                <layer rank="1" name="FE">
                    <label cBy="103" feID="185" end="17" start="0" name="Message"/>
                    <label cBy="103" feID="183" end="24" start="19" name="Speaker"/>
                    <label cBy="103" feID="184" end="50" start="36" name="Addressee"/>
                    <label cBy="103" feID="185" end="89" start="54" name="Message"/>
                </layer>
                <layer rank="1" name="GF">
                    <label end="17" start="0" name="Dep"/>
                    <label end="24" start="19" name="Ext"/>
                    <label end="50" start="36" name="Dep"/>
                    <label end="89" start="54" name="Dep"/>
                </layer>
                <layer rank="1" name="PT">
                    <label end="17" start="0" name="QUO"/>
                    <label end="24" start="19" name="NP"/>
                    <label end="50" start="36" name="PP"/>
                    <label end="89" start="54" name="QUO"/>
                </layer>
                <layer rank="1" name="Sent">
                    <label end="0" start="0" name="sense1"/>
                </layer>
                <layer rank="1" name="Other"/>
                <layer rank="1" name="Target">
                    <label cBy="103" end="34" start="26" name="Target"/>
                </layer>
                <layer rank="1" name="Verb"/>
            </annotationSet>
        </sentence>
        <sentence sentNo="0" aPos="100530602" ID="743920">
            <text>It 's impossible ! she exclaimed to herself , getting up and leaning on the rough stone windowsill . </text>
            <annotationSet cDate="01/07/2003 12:49:55 PST Tue" status="UNANN" ID="949542">
                <layer rank="1" name="BNC">
                    <label end="1" start="0" name="PNP"/>
                    <label end="4" start="3" name="VBZ"/>
                    <label end="15" start="6" name="AJ0"/>
                    <label end="17" start="17" name="PUN"/>
                    <label end="21" start="19" name="PNP"/>
                    <label end="31" start="23" name="VVD"/>
                    <label end="34" start="33" name="PRP"/>
                    <label end="42" start="36" name="PNX"/>
                    <label end="44" start="44" name="PUN"/>
                    <label end="52" start="46" name="VVG"/>
                    <label end="55" start="54" name="AVP"/>
                    <label end="59" start="57" name="CJC"/>
                    <label end="67" start="61" name="VVG"/>
                    <label end="70" start="69" name="PRP"/>
                    <label end="74" start="72" name="AT0"/>
                    <label end="80" start="76" name="AJ0"/>
                    <label end="86" start="82" name="NN1"/>
                    <label end="97" start="88" name="NN1"/>
                    <label end="99" start="99" name="PUN"/>
                </layer>
            </annotationSet>
            <annotationSet cDate="01/07/2003 12:49:55 PST Tue" status="MANUAL" ID="949543">
                <layer rank="1" name="FE">
                    <label cBy="103" feID="185" end="17" start="0" name="Message"/>
                    <label cBy="103" feID="183" end="21" start="19" name="Speaker"/>
                    <label cBy="103" feID="184" end="42" start="33" name="Addressee"/>
                </layer>
                <layer rank="1" name="GF">
                    <label end="17" start="0" name="Dep"/>
                    <label end="21" start="19" name="Ext"/>
                    <label end="42" start="33" name="Dep"/>
                </layer>
                <layer rank="1" name="PT">
                    <label end="17" start="0" name="QUO"/>
                    <label end="21" start="19" name="NP"/>
                    <label end="42" start="33" name="PP"/>
                </layer>
                <layer rank="1" name="Sent">
                    <label end="0" start="0" name="sense1"/>
                </layer>
                <layer rank="1" name="Other"/>
                <layer rank="1" name="Target">
                    <label cBy="103" end="31" start="23" name="Target"/>
                </layer>
                <layer rank="1" name="Verb"/>
            </annotationSet>
        </sentence>
        <sentence sentNo="0" aPos="35000452" ID="743924">
            <text>Javed 's gouging prompted commentator Richie Benaud to exclaim to millions of viewers : ` Steady on there ! &quot; </text>
            <annotationSet cDate="01/07/2003 12:49:56 PST Tue" status="UNANN" ID="949550">
                <layer rank="1" name="BNC">
                    <label end="4" start="0" name="NP0"/>
                    <label end="7" start="6" name="VBZ"/>
                    <label end="15" start="9" name="VVG"/>
                    <label end="24" start="17" name="AJ0"/>
                    <label end="36" start="26" name="NN1"/>
                    <label end="43" start="38" name="NP0"/>
                    <label end="50" start="45" name="NP0"/>
                    <label end="53" start="52" name="TO0"/>
                    <label end="61" start="55" name="VVI"/>
                    <label end="64" start="63" name="PRP"/>
                    <label end="73" start="66" name="NN2"/>
                    <label end="76" start="75" name="PRF"/>
                    <label end="84" start="78" name="NN2"/>
                    <label end="86" start="86" name="PUN"/>
                    <label end="88" start="88" name="PUQ"/>
                    <label end="95" start="90" name="AJ0-AV0"/>
                    <label end="98" start="97" name="PRP"/>
                    <label end="104" start="100" name="AV0"/>
                    <label end="106" start="106" name="PUN"/>
                    <label end="108" start="108" name="PUQ"/>
                </layer>
            </annotationSet>
            <annotationSet cDate="01/07/2003 12:49:56 PST Tue" status="MANUAL" ID="949551">
                <layer rank="1" name="FE">
                    <label cBy="103" feID="183" end="50" start="26" name="Speaker"/>
                    <label cBy="103" feID="184" end="84" start="63" name="Addressee"/>
                    <label cBy="103" feID="185" end="108" start="88" name="Message"/>
                </layer>
                <layer rank="1" name="GF">
                    <label end="50" start="26" name="Ext"/>
                    <label end="84" start="63" name="Dep"/>
                    <label end="108" start="88" name="Dep"/>
                </layer>
                <layer rank="1" name="PT">
                    <label end="50" start="26" name="NP"/>
                    <label end="84" start="63" name="PP"/>
                    <label end="108" start="88" name="QUO"/>
                </layer>
                <layer rank="1" name="Sent">
                    <label end="0" start="0" name="sense1"/>
                </layer>
                <layer rank="1" name="Other"/>
                <layer rank="1" name="Target">
                    <label cBy="103" end="61" start="55" name="Target"/>
                </layer>
                <layer rank="1" name="Verb"/>
            </annotationSet>
        </sentence>
        <sentence sentNo="0" aPos="40759328" ID="743925">
            <text>` If it is three billion guilders up front , it is an incredible deal , &quot; one London-based analyst who declined identification exclaimed to Reuter . </text>
            <annotationSet cDate="01/07/2003 12:49:56 PST Tue" status="UNANN" ID="949552">
                <layer rank="1" name="BNC">
                    <label end="0" start="0" name="PUQ"/>
                    <label end="3" start="2" name="CJS"/>
                    <label end="6" start="5" name="PNP"/>
                    <label end="9" start="8" name="VBZ"/>
                    <label end="15" start="11" name="CRD"/>
                    <label end="23" start="17" name="CRD"/>
                    <label end="32" start="25" name="NN2"/>
                    <label end="35" start="34" name="AV0"/>
                    <label end="41" start="37" name="AV0"/>
                    <label end="43" start="43" name="PUN"/>
                    <label end="46" start="45" name="PNP"/>
                    <label end="49" start="48" name="VBZ"/>
                    <label end="52" start="51" name="AT0"/>
                    <label end="63" start="54" name="AJ0"/>
                    <label end="68" start="65" name="NN1"/>
                    <label end="70" start="70" name="PUN"/>
                    <label end="72" start="72" name="PUQ"/>
                    <label end="76" start="74" name="CRD"/>
                    <label end="89" start="78" name="AJ0"/>
                    <label end="97" start="91" name="NN1"/>
                    <label end="101" start="99" name="PNQ"/>
                    <label end="110" start="103" name="VVD"/>
                    <label end="125" start="112" name="NN1"/>
                    <label end="135" start="127" name="VVD-VVN"/>
                    <label end="138" start="137" name="PRP"/>
                    <label end="145" start="140" name="NP0"/>
                    <label end="147" start="147" name="PUN"/>
                </layer>
            </annotationSet>
            <annotationSet cDate="01/07/2003 12:49:56 PST Tue" status="MANUAL" ID="949553">
                <layer rank="1" name="FE">
                    <label cBy="103" feID="185" end="72" start="0" name="Message"/>
                    <label cBy="103" feID="183" end="125" start="74" name="Speaker"/>
                    <label cBy="103" feID="184" end="145" start="137" name="Addressee"/>
                </layer>
                <layer rank="1" name="GF">
                    <label end="72" start="0" name="Dep"/>
                    <label end="125" start="74" name="Ext"/>
                    <label end="145" start="137" name="Dep"/>
                </layer>
                <layer rank="1" name="PT">
                    <label end="72" start="0" name="QUO"/>
                    <label end="125" start="74" name="NP"/>
                    <label end="145" start="137" name="PP"/>
                </layer>
                <layer rank="1" name="Sent">
                    <label end="0" start="0" name="sense1"/>
                </layer>
                <layer rank="1" name="Other"/>
                <layer rank="1" name="Target">
                    <label cBy="103" end="135" start="127" name="Target"/>
                </layer>
                <layer rank="1" name="Verb"/>
            </annotationSet>
        </sentence>
    </subCorpus>
    <subCorpus name="V-quote">
        <sentence sentNo="0" aPos="80848750" ID="743941">
            <text>` Goodness , &quot; Robbie exclaimed scornfully . </text>
            <annotationSet cDate="01/07/2003 12:50:00 PST Tue" status="UNANN" ID="949584">
                <layer rank="1" name="BNC">
                    <label end="0" start="0" name="PUQ"/>
                    <label end="9" start="2" name="NP0"/>
                    <label end="11" start="11" name="PUN"/>
                    <label end="13" start="13" name="PUQ"/>
                    <label end="20" start="15" name="NP0"/>
                    <label end="30" start="22" name="VVD"/>
                    <label end="41" start="32" name="AV0"/>
                    <label end="43" start="43" name="PUN"/>
                </layer>
            </annotationSet>
            <annotationSet cDate="01/07/2003 12:50:00 PST Tue" status="MANUAL" ID="949585">
                <layer rank="1" name="FE">
                    <label cBy="103" feID="185" end="13" start="0" name="Message"/>
                    <label cBy="103" feID="183" end="20" start="15" name="Speaker"/>
                    <label cBy="103" feID="1241" end="41" start="32" name="Manner"/>
                </layer>
                <layer rank="1" name="GF">
                    <label end="13" start="0" name="Dep"/>
                    <label end="20" start="15" name="Ext"/>
                    <label end="41" start="32" name="Dep"/>
                </layer>
                <layer rank="1" name="PT">
                    <label end="13" start="0" name="QUO"/>
                    <label end="20" start="15" name="NP"/>
                    <label end="41" start="32" name="AVP"/>
                </layer>
                <layer rank="1" name="Sent">
                    <label end="0" start="0" name="sense1"/>
                </layer>
                <layer rank="1" name="Other"/>
                <layer rank="1" name="Target">
                    <label cBy="103" end="30" start="22" name="Target"/>
                </layer>
                <layer rank="1" name="Verb"/>
            </annotationSet>
        </sentence>
    </subCorpus>
    <subCorpus name="V-sfin">
        <sentence sentNo="0" aPos="14484360" ID="743946">
            <text>` Fenmen , disgusting representations of ignorance and indecency ! &quot; exclaimed the judge in the Littleport riots in 1816 . </text>
            <annotationSet cDate="01/07/2003 12:50:00 PST Tue" status="UNANN" ID="949594">
                <layer rank="1" name="BNC">
                    <label end="0" start="0" name="PUQ"/>
                    <label end="7" start="2" name="NN2"/>
                    <label end="9" start="9" name="PUN"/>
                    <label end="20" start="11" name="VVG"/>
                    <label end="36" start="22" name="NN2"/>
                    <label end="39" start="38" name="PRF"/>
                    <label end="49" start="41" name="NN1"/>
                    <label end="53" start="51" name="CJC"/>
                    <label end="63" start="55" name="NN1"/>
                    <label end="65" start="65" name="PUN"/>
                    <label end="67" start="67" name="PUQ"/>
                    <label end="77" start="69" name="VVD"/>
                    <label end="81" start="79" name="AT0"/>
                    <label end="87" start="83" name="NN1"/>
                    <label end="90" start="89" name="PRP"/>
                    <label end="94" start="92" name="AT0"/>
                    <label end="105" start="96" name="NN1"/>
                    <label end="111" start="107" name="NN2-VVZ"/>
                    <label end="114" start="113" name="PRP"/>
                    <label end="119" start="116" name="CRD"/>
                    <label end="121" start="121" name="PUN"/>
                </layer>
            </annotationSet>
            <annotationSet cDate="01/07/2003 12:50:00 PST Tue" status="MANUAL" ID="949595">
                <layer rank="1" name="FE">
                    <label cBy="103" feID="185" end="67" start="0" name="Message"/>
                    <label cBy="103" feID="183" end="119" start="79" name="Speaker"/>
                </layer>
                <layer rank="1" name="GF">
                    <label end="67" start="0" name="Dep"/>
                    <label end="119" start="79" name="Ext"/>
                </layer>
                <layer rank="1" name="PT">
                    <label end="67" start="0" name="QUO"/>
                    <label end="119" start="79" name="NP"/>
                </layer>
                <layer rank="1" name="Sent">
                    <label end="0" start="0" name="sense1"/>
                </layer>
                <layer rank="1" name="Other"/>
                <layer rank="1" name="Target">
                    <label cBy="103" end="77" start="69" name="Target"/>
                </layer>
                <layer rank="1" name="Verb"/>
            </annotationSet>
        </sentence>
    </subCorpus>
    <subCorpus name="V-surepass"/>
    <subCorpus name="V-that-sfin">
        <sentence sentNo="0" aPos="12310725" ID="743950">
            <text>Tawell , who was deeply affronted that such a respectable businessman should be arrested on such a charge , exclaimed that he had never heard of Sara Hart , nor of Salt Hill , and he had definitely never been there . </text>
            <annotationSet cDate="01/07/2003 12:50:01 PST Tue" status="UNANN" ID="949602">
                <layer rank="1" name="BNC">
                    <label end="5" start="0" name="NN1-NP0"/>
                    <label end="7" start="7" name="PUN"/>
                    <label end="11" start="9" name="PNQ"/>
                    <label end="15" start="13" name="VBD"/>
                    <label end="22" start="17" name="AV0"/>
                    <label end="32" start="24" name="VVD-VVN"/>
                    <label end="37" start="34" name="CJT"/>
                    <label end="42" start="39" name="DT0"/>
                    <label end="44" start="44" name="AT0"/>
                    <label end="56" start="46" name="AJ0"/>
                    <label end="68" start="58" name="NN1"/>
                    <label end="75" start="70" name="VM0"/>
                    <label end="78" start="77" name="VBI"/>
                    <label end="87" start="80" name="VVN"/>
                    <label end="90" start="89" name="PRP"/>
                    <label end="95" start="92" name="DT0"/>
                    <label end="97" start="97" name="AT0"/>
                    <label end="104" start="99" name="NN1"/>
                    <label end="106" start="106" name="PUN"/>
                    <label end="116" start="108" name="VVD"/>
                    <label end="121" start="118" name="CJT"/>
                    <label end="124" start="123" name="PNP"/>
                    <label end="128" start="126" name="VHD"/>
                    <label end="134" start="130" name="AV0"/>
                    <label end="140" start="136" name="VVN"/>
                    <label end="143" start="142" name="PRF"/>
                    <label end="148" start="145" name="NP0"/>
                    <label end="153" start="150" name="NP0"/>
                    <label end="155" start="155" name="PUN"/>
                    <label end="159" start="157" name="CJC"/>
                    <label end="162" start="161" name="PRF"/>
                    <label end="167" start="164" name="NP0"/>
                    <label end="172" start="169" name="NP0"/>
                    <label end="174" start="174" name="PUN"/>
                    <label end="178" start="176" name="CJC"/>
                    <label end="181" start="180" name="PNP"/>
                    <label end="185" start="183" name="VHD"/>
                    <label end="196" start="187" name="AV0"/>
                    <label end="202" start="198" name="AV0"/>
                    <label end="207" start="204" name="VBN"/>
                    <label end="213" start="209" name="AV0"/>
                    <label end="215" start="215" name="PUN"/>
                </layer>
            </annotationSet>
            <annotationSet cDate="01/07/2003 12:50:01 PST Tue" status="MANUAL" ID="949603">
                <layer rank="1" name="FE">
                    <label cBy="103" feID="183" end="5" start="0" name="Speaker"/>
                    <label cBy="103" feID="185" end="213" start="118" name="Message"/>
                </layer>
                <layer rank="1" name="GF">
                    <label end="5" start="0" name="Ext"/>
                    <label end="213" start="118" name="Dep"/>
                </layer>
                <layer rank="1" name="PT">
                    <label end="5" start="0" name="NP"/>
                    <label end="213" start="118" name="Sfin"/>
                </layer>
                <layer rank="1" name="Sent">
                    <label end="0" start="0" name="sense1"/>
                </layer>
                <layer rank="1" name="Other"/>
                <layer rank="1" name="Target">
                    <label cBy="103" end="116" start="108" name="Target"/>
                </layer>
                <layer rank="1" name="Verb"/>
            </annotationSet>
        </sentence>
    </subCorpus>
    <subCorpus name="V-trans-other">
        <sentence sentNo="0" aPos="29095103" ID="743952">
            <text>` Yea , that is it ! &quot; exclaimed Anne delightedly . </text>
            <annotationSet cDate="01/07/2003 12:50:01 PST Tue" status="UNANN" ID="949606">
                <layer rank="1" name="BNC">
                    <label end="0" start="0" name="PUQ"/>
                    <label end="4" start="2" name="ITJ"/>
                    <label end="6" start="6" name="PUN"/>
                    <label end="11" start="8" name="CJT-DT0"/>
                    <label end="14" start="13" name="VBZ"/>
                    <label end="17" start="16" name="PNP"/>
                    <label end="19" start="19" name="PUN"/>
                    <label end="21" start="21" name="PUQ"/>
                    <label end="31" start="23" name="VVD"/>
                    <label end="36" start="33" name="NP0"/>
                    <label end="48" start="38" name="AV0"/>
                    <label end="50" start="50" name="PUN"/>
                </layer>
            </annotationSet>
            <annotationSet cDate="01/07/2003 12:50:01 PST Tue" status="MANUAL" ID="949607">
                <layer rank="1" name="FE">
                    <label cBy="103" feID="185" end="21" start="0" name="Message"/>
                    <label cBy="103" feID="183" end="36" start="33" name="Speaker"/>
                    <label cBy="103" feID="1241" end="48" start="38" name="Manner"/>
                </layer>
                <layer rank="1" name="GF">
                    <label end="21" start="0" name="Dep"/>
                    <label end="36" start="33" name="Ext"/>
                    <label end="48" start="38" name="Dep"/>
                </layer>
                <layer rank="1" name="PT">
                    <label end="21" start="0" name="QUO"/>
                    <label end="36" start="33" name="NP"/>
                    <label end="48" start="38" name="AVP"/>
                </layer>
                <layer rank="1" name="Sent">
                    <label end="0" start="0" name="sense1"/>
                </layer>
                <layer rank="1" name="Other"/>
                <layer rank="1" name="Target">
                    <label cBy="103" end="31" start="23" name="Target"/>
                </layer>
                <layer rank="1" name="Verb"/>
            </annotationSet>
        </sentence>
        <sentence sentNo="0" aPos="8665558" ID="743953">
            <text>We exclaimed our astonishment and relief , and rushed to embrace him . </text>
            <annotationSet cDate="01/07/2003 12:50:01 PST Tue" status="UNANN" ID="949608">
                <layer rank="1" name="BNC">
                    <label end="1" start="0" name="PNP"/>
                    <label end="11" start="3" name="VVD"/>
                    <label end="15" start="13" name="DPS"/>
                    <label end="28" start="17" name="NN1"/>
                    <label end="32" start="30" name="CJC"/>
                    <label end="39" start="34" name="NN1"/>
                    <label end="41" start="41" name="PUN"/>
                    <label end="45" start="43" name="CJC"/>
                    <label end="52" start="47" name="VVD"/>
                    <label end="55" start="54" name="TO0"/>
                    <label end="63" start="57" name="VVI"/>
                    <label end="67" start="65" name="PNP"/>
                    <label end="69" start="69" name="PUN"/>
                </layer>
            </annotationSet>
            <annotationSet cDate="01/07/2003 12:50:01 PST Tue" status="MANUAL" ID="949609">
                <layer rank="1" name="FE">
                    <label cBy="103" feID="183" end="1" start="0" name="Speaker"/>
                    <label cBy="103" feID="185" end="39" start="13" name="Message"/>
                </layer>
                <layer rank="1" name="GF">
                    <label end="1" start="0" name="Ext"/>
                    <label end="39" start="13" name="Obj"/>
                </layer>
                <layer rank="1" name="PT">
                    <label end="1" start="0" name="NP"/>
                    <label end="39" start="13" name="NP"/>
                </layer>
                <layer rank="1" name="Sent">
                    <label end="0" start="0" name="sense1"/>
                </layer>
                <layer rank="1" name="Other"/>
                <layer rank="1" name="Target">
                    <label cBy="103" end="11" start="3" name="Target"/>
                </layer>
                <layer rank="1" name="Verb"/>
            </annotationSet>
        </sentence>
        <sentence sentNo="0" aPos="16277381" ID="743954">
            <text>` Goodness me , what an escape ! &quot; exclaimed the Brownie Guider . </text>
            <annotationSet cDate="01/07/2003 12:50:01 PST Tue" status="UNANN" ID="949610">
                <layer rank="1" name="BNC">
                    <label end="0" start="0" name="PUQ"/>
                    <label end="9" start="2" name="NN1"/>
                    <label end="12" start="11" name="PNP"/>
                    <label end="14" start="14" name="PUN"/>
                    <label end="19" start="16" name="DTQ"/>
                    <label end="22" start="21" name="AT0"/>
                    <label end="29" start="24" name="NN1"/>
                    <label end="31" start="31" name="PUN"/>
                    <label end="33" start="33" name="PUQ"/>
                    <label end="43" start="35" name="VVD"/>
                    <label end="47" start="45" name="AT0"/>
                    <label end="55" start="49" name="NN1"/>
                    <label end="62" start="57" name="NN1-NP0"/>
                    <label end="64" start="64" name="PUN"/>
                </layer>
            </annotationSet>
            <annotationSet cDate="01/07/2003 12:50:01 PST Tue" status="MANUAL" ID="949611">
                <layer rank="1" name="FE">
                    <label cBy="103" feID="185" end="33" start="0" name="Message"/>
                    <label cBy="103" feID="183" end="62" start="45" name="Speaker"/>
                </layer>
                <layer rank="1" name="GF">
                    <label end="33" start="0" name="Dep"/>
                    <label end="62" start="45" name="Ext"/>
                </layer>
                <layer rank="1" name="PT">
                    <label end="33" start="0" name="QUO"/>
                    <label end="62" start="45" name="NP"/>
                </layer>
                <layer rank="1" name="Sent">
                    <label end="0" start="0" name="sense1"/>
                </layer>
                <layer rank="1" name="Other"/>
                <layer rank="1" name="Target">
                    <label cBy="103" end="43" start="35" name="Target"/>
                </layer>
                <layer rank="1" name="Verb"/>
            </annotationSet>
        </sentence>
        <sentence sentNo="0" aPos="49245783" ID="743955">
            <text>( &quot; The letter killeth , the spirit giveth life ! &quot; exclaimed the Collector fervently ) . </text>
            <annotationSet cDate="01/07/2003 12:50:01 PST Tue" status="UNANN" ID="949612">
                <layer rank="1" name="BNC">
                    <label end="0" start="0" name="PUL"/>
                    <label end="2" start="2" name="PUQ"/>
                    <label end="6" start="4" name="AT0"/>
                    <label end="13" start="8" name="NN1"/>
                    <label end="21" start="15" name="VVB"/>
                    <label end="23" start="23" name="PUN"/>
                    <label end="27" start="25" name="AT0"/>
                    <label end="34" start="29" name="NN1"/>
                    <label end="41" start="36" name="VVB"/>
                    <label end="46" start="43" name="NN1"/>
                    <label end="48" start="48" name="PUN"/>
                    <label end="50" start="50" name="PUQ"/>
                    <label end="60" start="52" name="VVD"/>
                    <label end="64" start="62" name="AT0"/>
                    <label end="74" start="66" name="NN1"/>
                    <label end="84" start="76" name="AV0"/>
                    <label end="86" start="86" name="PUR"/>
                    <label end="88" start="88" name="PUN"/>
                </layer>
            </annotationSet>
            <annotationSet cDate="01/07/2003 12:50:01 PST Tue" status="MANUAL" ID="949613">
                <layer rank="1" name="FE">
                    <label cBy="103" feID="185" end="50" start="2" name="Message"/>
                    <label cBy="103" feID="183" end="74" start="62" name="Speaker"/>
                    <label cBy="103" feID="1241" end="84" start="76" name="Manner"/>
                </layer>
                <layer rank="1" name="GF">
                    <label end="50" start="2" name="Dep"/>
                    <label end="74" start="62" name="Ext"/>
                    <label end="84" start="76" name="Dep"/>
                </layer>
                <layer rank="1" name="PT">
                    <label end="50" start="2" name="QUO"/>
                    <label end="74" start="62" name="NP"/>
                    <label end="84" start="76" name="AVP"/>
                </layer>
                <layer rank="1" name="Sent">
                    <label end="0" start="0" name="sense1"/>
                </layer>
                <layer rank="1" name="Other"/>
                <layer rank="1" name="Target">
                    <label cBy="103" end="60" start="52" name="Target"/>
                </layer>
                <layer rank="1" name="Verb"/>
            </annotationSet>
        </sentence>
        <sentence sentNo="0" aPos="61560481" ID="743964">
            <text>&quot; I 'll bet you do n't know , Chuck , how Saigon got its name , do you ? &quot; exclaimed Joseph at last , closing the book and jumping to his feet . </text>
            <annotationSet cDate="01/07/2003 12:50:02 PST Tue" status="UNANN" ID="949630">
                <layer rank="1" name="BNC">
                    <label end="0" start="0" name="PUQ"/>
                    <label end="2" start="2" name="PNP"/>
                    <label end="6" start="4" name="VM0"/>
                    <label end="10" start="8" name="VVI"/>
                    <label end="14" start="12" name="PNP"/>
                    <label end="17" start="16" name="VDB"/>
                    <label end="21" start="19" name="XX0"/>
                    <label end="26" start="23" name="VVI"/>
                    <label end="28" start="28" name="PUN"/>
                    <label end="34" start="30" name="NP0"/>
                    <label end="36" start="36" name="PUN"/>
                    <label end="40" start="38" name="AVQ"/>
                    <label end="47" start="42" name="NP0"/>
                    <label end="51" start="49" name="VVD"/>
                    <label end="55" start="53" name="DPS"/>
                    <label end="60" start="57" name="NN1"/>
                    <label end="62" start="62" name="PUN"/>
                    <label end="65" start="64" name="VDB"/>
                    <label end="69" start="67" name="PNP"/>
                    <label end="71" start="71" name="PUN"/>
                    <label end="73" start="73" name="PUQ"/>
                    <label end="83" start="75" name="VVD"/>
                    <label end="90" start="85" name="NP0"/>
                    <label end="93" start="92" name="AV0"/>
                    <label end="98" start="95" name="AV0"/>
                    <label end="100" start="100" name="PUN"/>
                    <label end="108" start="102" name="VVG"/>
                    <label end="112" start="110" name="AT0"/>
                    <label end="117" start="114" name="NN1"/>
                    <label end="121" start="119" name="CJC"/>
                    <label end="129" start="123" name="VVG"/>
                    <label end="132" start="131" name="PRP"/>
                    <label end="136" start="134" name="DPS"/>
                    <label end="141" start="138" name="NN2"/>
                    <label end="143" start="143" name="PUN"/>
                </layer>
            </annotationSet>
            <annotationSet cDate="01/07/2003 12:50:02 PST Tue" status="MANUAL" ID="949631">
                <layer rank="1" name="FE">
                    <label cBy="103" feID="185" end="73" start="0" name="Message"/>
                    <label cBy="103" feID="183" end="90" start="85" name="Speaker"/>
                </layer>
                <layer rank="1" name="GF">
                    <label end="73" start="0" name="Dep"/>
                    <label end="90" start="85" name="Ext"/>
                </layer>
                <layer rank="1" name="PT">
                    <label end="73" start="0" name="QUO"/>
                    <label end="90" start="85" name="NP"/>
                </layer>
                <layer rank="1" name="Sent">
                    <label end="0" start="0" name="sense1"/>
                </layer>
                <layer rank="1" name="Other"/>
                <layer rank="1" name="Target">
                    <label cBy="103" end="83" start="75" name="Target"/>
                </layer>
                <layer rank="1" name="Verb"/>
            </annotationSet>
        </sentence>
    </subCorpus>
    <subCorpus name="V-trans-simple">
        <sentence sentNo="0" aPos="56792270" ID="743972">
            <text>Even the much-travelled Portia paused in the ripple of her chatter to exclaim her appreciation . </text>
            <annotationSet cDate="01/07/2003 12:50:03 PST Tue" status="UNANN" ID="949646">
                <layer rank="1" name="BNC">
                    <label end="3" start="0" name="AV0"/>
                    <label end="7" start="5" name="AT0"/>
                    <label end="22" start="9" name="AJ0"/>
                    <label end="29" start="24" name="NN1-NP0"/>
                    <label end="36" start="31" name="VVD"/>
                    <label end="39" start="38" name="PRP"/>
                    <label end="43" start="41" name="AT0"/>
                    <label end="50" start="45" name="NN1"/>
                    <label end="53" start="52" name="PRF"/>
                    <label end="57" start="55" name="DPS"/>
                    <label end="65" start="59" name="NN1-VVB"/>
                    <label end="68" start="67" name="TO0"/>
                    <label end="76" start="70" name="VVI"/>
                    <label end="80" start="78" name="DPS"/>
                    <label end="93" start="82" name="NN1"/>
                    <label end="95" start="95" name="PUN"/>
                </layer>
            </annotationSet>
            <annotationSet cDate="01/07/2003 12:50:03 PST Tue" status="MANUAL" ID="949647">
                <layer rank="1" name="FE">
                    <label cBy="103" feID="183" end="29" start="5" name="Speaker"/>
                    <label cBy="103" feID="185" end="93" start="78" name="Message"/>
                </layer>
                <layer rank="1" name="GF">
                    <label end="29" start="5" name="Ext"/>
                    <label end="93" start="78" name="Obj"/>
                </layer>
                <layer rank="1" name="PT">
                    <label end="29" start="5" name="NP"/>
                    <label end="93" start="78" name="NP"/>
                </layer>
                <layer rank="1" name="Sent">
                    <label end="0" start="0" name="sense1"/>
                </layer>
                <layer rank="1" name="Other"/>
                <layer rank="1" name="Target">
                    <label cBy="103" end="76" start="70" name="Target"/>
                </layer>
                <layer rank="1" name="Verb"/>
            </annotationSet>
        </sentence>
    </subCorpus>
</lexUnit>