<?xml version="1.0" encoding="UTF-8" standalone="yes"?>
<?xml-stylesheet type="text/xsl" href="lexUnit.xsl"?>
<lexUnit status="Finished_Initial" POS="A" name="apprehensive.a" ID="7110" frame="Experiencer_focus" frameID="48" totalAnnotated="28" xsi:schemaLocation="../schema/lexUnit.xsd" xmlns="http://framenet.icsi.berkeley.edu" xmlns:xsi="http://www.w3.org/2001/XMLSchema-instance">
    <header>
        <frame>
            <FE fgColor="FFFFFF" bgColor="2E8B57" type="Extra-Thematic" abbrev="cir" name="Circumstances"/>
            <FE fgColor="FFFFFF" bgColor="0000FF" type="Core" abbrev="Cont" name="Content"/>
            <FE fgColor="FFFFFF" bgColor="FF69B4" type="Peripheral" abbrev="Degr" name="Degree"/>
            <FE fgColor="FFFFFF" bgColor="00BFFF" type="Core" abbrev="Event" name="Event"/>
            <FE fgColor="FFFFFF" bgColor="800080" type="Core" abbrev="Exp" name="Experiencer"/>
            <FE fgColor="FFFFFF" bgColor="006400" type="Core-Unexpressed" abbrev="Expr" name="Expressor"/>
            <FE fgColor="FFFFFF" bgColor="FF00FF" type="Peripheral" abbrev="Manr" name="Manner"/>
            <FE fgColor="FFFFFF" bgColor="A52A2A" type="Extra-Thematic" abbrev="Par" name="Parameter"/>
            <FE fgColor="FFFFFF" bgColor="00008B" type="Extra-Thematic" abbrev="Reas" name="Reason"/>
            <FE fgColor="FFFFFF" bgColor="FFA500" type="Core-Unexpressed" abbrev="State" name="State"/>
            <FE fgColor="FFFFFF" bgColor="9F79EE" type="Peripheral" abbrev="tim" name="Time"/>
            <FE fgColor="FFFFFF" bgColor="FF0000" type="Core" abbrev="Top" name="Topic"/>
        </frame>
    </header>
    <definition>COD: anticipating with anxiety or fear. </definition>
    <lexeme POS="A" name="apprehensive"/>
    <valences>
        <governor type="Sup" lemma="become">
            <annoSet ID="1575065"/>
        </governor>
        <governor type="Sup" lemma="feel">
            <annoSet ID="1574905"/>
            <annoSet ID="1574947"/>
        </governor>
        <FERealization total="2">
            <FE name="Circumstances"/>
            <pattern total="2">
                <valenceUnit GF="Dep" PT="Sinterrog" FE="Circumstances"/>
                <annoSet ID="1574947"/>
                <annoSet ID="1574979"/>
            </pattern>
        </FERealization>
        <FERealization total="28">
            <FE name="Content"/>
            <pattern total="4">
                <valenceUnit GF="" PT="DNI" FE="Content"/>
                <annoSet ID="1574947"/>
                <annoSet ID="1574979"/>
                <annoSet ID="1575197"/>
                <annoSet ID="1575221"/>
            </pattern>
            <pattern total="6">
                <valenceUnit GF="" PT="INI" FE="Content"/>
                <annoSet ID="1574931"/>
                <annoSet ID="1574957"/>
                <annoSet ID="1574961"/>
                <annoSet ID="1574973"/>
                <annoSet ID="1575113"/>
                <annoSet ID="1575135"/>
            </pattern>
            <pattern total="6">
                <valenceUnit GF="Dep" PT="PP[about]" FE="Content"/>
                <annoSet ID="1574905"/>
                <annoSet ID="1574923"/>
                <annoSet ID="1575011"/>
                <annoSet ID="1575013"/>
                <annoSet ID="1575043"/>
                <annoSet ID="1575063"/>
            </pattern>
            <pattern total="2">
                <valenceUnit GF="Dep" PT="PP[at]" FE="Content"/>
                <annoSet ID="1574983"/>
                <annoSet ID="1574985"/>
            </pattern>
            <pattern total="2">
                <valenceUnit GF="Dep" PT="PP[for]" FE="Content"/>
                <annoSet ID="1575065"/>
                <annoSet ID="1575077"/>
            </pattern>
            <pattern total="4">
                <valenceUnit GF="Dep" PT="PP[of]" FE="Content"/>
                <annoSet ID="1574933"/>
                <annoSet ID="1574989"/>
                <annoSet ID="1575001"/>
                <annoSet ID="1575005"/>
            </pattern>
            <pattern total="3">
                <valenceUnit GF="Dep" PT="PPing[about]" FE="Content"/>
                <annoSet ID="1574953"/>
                <annoSet ID="1575079"/>
                <annoSet ID="1575085"/>
            </pattern>
            <pattern total="1">
                <valenceUnit GF="Dep" PT="PPing[of]" FE="Content"/>
                <annoSet ID="1575105"/>
            </pattern>
        </FERealization>
        <FERealization total="8">
            <FE name="Degree"/>
            <pattern total="8">
                <valenceUnit GF="Dep" PT="AVP" FE="Degree"/>
                <annoSet ID="1574905"/>
                <annoSet ID="1574923"/>
                <annoSet ID="1574933"/>
                <annoSet ID="1574947"/>
                <annoSet ID="1574953"/>
                <annoSet ID="1575005"/>
                <annoSet ID="1575043"/>
                <annoSet ID="1575079"/>
            </pattern>
        </FERealization>
        <FERealization total="22">
            <FE name="Experiencer"/>
            <pattern total="22">
                <valenceUnit GF="Ext" PT="NP" FE="Experiencer"/>
                <annoSet ID="1574905"/>
                <annoSet ID="1574923"/>
                <annoSet ID="1574933"/>
                <annoSet ID="1574947"/>
                <annoSet ID="1574953"/>
                <annoSet ID="1574979"/>
                <annoSet ID="1574983"/>
                <annoSet ID="1574985"/>
                <annoSet ID="1574989"/>
                <annoSet ID="1575001"/>
                <annoSet ID="1575005"/>
                <annoSet ID="1575011"/>
                <annoSet ID="1575013"/>
                <annoSet ID="1575043"/>
                <annoSet ID="1575063"/>
                <annoSet ID="1575065"/>
                <annoSet ID="1575077"/>
                <annoSet ID="1575079"/>
                <annoSet ID="1575085"/>
                <annoSet ID="1575105"/>
                <annoSet ID="1575197"/>
                <annoSet ID="1575221"/>
            </pattern>
        </FERealization>
        <FERealization total="6">
            <FE name="Expressor"/>
            <pattern total="6">
                <valenceUnit GF="Head" PT="N" FE="Expressor"/>
                <annoSet ID="1574931"/>
                <annoSet ID="1574957"/>
                <annoSet ID="1574961"/>
                <annoSet ID="1574973"/>
                <annoSet ID="1575113"/>
                <annoSet ID="1575135"/>
            </pattern>
        </FERealization>
        <FERealization total="1">
            <FE name="Reason"/>
            <pattern total="1">
                <valenceUnit GF="Dep" PT="Sub" FE="Reason"/>
                <annoSet ID="1575197"/>
            </pattern>
        </FERealization>
        <FEGroupRealization total="1">
            <FE name="Circumstances"/>
            <FE name="Content"/>
            <FE name="Degree"/>
            <FE name="Experiencer"/>
            <pattern total="1">
                <valenceUnit GF="Dep" PT="Sinterrog" FE="Circumstances"/>
                <valenceUnit GF="" PT="DNI" FE="Content"/>
                <valenceUnit GF="Dep" PT="AVP" FE="Degree"/>
                <valenceUnit GF="Ext" PT="NP" FE="Experiencer"/>
                <annoSet ID="1574947"/>
            </pattern>
        </FEGroupRealization>
        <FEGroupRealization total="1">
            <FE name="Circumstances"/>
            <FE name="Content"/>
            <FE name="Experiencer"/>
            <pattern total="1">
                <valenceUnit GF="Dep" PT="Sinterrog" FE="Circumstances"/>
                <valenceUnit GF="" PT="DNI" FE="Content"/>
                <valenceUnit GF="Ext" PT="NP" FE="Experiencer"/>
                <annoSet ID="1574979"/>
            </pattern>
        </FEGroupRealization>
        <FEGroupRealization total="7">
            <FE name="Content"/>
            <FE name="Degree"/>
            <FE name="Experiencer"/>
            <pattern total="3">
                <valenceUnit GF="Dep" PT="PP[about]" FE="Content"/>
                <valenceUnit GF="Dep" PT="AVP" FE="Degree"/>
                <valenceUnit GF="Ext" PT="NP" FE="Experiencer"/>
                <annoSet ID="1574905"/>
                <annoSet ID="1574923"/>
                <annoSet ID="1575043"/>
            </pattern>
            <pattern total="2">
                <valenceUnit GF="Dep" PT="PP[of]" FE="Content"/>
                <valenceUnit GF="Dep" PT="AVP" FE="Degree"/>
                <valenceUnit GF="Ext" PT="NP" FE="Experiencer"/>
                <annoSet ID="1574933"/>
                <annoSet ID="1575005"/>
            </pattern>
            <pattern total="2">
                <valenceUnit GF="Dep" PT="PPing[about]" FE="Content"/>
                <valenceUnit GF="Dep" PT="AVP" FE="Degree"/>
                <valenceUnit GF="Ext" PT="NP" FE="Experiencer"/>
                <annoSet ID="1574953"/>
                <annoSet ID="1575079"/>
            </pattern>
        </FEGroupRealization>
        <FEGroupRealization total="12">
            <FE name="Content"/>
            <FE name="Experiencer"/>
            <pattern total="1">
                <valenceUnit GF="" PT="DNI" FE="Content"/>
                <valenceUnit GF="Ext" PT="NP" FE="Experiencer"/>
                <annoSet ID="1575221"/>
            </pattern>
            <pattern total="3">
                <valenceUnit GF="Dep" PT="PP[about]" FE="Content"/>
                <valenceUnit GF="Ext" PT="NP" FE="Experiencer"/>
                <annoSet ID="1575011"/>
                <annoSet ID="1575013"/>
                <annoSet ID="1575063"/>
            </pattern>
            <pattern total="2">
                <valenceUnit GF="Dep" PT="PP[at]" FE="Content"/>
                <valenceUnit GF="Ext" PT="NP" FE="Experiencer"/>
                <annoSet ID="1574983"/>
                <annoSet ID="1574985"/>
            </pattern>
            <pattern total="2">
                <valenceUnit GF="Dep" PT="PP[for]" FE="Content"/>
                <valenceUnit GF="Ext" PT="NP" FE="Experiencer"/>
                <annoSet ID="1575065"/>
                <annoSet ID="1575077"/>
            </pattern>
            <pattern total="2">
                <valenceUnit GF="Dep" PT="PP[of]" FE="Content"/>
                <valenceUnit GF="Ext" PT="NP" FE="Experiencer"/>
                <annoSet ID="1574989"/>
                <annoSet ID="1575001"/>
            </pattern>
            <pattern total="1">
                <valenceUnit GF="Dep" PT="PPing[about]" FE="Content"/>
                <valenceUnit GF="Ext" PT="NP" FE="Experiencer"/>
                <annoSet ID="1575085"/>
            </pattern>
            <pattern total="1">
                <valenceUnit GF="Dep" PT="PPing[of]" FE="Content"/>
                <valenceUnit GF="Ext" PT="NP" FE="Experiencer"/>
                <annoSet ID="1575105"/>
            </pattern>
        </FEGroupRealization>
        <FEGroupRealization total="1">
            <FE name="Content"/>
            <FE name="Experiencer"/>
            <FE name="Reason"/>
            <pattern total="1">
                <valenceUnit GF="" PT="DNI" FE="Content"/>
                <valenceUnit GF="Ext" PT="NP" FE="Experiencer"/>
                <valenceUnit GF="Dep" PT="Sub" FE="Reason"/>
                <annoSet ID="1575197"/>
            </pattern>
        </FEGroupRealization>
        <FEGroupRealization total="6">
            <FE name="Content"/>
            <FE name="Expressor"/>
            <pattern total="6">
                <valenceUnit GF="" PT="INI" FE="Content"/>
                <valenceUnit GF="Head" PT="N" FE="Expressor"/>
                <annoSet ID="1574931"/>
                <annoSet ID="1574957"/>
                <annoSet ID="1574961"/>
                <annoSet ID="1574973"/>
                <annoSet ID="1575113"/>
                <annoSet ID="1575135"/>
            </pattern>
        </FEGroupRealization>
    </valences>
    <subCorpus name="A-001-s20-lcoll-deeply"/>
    <subCorpus name="A-001-s20-lcoll-quite">
        <sentence sentNo="0" aPos="56188992" ID="1061750">
            <text>Maryon felt quite apprehensive about the experiment and wondered what it would be like to live with Alan during the diet . </text>
            <annotationSet cDate="01/08/2003 12:51:56 PST Wed" status="UNANN" ID="1574904">
                <layer rank="1" name="BNC">
                    <label end="5" start="0" name="NN1-NP0"/>
                    <label end="10" start="7" name="VVD"/>
                    <label end="16" start="12" name="AV0"/>
                    <label end="29" start="18" name="AJ0"/>
                    <label end="35" start="31" name="PRP"/>
                    <label end="39" start="37" name="AT0"/>
                    <label end="50" start="41" name="NN1"/>
                    <label end="54" start="52" name="CJC"/>
                    <label end="63" start="56" name="VVD"/>
                    <label end="68" start="65" name="DTQ"/>
                    <label end="71" start="70" name="PNP"/>
                    <label end="77" start="73" name="VM0"/>
                    <label end="80" start="79" name="VBI"/>
                    <label end="85" start="82" name="AJ0"/>
                    <label end="88" start="87" name="TO0"/>
                    <label end="93" start="90" name="VVI"/>
                    <label end="98" start="95" name="PRP"/>
                    <label end="103" start="100" name="NP0"/>
                    <label end="110" start="105" name="PRP"/>
                    <label end="114" start="112" name="AT0"/>
                    <label end="119" start="116" name="NN1"/>
                    <label end="121" start="121" name="PUN"/>
                </layer>
            </annotationSet>
            <annotationSet cDate="01/08/2003 12:51:56 PST Wed" status="MANUAL" ID="1574905">
                <layer rank="1" name="FE">
                    <label cBy="618" feID="202" end="50" start="31" name="Content"/>
                    <label cBy="618" feID="201" end="5" start="0" name="Experiencer"/>
                    <label cBy="618" feID="2137" end="16" start="12" name="Degree"/>
                </layer>
                <layer rank="1" name="GF">
                    <label end="50" start="31" name="Dep"/>
                    <label end="5" start="0" name="Ext"/>
                    <label end="16" start="12" name="Dep"/>
                </layer>
                <layer rank="1" name="PT">
                    <label end="50" start="31" name="PP"/>
                    <label end="5" start="0" name="NP"/>
                    <label end="16" start="12" name="AVP"/>
                </layer>
                <layer rank="1" name="Sent"/>
                <layer rank="1" name="Other"/>
                <layer rank="1" name="Target">
                    <label cBy="103" end="29" start="18" name="Target"/>
                </layer>
                <layer rank="1" name="Adj">
                    <label end="10" start="7" name="Supp"/>
                </layer>
            </annotationSet>
        </sentence>
    </subCorpus>
    <subCorpus name="A-001-s20-lcoll-slightly">
        <sentence sentNo="0" aPos="108286054" ID="1061759">
            <text>But he was slightly apprehensive about his most recent visit to London . </text>
            <annotationSet cDate="01/08/2003 12:51:57 PST Wed" status="UNANN" ID="1574922">
                <layer rank="1" name="BNC">
                    <label end="2" start="0" name="CJC"/>
                    <label end="5" start="4" name="PNP"/>
                    <label end="9" start="7" name="VBD"/>
                    <label end="18" start="11" name="AV0"/>
                    <label end="31" start="20" name="AJ0"/>
                    <label end="37" start="33" name="PRP"/>
                    <label end="41" start="39" name="DPS"/>
                    <label end="46" start="43" name="AV0"/>
                    <label end="53" start="48" name="AJ0"/>
                    <label end="59" start="55" name="NN1"/>
                    <label end="62" start="61" name="PRP"/>
                    <label end="69" start="64" name="NP0"/>
                    <label end="71" start="71" name="PUN"/>
                </layer>
            </annotationSet>
            <annotationSet cDate="01/08/2003 12:51:57 PST Wed" status="MANUAL" ID="1574923">
                <layer rank="1" name="FE">
                    <label cBy="618" feID="202" end="69" start="33" name="Content"/>
                    <label cBy="618" feID="201" end="5" start="4" name="Experiencer"/>
                    <label cBy="618" feID="2137" end="18" start="11" name="Degree"/>
                </layer>
                <layer rank="1" name="GF">
                    <label end="69" start="33" name="Dep"/>
                    <label end="5" start="4" name="Ext"/>
                    <label end="18" start="11" name="Dep"/>
                </layer>
                <layer rank="1" name="PT">
                    <label end="69" start="33" name="PP"/>
                    <label end="5" start="4" name="NP"/>
                    <label end="18" start="11" name="AVP"/>
                </layer>
                <layer rank="1" name="Sent"/>
                <layer rank="1" name="Other"/>
                <layer rank="1" name="Target">
                    <label cBy="103" end="31" start="20" name="Target"/>
                </layer>
                <layer rank="1" name="Adj">
                    <label end="9" start="7" name="Cop"/>
                </layer>
            </annotationSet>
        </sentence>
    </subCorpus>
    <subCorpus name="A-001-s20-lcoll-very">
        <sentence sentNo="0" aPos="15401728" ID="1061763">
            <text>The others were very quiet , with excited , apprehensive looks on their faces . </text>
            <annotationSet cDate="01/08/2003 12:51:57 PST Wed" status="UNANN" ID="1574930">
                <layer rank="1" name="BNC">
                    <label end="2" start="0" name="AT0"/>
                    <label end="9" start="4" name="NN2"/>
                    <label end="14" start="11" name="VBD"/>
                    <label end="19" start="16" name="AV0"/>
                    <label end="25" start="21" name="AJ0"/>
                    <label end="27" start="27" name="PUN"/>
                    <label end="32" start="29" name="PRP"/>
                    <label end="40" start="34" name="AJ0"/>
                    <label end="42" start="42" name="PUN"/>
                    <label end="55" start="44" name="AJ0"/>
                    <label end="61" start="57" name="NN2"/>
                    <label end="64" start="63" name="PRP"/>
                    <label end="70" start="66" name="DPS"/>
                    <label end="76" start="72" name="NN2"/>
                    <label end="78" start="78" name="PUN"/>
                </layer>
            </annotationSet>
            <annotationSet cDate="01/08/2003 12:51:57 PST Wed" status="MANUAL" ID="1574931">
                <layer rank="1" name="FE">
                    <label cBy="618" feID="3391" end="76" start="57" name="Expressor"/>
                    <label cBy="296" feID="202" itype="INI" name="Content"/>
                </layer>
                <layer rank="1" name="GF">
                    <label end="76" start="57" name="Head"/>
                </layer>
                <layer rank="1" name="PT">
                    <label end="76" start="57" name="N"/>
                </layer>
                <layer rank="1" name="Sent"/>
                <layer rank="1" name="Other"/>
                <layer rank="1" name="Target">
                    <label cBy="103" end="55" start="44" name="Target"/>
                </layer>
                <layer rank="1" name="Adj"/>
            </annotationSet>
        </sentence>
        <sentence sentNo="0" aPos="17536602" ID="1061764">
            <text>Crofters were very apprehensive of the possible changes . </text>
            <annotationSet cDate="01/08/2003 12:51:58 PST Wed" status="UNANN" ID="1574932">
                <layer rank="1" name="BNC">
                    <label end="7" start="0" name="NP0"/>
                    <label end="12" start="9" name="VBD"/>
                    <label end="17" start="14" name="AV0"/>
                    <label end="30" start="19" name="AJ0"/>
                    <label end="33" start="32" name="PRF"/>
                    <label end="37" start="35" name="AT0"/>
                    <label end="46" start="39" name="AJ0"/>
                    <label end="54" start="48" name="NN2"/>
                    <label end="56" start="56" name="PUN"/>
                </layer>
            </annotationSet>
            <annotationSet cDate="01/08/2003 12:51:58 PST Wed" status="MANUAL" ID="1574933">
                <layer rank="1" name="FE">
                    <label cBy="618" feID="201" end="7" start="0" name="Experiencer"/>
                    <label cBy="618" feID="2137" end="17" start="14" name="Degree"/>
                    <label cBy="618" feID="202" end="54" start="32" name="Content"/>
                </layer>
                <layer rank="1" name="GF">
                    <label end="7" start="0" name="Ext"/>
                    <label end="17" start="14" name="Dep"/>
                    <label end="54" start="32" name="Dep"/>
                </layer>
                <layer rank="1" name="PT">
                    <label end="7" start="0" name="NP"/>
                    <label end="17" start="14" name="AVP"/>
                    <label end="54" start="32" name="PP"/>
                </layer>
                <layer rank="1" name="Sent"/>
                <layer rank="1" name="Other"/>
                <layer rank="1" name="Target">
                    <label cBy="103" end="30" start="19" name="Target"/>
                </layer>
                <layer rank="1" name="Adj">
                    <label end="12" start="9" name="Cop"/>
                </layer>
            </annotationSet>
        </sentence>
        <sentence sentNo="0" aPos="63283345" ID="1061771">
            <text>But the two ideas were similar enough for Darwin to feel very apprehensive when Wallace 's paper arrived . </text>
            <annotationSet cDate="01/08/2003 12:52:00 PST Wed" status="UNANN" ID="1574946">
                <layer rank="1" name="BNC">
                    <label end="2" start="0" name="CJC"/>
                    <label end="6" start="4" name="AT0"/>
                    <label end="10" start="8" name="CRD"/>
                    <label end="16" start="12" name="NN2"/>
                    <label end="21" start="18" name="VBD"/>
                    <label end="29" start="23" name="AJ0"/>
                    <label end="36" start="31" name="AV0"/>
                    <label end="40" start="38" name="PRP"/>
                    <label end="47" start="42" name="NP0"/>
                    <label end="50" start="49" name="TO0"/>
                    <label end="55" start="52" name="VVI"/>
                    <label end="60" start="57" name="AV0"/>
                    <label end="73" start="62" name="AJ0"/>
                    <label end="78" start="75" name="CJS"/>
                    <label end="86" start="80" name="NP0"/>
                    <label end="89" start="88" name="POS"/>
                    <label end="95" start="91" name="NN1"/>
                    <label end="103" start="97" name="VVD-VVN"/>
                    <label end="105" start="105" name="PUN"/>
                </layer>
            </annotationSet>
            <annotationSet cDate="01/08/2003 12:52:00 PST Wed" status="MANUAL" ID="1574947">
                <layer rank="1" name="FE">
                    <label cBy="618" feID="3493" end="103" start="75" name="Circumstances"/>
                    <label cBy="618" feID="2137" end="60" start="57" name="Degree"/>
                    <label cBy="618" feID="201" end="47" start="42" name="Experiencer"/>
                    <label cBy="296" feID="202" itype="DNI" name="Content"/>
                </layer>
                <layer rank="1" name="GF">
                    <label end="103" start="75" name="Dep"/>
                    <label end="60" start="57" name="Dep"/>
                    <label end="47" start="42" name="Ext"/>
                </layer>
                <layer rank="1" name="PT">
                    <label end="103" start="75" name="Sinterrog"/>
                    <label end="60" start="57" name="AVP"/>
                    <label end="47" start="42" name="NP"/>
                </layer>
                <layer rank="1" name="Sent"/>
                <layer rank="1" name="Other"/>
                <layer rank="1" name="Target">
                    <label cBy="103" end="73" start="62" name="Target"/>
                </layer>
                <layer rank="1" name="Adj">
                    <label end="55" start="52" name="Supp"/>
                </layer>
            </annotationSet>
        </sentence>
        <sentence sentNo="0" aPos="77915695" ID="1061774">
            <text>This time last year we were very apprehensive about entering a year when so much doom and gloom was being talked about . </text>
            <annotationSet cDate="01/08/2003 12:52:00 PST Wed" status="UNANN" ID="1574952">
                <layer rank="1" name="BNC">
                    <label end="3" start="0" name="DT0"/>
                    <label end="8" start="5" name="NN1"/>
                    <label end="13" start="10" name="ORD"/>
                    <label end="18" start="15" name="NN1"/>
                    <label end="21" start="20" name="PNP"/>
                    <label end="26" start="23" name="VBD"/>
                    <label end="31" start="28" name="AV0"/>
                    <label end="44" start="33" name="AJ0"/>
                    <label end="50" start="46" name="PRP"/>
                    <label end="59" start="52" name="VVG"/>
                    <label end="61" start="61" name="AT0"/>
                    <label end="66" start="63" name="NN1"/>
                    <label end="71" start="68" name="AVQ-CJS"/>
                    <label end="74" start="73" name="AV0"/>
                    <label end="79" start="76" name="DT0"/>
                    <label end="84" start="81" name="NN1"/>
                    <label end="88" start="86" name="CJC"/>
                    <label end="94" start="90" name="NN1"/>
                    <label end="98" start="96" name="VBD"/>
                    <label end="104" start="100" name="VBG"/>
                    <label end="111" start="106" name="VVN"/>
                    <label end="117" start="113" name="PRP"/>
                    <label end="119" start="119" name="PUN"/>
                </layer>
            </annotationSet>
            <annotationSet cDate="01/08/2003 12:52:00 PST Wed" status="MANUAL" ID="1574953">
                <layer rank="1" name="FE">
                    <label cBy="618" feID="201" end="21" start="20" name="Experiencer"/>
                    <label cBy="618" feID="2137" end="31" start="28" name="Degree"/>
                    <label cBy="618" feID="202" end="117" start="46" name="Content"/>
                </layer>
                <layer rank="1" name="GF">
                    <label end="21" start="20" name="Ext"/>
                    <label end="31" start="28" name="Dep"/>
                    <label end="117" start="46" name="Dep"/>
                </layer>
                <layer rank="1" name="PT">
                    <label end="21" start="20" name="NP"/>
                    <label end="31" start="28" name="AVP"/>
                    <label end="117" start="46" name="PPing"/>
                </layer>
                <layer rank="1" name="Sent"/>
                <layer rank="1" name="Other"/>
                <layer rank="1" name="Target">
                    <label cBy="103" end="44" start="33" name="Target"/>
                </layer>
                <layer rank="1" name="Adj">
                    <label end="26" start="23" name="Cop"/>
                </layer>
            </annotationSet>
        </sentence>
    </subCorpus>
    <subCorpus name="A-002-s20-rcoll-face">
        <sentence sentNo="0" aPos="13475788" ID="1061776">
            <text>Several times at the beginning of his stay he had surprised a worried and apprehensive look on her face . </text>
            <annotationSet cDate="01/08/2003 12:52:00 PST Wed" status="UNANN" ID="1574956">
                <layer rank="1" name="BNC">
                    <label end="6" start="0" name="DT0"/>
                    <label end="12" start="8" name="NN2"/>
                    <label end="15" start="14" name="PRP"/>
                    <label end="19" start="17" name="AT0"/>
                    <label end="29" start="21" name="NN1"/>
                    <label end="32" start="31" name="PRF"/>
                    <label end="36" start="34" name="DPS"/>
                    <label end="41" start="38" name="NN1-VVB"/>
                    <label end="44" start="43" name="PNP"/>
                    <label end="48" start="46" name="VHD"/>
                    <label end="58" start="50" name="VVN"/>
                    <label end="60" start="60" name="AT0"/>
                    <label end="68" start="62" name="AJ0"/>
                    <label end="72" start="70" name="CJC"/>
                    <label end="85" start="74" name="AJ0"/>
                    <label end="90" start="87" name="NN1"/>
                    <label end="93" start="92" name="PRP"/>
                    <label end="97" start="95" name="DPS"/>
                    <label end="102" start="99" name="NN1"/>
                    <label end="104" start="104" name="PUN"/>
                </layer>
            </annotationSet>
            <annotationSet cDate="01/08/2003 12:52:00 PST Wed" status="MANUAL" ID="1574957">
                <layer rank="1" name="FE">
                    <label cBy="618" feID="3391" end="102" start="87" name="Expressor"/>
                    <label cBy="296" feID="202" itype="INI" name="Content"/>
                </layer>
                <layer rank="1" name="GF">
                    <label end="102" start="87" name="Head"/>
                </layer>
                <layer rank="1" name="PT">
                    <label end="102" start="87" name="N"/>
                </layer>
                <layer rank="1" name="Sent"/>
                <layer rank="1" name="Other"/>
                <layer rank="1" name="Target">
                    <label cBy="103" end="85" start="74" name="Target"/>
                </layer>
                <layer rank="1" name="Adj"/>
            </annotationSet>
        </sentence>
        <sentence sentNo="0" aPos="55787036" ID="1061778">
            <text>We glanced at each other , and I pulled a long , apprehensive face . </text>
            <annotationSet cDate="01/08/2003 12:52:01 PST Wed" status="UNANN" ID="1574960">
                <layer rank="1" name="BNC">
                    <label end="1" start="0" name="PNP"/>
                    <label end="9" start="3" name="VVD"/>
                    <label end="12" start="11" name="PRP"/>
                    <label end="17" start="14" name="PNX"/>
                    <label end="23" start="19" name="PNX"/>
                    <label end="25" start="25" name="PUN"/>
                    <label end="29" start="27" name="CJC"/>
                    <label end="31" start="31" name="PNP"/>
                    <label end="38" start="33" name="VVD"/>
                    <label end="40" start="40" name="AT0"/>
                    <label end="45" start="42" name="AJ0-AV0"/>
                    <label end="47" start="47" name="PUN"/>
                    <label end="60" start="49" name="AJ0"/>
                    <label end="65" start="62" name="NN1"/>
                    <label end="67" start="67" name="PUN"/>
                </layer>
            </annotationSet>
            <annotationSet cDate="01/08/2003 12:52:01 PST Wed" status="MANUAL" ID="1574961">
                <layer rank="1" name="FE">
                    <label cBy="618" feID="3391" end="65" start="62" name="Expressor"/>
                    <label cBy="296" feID="202" itype="INI" name="Content"/>
                </layer>
                <layer rank="1" name="GF">
                    <label end="65" start="62" name="Head"/>
                </layer>
                <layer rank="1" name="PT">
                    <label end="65" start="62" name="N"/>
                </layer>
                <layer rank="1" name="Sent"/>
                <layer rank="1" name="Other"/>
                <layer rank="1" name="Target">
                    <label cBy="103" end="60" start="49" name="Target"/>
                </layer>
                <layer rank="1" name="Adj"/>
            </annotationSet>
        </sentence>
    </subCorpus>
    <subCorpus name="A-002-s20-rcoll-glance">
        <sentence sentNo="0" aPos="100808420" ID="1061784">
            <text>She threw her sister an apprehensive glance but was reassured to see she was smiling . </text>
            <annotationSet cDate="01/08/2003 12:52:01 PST Wed" status="UNANN" ID="1574972">
                <layer rank="1" name="BNC">
                    <label end="2" start="0" name="PNP"/>
                    <label end="8" start="4" name="VVD"/>
                    <label end="12" start="10" name="DPS"/>
                    <label end="19" start="14" name="NN1"/>
                    <label end="22" start="21" name="AT0"/>
                    <label end="35" start="24" name="AJ0"/>
                    <label end="42" start="37" name="NN1"/>
                    <label end="46" start="44" name="CJC"/>
                    <label end="50" start="48" name="VBD"/>
                    <label end="60" start="52" name="VVN"/>
                    <label end="63" start="62" name="TO0"/>
                    <label end="67" start="65" name="VVI"/>
                    <label end="71" start="69" name="PNP"/>
                    <label end="75" start="73" name="VBD"/>
                    <label end="83" start="77" name="VVG"/>
                    <label end="85" start="85" name="PUN"/>
                </layer>
            </annotationSet>
            <annotationSet cDate="01/08/2003 12:52:01 PST Wed" status="MANUAL" ID="1574973">
                <layer rank="1" name="FE">
                    <label cBy="618" feID="3391" end="42" start="37" name="Expressor"/>
                    <label cBy="296" feID="202" itype="INI" name="Content"/>
                </layer>
                <layer rank="1" name="GF">
                    <label end="42" start="37" name="Head"/>
                </layer>
                <layer rank="1" name="PT">
                    <label end="42" start="37" name="N"/>
                </layer>
                <layer rank="1" name="Sent"/>
                <layer rank="1" name="Other"/>
                <layer rank="1" name="Target">
                    <label cBy="103" end="35" start="24" name="Target"/>
                </layer>
                <layer rank="1" name="Adj"/>
            </annotationSet>
        </sentence>
    </subCorpus>
    <subCorpus name="A-002-s20-rcoll-look"/>
    <subCorpus name="A-090-s20-wh">
        <sentence sentNo="0" aPos="45862179" ID="1061787">
            <text>He was understandably apprehensive when Diana made her first speech partly in Welsh at Cardiff City Hall when she was presented with the Freedom of the City . </text>
            <annotationSet cDate="01/08/2003 12:52:02 PST Wed" status="UNANN" ID="1574978">
                <layer rank="1" name="BNC">
                    <label end="1" start="0" name="PNP"/>
                    <label end="5" start="3" name="VBD"/>
                    <label end="20" start="7" name="AV0"/>
                    <label end="33" start="22" name="AJ0"/>
                    <label end="38" start="35" name="AVQ-CJS"/>
                    <label end="44" start="40" name="NP0"/>
                    <label end="49" start="46" name="VVD"/>
                    <label end="53" start="51" name="DPS"/>
                    <label end="59" start="55" name="ORD"/>
                    <label end="66" start="61" name="NN1"/>
                    <label end="73" start="68" name="AV0"/>
                    <label end="76" start="75" name="PRP"/>
                    <label end="82" start="78" name="AJ0-NN1"/>
                    <label end="85" start="84" name="PRP"/>
                    <label end="93" start="87" name="NP0"/>
                    <label end="98" start="95" name="NP0"/>
                    <label end="103" start="100" name="NP0"/>
                    <label end="108" start="105" name="AVQ-CJS"/>
                    <label end="112" start="110" name="PNP"/>
                    <label end="116" start="114" name="VBD"/>
                    <label end="126" start="118" name="VVN"/>
                    <label end="131" start="128" name="PRP"/>
                    <label end="135" start="133" name="AT0"/>
                    <label end="143" start="137" name="NN1"/>
                    <label end="146" start="145" name="PRF"/>
                    <label end="150" start="148" name="AT0"/>
                    <label end="155" start="152" name="NP0"/>
                    <label end="157" start="157" name="PUN"/>
                </layer>
            </annotationSet>
            <annotationSet cDate="01/08/2003 12:52:02 PST Wed" status="MANUAL" ID="1574979">
                <layer rank="1" name="FE">
                    <label cBy="618" feID="3493" end="155" start="35" name="Circumstances"/>
                    <label cBy="618" feID="201" end="1" start="0" name="Experiencer"/>
                    <label cBy="296" feID="202" itype="DNI" name="Content"/>
                </layer>
                <layer rank="1" name="GF">
                    <label end="155" start="35" name="Dep"/>
                    <label end="1" start="0" name="Ext"/>
                </layer>
                <layer rank="1" name="PT">
                    <label end="155" start="35" name="Sinterrog"/>
                    <label end="1" start="0" name="NP"/>
                </layer>
                <layer rank="1" name="Sent"/>
                <layer rank="1" name="Other"/>
                <layer rank="1" name="Target">
                    <label cBy="103" end="33" start="22" name="Target"/>
                </layer>
                <layer rank="1" name="Adj">
                    <label end="5" start="3" name="Cop"/>
                </layer>
            </annotationSet>
        </sentence>
    </subCorpus>
    <subCorpus name="A-100-s20-ppat">
        <sentence sentNo="0" aPos="29059665" ID="1061789">
            <text>The public was apprehensive at the shortage of heat and light and the inconveniences of the three day working week . </text>
            <annotationSet cDate="01/08/2003 12:52:02 PST Wed" status="UNANN" ID="1574982">
                <layer rank="1" name="BNC">
                    <label end="2" start="0" name="AT0"/>
                    <label end="9" start="4" name="NN0"/>
                    <label end="13" start="11" name="VBD"/>
                    <label end="26" start="15" name="AJ0"/>
                    <label end="29" start="28" name="PRP"/>
                    <label end="33" start="31" name="AT0"/>
                    <label end="42" start="35" name="NN1"/>
                    <label end="45" start="44" name="PRF"/>
                    <label end="50" start="47" name="NN1"/>
                    <label end="54" start="52" name="CJC"/>
                    <label end="60" start="56" name="AJ0-NN1"/>
                    <label end="64" start="62" name="CJC"/>
                    <label end="68" start="66" name="AT0"/>
                    <label end="83" start="70" name="NN2"/>
                    <label end="86" start="85" name="PRF"/>
                    <label end="90" start="88" name="AT0"/>
                    <label end="96" start="92" name="CRD"/>
                    <label end="100" start="98" name="NN1"/>
                    <label end="108" start="102" name="AJ0-VVG"/>
                    <label end="113" start="110" name="NN1"/>
                    <label end="115" start="115" name="PUN"/>
                </layer>
            </annotationSet>
            <annotationSet cDate="01/08/2003 12:52:02 PST Wed" status="MANUAL" ID="1574983">
                <layer rank="1" name="FE">
                    <label cBy="618" feID="201" end="9" start="0" name="Experiencer"/>
                    <label cBy="618" feID="202" end="113" start="28" name="Content"/>
                </layer>
                <layer rank="1" name="GF">
                    <label end="9" start="0" name="Ext"/>
                    <label end="113" start="28" name="Dep"/>
                </layer>
                <layer rank="1" name="PT">
                    <label end="9" start="0" name="NP"/>
                    <label end="113" start="28" name="PP"/>
                </layer>
                <layer rank="1" name="Sent"/>
                <layer rank="1" name="Other"/>
                <layer rank="1" name="Target">
                    <label cBy="103" end="26" start="15" name="Target"/>
                </layer>
                <layer rank="1" name="Adj">
                    <label end="13" start="11" name="Cop"/>
                </layer>
            </annotationSet>
        </sentence>
        <sentence sentNo="0" aPos="43300893" ID="1061790">
            <text>Most of them seem apprehensive at the prospect of a possible loss of authority , failing to see that , on the contrary , their grip on matters would be greatly strengthened . </text>
            <annotationSet cDate="01/08/2003 12:52:02 PST Wed" status="UNANN" ID="1574984">
                <layer rank="1" name="BNC">
                    <label end="3" start="0" name="DT0"/>
                    <label end="6" start="5" name="PRF"/>
                    <label end="11" start="8" name="PNP"/>
                    <label end="16" start="13" name="VVB"/>
                    <label end="29" start="18" name="AJ0"/>
                    <label end="32" start="31" name="PRP"/>
                    <label end="36" start="34" name="AT0"/>
                    <label end="45" start="38" name="NN1"/>
                    <label end="48" start="47" name="PRF"/>
                    <label end="50" start="50" name="AT0"/>
                    <label end="59" start="52" name="AJ0"/>
                    <label end="64" start="61" name="NN1"/>
                    <label end="67" start="66" name="PRF"/>
                    <label end="77" start="69" name="NN1"/>
                    <label end="79" start="79" name="PUN"/>
                    <label end="87" start="81" name="VVG"/>
                    <label end="90" start="89" name="TO0"/>
                    <label end="94" start="92" name="VVI"/>
                    <label end="99" start="96" name="CJT-DT0"/>
                    <label end="101" start="101" name="PUN"/>
                    <label end="104" start="103" name="PRP"/>
                    <label end="108" start="106" name="AT0"/>
                    <label end="117" start="110" name="AJ0-NN1"/>
                    <label end="119" start="119" name="PUN"/>
                    <label end="125" start="121" name="DPS"/>
                    <label end="130" start="127" name="NN1"/>
                    <label end="133" start="132" name="PRP"/>
                    <label end="141" start="135" name="NN2"/>
                    <label end="147" start="143" name="VM0"/>
                    <label end="150" start="149" name="VBI"/>
                    <label end="158" start="152" name="AV0"/>
                    <label end="171" start="160" name="VVN"/>
                    <label end="173" start="173" name="PUN"/>
                </layer>
            </annotationSet>
            <annotationSet cDate="01/08/2003 12:52:02 PST Wed" status="MANUAL" ID="1574985">
                <layer rank="1" name="FE">
                    <label cBy="618" feID="202" end="77" start="31" name="Content"/>
                    <label cBy="618" feID="201" end="11" start="0" name="Experiencer"/>
                </layer>
                <layer rank="1" name="GF">
                    <label end="77" start="31" name="Dep"/>
                    <label end="11" start="0" name="Ext"/>
                </layer>
                <layer rank="1" name="PT">
                    <label end="77" start="31" name="PP"/>
                    <label end="11" start="0" name="NP"/>
                </layer>
                <layer rank="1" name="Sent"/>
                <layer rank="1" name="Other"/>
                <layer rank="1" name="Target">
                    <label cBy="103" end="29" start="18" name="Target"/>
                </layer>
                <layer rank="1" name="Adj">
                    <label end="16" start="13" name="Cop"/>
                </layer>
            </annotationSet>
        </sentence>
    </subCorpus>
    <subCorpus name="A-100-s20-ppof">
        <sentence sentNo="0" aPos="13878148" ID="1061792">
            <text>Discussion of them since 1962 had been frequent but hesitant : teachers , governors , parents in the various schools were apprehensive of large-scale and unpredictable change , and no firm decision was emerging . </text>
            <annotationSet cDate="01/08/2003 12:52:02 PST Wed" status="UNANN" ID="1574988">
                <layer rank="1" name="BNC">
                    <label end="9" start="0" name="NN1"/>
                    <label end="12" start="11" name="PRF"/>
                    <label end="17" start="14" name="PNP"/>
                    <label end="23" start="19" name="PRP"/>
                    <label end="28" start="25" name="CRD"/>
                    <label end="32" start="30" name="VHD"/>
                    <label end="37" start="34" name="VBN"/>
                    <label end="46" start="39" name="AJ0"/>
                    <label end="50" start="48" name="CJC"/>
                    <label end="59" start="52" name="AJ0"/>
                    <label end="61" start="61" name="PUN"/>
                    <label end="70" start="63" name="NN2"/>
                    <label end="72" start="72" name="PUN"/>
                    <label end="82" start="74" name="NN2"/>
                    <label end="84" start="84" name="PUN"/>
                    <label end="92" start="86" name="NN2"/>
                    <label end="95" start="94" name="PRP"/>
                    <label end="99" start="97" name="AT0"/>
                    <label end="107" start="101" name="AJ0"/>
                    <label end="115" start="109" name="NN2"/>
                    <label end="120" start="117" name="VBD"/>
                    <label end="133" start="122" name="AJ0"/>
                    <label end="136" start="135" name="PRF"/>
                    <label end="148" start="138" name="AJ0-NN1"/>
                    <label end="152" start="150" name="CJC"/>
                    <label end="166" start="154" name="AJ0"/>
                    <label end="173" start="168" name="NN1"/>
                    <label end="175" start="175" name="PUN"/>
                    <label end="179" start="177" name="CJC"/>
                    <label end="182" start="181" name="AT0"/>
                    <label end="187" start="184" name="AJ0-NN1"/>
                    <label end="196" start="189" name="NN1"/>
                    <label end="200" start="198" name="VBD"/>
                    <label end="209" start="202" name="VVG"/>
                    <label end="211" start="211" name="PUN"/>
                </layer>
            </annotationSet>
            <annotationSet cDate="01/08/2003 12:52:02 PST Wed" status="MANUAL" ID="1574989">
                <layer rank="1" name="FE">
                    <label cBy="618" feID="202" end="173" start="135" name="Content"/>
                    <label cBy="618" feID="201" end="115" start="63" name="Experiencer"/>
                </layer>
                <layer rank="1" name="GF">
                    <label end="173" start="135" name="Dep"/>
                    <label end="115" start="63" name="Ext"/>
                </layer>
                <layer rank="1" name="PT">
                    <label end="173" start="135" name="PP"/>
                    <label end="115" start="63" name="NP"/>
                </layer>
                <layer rank="1" name="Sent"/>
                <layer rank="1" name="Other"/>
                <layer rank="1" name="Target">
                    <label cBy="103" end="133" start="122" name="Target"/>
                </layer>
                <layer rank="1" name="Adj">
                    <label end="120" start="117" name="Cop"/>
                </layer>
            </annotationSet>
        </sentence>
        <sentence sentNo="0" aPos="88832022" ID="1061798">
            <text>We are both apprehensive of strong forces and we are both under necessity of taking precautions . </text>
            <annotationSet cDate="01/08/2003 12:52:03 PST Wed" status="UNANN" ID="1575000">
                <layer rank="1" name="BNC">
                    <label end="1" start="0" name="PNP"/>
                    <label end="5" start="3" name="VBB"/>
                    <label end="10" start="7" name="AV0"/>
                    <label end="23" start="12" name="AJ0"/>
                    <label end="26" start="25" name="PRF"/>
                    <label end="33" start="28" name="AJ0"/>
                    <label end="40" start="35" name="NN2"/>
                    <label end="44" start="42" name="CJC"/>
                    <label end="47" start="46" name="PNP"/>
                    <label end="51" start="49" name="VBB"/>
                    <label end="56" start="53" name="AV0"/>
                    <label end="62" start="58" name="PRP"/>
                    <label end="72" start="64" name="NN1"/>
                    <label end="75" start="74" name="PRF"/>
                    <label end="82" start="77" name="VVG"/>
                    <label end="94" start="84" name="NN2"/>
                    <label end="96" start="96" name="PUN"/>
                </layer>
            </annotationSet>
            <annotationSet cDate="01/08/2003 12:52:03 PST Wed" status="MANUAL" ID="1575001">
                <layer rank="1" name="FE">
                    <label cBy="618" feID="202" end="40" start="25" name="Content"/>
                    <label cBy="618" feID="201" end="1" start="0" name="Experiencer"/>
                </layer>
                <layer rank="1" name="GF">
                    <label end="40" start="25" name="Dep"/>
                    <label end="1" start="0" name="Ext"/>
                </layer>
                <layer rank="1" name="PT">
                    <label end="40" start="25" name="PP"/>
                    <label end="1" start="0" name="NP"/>
                </layer>
                <layer rank="1" name="Sent"/>
                <layer rank="1" name="Other"/>
                <layer rank="1" name="Target">
                    <label cBy="103" end="23" start="12" name="Target"/>
                </layer>
                <layer rank="1" name="Adj">
                    <label end="5" start="3" name="Cop"/>
                </layer>
            </annotationSet>
        </sentence>
        <sentence sentNo="0" aPos="101592067" ID="1061800">
            <text>Less apprehensive of the weather now she knew it was due to improve , she was glad of permission to use the transistor . </text>
            <annotationSet cDate="01/08/2003 12:52:03 PST Wed" status="UNANN" ID="1575004">
                <layer rank="1" name="BNC">
                    <label end="3" start="0" name="DT0"/>
                    <label end="16" start="5" name="AJ0"/>
                    <label end="19" start="18" name="PRF"/>
                    <label end="23" start="21" name="AT0"/>
                    <label end="31" start="25" name="NN1"/>
                    <label end="35" start="33" name="AV0"/>
                    <label end="39" start="37" name="PNP"/>
                    <label end="44" start="41" name="VVD"/>
                    <label end="47" start="46" name="PNP"/>
                    <label end="51" start="49" name="VBD"/>
                    <label end="55" start="53" name="AJ0"/>
                    <label end="58" start="57" name="TO0"/>
                    <label end="66" start="60" name="VVI"/>
                    <label end="68" start="68" name="PUN"/>
                    <label end="72" start="70" name="PNP"/>
                    <label end="76" start="74" name="VBD"/>
                    <label end="81" start="78" name="AJ0"/>
                    <label end="84" start="83" name="PRF"/>
                    <label end="95" start="86" name="NN1"/>
                    <label end="98" start="97" name="TO0"/>
                    <label end="102" start="100" name="VVI"/>
                    <label end="106" start="104" name="AT0"/>
                    <label end="117" start="108" name="NN1"/>
                    <label end="119" start="119" name="PUN"/>
                </layer>
            </annotationSet>
            <annotationSet cDate="01/08/2003 12:52:03 PST Wed" status="MANUAL" ID="1575005">
                <layer rank="1" name="FE">
                    <label cBy="618" feID="202" end="31" start="18" name="Content"/>
                    <label cBy="618" feID="2137" end="3" start="0" name="Degree"/>
                    <label cBy="618" feID="201" end="72" start="70" name="Experiencer"/>
                </layer>
                <layer rank="1" name="GF">
                    <label end="31" start="18" name="Dep"/>
                    <label end="3" start="0" name="Dep"/>
                    <label end="72" start="70" name="Ext"/>
                </layer>
                <layer rank="1" name="PT">
                    <label end="31" start="18" name="PP"/>
                    <label end="3" start="0" name="AVP"/>
                    <label end="72" start="70" name="NP"/>
                </layer>
                <layer rank="1" name="Sent"/>
                <layer rank="1" name="Other"/>
                <layer rank="1" name="Target">
                    <label cBy="103" end="16" start="5" name="Target"/>
                </layer>
                <layer rank="1" name="Adj"/>
            </annotationSet>
        </sentence>
    </subCorpus>
    <subCorpus name="A-100-s30-ppabout">
        <sentence sentNo="0" aPos="4005784" ID="1061803">
            <text>Some of the marchers were apprehensive about this very hi-tech physiotherapy department . </text>
            <annotationSet cDate="01/08/2003 12:52:04 PST Wed" status="UNANN" ID="1575010">
                <layer rank="1" name="BNC">
                    <label end="3" start="0" name="DT0"/>
                    <label end="6" start="5" name="PRF"/>
                    <label end="10" start="8" name="AT0"/>
                    <label end="19" start="12" name="NN2"/>
                    <label end="24" start="21" name="VBD"/>
                    <label end="37" start="26" name="AJ0"/>
                    <label end="43" start="39" name="PRP"/>
                    <label end="48" start="45" name="DT0"/>
                    <label end="53" start="50" name="AJ0-AV0"/>
                    <label end="61" start="55" name="AJ0"/>
                    <label end="75" start="63" name="NN1"/>
                    <label end="86" start="77" name="NN0"/>
                    <label end="88" start="88" name="PUN"/>
                </layer>
            </annotationSet>
            <annotationSet cDate="01/08/2003 12:52:04 PST Wed" status="MANUAL" ID="1575011">
                <layer rank="1" name="FE">
                    <label cBy="618" feID="201" end="19" start="0" name="Experiencer"/>
                    <label cBy="618" feID="202" end="86" start="39" name="Content"/>
                </layer>
                <layer rank="1" name="GF">
                    <label end="19" start="0" name="Ext"/>
                    <label end="86" start="39" name="Dep"/>
                </layer>
                <layer rank="1" name="PT">
                    <label end="19" start="0" name="NP"/>
                    <label end="86" start="39" name="PP"/>
                </layer>
                <layer rank="1" name="Sent"/>
                <layer rank="1" name="Other"/>
                <layer rank="1" name="Target">
                    <label cBy="103" end="37" start="26" name="Target"/>
                </layer>
                <layer rank="1" name="Adj">
                    <label end="24" start="21" name="Cop"/>
                </layer>
            </annotationSet>
        </sentence>
        <sentence sentNo="0" aPos="5618956" ID="1061804">
            <text>They may not be unduly apprehensive about climate change , but they know about the greenhouse effect and how the state of the world and their own localities impinges on their lives . </text>
            <annotationSet cDate="01/08/2003 12:52:04 PST Wed" status="UNANN" ID="1575012">
                <layer rank="1" name="BNC">
                    <label end="3" start="0" name="PNP"/>
                    <label end="7" start="5" name="VM0"/>
                    <label end="11" start="9" name="XX0"/>
                    <label end="14" start="13" name="VBI"/>
                    <label end="21" start="16" name="AV0"/>
                    <label end="34" start="23" name="AJ0"/>
                    <label end="40" start="36" name="PRP"/>
                    <label end="48" start="42" name="NN1"/>
                    <label end="55" start="50" name="NN1"/>
                    <label end="57" start="57" name="PUN"/>
                    <label end="61" start="59" name="CJC"/>
                    <label end="66" start="63" name="PNP"/>
                    <label end="71" start="68" name="VVB"/>
                    <label end="77" start="73" name="PRP"/>
                    <label end="81" start="79" name="AT0"/>
                    <label end="92" start="83" name="NN1"/>
                    <label end="99" start="94" name="NN1"/>
                    <label end="103" start="101" name="CJC"/>
                    <label end="107" start="105" name="AVQ"/>
                    <label end="111" start="109" name="AT0"/>
                    <label end="117" start="113" name="NN1"/>
                    <label end="120" start="119" name="PRF"/>
                    <label end="124" start="122" name="AT0"/>
                    <label end="130" start="126" name="NN1"/>
                    <label end="134" start="132" name="CJC"/>
                    <label end="140" start="136" name="DPS"/>
                    <label end="144" start="142" name="DT0"/>
                    <label end="155" start="146" name="NN2"/>
                    <label end="164" start="157" name="VVZ"/>
                    <label end="167" start="166" name="PRP"/>
                    <label end="173" start="169" name="DPS"/>
                    <label end="179" start="175" name="NN2"/>
                    <label end="181" start="181" name="PUN"/>
                </layer>
            </annotationSet>
            <annotationSet cDate="01/08/2003 12:52:04 PST Wed" status="MANUAL" ID="1575013">
                <layer rank="1" name="FE">
                    <label cBy="618" feID="202" end="55" start="36" name="Content"/>
                    <label cBy="618" feID="201" end="3" start="0" name="Experiencer"/>
                </layer>
                <layer rank="1" name="GF">
                    <label end="55" start="36" name="Dep"/>
                    <label end="3" start="0" name="Ext"/>
                </layer>
                <layer rank="1" name="PT">
                    <label end="55" start="36" name="PP"/>
                    <label end="3" start="0" name="NP"/>
                </layer>
                <layer rank="1" name="Sent"/>
                <layer rank="1" name="Other"/>
                <layer rank="1" name="Target">
                    <label cBy="103" end="34" start="23" name="Target"/>
                </layer>
                <layer rank="1" name="Adj">
                    <label end="14" start="13" name="Cop"/>
                </layer>
            </annotationSet>
        </sentence>
        <sentence sentNo="0" aPos="30450226" ID="1061819">
            <text>But Beattie is a little apprehensive about the effect of what he has said . </text>
            <annotationSet cDate="01/08/2003 12:52:06 PST Wed" status="UNANN" ID="1575042">
                <layer rank="1" name="BNC">
                    <label end="2" start="0" name="CJC"/>
                    <label end="10" start="4" name="NP0"/>
                    <label end="13" start="12" name="VBZ"/>
                    <label end="15" start="15" name="AV0"/>
                    <label end="22" start="17" name="AV0"/>
                    <label end="35" start="24" name="AJ0"/>
                    <label end="41" start="37" name="PRP"/>
                    <label end="45" start="43" name="AT0"/>
                    <label end="52" start="47" name="NN1"/>
                    <label end="55" start="54" name="PRF"/>
                    <label end="60" start="57" name="DTQ"/>
                    <label end="63" start="62" name="PNP"/>
                    <label end="67" start="65" name="VHZ"/>
                    <label end="72" start="69" name="VVN"/>
                    <label end="74" start="74" name="PUN"/>
                </layer>
            </annotationSet>
            <annotationSet cDate="01/08/2003 12:52:06 PST Wed" status="MANUAL" ID="1575043">
                <layer rank="1" name="FE">
                    <label cBy="618" feID="2137" end="22" start="15" name="Degree"/>
                    <label cBy="618" feID="201" end="10" start="4" name="Experiencer"/>
                    <label cBy="618" feID="202" end="72" start="37" name="Content"/>
                </layer>
                <layer rank="1" name="GF">
                    <label end="22" start="15" name="Dep"/>
                    <label end="10" start="4" name="Ext"/>
                    <label end="72" start="37" name="Dep"/>
                </layer>
                <layer rank="1" name="PT">
                    <label end="22" start="15" name="AVP"/>
                    <label end="10" start="4" name="NP"/>
                    <label end="72" start="37" name="PP"/>
                </layer>
                <layer rank="1" name="Sent"/>
                <layer rank="1" name="Other"/>
                <layer rank="1" name="Target">
                    <label cBy="103" end="35" start="24" name="Target"/>
                </layer>
                <layer rank="1" name="Adj">
                    <label end="13" start="12" name="Cop"/>
                </layer>
            </annotationSet>
        </sentence>
        <sentence sentNo="0" aPos="101594755" ID="1061829">
            <text>He went off to the kitchen , leaving Leonora apprehensive about the rest of the evening . </text>
            <annotationSet cDate="01/08/2003 12:52:07 PST Wed" status="UNANN" ID="1575062">
                <layer rank="1" name="BNC">
                    <label end="1" start="0" name="PNP"/>
                    <label end="6" start="3" name="VVD"/>
                    <label end="10" start="8" name="AVP"/>
                    <label end="13" start="12" name="PRP"/>
                    <label end="17" start="15" name="AT0"/>
                    <label end="25" start="19" name="NN1"/>
                    <label end="27" start="27" name="PUN"/>
                    <label end="35" start="29" name="VVG"/>
                    <label end="43" start="37" name="NP0"/>
                    <label end="56" start="45" name="AJ0"/>
                    <label end="62" start="58" name="PRP"/>
                    <label end="66" start="64" name="AT0"/>
                    <label end="71" start="68" name="NN1"/>
                    <label end="74" start="73" name="PRF"/>
                    <label end="78" start="76" name="AT0"/>
                    <label end="86" start="80" name="NN1"/>
                    <label end="88" start="88" name="PUN"/>
                </layer>
            </annotationSet>
            <annotationSet cDate="01/08/2003 12:52:07 PST Wed" status="MANUAL" ID="1575063">
                <layer rank="1" name="FE">
                    <label cBy="618" feID="201" end="43" start="37" name="Experiencer"/>
                    <label cBy="618" feID="202" end="86" start="58" name="Content"/>
                </layer>
                <layer rank="1" name="GF">
                    <label end="43" start="37" name="Ext"/>
                    <label end="86" start="58" name="Dep"/>
                </layer>
                <layer rank="1" name="PT">
                    <label end="43" start="37" name="NP"/>
                    <label end="86" start="58" name="PP"/>
                </layer>
                <layer rank="1" name="Sent"/>
                <layer rank="1" name="Other"/>
                <layer rank="1" name="Target">
                    <label cBy="103" end="56" start="45" name="Target"/>
                </layer>
                <layer rank="1" name="Adj"/>
            </annotationSet>
        </sentence>
    </subCorpus>
    <subCorpus name="A-110-s20-ppother">
        <sentence sentNo="0" aPos="495170" ID="1061830">
            <text>On an early solo some pilots do get rather far from the field , which causes their instructors to become apprehensive for their safety . </text>
            <annotationSet cDate="01/08/2003 12:52:07 PST Wed" status="UNANN" ID="1575064">
                <layer rank="1" name="BNC">
                    <label end="1" start="0" name="PRP"/>
                    <label end="4" start="3" name="AT0"/>
                    <label end="10" start="6" name="AJ0-AV0"/>
                    <label end="15" start="12" name="NN1"/>
                    <label end="20" start="17" name="DT0"/>
                    <label end="27" start="22" name="NN2"/>
                    <label end="30" start="29" name="VDB"/>
                    <label end="34" start="32" name="VVI"/>
                    <label end="41" start="36" name="AV0"/>
                    <label end="45" start="43" name="AJ0-AV0"/>
                    <label end="50" start="47" name="PRP"/>
                    <label end="54" start="52" name="AT0"/>
                    <label end="60" start="56" name="NN1"/>
                    <label end="62" start="62" name="PUN"/>
                    <label end="68" start="64" name="DTQ"/>
                    <label end="75" start="70" name="VVZ"/>
                    <label end="81" start="77" name="DPS"/>
                    <label end="93" start="83" name="NN2"/>
                    <label end="96" start="95" name="TO0"/>
                    <label end="103" start="98" name="VVI"/>
                    <label end="116" start="105" name="AJ0"/>
                    <label end="120" start="118" name="PRP"/>
                    <label end="126" start="122" name="DPS"/>
                    <label end="133" start="128" name="NN1"/>
                    <label end="135" start="135" name="PUN"/>
                </layer>
            </annotationSet>
            <annotationSet cDate="01/08/2003 12:52:07 PST Wed" status="MANUAL" ID="1575065">
                <layer rank="1" name="FE">
                    <label cBy="618" feID="201" end="93" start="77" name="Experiencer"/>
                    <label cBy="618" feID="202" end="133" start="118" name="Content"/>
                </layer>
                <layer rank="1" name="GF">
                    <label end="93" start="77" name="Ext"/>
                    <label end="133" start="118" name="Dep"/>
                </layer>
                <layer rank="1" name="PT">
                    <label end="93" start="77" name="NP"/>
                    <label end="133" start="118" name="PP"/>
                </layer>
                <layer rank="1" name="Sent"/>
                <layer rank="1" name="Other"/>
                <layer rank="1" name="Target">
                    <label cBy="103" end="116" start="105" name="Target"/>
                </layer>
                <layer rank="1" name="Adj">
                    <label end="103" start="98" name="Supp"/>
                </layer>
            </annotationSet>
        </sentence>
        <sentence sentNo="0" aPos="72295615" ID="1061836">
            <text>Sir Sidney Barton was apprehensive for my safety and suggested I should join him and Lord Airlie on a short hunting trip near the Awash Station . </text>
            <annotationSet cDate="01/08/2003 12:52:08 PST Wed" status="UNANN" ID="1575076">
                <layer rank="1" name="BNC">
                    <label end="2" start="0" name="NP0"/>
                    <label end="9" start="4" name="NP0"/>
                    <label end="16" start="11" name="NP0"/>
                    <label end="20" start="18" name="VBD"/>
                    <label end="33" start="22" name="AJ0"/>
                    <label end="37" start="35" name="PRP"/>
                    <label end="40" start="39" name="DPS"/>
                    <label end="47" start="42" name="NN1"/>
                    <label end="51" start="49" name="CJC"/>
                    <label end="61" start="53" name="VVD-VVN"/>
                    <label end="63" start="63" name="PNP"/>
                    <label end="70" start="65" name="VM0"/>
                    <label end="75" start="72" name="VVI"/>
                    <label end="79" start="77" name="PNP"/>
                    <label end="83" start="81" name="CJC"/>
                    <label end="88" start="85" name="NP0"/>
                    <label end="95" start="90" name="NP0"/>
                    <label end="98" start="97" name="PRP"/>
                    <label end="100" start="100" name="AT0"/>
                    <label end="106" start="102" name="AJ0"/>
                    <label end="114" start="108" name="NN1"/>
                    <label end="119" start="116" name="NN1-VVB"/>
                    <label end="124" start="121" name="PRP"/>
                    <label end="128" start="126" name="AT0"/>
                    <label end="134" start="130" name="AJ0"/>
                    <label end="142" start="136" name="NN1"/>
                    <label end="144" start="144" name="PUN"/>
                </layer>
            </annotationSet>
            <annotationSet cDate="01/08/2003 12:52:08 PST Wed" status="MANUAL" ID="1575077">
                <layer rank="1" name="FE">
                    <label cBy="618" feID="202" end="47" start="35" name="Content"/>
                    <label cBy="618" feID="201" end="16" start="0" name="Experiencer"/>
                </layer>
                <layer rank="1" name="GF">
                    <label end="47" start="35" name="Dep"/>
                    <label end="16" start="0" name="Ext"/>
                </layer>
                <layer rank="1" name="PT">
                    <label end="47" start="35" name="PP"/>
                    <label end="16" start="0" name="NP"/>
                </layer>
                <layer rank="1" name="Sent"/>
                <layer rank="1" name="Other"/>
                <layer rank="1" name="Target">
                    <label cBy="103" end="33" start="22" name="Target"/>
                </layer>
                <layer rank="1" name="Adj">
                    <label end="20" start="18" name="Cop"/>
                </layer>
            </annotationSet>
        </sentence>
    </subCorpus>
    <subCorpus name="A-160-s20-pother">
        <sentence sentNo="0" aPos="386119" ID="1061837">
            <text>I 'm a bit apprehensive about seeing her again , but I 'm sure she 'll have fun seeing the old hag in her new colours . </text>
            <annotationSet cDate="01/08/2003 12:52:08 PST Wed" status="UNANN" ID="1575078">
                <layer rank="1" name="BNC">
                    <label end="0" start="0" name="PNP"/>
                    <label end="3" start="2" name="VBB"/>
                    <label end="5" start="5" name="AV0"/>
                    <label end="9" start="7" name="AV0"/>
                    <label end="22" start="11" name="AJ0"/>
                    <label end="28" start="24" name="PRP"/>
                    <label end="35" start="30" name="VVG"/>
                    <label end="39" start="37" name="PNP"/>
                    <label end="45" start="41" name="AV0"/>
                    <label end="47" start="47" name="PUN"/>
                    <label end="51" start="49" name="CJC"/>
                    <label end="53" start="53" name="PNP"/>
                    <label end="56" start="55" name="VBB"/>
                    <label end="61" start="58" name="AJ0-AV0"/>
                    <label end="65" start="63" name="PNP"/>
                    <label end="69" start="67" name="VM0"/>
                    <label end="74" start="71" name="VHI"/>
                    <label end="78" start="76" name="NN1"/>
                    <label end="85" start="80" name="VVG"/>
                    <label end="89" start="87" name="AT0"/>
                    <label end="93" start="91" name="AJ0"/>
                    <label end="97" start="95" name="NN1"/>
                    <label end="100" start="99" name="PRP"/>
                    <label end="104" start="102" name="DPS"/>
                    <label end="108" start="106" name="AJ0"/>
                    <label end="116" start="110" name="NN2"/>
                    <label end="118" start="118" name="PUN"/>
                </layer>
            </annotationSet>
            <annotationSet cDate="01/08/2003 12:52:08 PST Wed" status="MANUAL" ID="1575079">
                <layer rank="1" name="FE">
                    <label cBy="618" feID="201" end="0" start="0" name="Experiencer"/>
                    <label cBy="618" feID="2137" end="9" start="5" name="Degree"/>
                    <label cBy="618" feID="202" end="45" start="24" name="Content"/>
                </layer>
                <layer rank="1" name="GF">
                    <label end="0" start="0" name="Ext"/>
                    <label end="9" start="5" name="Dep"/>
                    <label end="45" start="24" name="Dep"/>
                </layer>
                <layer rank="1" name="PT">
                    <label end="0" start="0" name="NP"/>
                    <label end="9" start="5" name="AVP"/>
                    <label end="45" start="24" name="PPing"/>
                </layer>
                <layer rank="1" name="Sent"/>
                <layer rank="1" name="Other"/>
                <layer rank="1" name="Target">
                    <label cBy="103" end="22" start="11" name="Target"/>
                </layer>
                <layer rank="1" name="Adj">
                    <label end="3" start="2" name="Cop"/>
                </layer>
            </annotationSet>
        </sentence>
        <sentence sentNo="0" aPos="15340304" ID="1061840">
            <text>We were apprehensive about crossing into Algeria . </text>
            <annotationSet cDate="01/08/2003 12:52:08 PST Wed" status="UNANN" ID="1575084">
                <layer rank="1" name="BNC">
                    <label end="1" start="0" name="PNP"/>
                    <label end="6" start="3" name="VBD"/>
                    <label end="19" start="8" name="AJ0"/>
                    <label end="25" start="21" name="PRP"/>
                    <label end="34" start="27" name="VVG"/>
                    <label end="39" start="36" name="PRP"/>
                    <label end="47" start="41" name="NP0"/>
                    <label end="49" start="49" name="PUN"/>
                </layer>
            </annotationSet>
            <annotationSet cDate="01/08/2003 12:52:08 PST Wed" status="MANUAL" ID="1575085">
                <layer rank="1" name="FE">
                    <label cBy="618" feID="201" end="1" start="0" name="Experiencer"/>
                    <label cBy="618" feID="202" end="47" start="21" name="Content"/>
                </layer>
                <layer rank="1" name="GF">
                    <label end="1" start="0" name="Ext"/>
                    <label end="47" start="21" name="Dep"/>
                </layer>
                <layer rank="1" name="PT">
                    <label end="1" start="0" name="NP"/>
                    <label end="47" start="21" name="PPing"/>
                </layer>
                <layer rank="1" name="Sent"/>
                <layer rank="1" name="Other"/>
                <layer rank="1" name="Target">
                    <label cBy="103" end="19" start="8" name="Target"/>
                </layer>
                <layer rank="1" name="Adj">
                    <label end="6" start="3" name="Cop"/>
                </layer>
            </annotationSet>
        </sentence>
        <sentence sentNo="0" aPos="105939656" ID="1061850">
            <text>Householders return home apprehensive of having been burgled . </text>
            <annotationSet cDate="01/08/2003 12:52:09 PST Wed" status="UNANN" ID="1575104">
                <layer rank="1" name="BNC">
                    <label end="11" start="0" name="NN2"/>
                    <label end="18" start="13" name="VVB"/>
                    <label end="23" start="20" name="AV0"/>
                    <label end="36" start="25" name="AJ0"/>
                    <label end="39" start="38" name="PRF"/>
                    <label end="46" start="41" name="VHG"/>
                    <label end="51" start="48" name="VBN"/>
                    <label end="59" start="53" name="VVN"/>
                    <label end="61" start="61" name="PUN"/>
                </layer>
            </annotationSet>
            <annotationSet cDate="01/08/2003 12:52:09 PST Wed" status="MANUAL" ID="1575105">
                <layer rank="1" name="FE">
                    <label cBy="618" feID="201" end="11" start="0" name="Experiencer"/>
                    <label cBy="618" feID="202" end="59" start="38" name="Content"/>
                </layer>
                <layer rank="1" name="GF">
                    <label end="11" start="0" name="Ext"/>
                    <label end="59" start="38" name="Dep"/>
                </layer>
                <layer rank="1" name="PT">
                    <label end="11" start="0" name="NP"/>
                    <label end="59" start="38" name="PPing"/>
                </layer>
                <layer rank="1" name="Sent"/>
                <layer rank="1" name="Other"/>
                <layer rank="1" name="Target">
                    <label cBy="103" end="36" start="25" name="Target"/>
                </layer>
                <layer rank="1" name="Adj"/>
            </annotationSet>
        </sentence>
    </subCorpus>
    <subCorpus name="A-170-s20-prenom">
        <sentence sentNo="0" aPos="28302787" ID="1061854">
            <text>Four pairs of suspicious , apprehensive eyes became suddenly full of relief . </text>
            <annotationSet cDate="01/08/2003 12:52:10 PST Wed" status="UNANN" ID="1575112">
                <layer rank="1" name="BNC">
                    <label end="3" start="0" name="CRD"/>
                    <label end="9" start="5" name="NN2"/>
                    <label end="12" start="11" name="PRF"/>
                    <label end="23" start="14" name="AJ0"/>
                    <label end="25" start="25" name="PUN"/>
                    <label end="38" start="27" name="AJ0"/>
                    <label end="43" start="40" name="NN2"/>
                    <label end="50" start="45" name="VVD"/>
                    <label end="59" start="52" name="AV0"/>
                    <label end="64" start="61" name="AJ0"/>
                    <label end="67" start="66" name="PRF"/>
                    <label end="74" start="69" name="NN1"/>
                    <label end="76" start="76" name="PUN"/>
                </layer>
            </annotationSet>
            <annotationSet cDate="01/08/2003 12:52:10 PST Wed" status="MANUAL" ID="1575113">
                <layer rank="1" name="FE">
                    <label cBy="618" feID="3391" end="43" start="40" name="Expressor"/>
                    <label cBy="296" feID="202" itype="INI" name="Content"/>
                </layer>
                <layer rank="1" name="GF">
                    <label end="43" start="40" name="Head"/>
                </layer>
                <layer rank="1" name="PT">
                    <label end="43" start="40" name="N"/>
                </layer>
                <layer rank="1" name="Sent"/>
                <layer rank="1" name="Other"/>
                <layer rank="1" name="Target">
                    <label cBy="103" end="38" start="27" name="Target"/>
                </layer>
                <layer rank="1" name="Adj"/>
            </annotationSet>
        </sentence>
        <sentence sentNo="0" aPos="79890931" ID="1061865">
            <text>Saul Quatt turned his apprehensive gaze upon the companion , his frown shifting the spectacles upon his nose . </text>
            <annotationSet cDate="01/08/2003 12:52:12 PST Wed" status="UNANN" ID="1575134">
                <layer rank="1" name="BNC">
                    <label end="3" start="0" name="NP0"/>
                    <label end="9" start="5" name="NP0"/>
                    <label end="16" start="11" name="VVD"/>
                    <label end="20" start="18" name="DPS"/>
                    <label end="33" start="22" name="AJ0"/>
                    <label end="38" start="35" name="NN1"/>
                    <label end="43" start="40" name="PRP"/>
                    <label end="47" start="45" name="AT0"/>
                    <label end="57" start="49" name="NN1"/>
                    <label end="59" start="59" name="PUN"/>
                    <label end="63" start="61" name="DPS"/>
                    <label end="69" start="65" name="NN1"/>
                    <label end="78" start="71" name="VVG"/>
                    <label end="82" start="80" name="AT0"/>
                    <label end="93" start="84" name="NN2"/>
                    <label end="98" start="95" name="PRP"/>
                    <label end="102" start="100" name="DPS"/>
                    <label end="107" start="104" name="NN1"/>
                    <label end="109" start="109" name="PUN"/>
                </layer>
            </annotationSet>
            <annotationSet cDate="01/08/2003 12:52:12 PST Wed" status="MANUAL" ID="1575135">
                <layer rank="1" name="FE">
                    <label cBy="618" feID="3391" end="38" start="35" name="Expressor"/>
                    <label cBy="296" feID="202" itype="INI" name="Content"/>
                </layer>
                <layer rank="1" name="GF">
                    <label end="38" start="35" name="Head"/>
                </layer>
                <layer rank="1" name="PT">
                    <label end="38" start="35" name="N"/>
                </layer>
                <layer rank="1" name="Sent"/>
                <layer rank="1" name="Other"/>
                <layer rank="1" name="Target">
                    <label cBy="103" end="33" start="22" name="Target"/>
                </layer>
                <layer rank="1" name="Adj"/>
            </annotationSet>
        </sentence>
    </subCorpus>
    <subCorpus name="A-180-s20-punct"/>
    <subCorpus name="A-190-s20-other">
        <sentence sentNo="0" aPos="36027418" ID="1061896">
            <text>Many nations are apprehensive because the treaty establishes no controls to prevent the ruthless industrial and trading practices that built Japan 's pre-war commercial empire . </text>
            <annotationSet cDate="01/08/2003 12:52:16 PST Wed" status="UNANN" ID="1575196">
                <layer rank="1" name="BNC">
                    <label end="3" start="0" name="DT0"/>
                    <label end="11" start="5" name="NN2"/>
                    <label end="15" start="13" name="VBB"/>
                    <label end="28" start="17" name="AJ0"/>
                    <label end="36" start="30" name="CJS"/>
                    <label end="40" start="38" name="AT0"/>
                    <label end="47" start="42" name="NN1"/>
                    <label end="59" start="49" name="VVZ"/>
                    <label end="62" start="61" name="AT0"/>
                    <label end="71" start="64" name="NN2"/>
                    <label end="74" start="73" name="TO0"/>
                    <label end="82" start="76" name="VVI"/>
                    <label end="86" start="84" name="AT0"/>
                    <label end="95" start="88" name="AJ0"/>
                    <label end="106" start="97" name="AJ0"/>
                    <label end="110" start="108" name="CJC"/>
                    <label end="118" start="112" name="AJ0-VVG"/>
                    <label end="128" start="120" name="NN2"/>
                    <label end="133" start="130" name="CJT"/>
                    <label end="139" start="135" name="VVD"/>
                    <label end="145" start="141" name="NP0"/>
                    <label end="148" start="147" name="POS"/>
                    <label end="156" start="150" name="AJ0"/>
                    <label end="167" start="158" name="AJ0"/>
                    <label end="174" start="169" name="NN1"/>
                    <label end="176" start="176" name="PUN"/>
                </layer>
            </annotationSet>
            <annotationSet cDate="01/08/2003 12:52:16 PST Wed" status="MANUAL" ID="1575197">
                <layer rank="1" name="FE">
                    <label cBy="618" feID="201" end="11" start="0" name="Experiencer"/>
                    <label cBy="618" feID="203" end="174" start="30" name="Reason"/>
                    <label cBy="296" feID="202" itype="DNI" name="Content"/>
                </layer>
                <layer rank="1" name="GF">
                    <label end="11" start="0" name="Ext"/>
                    <label end="174" start="30" name="Dep"/>
                </layer>
                <layer rank="1" name="PT">
                    <label end="11" start="0" name="NP"/>
                    <label end="174" start="30" name="Sub"/>
                </layer>
                <layer rank="1" name="Sent"/>
                <layer rank="1" name="Other"/>
                <layer rank="1" name="Target">
                    <label cBy="103" end="28" start="17" name="Target"/>
                </layer>
                <layer rank="1" name="Adj">
                    <label end="15" start="13" name="Cop"/>
                </layer>
            </annotationSet>
        </sentence>
        <sentence sentNo="0" aPos="102102143" ID="1061908">
            <text>She is apprehensive but she wants to see her husband and two sons . </text>
            <annotationSet cDate="01/08/2003 12:52:18 PST Wed" status="UNANN" ID="1575220">
                <layer rank="1" name="BNC">
                    <label end="2" start="0" name="PNP"/>
                    <label end="5" start="4" name="VBZ"/>
                    <label end="18" start="7" name="AJ0"/>
                    <label end="22" start="20" name="CJC"/>
                    <label end="26" start="24" name="PNP"/>
                    <label end="32" start="28" name="VVZ"/>
                    <label end="35" start="34" name="TO0"/>
                    <label end="39" start="37" name="VVI"/>
                    <label end="43" start="41" name="DPS"/>
                    <label end="51" start="45" name="NN1"/>
                    <label end="55" start="53" name="CJC"/>
                    <label end="59" start="57" name="CRD"/>
                    <label end="64" start="61" name="NN2"/>
                    <label end="66" start="66" name="PUN"/>
                </layer>
            </annotationSet>
            <annotationSet cDate="01/08/2003 12:52:18 PST Wed" status="MANUAL" ID="1575221">
                <layer rank="1" name="FE">
                    <label cBy="618" feID="201" end="2" start="0" name="Experiencer"/>
                    <label cBy="296" feID="202" itype="DNI" name="Content"/>
                </layer>
                <layer rank="1" name="GF">
                    <label end="2" start="0" name="Ext"/>
                </layer>
                <layer rank="1" name="PT">
                    <label end="2" start="0" name="NP"/>
                </layer>
                <layer rank="1" name="Sent"/>
                <layer rank="1" name="Other"/>
                <layer rank="1" name="Target">
                    <label cBy="103" end="18" start="7" name="Target"/>
                </layer>
                <layer rank="1" name="Adj">
                    <label end="5" start="4" name="Cop"/>
                </layer>
            </annotationSet>
        </sentence>
    </subCorpus>
</lexUnit>