<?xml version="1.0" encoding="UTF-8" standalone="yes"?>
<?xml-stylesheet type="text/xsl" href="lexUnit.xsl"?>
<lexUnit status="Finished_Initial" POS="V" name="shoot.v" ID="7118" frame="Ingest_substance" frameID="386" totalAnnotated="4" xsi:schemaLocation="../schema/lexUnit.xsd" xmlns="http://framenet.icsi.berkeley.edu" xmlns:xsi="http://www.w3.org/2001/XMLSchema-instance">
    <header>
        <frame>
            <FE fgColor="FFFFFF" bgColor="0000FF" type="Core" abbrev="D_device" name="Delivery_device"/>
            <FE fgColor="FFFFFF" bgColor="00BFFF" type="Peripheral" abbrev="Dur" name="Duration"/>
            <FE fgColor="FFFFFF" bgColor="006400" type="Peripheral" abbrev="E_path" name="Entry_path"/>
            <FE fgColor="FFFFFF" bgColor="2E8B57" type="Extra-Thematic" abbrev="Freq" name="Frequency"/>
            <FE fgColor="FFFFFF" bgColor="FF0000" type="Core" abbrev="Ing" name="Ingestor"/>
            <FE fgColor="FFFFFF" bgColor="FF00FF" type="Peripheral" abbrev="Mnr" name="Manner"/>
            <FE fgColor="FFFFFF" bgColor="FF69B4" type="Peripheral" abbrev="Means" name="Means"/>
            <FE fgColor="FFFFFF" bgColor="008000" type="Peripheral" abbrev="Place" name="Place"/>
            <FE fgColor="FFFFFF" bgColor="800080" type="Peripheral" abbrev="Purp" name="Purpose"/>
            <FE fgColor="2E8B57" bgColor="00008B" type="Core" abbrev="Sub" name="Substance"/>
            <FE fgColor="FFFFFF" bgColor="FFA500" type="Peripheral" abbrev="Time" name="Time"/>
        </frame>
    </header>
    <definition>COD: inject oneself with a narcotic drug. </definition>
    <lexeme POS="V" name="shoot"/>
    <valences>
        <FERealization total="4">
            <FE name="Entry_path"/>
            <pattern total="4">
                <valenceUnit GF="Dep" PT="AVP" FE="Entry_path"/>
                <annoSet ID="1576767"/>
                <annoSet ID="1576769"/>
                <annoSet ID="1576777"/>
                <annoSet ID="1576787"/>
            </pattern>
        </FERealization>
        <FERealization total="4">
            <FE name="Ingestor"/>
            <pattern total="4">
                <valenceUnit GF="Ext" PT="NP" FE="Ingestor"/>
                <annoSet ID="1576767"/>
                <annoSet ID="1576769"/>
                <annoSet ID="1576777"/>
                <annoSet ID="1576787"/>
            </pattern>
        </FERealization>
        <FERealization total="4">
            <FE name="Substance"/>
            <pattern total="3">
                <valenceUnit GF="Obj" PT="NP" FE="Substance"/>
                <annoSet ID="1576767"/>
                <annoSet ID="1576769"/>
                <annoSet ID="1576777"/>
            </pattern>
            <pattern total="1">
                <valenceUnit GF="" PT="INI" FE="Substance"/>
                <annoSet ID="1576787"/>
            </pattern>
        </FERealization>
        <FEGroupRealization total="1">
            <FE name="Entry_path"/>
            <FE name="Ingestor"/>
            <FE name="Ingestor"/>
            <FE name="Substance"/>
            <pattern total="1">
                <valenceUnit GF="Dep" PT="AVP" FE="Entry_path"/>
                <valenceUnit GF="Ext" PT="NP" FE="Ingestor"/>
                <valenceUnit GF="Ext" PT="NP" FE="Ingestor"/>
                <valenceUnit GF="Obj" PT="NP" FE="Substance"/>
                <annoSet ID="1576767"/>
            </pattern>
        </FEGroupRealization>
        <FEGroupRealization total="3">
            <FE name="Entry_path"/>
            <FE name="Ingestor"/>
            <FE name="Substance"/>
            <pattern total="1">
                <valenceUnit GF="Dep" PT="AVP" FE="Entry_path"/>
                <valenceUnit GF="Ext" PT="NP" FE="Ingestor"/>
                <valenceUnit GF="" PT="INI" FE="Substance"/>
                <annoSet ID="1576787"/>
            </pattern>
            <pattern total="2">
                <valenceUnit GF="Dep" PT="AVP" FE="Entry_path"/>
                <valenceUnit GF="Ext" PT="NP" FE="Ingestor"/>
                <valenceUnit GF="Obj" PT="NP" FE="Substance"/>
                <annoSet ID="1576769"/>
                <annoSet ID="1576777"/>
            </pattern>
        </FEGroupRealization>
    </valences>
    <subCorpus name="V-429-s20-rcoll-drug">
        <sentence sentNo="0" aPos="29926933" ID="1062681">
            <text>If the lives of gay men are undervalued , how about the lives of homeless black and Hispanic people who shoot up drugs ? </text>
            <annotationSet cDate="01/08/2003 12:54:09 PST Wed" status="UNANN" ID="1576766">
                <layer rank="1" name="BNC">
                    <label end="1" start="0" name="CJS"/>
                    <label end="5" start="3" name="AT0"/>
                    <label end="11" start="7" name="NN2"/>
                    <label end="14" start="13" name="PRF"/>
                    <label end="18" start="16" name="AJ0"/>
                    <label end="22" start="20" name="NN2"/>
                    <label end="26" start="24" name="VBB"/>
                    <label end="38" start="28" name="AJ0"/>
                    <label end="40" start="40" name="PUN"/>
                    <label end="44" start="42" name="AVQ"/>
                    <label end="50" start="46" name="PRP"/>
                    <label end="54" start="52" name="AT0"/>
                    <label end="60" start="56" name="NN2"/>
                    <label end="63" start="62" name="PRF"/>
                    <label end="72" start="65" name="AJ0"/>
                    <label end="78" start="74" name="AJ0-NN1"/>
                    <label end="82" start="80" name="CJC"/>
                    <label end="91" start="84" name="AJ0"/>
                    <label end="98" start="93" name="NN0"/>
                    <label end="102" start="100" name="PNQ"/>
                    <label end="108" start="104" name="VVB"/>
                    <label end="111" start="110" name="AVP"/>
                    <label end="117" start="113" name="NN2"/>
                    <label end="119" start="119" name="PUN"/>
                </layer>
            </annotationSet>
            <annotationSet cDate="01/08/2003 12:54:10 PST Wed" status="MANUAL" ID="1576767">
                <layer rank="1" name="FE">
                    <label cBy="618" feID="3459" end="98" start="65" name="Ingestor"/>
                    <label cBy="618" feID="3465" end="111" start="110" name="Entry_path"/>
                    <label cBy="618" feID="3460" end="117" start="113" name="Substance"/>
                    <label cBy="309" feID="3459" end="102" start="100" name="Ingestor"/>
                </layer>
                <layer rank="1" name="GF">
                    <label end="98" start="65" name="Ext"/>
                    <label end="111" start="110" name="Dep"/>
                    <label end="117" start="113" name="Obj"/>
                    <label end="102" start="100" name="Ext"/>
                </layer>
                <layer rank="1" name="PT">
                    <label end="98" start="65" name="NP"/>
                    <label end="111" start="110" name="AVP"/>
                    <label end="117" start="113" name="NP"/>
                    <label end="102" start="100" name="NP"/>
                </layer>
                <layer rank="1" name="Sent"/>
                <layer rank="1" name="Other">
                    <label end="98" start="65" name="Ant"/>
                    <label end="102" start="100" name="Rel"/>
                </layer>
                <layer rank="1" name="Target">
                    <label cBy="103" end="108" start="104" name="Target"/>
                </layer>
                <layer rank="1" name="Verb"/>
            </annotationSet>
        </sentence>
        <sentence sentNo="0" aPos="54259347" ID="1062682">
            <text>` Because I 'd shoot up drugs or have parties and get drunk and sleep with boys ? </text>
            <annotationSet cDate="01/08/2003 12:54:10 PST Wed" status="UNANN" ID="1576768">
                <layer rank="1" name="BNC">
                    <label end="0" start="0" name="PUQ"/>
                    <label end="8" start="2" name="CJS"/>
                    <label end="10" start="10" name="PNP"/>
                    <label end="13" start="12" name="VM0"/>
                    <label end="19" start="15" name="VVI"/>
                    <label end="22" start="21" name="AVP"/>
                    <label end="28" start="24" name="NN2"/>
                    <label end="31" start="30" name="CJC"/>
                    <label end="36" start="33" name="VHB"/>
                    <label end="44" start="38" name="NN2"/>
                    <label end="48" start="46" name="CJC"/>
                    <label end="52" start="50" name="VVB"/>
                    <label end="58" start="54" name="AJ0"/>
                    <label end="62" start="60" name="CJC"/>
                    <label end="68" start="64" name="NN1-VVB"/>
                    <label end="73" start="70" name="PRP"/>
                    <label end="78" start="75" name="NN2"/>
                    <label end="80" start="80" name="PUN"/>
                </layer>
            </annotationSet>
            <annotationSet cDate="01/08/2003 12:54:10 PST Wed" status="MANUAL" ID="1576769">
                <layer rank="1" name="FE">
                    <label cBy="618" feID="3459" end="10" start="10" name="Ingestor"/>
                    <label cBy="618" feID="3465" end="22" start="21" name="Entry_path"/>
                    <label cBy="618" feID="3460" end="28" start="24" name="Substance"/>
                </layer>
                <layer rank="1" name="GF">
                    <label end="10" start="10" name="Ext"/>
                    <label end="22" start="21" name="Dep"/>
                    <label end="28" start="24" name="Obj"/>
                </layer>
                <layer rank="1" name="PT">
                    <label end="10" start="10" name="NP"/>
                    <label end="22" start="21" name="AVP"/>
                    <label end="28" start="24" name="NP"/>
                </layer>
                <layer rank="1" name="Sent"/>
                <layer rank="1" name="Other"/>
                <layer rank="1" name="Target">
                    <label cBy="103" end="19" start="15" name="Target"/>
                </layer>
                <layer rank="1" name="Verb"/>
            </annotationSet>
        </sentence>
    </subCorpus>
    <subCorpus name="V-429-s20-rcoll-heroin">
        <sentence sentNo="0" aPos="35130565" ID="1062686">
            <text>Not that anyone was shooting up heroin at their desks or anything , but the glazed eyes of some of the dishevelled staff suggested that they were well acquainted with the teachings of Robert Nesta Marley and perhaps worse . </text>
            <annotationSet cDate="01/08/2003 12:54:10 PST Wed" status="UNANN" ID="1576776">
                <layer rank="1" name="BNC">
                    <label end="2" start="0" name="XX0"/>
                    <label end="7" start="4" name="CJT"/>
                    <label end="14" start="9" name="PNI"/>
                    <label end="18" start="16" name="VBD"/>
                    <label end="27" start="20" name="VVG"/>
                    <label end="30" start="29" name="AVP-PRP"/>
                    <label end="37" start="32" name="NN1"/>
                    <label end="40" start="39" name="PRP"/>
                    <label end="46" start="42" name="DPS"/>
                    <label end="52" start="48" name="NN2"/>
                    <label end="55" start="54" name="CJC"/>
                    <label end="64" start="57" name="PNI"/>
                    <label end="66" start="66" name="PUN"/>
                    <label end="70" start="68" name="CJC"/>
                    <label end="74" start="72" name="AT0"/>
                    <label end="81" start="76" name="AJ0"/>
                    <label end="86" start="83" name="NN2"/>
                    <label end="89" start="88" name="PRF"/>
                    <label end="94" start="91" name="DT0"/>
                    <label end="97" start="96" name="PRF"/>
                    <label end="101" start="99" name="AT0"/>
                    <label end="113" start="103" name="AJ0"/>
                    <label end="119" start="115" name="NN0"/>
                    <label end="129" start="121" name="VVD-VVN"/>
                    <label end="134" start="131" name="CJT"/>
                    <label end="139" start="136" name="PNP"/>
                    <label end="144" start="141" name="VBD"/>
                    <label end="149" start="146" name="AV0"/>
                    <label end="160" start="151" name="VVN"/>
                    <label end="165" start="162" name="PRP"/>
                    <label end="169" start="167" name="AT0"/>
                    <label end="179" start="171" name="NN2"/>
                    <label end="182" start="181" name="PRF"/>
                    <label end="189" start="184" name="NP0"/>
                    <label end="195" start="191" name="NP0"/>
                    <label end="202" start="197" name="NP0"/>
                    <label end="206" start="204" name="CJC"/>
                    <label end="214" start="208" name="AV0"/>
                    <label end="220" start="216" name="AJC"/>
                    <label end="222" start="222" name="PUN"/>
                </layer>
            </annotationSet>
            <annotationSet cDate="01/08/2003 12:54:10 PST Wed" status="MANUAL" ID="1576777">
                <layer rank="1" name="FE">
                    <label cBy="618" feID="3459" end="14" start="9" name="Ingestor"/>
                    <label cBy="618" feID="3465" end="30" start="29" name="Entry_path"/>
                    <label cBy="618" feID="3460" end="37" start="32" name="Substance"/>
                </layer>
                <layer rank="1" name="GF">
                    <label end="14" start="9" name="Ext"/>
                    <label end="30" start="29" name="Dep"/>
                    <label end="37" start="32" name="Obj"/>
                </layer>
                <layer rank="1" name="PT">
                    <label end="14" start="9" name="NP"/>
                    <label end="30" start="29" name="AVP"/>
                    <label end="37" start="32" name="NP"/>
                </layer>
                <layer rank="1" name="Sent"/>
                <layer rank="1" name="Other"/>
                <layer rank="1" name="Target">
                    <label cBy="103" end="27" start="20" name="Target"/>
                </layer>
                <layer rank="1" name="Verb"/>
            </annotationSet>
        </sentence>
    </subCorpus>
    <subCorpus name="V-429-s40-rcoll-up">
        <sentence sentNo="0" aPos="10457603" ID="1062691">
            <text>She guessed Nina had been too overwrought to shoot up . </text>
            <annotationSet cDate="01/08/2003 12:54:11 PST Wed" status="UNANN" ID="1576786">
                <layer rank="1" name="BNC">
                    <label end="2" start="0" name="PNP"/>
                    <label end="10" start="4" name="VVD"/>
                    <label end="15" start="12" name="NP0"/>
                    <label end="19" start="17" name="VHD"/>
                    <label end="24" start="21" name="VBN"/>
                    <label end="28" start="26" name="AV0"/>
                    <label end="40" start="30" name="VVD-VVN"/>
                    <label end="43" start="42" name="TO0"/>
                    <label end="49" start="45" name="VVI"/>
                    <label end="52" start="51" name="AVP"/>
                    <label end="54" start="54" name="PUN"/>
                </layer>
            </annotationSet>
            <annotationSet cDate="01/08/2003 12:54:11 PST Wed" status="MANUAL" ID="1576787">
                <layer rank="1" name="FE">
                    <label cBy="618" feID="3459" end="15" start="12" name="Ingestor"/>
                    <label cBy="618" feID="3465" end="52" start="51" name="Entry_path"/>
                    <label cBy="296" feID="3460" itype="INI" name="Substance"/>
                </layer>
                <layer rank="1" name="GF">
                    <label end="15" start="12" name="Ext"/>
                    <label end="52" start="51" name="Dep"/>
                </layer>
                <layer rank="1" name="PT">
                    <label end="15" start="12" name="NP"/>
                    <label end="52" start="51" name="AVP"/>
                </layer>
                <layer rank="1" name="Sent"/>
                <layer rank="1" name="Other"/>
                <layer rank="1" name="Target">
                    <label cBy="103" end="49" start="45" name="Target"/>
                </layer>
                <layer rank="1" name="Verb"/>
            </annotationSet>
        </sentence>
    </subCorpus>
    <subCorpus name="V-680-s20-pass"/>
    <subCorpus name="V-880-s20-intrans-simple"/>
    <subCorpus name="V-890-s20-intrans-adverb"/>
    <subCorpus name="V-900-s20-other"/>
</lexUnit>