<?xml version="1.0" encoding="UTF-8" standalone="yes"?>
<?xml-stylesheet type="text/xsl" href="lexUnit.xsl"?>
<lexUnit status="Finished_Initial" POS="A" name="gilded.a" ID="7130" frame="Abounding_with" frameID="262" totalAnnotated="18" xsi:schemaLocation="../schema/lexUnit.xsd" xmlns="http://framenet.icsi.berkeley.edu" xmlns:xsi="http://www.w3.org/2001/XMLSchema-instance">
    <header>
        <frame>
            <FE fgColor="FFFFFF" bgColor="FF69B4" type="Peripheral" abbrev="Degr" name="Degree"/>
            <FE fgColor="FFFFFF" bgColor="9400D3" type="Extra-Thematic" abbrev="Dep" name="Depictive"/>
            <FE fgColor="FFFFFF" bgColor="FF0000" type="Core" abbrev="Loc" name="Location"/>
            <FE fgColor="FFFFFF" bgColor="008000" type="Core" abbrev="Thm" name="Theme"/>
            <FE fgColor="FFFF00" bgColor="FFA500" type="Peripheral" abbrev="" name="Time"/>
        </frame>
    </header>
    <definition>FN: covered in a thin layer of gold</definition>
    <lexeme POS="A" name="gilded"/>
    <valences>
        <FERealization total="3">
            <FE name="Degree"/>
            <pattern total="3">
                <valenceUnit GF="Dep" PT="AVP" FE="Degree"/>
                <annoSet ID="1578221"/>
                <annoSet ID="1578259"/>
                <annoSet ID="1578297"/>
            </pattern>
        </FERealization>
        <FERealization total="18">
            <FE name="Location"/>
            <pattern total="9">
                <valenceUnit GF="Head" PT="N" FE="Location"/>
                <annoSet ID="1578185"/>
                <annoSet ID="1578191"/>
                <annoSet ID="1578195"/>
                <annoSet ID="1578197"/>
                <annoSet ID="1578215"/>
                <annoSet ID="1578217"/>
                <annoSet ID="1578221"/>
                <annoSet ID="1578229"/>
                <annoSet ID="1578231"/>
            </pattern>
            <pattern total="9">
                <valenceUnit GF="Ext" PT="NP" FE="Location"/>
                <annoSet ID="1578199"/>
                <annoSet ID="1578205"/>
                <annoSet ID="1578255"/>
                <annoSet ID="1578259"/>
                <annoSet ID="1578265"/>
                <annoSet ID="1578267"/>
                <annoSet ID="1578271"/>
                <annoSet ID="1578297"/>
                <annoSet ID="1578309"/>
            </pattern>
        </FERealization>
        <FERealization total="2">
            <FE name="Theme"/>
            <pattern total="2">
                <valenceUnit GF="Dep" PT="PP[with]" FE="Theme"/>
                <annoSet ID="1578199"/>
                <annoSet ID="1578205"/>
            </pattern>
        </FERealization>
        <FEGroupRealization total="3">
            <FE name="Degree"/>
            <FE name="Location"/>
            <pattern total="1">
                <valenceUnit GF="Dep" PT="AVP" FE="Degree"/>
                <valenceUnit GF="Head" PT="N" FE="Location"/>
                <annoSet ID="1578221"/>
            </pattern>
            <pattern total="2">
                <valenceUnit GF="Dep" PT="AVP" FE="Degree"/>
                <valenceUnit GF="Ext" PT="NP" FE="Location"/>
                <annoSet ID="1578259"/>
                <annoSet ID="1578297"/>
            </pattern>
        </FEGroupRealization>
        <FEGroupRealization total="13">
            <FE name="Location"/>
            <pattern total="8">
                <valenceUnit GF="Head" PT="N" FE="Location"/>
                <annoSet ID="1578185"/>
                <annoSet ID="1578191"/>
                <annoSet ID="1578195"/>
                <annoSet ID="1578197"/>
                <annoSet ID="1578215"/>
                <annoSet ID="1578217"/>
                <annoSet ID="1578229"/>
                <annoSet ID="1578231"/>
            </pattern>
            <pattern total="5">
                <valenceUnit GF="Ext" PT="NP" FE="Location"/>
                <annoSet ID="1578255"/>
                <annoSet ID="1578265"/>
                <annoSet ID="1578267"/>
                <annoSet ID="1578271"/>
                <annoSet ID="1578309"/>
            </pattern>
        </FEGroupRealization>
        <FEGroupRealization total="2">
            <FE name="Location"/>
            <FE name="Theme"/>
            <pattern total="2">
                <valenceUnit GF="Ext" PT="NP" FE="Location"/>
                <valenceUnit GF="Dep" PT="PP[with]" FE="Theme"/>
                <annoSet ID="1578199"/>
                <annoSet ID="1578205"/>
            </pattern>
        </FEGroupRealization>
    </valences>
    <subCorpus name="A-002-s20-rcoll-cage"/>
    <subCorpus name="A-002-s20-rcoll-frame">
        <sentence sentNo="0" aPos="52190926" ID="1063390">
            <text>The gilded frame with its antique curves no longer distracted the eye . </text>
            <annotationSet cDate="01/08/2003 12:55:49 PST Wed" status="UNANN" ID="1578184">
                <layer rank="1" name="BNC">
                    <label end="2" start="0" name="AT0"/>
                    <label end="9" start="4" name="AJ0"/>
                    <label end="15" start="11" name="NN1"/>
                    <label end="20" start="17" name="PRP"/>
                    <label end="24" start="22" name="DPS"/>
                    <label end="32" start="26" name="AJ0-NN1"/>
                    <label end="39" start="34" name="NN2-VVZ"/>
                    <label end="42" start="41" name="AV0"/>
                    <label end="49" start="44" name="AV0"/>
                    <label end="60" start="51" name="VVD"/>
                    <label end="64" start="62" name="AT0"/>
                    <label end="68" start="66" name="NN1"/>
                    <label end="70" start="70" name="PUN"/>
                </layer>
            </annotationSet>
            <annotationSet cDate="01/08/2003 12:55:49 PST Wed" status="MANUAL" ID="1578185">
                <layer rank="1" name="FE">
                    <label cBy="532" feID="2261" end="15" start="11" name="Location"/>
                </layer>
                <layer rank="1" name="GF">
                    <label end="15" start="11" name="Head"/>
                </layer>
                <layer rank="1" name="PT">
                    <label end="15" start="11" name="N"/>
                </layer>
                <layer rank="1" name="Sent"/>
                <layer rank="1" name="Other"/>
                <layer rank="1" name="Target">
                    <label cBy="103" end="9" start="4" name="Target"/>
                </layer>
                <layer rank="1" name="Adj"/>
            </annotationSet>
        </sentence>
        <sentence sentNo="0" aPos="70915638" ID="1063393">
            <text>There was a clock on the mantelpiece and , above the clock , a small mirror in a gilded frame , darkened by soot . </text>
            <annotationSet cDate="01/08/2003 12:55:49 PST Wed" status="UNANN" ID="1578190">
                <layer rank="1" name="BNC">
                    <label end="4" start="0" name="EX0"/>
                    <label end="8" start="6" name="VBD"/>
                    <label end="10" start="10" name="AT0"/>
                    <label end="16" start="12" name="NN1"/>
                    <label end="19" start="18" name="PRP"/>
                    <label end="23" start="21" name="AT0"/>
                    <label end="35" start="25" name="NN1"/>
                    <label end="39" start="37" name="CJC"/>
                    <label end="41" start="41" name="PUN"/>
                    <label end="47" start="43" name="PRP"/>
                    <label end="51" start="49" name="AT0"/>
                    <label end="57" start="53" name="NN1"/>
                    <label end="59" start="59" name="PUN"/>
                    <label end="61" start="61" name="AT0"/>
                    <label end="67" start="63" name="AJ0"/>
                    <label end="74" start="69" name="NN1"/>
                    <label end="77" start="76" name="PRP"/>
                    <label end="79" start="79" name="AT0"/>
                    <label end="86" start="81" name="AJ0"/>
                    <label end="92" start="88" name="NN1"/>
                    <label end="94" start="94" name="PUN"/>
                    <label end="103" start="96" name="VVN"/>
                    <label end="106" start="105" name="PRP"/>
                    <label end="111" start="108" name="NN1"/>
                    <label end="113" start="113" name="PUN"/>
                </layer>
            </annotationSet>
            <annotationSet cDate="01/08/2003 12:55:49 PST Wed" status="MANUAL" ID="1578191">
                <layer rank="1" name="FE">
                    <label cBy="532" feID="2261" end="92" start="88" name="Location"/>
                </layer>
                <layer rank="1" name="GF">
                    <label end="92" start="88" name="Head"/>
                </layer>
                <layer rank="1" name="PT">
                    <label end="92" start="88" name="N"/>
                </layer>
                <layer rank="1" name="Sent"/>
                <layer rank="1" name="Other"/>
                <layer rank="1" name="Target">
                    <label cBy="103" end="86" start="81" name="Target"/>
                </layer>
                <layer rank="1" name="Adj"/>
            </annotationSet>
        </sentence>
    </subCorpus>
    <subCorpus name="A-002-s20-rcoll-mirror">
        <sentence sentNo="0" aPos="49963410" ID="1063395">
            <text>The prints on the walls were dark and undistinguished , and the large , gilded mirror on the wall over the marble fireplace was speckled . </text>
            <annotationSet cDate="01/08/2003 12:55:49 PST Wed" status="UNANN" ID="1578194">
                <layer rank="1" name="BNC">
                    <label end="2" start="0" name="AT0"/>
                    <label end="9" start="4" name="NN2"/>
                    <label end="12" start="11" name="PRP"/>
                    <label end="16" start="14" name="AT0"/>
                    <label end="22" start="18" name="NN2"/>
                    <label end="27" start="24" name="VBD"/>
                    <label end="32" start="29" name="AJ0"/>
                    <label end="36" start="34" name="CJC"/>
                    <label end="52" start="38" name="AJ0"/>
                    <label end="54" start="54" name="PUN"/>
                    <label end="58" start="56" name="CJC"/>
                    <label end="62" start="60" name="AT0"/>
                    <label end="68" start="64" name="AJ0"/>
                    <label end="70" start="70" name="PUN"/>
                    <label end="77" start="72" name="AJ0-VVD"/>
                    <label end="84" start="79" name="NN1"/>
                    <label end="87" start="86" name="PRP"/>
                    <label end="91" start="89" name="AT0"/>
                    <label end="96" start="93" name="NN1"/>
                    <label end="101" start="98" name="PRP"/>
                    <label end="105" start="103" name="AT0"/>
                    <label end="112" start="107" name="NN1"/>
                    <label end="122" start="114" name="NN1"/>
                    <label end="126" start="124" name="VBD"/>
                    <label end="135" start="128" name="VVN"/>
                    <label end="137" start="137" name="PUN"/>
                </layer>
            </annotationSet>
            <annotationSet cDate="01/08/2003 12:55:49 PST Wed" status="MANUAL" ID="1578195">
                <layer rank="1" name="FE">
                    <label cBy="532" feID="2261" end="122" start="79" name="Location"/>
                </layer>
                <layer rank="1" name="GF">
                    <label end="122" start="79" name="Head"/>
                </layer>
                <layer rank="1" name="PT">
                    <label end="122" start="79" name="N"/>
                </layer>
                <layer rank="1" name="Sent"/>
                <layer rank="1" name="Other"/>
                <layer rank="1" name="Target">
                    <label cBy="103" end="77" start="72" name="Target"/>
                </layer>
                <layer rank="1" name="Adj"/>
            </annotationSet>
        </sentence>
        <sentence sentNo="0" aPos="59484990" ID="1063396">
            <text>Placing a hand on her shoulder , he led her to an ornate , gilded mirror hanging above the carved stone fireplace . </text>
            <annotationSet cDate="01/08/2003 12:55:50 PST Wed" status="UNANN" ID="1578196">
                <layer rank="1" name="BNC">
                    <label end="6" start="0" name="VVG"/>
                    <label end="8" start="8" name="AT0"/>
                    <label end="13" start="10" name="NN1"/>
                    <label end="16" start="15" name="PRP"/>
                    <label end="20" start="18" name="DPS"/>
                    <label end="29" start="22" name="NN1"/>
                    <label end="31" start="31" name="PUN"/>
                    <label end="34" start="33" name="PNP"/>
                    <label end="38" start="36" name="VVD"/>
                    <label end="42" start="40" name="PNP"/>
                    <label end="45" start="44" name="PRP"/>
                    <label end="48" start="47" name="AT0"/>
                    <label end="55" start="50" name="AJ0"/>
                    <label end="57" start="57" name="PUN"/>
                    <label end="64" start="59" name="AJ0-VVD"/>
                    <label end="71" start="66" name="NN1"/>
                    <label end="79" start="73" name="NN1-VVG"/>
                    <label end="85" start="81" name="PRP"/>
                    <label end="89" start="87" name="AT0"/>
                    <label end="96" start="91" name="AJ0"/>
                    <label end="102" start="98" name="NN1"/>
                    <label end="112" start="104" name="NN1"/>
                    <label end="114" start="114" name="PUN"/>
                </layer>
            </annotationSet>
            <annotationSet cDate="01/08/2003 12:55:50 PST Wed" status="MANUAL" ID="1578197">
                <layer rank="1" name="FE">
                    <label cBy="532" feID="2261" end="71" start="66" name="Location"/>
                </layer>
                <layer rank="1" name="GF">
                    <label end="71" start="66" name="Head"/>
                </layer>
                <layer rank="1" name="PT">
                    <label end="71" start="66" name="N"/>
                </layer>
                <layer rank="1" name="Sent"/>
                <layer rank="1" name="Other"/>
                <layer rank="1" name="Target">
                    <label cBy="103" end="64" start="59" name="Target"/>
                </layer>
                <layer rank="1" name="Adj"/>
            </annotationSet>
        </sentence>
    </subCorpus>
    <subCorpus name="A-100-s20-ppwith">
        <sentence sentNo="0" aPos="14782953" ID="1063397">
            <text>In some ways , thought the rector , observing the cock on St Andrew 's spire gilded with the setting sun , one could have no better epitaph . </text>
            <annotationSet cDate="01/08/2003 12:55:50 PST Wed" status="UNANN" ID="1578198">
                <layer rank="1" name="BNC">
                    <label end="1" start="0" name="PRP"/>
                    <label end="6" start="3" name="DT0"/>
                    <label end="11" start="8" name="NN2"/>
                    <label end="13" start="13" name="PUN"/>
                    <label end="21" start="15" name="VVD-VVN"/>
                    <label end="25" start="23" name="AT0"/>
                    <label end="32" start="27" name="NN1"/>
                    <label end="34" start="34" name="PUN"/>
                    <label end="44" start="36" name="VVG"/>
                    <label end="48" start="46" name="AT0"/>
                    <label end="53" start="50" name="NN1"/>
                    <label end="56" start="55" name="PRP"/>
                    <label end="59" start="58" name="NP0"/>
                    <label end="66" start="61" name="NP0"/>
                    <label end="69" start="68" name="POS"/>
                    <label end="75" start="71" name="NN1"/>
                    <label end="82" start="77" name="VVN"/>
                    <label end="87" start="84" name="PRP"/>
                    <label end="91" start="89" name="AT0"/>
                    <label end="99" start="93" name="NN1"/>
                    <label end="103" start="101" name="NN1"/>
                    <label end="105" start="105" name="PUN"/>
                    <label end="109" start="107" name="CRD-PNI"/>
                    <label end="115" start="111" name="VM0"/>
                    <label end="120" start="117" name="VHI"/>
                    <label end="123" start="122" name="AT0"/>
                    <label end="130" start="125" name="AJC"/>
                    <label end="138" start="132" name="NN1"/>
                    <label end="140" start="140" name="PUN"/>
                </layer>
            </annotationSet>
            <annotationSet cDate="01/08/2003 12:55:50 PST Wed" status="MANUAL" ID="1578199">
                <layer rank="1" name="FE">
                    <label cBy="532" feID="2261" end="75" start="46" name="Location"/>
                    <label cBy="532" feID="2260" end="103" start="84" name="Theme"/>
                </layer>
                <layer rank="1" name="GF">
                    <label end="75" start="46" name="Ext"/>
                    <label end="103" start="84" name="Dep"/>
                </layer>
                <layer rank="1" name="PT">
                    <label end="75" start="46" name="NP"/>
                    <label end="103" start="84" name="PP"/>
                </layer>
                <layer rank="1" name="Sent">
                    <label end="0" start="0" name="Metaphor"/>
                </layer>
                <layer rank="1" name="Other"/>
                <layer rank="1" name="Target">
                    <label cBy="103" end="82" start="77" name="Target"/>
                </layer>
                <layer rank="1" name="Adj"/>
            </annotationSet>
        </sentence>
        <sentence sentNo="0" aPos="79562762" ID="1063400">
            <text>But everything is warm and gilded with the last glow of the sunset , through the room 's west-facing windows . </text>
            <annotationSet cDate="01/08/2003 12:55:50 PST Wed" status="UNANN" ID="1578204">
                <layer rank="1" name="BNC">
                    <label end="2" start="0" name="CJC"/>
                    <label end="13" start="4" name="PNI"/>
                    <label end="16" start="15" name="VBZ"/>
                    <label end="21" start="18" name="AJ0"/>
                    <label end="25" start="23" name="CJC"/>
                    <label end="32" start="27" name="VVD-VVN"/>
                    <label end="37" start="34" name="PRP"/>
                    <label end="41" start="39" name="AT0"/>
                    <label end="46" start="43" name="ORD"/>
                    <label end="51" start="48" name="NN1"/>
                    <label end="54" start="53" name="PRF"/>
                    <label end="58" start="56" name="AT0"/>
                    <label end="65" start="60" name="NN1"/>
                    <label end="67" start="67" name="PUN"/>
                    <label end="75" start="69" name="PRP"/>
                    <label end="79" start="77" name="AT0"/>
                    <label end="84" start="81" name="NN1"/>
                    <label end="87" start="86" name="POS"/>
                    <label end="99" start="89" name="AJ0"/>
                    <label end="107" start="101" name="NN2"/>
                    <label end="109" start="109" name="PUN"/>
                </layer>
            </annotationSet>
            <annotationSet cDate="01/08/2003 12:55:50 PST Wed" status="MANUAL" ID="1578205">
                <layer rank="1" name="FE">
                    <label cBy="532" feID="2261" end="13" start="4" name="Location"/>
                    <label cBy="532" feID="2260" end="65" start="34" name="Theme"/>
                </layer>
                <layer rank="1" name="GF">
                    <label end="13" start="4" name="Ext"/>
                    <label end="65" start="34" name="Dep"/>
                </layer>
                <layer rank="1" name="PT">
                    <label end="13" start="4" name="NP"/>
                    <label end="65" start="34" name="PP"/>
                </layer>
                <layer rank="1" name="Sent">
                    <label end="0" start="0" name="Metaphor"/>
                </layer>
                <layer rank="1" name="Other"/>
                <layer rank="1" name="Target">
                    <label cBy="103" end="32" start="27" name="Target"/>
                </layer>
                <layer rank="1" name="Adj">
                    <label end="16" start="15" name="Cop"/>
                </layer>
            </annotationSet>
        </sentence>
    </subCorpus>
    <subCorpus name="A-110-s20-ppother"/>
    <subCorpus name="A-170-s20-prenom">
        <sentence sentNo="0" aPos="12099880" ID="1063405">
            <text>It is a fourteenth-century gilded copper work modelled on a design by Jacopino da Tradate . </text>
            <annotationSet cDate="01/08/2003 12:55:51 PST Wed" status="UNANN" ID="1578214">
                <layer rank="1" name="BNC">
                    <label end="1" start="0" name="PNP"/>
                    <label end="4" start="3" name="VBZ"/>
                    <label end="6" start="6" name="AT0"/>
                    <label end="25" start="8" name="AJ0-NN1"/>
                    <label end="32" start="27" name="AJ0-VVD"/>
                    <label end="39" start="34" name="AJ0-NN1"/>
                    <label end="44" start="41" name="NN1"/>
                    <label end="53" start="46" name="VVD-VVN"/>
                    <label end="56" start="55" name="PRP"/>
                    <label end="58" start="58" name="AT0"/>
                    <label end="65" start="60" name="NN1"/>
                    <label end="68" start="67" name="PRP"/>
                    <label end="77" start="70" name="NP0"/>
                    <label end="80" start="79" name="NP0"/>
                    <label end="88" start="82" name="NP0"/>
                    <label end="90" start="90" name="PUN"/>
                </layer>
            </annotationSet>
            <annotationSet cDate="01/08/2003 12:55:51 PST Wed" status="MANUAL" ID="1578215">
                <layer rank="1" name="FE">
                    <label cBy="532" feID="2261" end="44" start="34" name="Location"/>
                </layer>
                <layer rank="1" name="GF">
                    <label end="44" start="34" name="Head"/>
                </layer>
                <layer rank="1" name="PT">
                    <label end="44" start="34" name="N"/>
                </layer>
                <layer rank="1" name="Sent"/>
                <layer rank="1" name="Other"/>
                <layer rank="1" name="Target">
                    <label cBy="103" end="32" start="27" name="Target"/>
                </layer>
                <layer rank="1" name="Adj"/>
            </annotationSet>
        </sentence>
        <sentence sentNo="0" aPos="12454324" ID="1063406">
            <text>The gilded cupola of the ceiling was supported by groups of caryatids and by trophies . </text>
            <annotationSet cDate="01/08/2003 12:55:51 PST Wed" status="UNANN" ID="1578216">
                <layer rank="1" name="BNC">
                    <label end="2" start="0" name="AT0"/>
                    <label end="9" start="4" name="AJ0"/>
                    <label end="16" start="11" name="NN1"/>
                    <label end="19" start="18" name="PRF"/>
                    <label end="23" start="21" name="AT0"/>
                    <label end="31" start="25" name="NN1"/>
                    <label end="35" start="33" name="VBD"/>
                    <label end="45" start="37" name="VVN"/>
                    <label end="48" start="47" name="PRP"/>
                    <label end="55" start="50" name="NN2"/>
                    <label end="58" start="57" name="PRF"/>
                    <label end="68" start="60" name="NN2"/>
                    <label end="72" start="70" name="CJC"/>
                    <label end="75" start="74" name="PRP"/>
                    <label end="84" start="77" name="NN2"/>
                    <label end="86" start="86" name="PUN"/>
                </layer>
            </annotationSet>
            <annotationSet cDate="01/08/2003 12:55:51 PST Wed" status="MANUAL" ID="1578217">
                <layer rank="1" name="FE">
                    <label cBy="532" feID="2261" end="31" start="11" name="Location"/>
                </layer>
                <layer rank="1" name="GF">
                    <label end="31" start="11" name="Head"/>
                </layer>
                <layer rank="1" name="PT">
                    <label end="31" start="11" name="N"/>
                </layer>
                <layer rank="1" name="Sent"/>
                <layer rank="1" name="Other"/>
                <layer rank="1" name="Target">
                    <label cBy="103" end="9" start="4" name="Target"/>
                </layer>
                <layer rank="1" name="Adj"/>
            </annotationSet>
        </sentence>
        <sentence sentNo="0" aPos="16311887" ID="1063408">
            <text>Often compared to a Chinese pagoda , it was decorated throughout with fantastic paintings and mottoes and included a finely decorated stateroom and a richly gilded bedroom . </text>
            <annotationSet cDate="01/08/2003 12:55:51 PST Wed" status="UNANN" ID="1578220">
                <layer rank="1" name="BNC">
                    <label end="4" start="0" name="AV0"/>
                    <label end="13" start="6" name="VVD-VVN"/>
                    <label end="16" start="15" name="PRP"/>
                    <label end="18" start="18" name="AT0"/>
                    <label end="26" start="20" name="AJ0"/>
                    <label end="33" start="28" name="NN1"/>
                    <label end="35" start="35" name="PUN"/>
                    <label end="38" start="37" name="PNP"/>
                    <label end="42" start="40" name="VBD"/>
                    <label end="52" start="44" name="VVN"/>
                    <label end="63" start="54" name="AV0"/>
                    <label end="68" start="65" name="PRP"/>
                    <label end="78" start="70" name="AJ0"/>
                    <label end="88" start="80" name="NN2"/>
                    <label end="92" start="90" name="CJC"/>
                    <label end="100" start="94" name="NN2"/>
                    <label end="104" start="102" name="CJC"/>
                    <label end="113" start="106" name="VVD-VVN"/>
                    <label end="115" start="115" name="AT0"/>
                    <label end="122" start="117" name="AV0"/>
                    <label end="132" start="124" name="AJ0"/>
                    <label end="142" start="134" name="NN1"/>
                    <label end="146" start="144" name="CJC"/>
                    <label end="148" start="148" name="AT0"/>
                    <label end="155" start="150" name="AV0"/>
                    <label end="162" start="157" name="AJ0"/>
                    <label end="170" start="164" name="NN1"/>
                    <label end="172" start="172" name="PUN"/>
                </layer>
            </annotationSet>
            <annotationSet cDate="01/08/2003 12:55:51 PST Wed" status="MANUAL" ID="1578221">
                <layer rank="1" name="FE">
                    <label cBy="532" feID="2271" end="155" start="150" name="Degree"/>
                    <label cBy="532" feID="2261" end="170" start="164" name="Location"/>
                </layer>
                <layer rank="1" name="GF">
                    <label end="155" start="150" name="Dep"/>
                    <label end="170" start="164" name="Head"/>
                </layer>
                <layer rank="1" name="PT">
                    <label end="155" start="150" name="AVP"/>
                    <label end="170" start="164" name="N"/>
                </layer>
                <layer rank="1" name="Sent"/>
                <layer rank="1" name="Other"/>
                <layer rank="1" name="Target">
                    <label cBy="103" end="162" start="157" name="Target"/>
                </layer>
                <layer rank="1" name="Adj"/>
            </annotationSet>
        </sentence>
        <sentence sentNo="0" aPos="50843483" ID="1063412">
            <text>She imagined a gilded barge with João sitting in the stern . </text>
            <annotationSet cDate="01/08/2003 12:55:52 PST Wed" status="UNANN" ID="1578228">
                <layer rank="1" name="BNC">
                    <label end="2" start="0" name="PNP"/>
                    <label end="11" start="4" name="VVD"/>
                    <label end="13" start="13" name="AT0"/>
                    <label end="20" start="15" name="AJ0"/>
                    <label end="26" start="22" name="NN1"/>
                    <label end="31" start="28" name="PRP"/>
                    <label end="36" start="33" name="NP0"/>
                    <label end="44" start="38" name="VVG"/>
                    <label end="47" start="46" name="PRP"/>
                    <label end="51" start="49" name="AT0"/>
                    <label end="57" start="53" name="NN1"/>
                    <label end="59" start="59" name="PUN"/>
                </layer>
            </annotationSet>
            <annotationSet cDate="01/08/2003 12:55:52 PST Wed" status="MANUAL" ID="1578229">
                <layer rank="1" name="FE">
                    <label cBy="532" feID="2261" end="26" start="22" name="Location"/>
                </layer>
                <layer rank="1" name="GF">
                    <label end="26" start="22" name="Head"/>
                </layer>
                <layer rank="1" name="PT">
                    <label end="26" start="22" name="N"/>
                </layer>
                <layer rank="1" name="Sent"/>
                <layer rank="1" name="Other"/>
                <layer rank="1" name="Target">
                    <label cBy="103" end="20" start="15" name="Target"/>
                </layer>
                <layer rank="1" name="Adj"/>
            </annotationSet>
        </sentence>
        <sentence sentNo="0" aPos="52150758" ID="1063413">
            <text>A plumbers ' convention , Renwick noted from the outsize announcement propped on a gilded easel . </text>
            <annotationSet cDate="01/08/2003 12:55:52 PST Wed" status="UNANN" ID="1578230">
                <layer rank="1" name="BNC">
                    <label end="0" start="0" name="AT0"/>
                    <label end="9" start="2" name="NN2"/>
                    <label end="11" start="11" name="POS"/>
                    <label end="22" start="13" name="NN1"/>
                    <label end="24" start="24" name="PUN"/>
                    <label end="32" start="26" name="NP0"/>
                    <label end="38" start="34" name="VVD"/>
                    <label end="43" start="40" name="PRP"/>
                    <label end="47" start="45" name="AT0"/>
                    <label end="55" start="49" name="AJ0"/>
                    <label end="68" start="57" name="NN1"/>
                    <label end="76" start="70" name="VVD-VVN"/>
                    <label end="79" start="78" name="PRP"/>
                    <label end="81" start="81" name="AT0"/>
                    <label end="88" start="83" name="AJ0"/>
                    <label end="94" start="90" name="NN1"/>
                    <label end="96" start="96" name="PUN"/>
                </layer>
            </annotationSet>
            <annotationSet cDate="01/08/2003 12:55:52 PST Wed" status="MANUAL" ID="1578231">
                <layer rank="1" name="FE">
                    <label cBy="532" feID="2261" end="94" start="90" name="Location"/>
                </layer>
                <layer rank="1" name="GF">
                    <label end="94" start="90" name="Head"/>
                </layer>
                <layer rank="1" name="PT">
                    <label end="94" start="90" name="N"/>
                </layer>
                <layer rank="1" name="Sent"/>
                <layer rank="1" name="Other"/>
                <layer rank="1" name="Target">
                    <label cBy="103" end="88" start="83" name="Target"/>
                </layer>
                <layer rank="1" name="Adj"/>
            </annotationSet>
        </sentence>
    </subCorpus>
    <subCorpus name="A-180-s20-punct">
        <sentence sentNo="0" aPos="6967182" ID="1063425">
            <text>In the Roman Imperial period copper and bronze statues and silver and bronze jewellery were commonly gilded . </text>
            <annotationSet cDate="01/08/2003 12:55:53 PST Wed" status="UNANN" ID="1578254">
                <layer rank="1" name="BNC">
                    <label end="1" start="0" name="PRP"/>
                    <label end="5" start="3" name="AT0"/>
                    <label end="11" start="7" name="AJ0"/>
                    <label end="20" start="13" name="AJ0"/>
                    <label end="27" start="22" name="NN1"/>
                    <label end="34" start="29" name="NN1"/>
                    <label end="38" start="36" name="CJC"/>
                    <label end="45" start="40" name="AJ0-NN1"/>
                    <label end="53" start="47" name="NN2"/>
                    <label end="57" start="55" name="CJC"/>
                    <label end="64" start="59" name="NN1"/>
                    <label end="68" start="66" name="CJC"/>
                    <label end="75" start="70" name="AJ0-NN1"/>
                    <label end="85" start="77" name="NN1"/>
                    <label end="90" start="87" name="VBD"/>
                    <label end="99" start="92" name="AV0"/>
                    <label end="106" start="101" name="VVN"/>
                    <label end="108" start="108" name="PUN"/>
                </layer>
            </annotationSet>
            <annotationSet cDate="01/08/2003 12:55:53 PST Wed" status="MANUAL" ID="1578255">
                <layer rank="1" name="FE">
                    <label cBy="532" feID="2261" end="85" start="29" name="Location"/>
                </layer>
                <layer rank="1" name="GF">
                    <label end="85" start="29" name="Ext"/>
                </layer>
                <layer rank="1" name="PT">
                    <label end="85" start="29" name="NP"/>
                </layer>
                <layer rank="1" name="Sent"/>
                <layer rank="1" name="Other"/>
                <layer rank="1" name="Target">
                    <label cBy="103" end="106" start="101" name="Target"/>
                </layer>
                <layer rank="1" name="Adj">
                    <label end="90" start="87" name="Cop"/>
                </layer>
            </annotationSet>
        </sentence>
        <sentence sentNo="0" aPos="8838773" ID="1063427">
            <text>It consisted of wooden boards covered with leather , usually elaborately gilded . </text>
            <annotationSet cDate="01/08/2003 12:55:53 PST Wed" status="UNANN" ID="1578258">
                <layer rank="1" name="BNC">
                    <label end="1" start="0" name="PNP"/>
                    <label end="11" start="3" name="VVD"/>
                    <label end="14" start="13" name="PRF"/>
                    <label end="21" start="16" name="AJ0"/>
                    <label end="28" start="23" name="NN2"/>
                    <label end="36" start="30" name="VVD-VVN"/>
                    <label end="41" start="38" name="PRP"/>
                    <label end="49" start="43" name="NN1"/>
                    <label end="51" start="51" name="PUN"/>
                    <label end="59" start="53" name="AV0"/>
                    <label end="71" start="61" name="AV0"/>
                    <label end="78" start="73" name="VVD-VVN"/>
                    <label end="80" start="80" name="PUN"/>
                </layer>
            </annotationSet>
            <annotationSet cDate="01/08/2003 12:55:53 PST Wed" status="MANUAL" ID="1578259">
                <layer rank="1" name="FE">
                    <label cBy="532" feID="2261" end="49" start="16" name="Location"/>
                    <label cBy="532" feID="2271" end="71" start="61" name="Degree"/>
                </layer>
                <layer rank="1" name="GF">
                    <label end="49" start="16" name="Ext"/>
                    <label end="71" start="61" name="Dep"/>
                </layer>
                <layer rank="1" name="PT">
                    <label end="49" start="16" name="NP"/>
                    <label end="71" start="61" name="AVP"/>
                </layer>
                <layer rank="1" name="Sent"/>
                <layer rank="1" name="Other"/>
                <layer rank="1" name="Target">
                    <label cBy="103" end="78" start="73" name="Target"/>
                </layer>
                <layer rank="1" name="Adj"/>
            </annotationSet>
        </sentence>
        <sentence sentNo="0" aPos="29007707" ID="1063430">
            <text>The picture accomplished , the pages are restored to their normal position and the edge gilded . </text>
            <annotationSet cDate="01/08/2003 12:55:54 PST Wed" status="UNANN" ID="1578264">
                <layer rank="1" name="BNC">
                    <label end="2" start="0" name="AT0"/>
                    <label end="10" start="4" name="NN1"/>
                    <label end="23" start="12" name="VVD-VVN"/>
                    <label end="25" start="25" name="PUN"/>
                    <label end="29" start="27" name="AT0"/>
                    <label end="35" start="31" name="NN2"/>
                    <label end="39" start="37" name="VBB"/>
                    <label end="48" start="41" name="VVN"/>
                    <label end="51" start="50" name="PRP"/>
                    <label end="57" start="53" name="DPS"/>
                    <label end="64" start="59" name="AJ0"/>
                    <label end="73" start="66" name="NN1"/>
                    <label end="77" start="75" name="CJC"/>
                    <label end="81" start="79" name="AT0"/>
                    <label end="86" start="83" name="NN1"/>
                    <label end="93" start="88" name="VVD"/>
                    <label end="95" start="95" name="PUN"/>
                </layer>
            </annotationSet>
            <annotationSet cDate="01/08/2003 12:55:54 PST Wed" status="MANUAL" ID="1578265">
                <layer rank="1" name="FE">
                    <label cBy="532" feID="2261" end="86" start="79" name="Location"/>
                </layer>
                <layer rank="1" name="GF">
                    <label end="86" start="79" name="Ext"/>
                </layer>
                <layer rank="1" name="PT">
                    <label end="86" start="79" name="NP"/>
                </layer>
                <layer rank="1" name="Sent"/>
                <layer rank="1" name="Other"/>
                <layer rank="1" name="Target">
                    <label cBy="103" end="93" start="88" name="Target"/>
                </layer>
                <layer rank="1" name="Adj"/>
            </annotationSet>
        </sentence>
        <sentence sentNo="0" aPos="32845499" ID="1063431">
            <text>Parts of the surface of the helmet were gilded , the boar , dragon heads , the nose and mouth of the face-mask , under surfaces of the eyebrows and the broad fluted strips flanking the crest . </text>
            <annotationSet cDate="01/08/2003 12:55:54 PST Wed" status="UNANN" ID="1578266">
                <layer rank="1" name="BNC">
                    <label end="4" start="0" name="NN2"/>
                    <label end="7" start="6" name="PRF"/>
                    <label end="11" start="9" name="AT0"/>
                    <label end="19" start="13" name="NN1"/>
                    <label end="22" start="21" name="PRF"/>
                    <label end="26" start="24" name="AT0"/>
                    <label end="33" start="28" name="NN1"/>
                    <label end="38" start="35" name="VBD"/>
                    <label end="45" start="40" name="VVN"/>
                    <label end="47" start="47" name="PUN"/>
                    <label end="51" start="49" name="AT0"/>
                    <label end="56" start="53" name="NN1"/>
                    <label end="58" start="58" name="PUN"/>
                    <label end="65" start="60" name="NN1"/>
                    <label end="71" start="67" name="NN2"/>
                    <label end="73" start="73" name="PUN"/>
                    <label end="77" start="75" name="AT0"/>
                    <label end="82" start="79" name="NN1"/>
                    <label end="86" start="84" name="CJC"/>
                    <label end="92" start="88" name="NN1"/>
                    <label end="95" start="94" name="PRF"/>
                    <label end="99" start="97" name="AT0"/>
                    <label end="109" start="101" name="AJ0-NN1"/>
                    <label end="111" start="111" name="PUN"/>
                    <label end="117" start="113" name="PRP"/>
                    <label end="126" start="119" name="NN2"/>
                    <label end="129" start="128" name="PRF"/>
                    <label end="133" start="131" name="AT0"/>
                    <label end="142" start="135" name="NN2"/>
                    <label end="146" start="144" name="CJC"/>
                    <label end="150" start="148" name="AT0"/>
                    <label end="156" start="152" name="AJ0"/>
                    <label end="163" start="158" name="AJ0"/>
                    <label end="170" start="165" name="NN2"/>
                    <label end="179" start="172" name="VVG"/>
                    <label end="183" start="181" name="AT0"/>
                    <label end="189" start="185" name="NN1"/>
                    <label end="191" start="191" name="PUN"/>
                </layer>
            </annotationSet>
            <annotationSet cDate="01/08/2003 12:55:54 PST Wed" status="MANUAL" ID="1578267">
                <layer rank="1" name="FE">
                    <label cBy="532" feID="2261" end="33" start="0" name="Location"/>
                </layer>
                <layer rank="1" name="GF">
                    <label end="33" start="0" name="Ext"/>
                </layer>
                <layer rank="1" name="PT">
                    <label end="33" start="0" name="NP"/>
                </layer>
                <layer rank="1" name="Sent"/>
                <layer rank="1" name="Other"/>
                <layer rank="1" name="Target">
                    <label cBy="103" end="45" start="40" name="Target"/>
                </layer>
                <layer rank="1" name="Adj">
                    <label end="38" start="35" name="Cop"/>
                </layer>
            </annotationSet>
        </sentence>
        <sentence sentNo="0" aPos="59115917" ID="1063433">
            <text>` It had a gold collar round its neck , and the points of its antlers were gilded . &quot; </text>
            <annotationSet cDate="01/08/2003 12:55:54 PST Wed" status="UNANN" ID="1578270">
                <layer rank="1" name="BNC">
                    <label end="0" start="0" name="PUQ"/>
                    <label end="3" start="2" name="PNP"/>
                    <label end="7" start="5" name="VHD"/>
                    <label end="9" start="9" name="AT0"/>
                    <label end="14" start="11" name="AJ0-NN1"/>
                    <label end="21" start="16" name="NN1"/>
                    <label end="27" start="23" name="PRP"/>
                    <label end="31" start="29" name="DPS"/>
                    <label end="36" start="33" name="NN1"/>
                    <label end="38" start="38" name="PUN"/>
                    <label end="42" start="40" name="CJC"/>
                    <label end="46" start="44" name="AT0"/>
                    <label end="53" start="48" name="NN2"/>
                    <label end="56" start="55" name="PRF"/>
                    <label end="60" start="58" name="DPS"/>
                    <label end="68" start="62" name="NN2"/>
                    <label end="73" start="70" name="VBD"/>
                    <label end="80" start="75" name="VVN"/>
                    <label end="82" start="82" name="PUN"/>
                    <label end="84" start="84" name="PUQ"/>
                </layer>
            </annotationSet>
            <annotationSet cDate="01/08/2003 12:55:54 PST Wed" status="MANUAL" ID="1578271">
                <layer rank="1" name="FE">
                    <label cBy="532" feID="2261" end="68" start="44" name="Location"/>
                </layer>
                <layer rank="1" name="GF">
                    <label end="68" start="44" name="Ext"/>
                </layer>
                <layer rank="1" name="PT">
                    <label end="68" start="44" name="NP"/>
                </layer>
                <layer rank="1" name="Sent"/>
                <layer rank="1" name="Other"/>
                <layer rank="1" name="Target">
                    <label cBy="103" end="80" start="75" name="Target"/>
                </layer>
                <layer rank="1" name="Adj">
                    <label end="73" start="70" name="Cop"/>
                </layer>
            </annotationSet>
        </sentence>
    </subCorpus>
    <subCorpus name="A-190-s20-other">
        <sentence sentNo="0" aPos="40127545" ID="1063446">
            <text>It is richly gilded and splendidly adorned with plumes and silken ribbons . </text>
            <annotationSet cDate="01/08/2003 12:55:56 PST Wed" status="UNANN" ID="1578296">
                <layer rank="1" name="BNC">
                    <label end="1" start="0" name="PNP"/>
                    <label end="4" start="3" name="VBZ"/>
                    <label end="11" start="6" name="AV0"/>
                    <label end="18" start="13" name="VVN"/>
                    <label end="22" start="20" name="CJC"/>
                    <label end="33" start="24" name="AV0"/>
                    <label end="41" start="35" name="VVD-VVN"/>
                    <label end="46" start="43" name="PRP"/>
                    <label end="53" start="48" name="NN2"/>
                    <label end="57" start="55" name="CJC"/>
                    <label end="64" start="59" name="AJ0"/>
                    <label end="72" start="66" name="NN2"/>
                    <label end="74" start="74" name="PUN"/>
                </layer>
            </annotationSet>
            <annotationSet cDate="01/08/2003 12:55:56 PST Wed" status="MANUAL" ID="1578297">
                <layer rank="1" name="FE">
                    <label cBy="532" feID="2261" end="1" start="0" name="Location"/>
                    <label cBy="532" feID="2271" end="11" start="6" name="Degree"/>
                </layer>
                <layer rank="1" name="GF">
                    <label end="1" start="0" name="Ext"/>
                    <label end="11" start="6" name="Dep"/>
                </layer>
                <layer rank="1" name="PT">
                    <label end="1" start="0" name="NP"/>
                    <label end="11" start="6" name="AVP"/>
                </layer>
                <layer rank="1" name="Sent"/>
                <layer rank="1" name="Other"/>
                <layer rank="1" name="Target">
                    <label cBy="103" end="18" start="13" name="Target"/>
                </layer>
                <layer rank="1" name="Adj">
                    <label end="4" start="3" name="Cop"/>
                </layer>
            </annotationSet>
        </sentence>
        <sentence sentNo="0" aPos="66518494" ID="1063452">
            <text>I will never forget entering the brilliantly lit theatre , gilded and hung with great chandeliers , and seeing the women in ethereally lovely dresses . </text>
            <annotationSet cDate="01/08/2003 12:55:56 PST Wed" status="UNANN" ID="1578308">
                <layer rank="1" name="BNC">
                    <label end="0" start="0" name="PNP"/>
                    <label end="5" start="2" name="VM0"/>
                    <label end="11" start="7" name="AV0"/>
                    <label end="18" start="13" name="VVI"/>
                    <label end="27" start="20" name="VVG"/>
                    <label end="31" start="29" name="AT0"/>
                    <label end="43" start="33" name="AV0"/>
                    <label end="47" start="45" name="VVD-VVN"/>
                    <label end="55" start="49" name="NN1"/>
                    <label end="57" start="57" name="PUN"/>
                    <label end="64" start="59" name="AJ0-VVD"/>
                    <label end="68" start="66" name="CJC"/>
                    <label end="73" start="70" name="VVD-VVN"/>
                    <label end="78" start="75" name="PRP"/>
                    <label end="84" start="80" name="AJ0"/>
                    <label end="96" start="86" name="NN2"/>
                    <label end="98" start="98" name="PUN"/>
                    <label end="102" start="100" name="CJC"/>
                    <label end="109" start="104" name="VVG"/>
                    <label end="113" start="111" name="AT0"/>
                    <label end="119" start="115" name="NN2"/>
                    <label end="122" start="121" name="PRP"/>
                    <label end="133" start="124" name="AV0"/>
                    <label end="140" start="135" name="AJ0"/>
                    <label end="148" start="142" name="NN2"/>
                    <label end="150" start="150" name="PUN"/>
                </layer>
            </annotationSet>
            <annotationSet cDate="01/08/2003 12:55:56 PST Wed" status="MANUAL" ID="1578309">
                <layer rank="1" name="FE">
                    <label cBy="532" feID="2261" end="55" start="29" name="Location"/>
                </layer>
                <layer rank="1" name="GF">
                    <label end="55" start="29" name="Ext"/>
                </layer>
                <layer rank="1" name="PT">
                    <label end="55" start="29" name="NP"/>
                </layer>
                <layer rank="1" name="Sent"/>
                <layer rank="1" name="Other"/>
                <layer rank="1" name="Target">
                    <label cBy="103" end="64" start="59" name="Target"/>
                </layer>
                <layer rank="1" name="Adj"/>
            </annotationSet>
        </sentence>
    </subCorpus>
</lexUnit>