<?xml version="1.0" encoding="UTF-8" standalone="yes"?>
<?xml-stylesheet type="text/xsl" href="lexUnit.xsl"?>
<lexUnit status="Finished_Initial" POS="A" name="abashed.a" ID="7141" frame="Emotion_directed" frameID="46" totalAnnotated="5" xsi:schemaLocation="../schema/lexUnit.xsd" xmlns="http://framenet.icsi.berkeley.edu" xmlns:xsi="http://www.w3.org/2001/XMLSchema-instance">
    <header>
        <frame>
            <FE fgColor="FFFFFF" bgColor="00BFFF" type="Extra-Thematic" abbrev="cir" name="Circumstances"/>
            <FE fgColor="FFFFFF" bgColor="FF69B4" type="Peripheral" abbrev="Degr" name="Degree"/>
            <FE fgColor="FFFFFF" bgColor="0000FF" type="Extra-Thematic" abbrev="ET" name="Empathy_target"/>
            <FE fgColor="FFFFFF" bgColor="A52A2A" type="Core" abbrev="Event" name="Event"/>
            <FE fgColor="FFFFFF" bgColor="800080" type="Core" abbrev="Exp" name="Experiencer"/>
            <FE fgColor="FFFFFF" bgColor="008000" type="Core" abbrev="Exr" name="Expressor"/>
            <FE fgColor="000000" bgColor="7FFF00" type="Extra-Thematic" abbrev="" name="Frequency"/>
            <FE fgColor="FFFFFF" bgColor="FF00FF" type="Peripheral" abbrev="" name="Manner"/>
            <FE fgColor="FFFFFF" bgColor="2E8B57" type="Peripheral" abbrev="" name="Parameter"/>
            <FE fgColor="FFFFFF" bgColor="00008B" type="Extra-Thematic" abbrev="Reas" name="Reason"/>
            <FE fgColor="FFFFFF" bgColor="9F79EE" type="Core" abbrev="State" name="State"/>
            <FE fgColor="FFFFFF" bgColor="FF0000" type="Core" abbrev="Stim" name="Stimulus"/>
            <FE fgColor="FFFFFF" bgColor="FFA500" type="Core" abbrev="Top" name="Topic"/>
        </frame>
    </header>
    <definition>FN: feeling embarassed or ashamed</definition>
    <lexeme POS="A" name="abashed"/>
    <valences>
        <governor type="Sup" lemma="look">
            <annoSet ID="1595289"/>
            <annoSet ID="1595295"/>
        </governor>
        <FERealization total="1">
            <FE name="Degree"/>
            <pattern total="1">
                <valenceUnit GF="Dep" PT="AVP" FE="Degree"/>
                <annoSet ID="1595295"/>
            </pattern>
        </FERealization>
        <FERealization total="4">
            <FE name="Experiencer"/>
            <pattern total="4">
                <valenceUnit GF="Ext" PT="NP" FE="Experiencer"/>
                <annoSet ID="1595283"/>
                <annoSet ID="1595289"/>
                <annoSet ID="1595293"/>
                <annoSet ID="1595295"/>
            </pattern>
        </FERealization>
        <FERealization total="1">
            <FE name="Stimulus"/>
            <pattern total="1">
                <valenceUnit GF="Dep" PT="Sfin" FE="Stimulus"/>
                <annoSet ID="1595287"/>
            </pattern>
        </FERealization>
        <FEGroupRealization total="1">
            <FE name="Degree"/>
            <FE name="Experiencer"/>
            <pattern total="1">
                <valenceUnit GF="Dep" PT="AVP" FE="Degree"/>
                <valenceUnit GF="Ext" PT="NP" FE="Experiencer"/>
                <annoSet ID="1595295"/>
            </pattern>
        </FEGroupRealization>
        <FEGroupRealization total="3">
            <FE name="Experiencer"/>
            <pattern total="3">
                <valenceUnit GF="Ext" PT="NP" FE="Experiencer"/>
                <annoSet ID="1595283"/>
                <annoSet ID="1595289"/>
                <annoSet ID="1595293"/>
            </pattern>
        </FEGroupRealization>
        <FEGroupRealization total="1">
            <FE name="Stimulus"/>
            <pattern total="1">
                <valenceUnit GF="Dep" PT="Sfin" FE="Stimulus"/>
                <annoSet ID="1595287"/>
            </pattern>
        </FEGroupRealization>
    </valences>
    <subCorpus name="A-001-all">
        <sentence sentNo="0" aPos="1322727" ID="1071939">
            <text>If so , I am not abashed . </text>
            <annotationSet cDate="01/08/2003 01:17:06 PST Wed" status="UNANN" ID="1595282">
                <layer rank="1" name="BNC">
                    <label end="1" start="0" name="CJS"/>
                    <label end="4" start="3" name="AV0"/>
                    <label end="6" start="6" name="PUN"/>
                    <label end="8" start="8" name="PNP"/>
                    <label end="11" start="10" name="VBB"/>
                    <label end="15" start="13" name="XX0"/>
                    <label end="23" start="17" name="AJ0-VVN"/>
                    <label end="25" start="25" name="PUN"/>
                </layer>
            </annotationSet>
            <annotationSet cDate="01/08/2003 01:17:06 PST Wed" status="MANUAL" ID="1595283">
                <layer rank="1" name="FE">
                    <label cBy="618" feID="194" end="8" start="8" name="Experiencer"/>
                </layer>
                <layer rank="1" name="GF">
                    <label end="8" start="8" name="Ext"/>
                </layer>
                <layer rank="1" name="PT">
                    <label end="8" start="8" name="NP"/>
                </layer>
                <layer rank="1" name="Sent"/>
                <layer rank="1" name="Other"/>
                <layer rank="1" name="Target">
                    <label cBy="103" end="23" start="17" name="Target"/>
                </layer>
                <layer rank="1" name="Adj">
                    <label end="11" start="10" name="Cop"/>
                </layer>
            </annotationSet>
        </sentence>
        <sentence sentNo="0" aPos="22828808" ID="1071941">
            <text>abashed and ashamed that he went to Travell , 7 yeares . </text>
            <annotationSet cDate="01/08/2003 01:17:06 PST Wed" status="UNANN" ID="1595286">
                <layer rank="1" name="BNC">
                    <label end="6" start="0" name="AJ0-VVD"/>
                    <label end="10" start="8" name="CJC"/>
                    <label end="18" start="12" name="AJ0"/>
                    <label end="23" start="20" name="CJT"/>
                    <label end="26" start="25" name="PNP"/>
                    <label end="31" start="28" name="VVD"/>
                    <label end="34" start="33" name="TO0"/>
                    <label end="42" start="36" name="VVI"/>
                    <label end="44" start="44" name="PUN"/>
                    <label end="46" start="46" name="CRD"/>
                    <label end="53" start="48" name="NN2"/>
                    <label end="55" start="55" name="PUN"/>
                </layer>
            </annotationSet>
            <annotationSet cDate="01/08/2003 01:17:06 PST Wed" status="MANUAL" ID="1595287">
                <layer rank="1" name="FE">
                    <label cBy="618" feID="197" end="42" start="20" name="Stimulus"/>
                </layer>
                <layer rank="1" name="GF">
                    <label end="42" start="20" name="Dep"/>
                </layer>
                <layer rank="1" name="PT">
                    <label end="42" start="20" name="Sfin"/>
                </layer>
                <layer rank="1" name="Sent"/>
                <layer rank="1" name="Other"/>
                <layer rank="1" name="Target">
                    <label cBy="103" end="6" start="0" name="Target"/>
                </layer>
                <layer rank="1" name="Adj"/>
            </annotationSet>
        </sentence>
        <sentence sentNo="0" aPos="49262905" ID="1071942">
            <text>He mumbled unintelligibly and looked abashed . </text>
            <annotationSet cDate="01/08/2003 01:17:07 PST Wed" status="UNANN" ID="1595288">
                <layer rank="1" name="BNC">
                    <label end="1" start="0" name="PNP"/>
                    <label end="9" start="3" name="VVD"/>
                    <label end="24" start="11" name="AV0"/>
                    <label end="28" start="26" name="CJC"/>
                    <label end="35" start="30" name="VVD-VVN"/>
                    <label end="43" start="37" name="AJ0-VVD"/>
                    <label end="45" start="45" name="PUN"/>
                </layer>
            </annotationSet>
            <annotationSet cDate="01/08/2003 01:17:07 PST Wed" status="MANUAL" ID="1595289">
                <layer rank="1" name="FE">
                    <label cBy="618" feID="194" end="1" start="0" name="Experiencer"/>
                </layer>
                <layer rank="1" name="GF">
                    <label end="1" start="0" name="Ext"/>
                </layer>
                <layer rank="1" name="PT">
                    <label end="1" start="0" name="NP"/>
                </layer>
                <layer rank="1" name="Sent"/>
                <layer rank="1" name="Other"/>
                <layer rank="1" name="Target">
                    <label cBy="103" end="43" start="37" name="Target"/>
                </layer>
                <layer rank="1" name="Adj">
                    <label end="35" start="30" name="Supp"/>
                </layer>
            </annotationSet>
        </sentence>
        <sentence sentNo="0" aPos="76861549" ID="1071944">
            <text>George was not abashed . </text>
            <annotationSet cDate="01/08/2003 01:17:08 PST Wed" status="UNANN" ID="1595292">
                <layer rank="1" name="BNC">
                    <label end="5" start="0" name="NP0"/>
                    <label end="9" start="7" name="VBD"/>
                    <label end="13" start="11" name="XX0"/>
                    <label end="21" start="15" name="AJ0-VVN"/>
                    <label end="23" start="23" name="PUN"/>
                </layer>
            </annotationSet>
            <annotationSet cDate="01/08/2003 01:17:08 PST Wed" status="MANUAL" ID="1595293">
                <layer rank="1" name="FE">
                    <label cBy="618" feID="194" end="5" start="0" name="Experiencer"/>
                </layer>
                <layer rank="1" name="GF">
                    <label end="5" start="0" name="Ext"/>
                </layer>
                <layer rank="1" name="PT">
                    <label end="5" start="0" name="NP"/>
                </layer>
                <layer rank="1" name="Sent"/>
                <layer rank="1" name="Other"/>
                <layer rank="1" name="Target">
                    <label cBy="103" end="21" start="15" name="Target"/>
                </layer>
                <layer rank="1" name="Adj">
                    <label end="9" start="7" name="Cop"/>
                </layer>
            </annotationSet>
        </sentence>
        <sentence sentNo="0" aPos="79748425" ID="1071945">
            <text>Anne chuckled and looked only a little abashed . </text>
            <annotationSet cDate="01/08/2003 01:17:08 PST Wed" status="UNANN" ID="1595294">
                <layer rank="1" name="BNC">
                    <label end="3" start="0" name="NP0"/>
                    <label end="12" start="5" name="VVD"/>
                    <label end="16" start="14" name="CJC"/>
                    <label end="23" start="18" name="VVD-VVN"/>
                    <label end="28" start="25" name="AV0"/>
                    <label end="30" start="30" name="AT0"/>
                    <label end="37" start="32" name="AV0"/>
                    <label end="45" start="39" name="AJ0-VVD"/>
                    <label end="47" start="47" name="PUN"/>
                </layer>
            </annotationSet>
            <annotationSet cDate="01/08/2003 01:17:08 PST Wed" status="MANUAL" ID="1595295">
                <layer rank="1" name="FE">
                    <label cBy="618" feID="1891" end="37" start="25" name="Degree"/>
                    <label cBy="618" feID="194" end="3" start="0" name="Experiencer"/>
                </layer>
                <layer rank="1" name="GF">
                    <label end="37" start="25" name="Dep"/>
                    <label end="3" start="0" name="Ext"/>
                </layer>
                <layer rank="1" name="PT">
                    <label end="37" start="25" name="AVP"/>
                    <label end="3" start="0" name="NP"/>
                </layer>
                <layer rank="1" name="Sent"/>
                <layer rank="1" name="Other"/>
                <layer rank="1" name="Target">
                    <label cBy="103" end="45" start="39" name="Target"/>
                </layer>
                <layer rank="1" name="Adj">
                    <label end="23" start="18" name="Supp"/>
                </layer>
            </annotationSet>
        </sentence>
    </subCorpus>
</lexUnit>