<?xml version="1.0" encoding="UTF-8" standalone="yes"?>
<?xml-stylesheet type="text/xsl" href="lexUnit.xsl"?>
<lexUnit status="Finished_Initial" POS="A" name="agonized.a" ID="7188" frame="Emotion_directed" frameID="46" totalAnnotated="7" xsi:schemaLocation="../schema/lexUnit.xsd" xmlns="http://framenet.icsi.berkeley.edu" xmlns:xsi="http://www.w3.org/2001/XMLSchema-instance">
    <header>
        <frame>
            <FE fgColor="FFFFFF" bgColor="00BFFF" type="Extra-Thematic" abbrev="cir" name="Circumstances"/>
            <FE fgColor="FFFFFF" bgColor="FF69B4" type="Peripheral" abbrev="Degr" name="Degree"/>
            <FE fgColor="FFFFFF" bgColor="0000FF" type="Extra-Thematic" abbrev="ET" name="Empathy_target"/>
            <FE fgColor="FFFFFF" bgColor="A52A2A" type="Core" abbrev="Event" name="Event"/>
            <FE fgColor="FFFFFF" bgColor="800080" type="Core" abbrev="Exp" name="Experiencer"/>
            <FE fgColor="FFFFFF" bgColor="008000" type="Core" abbrev="Exr" name="Expressor"/>
            <FE fgColor="000000" bgColor="7FFF00" type="Extra-Thematic" abbrev="" name="Frequency"/>
            <FE fgColor="FFFFFF" bgColor="FF00FF" type="Peripheral" abbrev="" name="Manner"/>
            <FE fgColor="FFFFFF" bgColor="2E8B57" type="Peripheral" abbrev="" name="Parameter"/>
            <FE fgColor="FFFFFF" bgColor="00008B" type="Extra-Thematic" abbrev="Reas" name="Reason"/>
            <FE fgColor="FFFFFF" bgColor="9F79EE" type="Core" abbrev="State" name="State"/>
            <FE fgColor="FFFFFF" bgColor="FF0000" type="Core" abbrev="Stim" name="Stimulus"/>
            <FE fgColor="FFFFFF" bgColor="FFA500" type="Core" abbrev="Top" name="Topic"/>
        </frame>
    </header>
    <definition>FN: undergoing great mental anguish</definition>
    <lexeme POS="A" name="agonized"/>
    <valences>
        <FERealization total="1">
            <FE name="Experiencer"/>
            <pattern total="1">
                <valenceUnit GF="Ext" PT="NP" FE="Experiencer"/>
                <annoSet ID="1611097"/>
            </pattern>
        </FERealization>
        <FERealization total="6">
            <FE name="Expressor"/>
            <pattern total="5">
                <valenceUnit GF="Head" PT="N" FE="Expressor"/>
                <annoSet ID="1611063"/>
                <annoSet ID="1611065"/>
                <annoSet ID="1611093"/>
                <annoSet ID="1611103"/>
                <annoSet ID="1611119"/>
            </pattern>
            <pattern total="1">
                <valenceUnit GF="Ext" PT="NP" FE="Expressor"/>
                <annoSet ID="1611067"/>
            </pattern>
        </FERealization>
        <FEGroupRealization total="1">
            <FE name="Experiencer"/>
            <pattern total="1">
                <valenceUnit GF="Ext" PT="NP" FE="Experiencer"/>
                <annoSet ID="1611097"/>
            </pattern>
        </FEGroupRealization>
        <FEGroupRealization total="6">
            <FE name="Expressor"/>
            <pattern total="5">
                <valenceUnit GF="Head" PT="N" FE="Expressor"/>
                <annoSet ID="1611063"/>
                <annoSet ID="1611065"/>
                <annoSet ID="1611093"/>
                <annoSet ID="1611103"/>
                <annoSet ID="1611119"/>
            </pattern>
            <pattern total="1">
                <valenceUnit GF="Ext" PT="NP" FE="Expressor"/>
                <annoSet ID="1611067"/>
            </pattern>
        </FEGroupRealization>
    </valences>
    <subCorpus name="A-001-all">
        <sentence sentNo="0" aPos="11936252" ID="1079829">
            <text>She spotted other figures moving about , and from some place close by she heard agonized sobbing . </text>
            <annotationSet cDate="01/08/2003 01:35:41 PST Wed" status="UNANN" ID="1611062">
                <layer rank="1" name="BNC">
                    <label end="2" start="0" name="PNP"/>
                    <label end="10" start="4" name="VVD"/>
                    <label end="16" start="12" name="AJ0"/>
                    <label end="24" start="18" name="NN2"/>
                    <label end="31" start="26" name="VVG"/>
                    <label end="37" start="33" name="AV0"/>
                    <label end="39" start="39" name="PUN"/>
                    <label end="43" start="41" name="CJC"/>
                    <label end="48" start="45" name="PRP"/>
                    <label end="53" start="50" name="DT0"/>
                    <label end="59" start="55" name="NN1-VVB"/>
                    <label end="65" start="61" name="VVB"/>
                    <label end="68" start="67" name="PRP"/>
                    <label end="72" start="70" name="PNP"/>
                    <label end="78" start="74" name="VVD"/>
                    <label end="87" start="80" name="AJ0-VVD"/>
                    <label end="95" start="89" name="NN1-VVG"/>
                    <label end="97" start="97" name="PUN"/>
                </layer>
            </annotationSet>
            <annotationSet cDate="01/08/2003 01:35:41 PST Wed" status="MANUAL" ID="1611063">
                <layer rank="1" name="FE">
                    <label cBy="618" feID="1893" end="95" start="89" name="Expressor"/>
                </layer>
                <layer rank="1" name="GF">
                    <label end="95" start="89" name="Head"/>
                </layer>
                <layer rank="1" name="PT">
                    <label end="95" start="89" name="N"/>
                </layer>
                <layer rank="1" name="Sent"/>
                <layer rank="1" name="Other"/>
                <layer rank="1" name="Target">
                    <label cBy="103" end="87" start="80" name="Target"/>
                </layer>
                <layer rank="1" name="Adj"/>
            </annotationSet>
        </sentence>
        <sentence sentNo="0" aPos="11941807" ID="1079830">
            <text>Maggie 's gaze was locked onto her younger sister 's agonized eyes , then the eyes too had gone . </text>
            <annotationSet cDate="01/08/2003 01:35:41 PST Wed" status="UNANN" ID="1611064">
                <layer rank="1" name="BNC">
                    <label end="5" start="0" name="NP0"/>
                    <label end="8" start="7" name="POS"/>
                    <label end="13" start="10" name="NN1"/>
                    <label end="17" start="15" name="VBD"/>
                    <label end="24" start="19" name="VVN"/>
                    <label end="29" start="26" name="PRP"/>
                    <label end="33" start="31" name="DPS"/>
                    <label end="41" start="35" name="AJC"/>
                    <label end="48" start="43" name="NN1"/>
                    <label end="51" start="50" name="POS"/>
                    <label end="60" start="53" name="AJ0"/>
                    <label end="65" start="62" name="NN2"/>
                    <label end="67" start="67" name="PUN"/>
                    <label end="72" start="69" name="AV0"/>
                    <label end="76" start="74" name="AT0"/>
                    <label end="81" start="78" name="NN2"/>
                    <label end="85" start="83" name="AV0"/>
                    <label end="89" start="87" name="VHD"/>
                    <label end="94" start="91" name="VVN"/>
                    <label end="96" start="96" name="PUN"/>
                </layer>
            </annotationSet>
            <annotationSet cDate="01/08/2003 01:35:41 PST Wed" status="MANUAL" ID="1611065">
                <layer rank="1" name="FE">
                    <label cBy="618" feID="1893" end="65" start="62" name="Expressor"/>
                </layer>
                <layer rank="1" name="GF">
                    <label end="65" start="62" name="Head"/>
                </layer>
                <layer rank="1" name="PT">
                    <label end="65" start="62" name="N"/>
                </layer>
                <layer rank="1" name="Sent"/>
                <layer rank="1" name="Other"/>
                <layer rank="1" name="Target">
                    <label cBy="103" end="60" start="53" name="Target"/>
                </layer>
                <layer rank="1" name="Adj"/>
            </annotationSet>
        </sentence>
        <sentence sentNo="0" aPos="16650942" ID="1079831">
            <text>His face was agonized and he was trying to tell me something . </text>
            <annotationSet cDate="01/08/2003 01:35:41 PST Wed" status="UNANN" ID="1611066">
                <layer rank="1" name="BNC">
                    <label end="2" start="0" name="DPS"/>
                    <label end="7" start="4" name="NN1"/>
                    <label end="11" start="9" name="VBD"/>
                    <label end="20" start="13" name="AJ0-VVN"/>
                    <label end="24" start="22" name="CJC"/>
                    <label end="27" start="26" name="PNP"/>
                    <label end="31" start="29" name="VBD"/>
                    <label end="38" start="33" name="VVG"/>
                    <label end="41" start="40" name="TO0"/>
                    <label end="46" start="43" name="VVI"/>
                    <label end="49" start="48" name="PNP"/>
                    <label end="59" start="51" name="PNI"/>
                    <label end="61" start="61" name="PUN"/>
                </layer>
            </annotationSet>
            <annotationSet cDate="01/08/2003 01:35:41 PST Wed" status="MANUAL" ID="1611067">
                <layer rank="1" name="FE">
                    <label cBy="618" feID="1893" end="7" start="0" name="Expressor"/>
                </layer>
                <layer rank="1" name="GF">
                    <label end="7" start="0" name="Ext"/>
                </layer>
                <layer rank="1" name="PT">
                    <label end="7" start="0" name="NP"/>
                </layer>
                <layer rank="1" name="Sent"/>
                <layer rank="1" name="Other"/>
                <layer rank="1" name="Target">
                    <label cBy="103" end="20" start="13" name="Target"/>
                </layer>
                <layer rank="1" name="Adj">
                    <label end="11" start="9" name="Cop"/>
                </layer>
            </annotationSet>
        </sentence>
        <sentence sentNo="0" aPos="60252618" ID="1079844">
            <text>He gave the bad leg a gentle kick , to be rewarded with an agonized moan and the information that it was certainly broken , probably in two or three places . </text>
            <annotationSet cDate="01/08/2003 01:35:43 PST Wed" status="UNANN" ID="1611092">
                <layer rank="1" name="BNC">
                    <label end="1" start="0" name="PNP"/>
                    <label end="6" start="3" name="VVD"/>
                    <label end="10" start="8" name="AT0"/>
                    <label end="14" start="12" name="AJ0"/>
                    <label end="18" start="16" name="NN1"/>
                    <label end="20" start="20" name="AT0"/>
                    <label end="27" start="22" name="AJ0"/>
                    <label end="32" start="29" name="NN1"/>
                    <label end="34" start="34" name="PUN"/>
                    <label end="37" start="36" name="TO0"/>
                    <label end="40" start="39" name="VBI"/>
                    <label end="49" start="42" name="VVN"/>
                    <label end="54" start="51" name="PRP"/>
                    <label end="57" start="56" name="AT0"/>
                    <label end="66" start="59" name="AJ0"/>
                    <label end="71" start="68" name="NN1"/>
                    <label end="75" start="73" name="CJC"/>
                    <label end="79" start="77" name="AT0"/>
                    <label end="91" start="81" name="NN1"/>
                    <label end="96" start="93" name="CJT"/>
                    <label end="99" start="98" name="PNP"/>
                    <label end="103" start="101" name="VBD"/>
                    <label end="113" start="105" name="AV0"/>
                    <label end="120" start="115" name="VVN"/>
                    <label end="122" start="122" name="PUN"/>
                    <label end="131" start="124" name="AV0"/>
                    <label end="134" start="133" name="PRP"/>
                    <label end="138" start="136" name="CRD"/>
                    <label end="141" start="140" name="CJC"/>
                    <label end="147" start="143" name="CRD"/>
                    <label end="154" start="149" name="NN2"/>
                    <label end="156" start="156" name="PUN"/>
                </layer>
            </annotationSet>
            <annotationSet cDate="01/08/2003 01:35:43 PST Wed" status="MANUAL" ID="1611093">
                <layer rank="1" name="FE">
                    <label cBy="618" feID="1893" end="71" start="68" name="Expressor"/>
                </layer>
                <layer rank="1" name="GF">
                    <label end="71" start="68" name="Head"/>
                </layer>
                <layer rank="1" name="PT">
                    <label end="71" start="68" name="N"/>
                </layer>
                <layer rank="1" name="Sent"/>
                <layer rank="1" name="Other"/>
                <layer rank="1" name="Target">
                    <label cBy="103" end="66" start="59" name="Target"/>
                </layer>
                <layer rank="1" name="Adj"/>
            </annotationSet>
        </sentence>
        <sentence sentNo="0" aPos="64051370" ID="1079846">
            <text>` What 's he doing ? &quot; she cried , agonized , as the picture cut back to the chairman . </text>
            <annotationSet cDate="01/08/2003 01:35:43 PST Wed" status="UNANN" ID="1611096">
                <layer rank="1" name="BNC">
                    <label end="0" start="0" name="PUQ"/>
                    <label end="5" start="2" name="DTQ"/>
                    <label end="8" start="7" name="VBZ"/>
                    <label end="11" start="10" name="PNP"/>
                    <label end="17" start="13" name="VDG"/>
                    <label end="19" start="19" name="PUN"/>
                    <label end="21" start="21" name="PUQ"/>
                    <label end="25" start="23" name="PNP"/>
                    <label end="31" start="27" name="VVD"/>
                    <label end="33" start="33" name="PUN"/>
                    <label end="42" start="35" name="VVD"/>
                    <label end="44" start="44" name="PUN"/>
                    <label end="47" start="46" name="CJS-PRP"/>
                    <label end="51" start="49" name="AT0"/>
                    <label end="59" start="53" name="NN1"/>
                    <label end="63" start="61" name="VVD-VVN"/>
                    <label end="68" start="65" name="AVP"/>
                    <label end="71" start="70" name="PRP"/>
                    <label end="75" start="73" name="AT0"/>
                    <label end="84" start="77" name="NN1"/>
                    <label end="86" start="86" name="PUN"/>
                </layer>
            </annotationSet>
            <annotationSet cDate="01/08/2003 01:35:43 PST Wed" status="MANUAL" ID="1611097">
                <layer rank="1" name="FE">
                    <label cBy="618" feID="194" end="25" start="23" name="Experiencer"/>
                </layer>
                <layer rank="1" name="GF">
                    <label end="25" start="23" name="Ext"/>
                </layer>
                <layer rank="1" name="PT">
                    <label end="25" start="23" name="NP"/>
                </layer>
                <layer rank="1" name="Sent"/>
                <layer rank="1" name="Other"/>
                <layer rank="1" name="Target">
                    <label cBy="103" end="42" start="35" name="Target"/>
                </layer>
                <layer rank="1" name="Adj"/>
            </annotationSet>
        </sentence>
        <sentence sentNo="0" aPos="69337811" ID="1079849">
            <text>Celia said loudly ; she ignored Brassard 's agonized expression . </text>
            <annotationSet cDate="01/08/2003 01:35:43 PST Wed" status="UNANN" ID="1611102">
                <layer rank="1" name="BNC">
                    <label end="4" start="0" name="NN1-NP0"/>
                    <label end="9" start="6" name="VVD"/>
                    <label end="16" start="11" name="AV0"/>
                    <label end="18" start="18" name="PUN"/>
                    <label end="22" start="20" name="PNP"/>
                    <label end="30" start="24" name="VVD"/>
                    <label end="39" start="32" name="NP0"/>
                    <label end="42" start="41" name="POS"/>
                    <label end="51" start="44" name="AJ0"/>
                    <label end="62" start="53" name="NN1"/>
                    <label end="64" start="64" name="PUN"/>
                </layer>
            </annotationSet>
            <annotationSet cDate="01/08/2003 01:35:43 PST Wed" status="MANUAL" ID="1611103">
                <layer rank="1" name="FE">
                    <label cBy="618" feID="1893" end="62" start="53" name="Expressor"/>
                </layer>
                <layer rank="1" name="GF">
                    <label end="62" start="53" name="Head"/>
                </layer>
                <layer rank="1" name="PT">
                    <label end="62" start="53" name="N"/>
                </layer>
                <layer rank="1" name="Sent"/>
                <layer rank="1" name="Other"/>
                <layer rank="1" name="Target">
                    <label cBy="103" end="51" start="44" name="Target"/>
                </layer>
                <layer rank="1" name="Adj"/>
            </annotationSet>
        </sentence>
        <sentence sentNo="0" aPos="95353952" ID="1079857">
            <text>The corporal shot the Chief an agonized glance . </text>
            <annotationSet cDate="01/08/2003 01:35:44 PST Wed" status="UNANN" ID="1611118">
                <layer rank="1" name="BNC">
                    <label end="2" start="0" name="AT0"/>
                    <label end="11" start="4" name="NN1"/>
                    <label end="16" start="13" name="VVD"/>
                    <label end="20" start="18" name="AT0"/>
                    <label end="26" start="22" name="AJ0-NN1"/>
                    <label end="29" start="28" name="AT0"/>
                    <label end="38" start="31" name="AJ0"/>
                    <label end="45" start="40" name="NN1"/>
                    <label end="47" start="47" name="PUN"/>
                </layer>
            </annotationSet>
            <annotationSet cDate="01/08/2003 01:35:44 PST Wed" status="MANUAL" ID="1611119">
                <layer rank="1" name="FE">
                    <label cBy="618" feID="1893" end="45" start="40" name="Expressor"/>
                </layer>
                <layer rank="1" name="GF">
                    <label end="45" start="40" name="Head"/>
                </layer>
                <layer rank="1" name="PT">
                    <label end="45" start="40" name="N"/>
                </layer>
                <layer rank="1" name="Sent"/>
                <layer rank="1" name="Other"/>
                <layer rank="1" name="Target">
                    <label cBy="103" end="38" start="31" name="Target"/>
                </layer>
                <layer rank="1" name="Adj"/>
            </annotationSet>
        </sentence>
    </subCorpus>
</lexUnit>