<?xml version="1.0" encoding="UTF-8" standalone="yes"?>
<?xml-stylesheet type="text/xsl" href="lexUnit.xsl"?>
<lexUnit status="Finished_Initial" POS="A" name="ruffled.a" ID="7114" frame="Emotion_directed" frameID="46" totalAnnotated="5" xsi:schemaLocation="../schema/lexUnit.xsd" xmlns="http://framenet.icsi.berkeley.edu" xmlns:xsi="http://www.w3.org/2001/XMLSchema-instance">
    <header>
        <frame>
            <FE fgColor="FFFFFF" bgColor="00BFFF" type="Extra-Thematic" abbrev="cir" name="Circumstances"/>
            <FE fgColor="FFFFFF" bgColor="FF69B4" type="Peripheral" abbrev="Degr" name="Degree"/>
            <FE fgColor="FFFFFF" bgColor="0000FF" type="Extra-Thematic" abbrev="ET" name="Empathy_target"/>
            <FE fgColor="FFFFFF" bgColor="A52A2A" type="Core" abbrev="Event" name="Event"/>
            <FE fgColor="FFFFFF" bgColor="800080" type="Core" abbrev="Exp" name="Experiencer"/>
            <FE fgColor="FFFFFF" bgColor="008000" type="Core" abbrev="Exr" name="Expressor"/>
            <FE fgColor="000000" bgColor="7FFF00" type="Extra-Thematic" abbrev="" name="Frequency"/>
            <FE fgColor="FFFFFF" bgColor="FF00FF" type="Peripheral" abbrev="" name="Manner"/>
            <FE fgColor="FFFFFF" bgColor="2E8B57" type="Peripheral" abbrev="" name="Parameter"/>
            <FE fgColor="FFFFFF" bgColor="00008B" type="Extra-Thematic" abbrev="Reas" name="Reason"/>
            <FE fgColor="FFFFFF" bgColor="9F79EE" type="Core" abbrev="State" name="State"/>
            <FE fgColor="FFFFFF" bgColor="FF0000" type="Core" abbrev="Stim" name="Stimulus"/>
            <FE fgColor="FFFFFF" bgColor="FFA500" type="Core" abbrev="Top" name="Topic"/>
        </frame>
    </header>
    <definition>FN: disconcerted</definition>
    <lexeme POS="A" name="ruffled"/>
    <valences>
        <governor type="Sup" lemma="get">
            <annoSet ID="1576233"/>
            <annoSet ID="1576269"/>
        </governor>
        <governor type="Sup" lemma="look">
            <annoSet ID="1576251"/>
            <annoSet ID="1576281"/>
        </governor>
        <FERealization total="5">
            <FE name="Experiencer"/>
            <pattern total="5">
                <valenceUnit GF="Ext" PT="NP" FE="Experiencer"/>
                <annoSet ID="1576201"/>
                <annoSet ID="1576233"/>
                <annoSet ID="1576251"/>
                <annoSet ID="1576269"/>
                <annoSet ID="1576281"/>
            </pattern>
        </FERealization>
        <FERealization total="1">
            <FE name="Topic"/>
            <pattern total="1">
                <valenceUnit GF="Dep" PT="PP[about]" FE="Topic"/>
                <annoSet ID="1576269"/>
            </pattern>
        </FERealization>
        <FEGroupRealization total="4">
            <FE name="Experiencer"/>
            <pattern total="4">
                <valenceUnit GF="Ext" PT="NP" FE="Experiencer"/>
                <annoSet ID="1576201"/>
                <annoSet ID="1576233"/>
                <annoSet ID="1576251"/>
                <annoSet ID="1576281"/>
            </pattern>
        </FEGroupRealization>
        <FEGroupRealization total="1">
            <FE name="Experiencer"/>
            <FE name="Topic"/>
            <pattern total="1">
                <valenceUnit GF="Ext" PT="NP" FE="Experiencer"/>
                <valenceUnit GF="Dep" PT="PP[about]" FE="Topic"/>
                <annoSet ID="1576269"/>
            </pattern>
        </FEGroupRealization>
    </valences>
    <subCorpus name="A-001-all">
        <sentence sentNo="0" aPos="6803638" ID="1062398">
            <text>Mr Hollins looked surprised , but he was not ruffled . </text>
            <annotationSet cDate="01/08/2003 12:53:29 PST Wed" status="UNANN" ID="1576200">
                <layer rank="1" name="BNC">
                    <label end="1" start="0" name="NP0"/>
                    <label end="9" start="3" name="NP0"/>
                    <label end="16" start="11" name="VVD"/>
                    <label end="26" start="18" name="AJ0"/>
                    <label end="28" start="28" name="PUN"/>
                    <label end="32" start="30" name="CJC"/>
                    <label end="35" start="34" name="PNP"/>
                    <label end="39" start="37" name="VBD"/>
                    <label end="43" start="41" name="XX0"/>
                    <label end="51" start="45" name="AJ0"/>
                    <label end="53" start="53" name="PUN"/>
                </layer>
            </annotationSet>
            <annotationSet cDate="01/08/2003 12:53:29 PST Wed" status="MANUAL" ID="1576201">
                <layer rank="1" name="FE">
                    <label cBy="618" feID="194" end="35" start="34" name="Experiencer"/>
                </layer>
                <layer rank="1" name="GF">
                    <label end="35" start="34" name="Ext"/>
                </layer>
                <layer rank="1" name="PT">
                    <label end="35" start="34" name="NP"/>
                </layer>
                <layer rank="1" name="Sent"/>
                <layer rank="1" name="Other"/>
                <layer rank="1" name="Target">
                    <label cBy="103" end="51" start="45" name="Target"/>
                </layer>
                <layer rank="1" name="Adj">
                    <label end="39" start="37" name="Cop"/>
                </layer>
            </annotationSet>
        </sentence>
        <sentence sentNo="0" aPos="35268295" ID="1062414">
            <text>Dawn 's reaction , too , was natural : she would start to get ruffled , then agitated , then threatening . </text>
            <annotationSet cDate="01/08/2003 12:53:30 PST Wed" status="UNANN" ID="1576232">
                <layer rank="1" name="BNC">
                    <label end="3" start="0" name="NP0"/>
                    <label end="6" start="5" name="POS"/>
                    <label end="15" start="8" name="NN1"/>
                    <label end="17" start="17" name="PUN"/>
                    <label end="21" start="19" name="AV0"/>
                    <label end="23" start="23" name="PUN"/>
                    <label end="27" start="25" name="VBD"/>
                    <label end="35" start="29" name="AJ0"/>
                    <label end="37" start="37" name="PUN"/>
                    <label end="41" start="39" name="PNP"/>
                    <label end="47" start="43" name="VM0"/>
                    <label end="53" start="49" name="VVI"/>
                    <label end="56" start="55" name="TO0"/>
                    <label end="60" start="58" name="VVI"/>
                    <label end="68" start="62" name="AJ0"/>
                    <label end="70" start="70" name="PUN"/>
                    <label end="75" start="72" name="AV0"/>
                    <label end="84" start="77" name="VVD-VVN"/>
                    <label end="86" start="86" name="PUN"/>
                    <label end="91" start="88" name="AV0"/>
                    <label end="103" start="93" name="AJ0-VVG"/>
                    <label end="105" start="105" name="PUN"/>
                </layer>
            </annotationSet>
            <annotationSet cDate="01/08/2003 12:53:30 PST Wed" status="MANUAL" ID="1576233">
                <layer rank="1" name="FE">
                    <label cBy="618" feID="194" end="41" start="39" name="Experiencer"/>
                </layer>
                <layer rank="1" name="GF">
                    <label end="41" start="39" name="Ext"/>
                </layer>
                <layer rank="1" name="PT">
                    <label end="41" start="39" name="NP"/>
                </layer>
                <layer rank="1" name="Sent"/>
                <layer rank="1" name="Other"/>
                <layer rank="1" name="Target">
                    <label cBy="103" end="68" start="62" name="Target"/>
                </layer>
                <layer rank="1" name="Adj">
                    <label end="60" start="58" name="Supp"/>
                </layer>
            </annotationSet>
        </sentence>
        <sentence sentNo="0" aPos="59226040" ID="1062423">
            <text>She looked distinctly ruffled and there was a downward tilt to her mouth that betrayed her ill-humour . </text>
            <annotationSet cDate="01/08/2003 12:53:32 PST Wed" status="UNANN" ID="1576250">
                <layer rank="1" name="BNC">
                    <label end="2" start="0" name="PNP"/>
                    <label end="9" start="4" name="VVD"/>
                    <label end="20" start="11" name="AV0"/>
                    <label end="28" start="22" name="AJ0-VVD"/>
                    <label end="32" start="30" name="CJC"/>
                    <label end="38" start="34" name="EX0"/>
                    <label end="42" start="40" name="VBD"/>
                    <label end="44" start="44" name="AT0"/>
                    <label end="53" start="46" name="AJ0"/>
                    <label end="58" start="55" name="NN1"/>
                    <label end="61" start="60" name="PRP"/>
                    <label end="65" start="63" name="DPS"/>
                    <label end="71" start="67" name="NN1"/>
                    <label end="76" start="73" name="CJT"/>
                    <label end="85" start="78" name="VVD"/>
                    <label end="89" start="87" name="DPS"/>
                    <label end="100" start="91" name="NN1"/>
                    <label end="102" start="102" name="PUN"/>
                </layer>
            </annotationSet>
            <annotationSet cDate="01/08/2003 12:53:32 PST Wed" status="MANUAL" ID="1576251">
                <layer rank="1" name="FE">
                    <label cBy="618" feID="194" end="2" start="0" name="Experiencer"/>
                </layer>
                <layer rank="1" name="GF">
                    <label end="2" start="0" name="Ext"/>
                </layer>
                <layer rank="1" name="PT">
                    <label end="2" start="0" name="NP"/>
                </layer>
                <layer rank="1" name="Sent"/>
                <layer rank="1" name="Other"/>
                <layer rank="1" name="Target">
                    <label cBy="103" end="28" start="22" name="Target"/>
                </layer>
                <layer rank="1" name="Adj">
                    <label end="9" start="4" name="Supp"/>
                </layer>
            </annotationSet>
        </sentence>
        <sentence sentNo="0" aPos="76310679" ID="1062432">
            <text>Something told me not to get ruffled about Mrs Goreng . </text>
            <annotationSet cDate="01/08/2003 12:53:33 PST Wed" status="UNANN" ID="1576268">
                <layer rank="1" name="BNC">
                    <label end="8" start="0" name="PNI"/>
                    <label end="13" start="10" name="VVD"/>
                    <label end="16" start="15" name="PNP"/>
                    <label end="20" start="18" name="XX0"/>
                    <label end="23" start="22" name="TO0"/>
                    <label end="27" start="25" name="VVI"/>
                    <label end="35" start="29" name="AJ0-VVN"/>
                    <label end="41" start="37" name="PRP"/>
                    <label end="45" start="43" name="NP0"/>
                    <label end="52" start="47" name="NP0"/>
                    <label end="54" start="54" name="PUN"/>
                </layer>
            </annotationSet>
            <annotationSet cDate="01/08/2003 12:53:33 PST Wed" status="MANUAL" ID="1576269">
                <layer rank="1" name="FE">
                    <label cBy="618" feID="194" end="16" start="15" name="Experiencer"/>
                    <label cBy="618" feID="196" end="52" start="37" name="Topic"/>
                </layer>
                <layer rank="1" name="GF">
                    <label end="16" start="15" name="Ext"/>
                    <label end="52" start="37" name="Dep"/>
                </layer>
                <layer rank="1" name="PT">
                    <label end="16" start="15" name="NP"/>
                    <label end="52" start="37" name="PP"/>
                </layer>
                <layer rank="1" name="Sent"/>
                <layer rank="1" name="Other"/>
                <layer rank="1" name="Target">
                    <label cBy="103" end="35" start="29" name="Target"/>
                </layer>
                <layer rank="1" name="Adj">
                    <label end="27" start="25" name="Supp"/>
                </layer>
            </annotationSet>
        </sentence>
        <sentence sentNo="0" aPos="80091861" ID="1062438">
            <text>Lucker wakes from his half-sleep , looking ruffled and resentful . </text>
            <annotationSet cDate="01/08/2003 12:53:33 PST Wed" status="UNANN" ID="1576280">
                <layer rank="1" name="BNC">
                    <label end="5" start="0" name="NN1-NP0"/>
                    <label end="11" start="7" name="NN2-VVZ"/>
                    <label end="16" start="13" name="PRP"/>
                    <label end="20" start="18" name="DPS"/>
                    <label end="31" start="22" name="NN1"/>
                    <label end="33" start="33" name="PUN"/>
                    <label end="41" start="35" name="VVG"/>
                    <label end="49" start="43" name="AJ0"/>
                    <label end="53" start="51" name="CJC"/>
                    <label end="63" start="55" name="AJ0"/>
                    <label end="65" start="65" name="PUN"/>
                </layer>
            </annotationSet>
            <annotationSet cDate="01/08/2003 12:53:33 PST Wed" status="MANUAL" ID="1576281">
                <layer rank="1" name="FE">
                    <label cBy="618" feID="194" end="5" start="0" name="Experiencer"/>
                </layer>
                <layer rank="1" name="GF">
                    <label end="5" start="0" name="Ext"/>
                </layer>
                <layer rank="1" name="PT">
                    <label end="5" start="0" name="NP"/>
                </layer>
                <layer rank="1" name="Sent"/>
                <layer rank="1" name="Other"/>
                <layer rank="1" name="Target">
                    <label cBy="103" end="49" start="43" name="Target"/>
                </layer>
                <layer rank="1" name="Adj">
                    <label end="41" start="35" name="Supp"/>
                </layer>
            </annotationSet>
        </sentence>
    </subCorpus>
</lexUnit>