<?xml version="1.0" encoding="UTF-8" standalone="yes"?>
<?xml-stylesheet type="text/xsl" href="lexUnit.xsl"?>
<lexUnit status="Created" POS="V" name="got_to.v" ID="7100" frame="Being_obligated" frameID="392" totalAnnotated="0" xsi:schemaLocation="../schema/lexUnit.xsd" xmlns="http://framenet.icsi.berkeley.edu" xmlns:xsi="http://www.w3.org/2001/XMLSchema-instance">
    <header>
        <frame>
            <FE fgColor="FFFFFF" bgColor="9400D3" type="Extra-Thematic" abbrev="con" name="Condition"/>
            <FE fgColor="FFFFFF" bgColor="00008B" type="Peripheral" abbrev="Con" name="Consequence"/>
            <FE fgColor="FFFFFF" bgColor="008000" type="Core" abbrev="Duty" name="Duty"/>
            <FE fgColor="FFFFFF" bgColor="FF69B4" type="Extra-Thematic" abbrev="" name="Frequency"/>
            <FE fgColor="FFFFFF" bgColor="0000FF" type="Peripheral" abbrev="pla" name="Place"/>
            <FE fgColor="FFFFFF" bgColor="FF0000" type="Core" abbrev="Resp" name="Responsible_party"/>
            <FE fgColor="FFFFFF" bgColor="FFA500" type="Peripheral" abbrev="tim" name="Time"/>
        </frame>
    </header>
    <definition>FN: be obliged to; must</definition>
    <lexeme order="1" headword="true" breakBefore="false" POS="V" name="got"/>
    <lexeme order="2" headword="false" breakBefore="false" POS="N" name="to"/>
    <valences/>
    <subCorpus name="V-429-s20-lcoll-just"/>
    <subCorpus name="V-429-s20-lcoll-really"/>
    <subCorpus name="V-429-s20-lcoll-simply"/>
    <subCorpus name="V-429-s20-rcoll-be"/>
    <subCorpus name="V-429-s20-rcoll-do"/>
    <subCorpus name="V-429-s20-rcoll-get"/>
    <subCorpus name="V-429-s20-rcoll-go"/>
    <subCorpus name="V-429-s20-rcoll-have"/>
    <subCorpus name="V-429-s20-rcoll-know"/>
    <subCorpus name="V-490-s20-vpbse"/>
    <subCorpus name="V-510-s20-vping"/>
    <subCorpus name="V-710-s20-adverbreally"/>
    <subCorpus name="V-880-s20-intrans-simple"/>
    <subCorpus name="V-890-s20-intrans-adverb"/>
    <subCorpus name="V-900-s20-other"/>
</lexUnit>