<?xml version="1.0" encoding="UTF-8" standalone="yes"?>
<?xml-stylesheet type="text/xsl" href="lexUnit.xsl"?>
<lexUnit status="Finished_Initial" POS="N" name="parkway.n" ID="7136" frame="Roadways" frameID="203" totalAnnotated="7" xsi:schemaLocation="../schema/lexUnit.xsd" xmlns="http://framenet.icsi.berkeley.edu" xmlns:xsi="http://www.w3.org/2001/XMLSchema-instance">
    <header>
        <frame>
            <FE fgColor="FFFFFF" bgColor="0000FF" type="Peripheral" abbrev="A_e" name="Abundant_entities"/>
            <FE fgColor="FFFFFF" bgColor="FF69B4" type="Peripheral" abbrev="Char" name="Characteristic"/>
            <FE fgColor="FFFFFF" bgColor="A9A9A9" type="Peripheral" abbrev="Dir" name="Direction"/>
            <FE fgColor="9400D3" bgColor="d0d0d0" type="Peripheral" abbrev="EPs" name="Endpoints"/>
            <FE fgColor="FFFFFF" bgColor="FF00FF" type="Peripheral" abbrev="F_use" name="Frequency_of_use"/>
            <FE fgColor="000000" bgColor="9F79EE" type="Peripheral" abbrev="Goal" name="Goal"/>
            <FE fgColor="FFFFFF" bgColor="800080" type="Peripheral" abbrev="Length" name="Length"/>
            <FE fgColor="FFFFFF" bgColor="1E90FF" type="Peripheral" abbrev="Mat" name="Material"/>
            <FE fgColor="FFFFFF" bgColor="808080" type="Peripheral" abbrev="Name" name="Name"/>
            <FE fgColor="FFFFFF" bgColor="7CCD73" type="Peripheral" abbrev="par" name="Part"/>
            <FE fgColor="90876C" bgColor="000000" type="Peripheral" abbrev="Pat" name="Path"/>
            <FE fgColor="FFFFFF" bgColor="FFA500" type="Peripheral" abbrev="rel" name="Relative_location"/>
            <FE fgColor="FFFFFF" bgColor="00BFFF" type="Core" abbrev="Road" name="Roadway"/>
            <FE fgColor="EEE8AA" bgColor="A52A2A" type="Peripheral" abbrev="Src" name="Source"/>
            <FE fgColor="FFFFFF" bgColor="00008B" type="Peripheral" abbrev="Use" name="Use"/>
        </frame>
    </header>
    <definition>COD: an open landscaped highway. </definition>
    <lexeme POS="N" name="parkway"/>
    <valences>
        <FERealization total="1">
            <FE name="Endpoints"/>
            <pattern total="1">
                <valenceUnit GF="Dep" PT="N" FE="Endpoints"/>
                <annoSet ID="1592207"/>
            </pattern>
        </FERealization>
        <FERealization total="6">
            <FE name="Name"/>
            <pattern total="6">
                <valenceUnit GF="Dep" PT="N" FE="Name"/>
                <annoSet ID="1592183"/>
                <annoSet ID="1592205"/>
                <annoSet ID="1592209"/>
                <annoSet ID="1592215"/>
                <annoSet ID="1592219"/>
                <annoSet ID="1592227"/>
            </pattern>
        </FERealization>
        <FERealization total="7">
            <FE name="Roadway"/>
            <pattern total="7">
                <valenceUnit GF="" PT="DEN" FE="Roadway"/>
                <annoSet ID="1592183"/>
                <annoSet ID="1592205"/>
                <annoSet ID="1592207"/>
                <annoSet ID="1592209"/>
                <annoSet ID="1592215"/>
                <annoSet ID="1592219"/>
                <annoSet ID="1592227"/>
            </pattern>
        </FERealization>
        <FEGroupRealization total="1">
            <FE name="Endpoints"/>
            <FE name="Roadway"/>
            <pattern total="1">
                <valenceUnit GF="Dep" PT="N" FE="Endpoints"/>
                <valenceUnit GF="" PT="DEN" FE="Roadway"/>
                <annoSet ID="1592207"/>
            </pattern>
        </FEGroupRealization>
        <FEGroupRealization total="6">
            <FE name="Name"/>
            <FE name="Roadway"/>
            <pattern total="6">
                <valenceUnit GF="Dep" PT="N" FE="Name"/>
                <valenceUnit GF="" PT="DEN" FE="Roadway"/>
                <annoSet ID="1592183"/>
                <annoSet ID="1592205"/>
                <annoSet ID="1592209"/>
                <annoSet ID="1592215"/>
                <annoSet ID="1592219"/>
                <annoSet ID="1592227"/>
            </pattern>
        </FEGroupRealization>
    </valences>
    <subCorpus name="N-001-all">
        <sentence sentNo="0" aPos="1025228" ID="1070389">
            <text>On the former GWR line to Bicester North a new station opened in October at Haddenham &amp; Thame Parkway — the 150th new station opened by BR since the Beeching cuts of the 1960s . </text>
            <annotationSet cDate="01/08/2003 01:13:15 PST Wed" status="UNANN" ID="1592182">
                <layer rank="1" name="BNC">
                    <label end="1" start="0" name="PRP"/>
                    <label end="5" start="3" name="AT0"/>
                    <label end="12" start="7" name="DT0"/>
                    <label end="16" start="14" name="NN1"/>
                    <label end="21" start="18" name="NN1"/>
                    <label end="24" start="23" name="PRP"/>
                    <label end="33" start="26" name="NP0"/>
                    <label end="39" start="35" name="NP0"/>
                    <label end="41" start="41" name="AT0"/>
                    <label end="45" start="43" name="AJ0"/>
                    <label end="53" start="47" name="NN1"/>
                    <label end="60" start="55" name="VVD-VVN"/>
                    <label end="63" start="62" name="PRP"/>
                    <label end="71" start="65" name="NP0"/>
                    <label end="74" start="73" name="PRP"/>
                    <label end="84" start="76" name="NP0"/>
                    <label end="92" start="88" name="CJC"/>
                    <label end="100" start="94" name="NP0"/>
                    <label end="102" start="102" name="NN1-NP0"/>
                    <label end="106" start="104" name="PUN"/>
                    <label end="112" start="108" name="AT0"/>
                    <label end="116" start="114" name="ORD"/>
                    <label end="124" start="118" name="AJ0"/>
                    <label end="131" start="126" name="NN1"/>
                    <label end="134" start="133" name="VVN"/>
                    <label end="137" start="136" name="PRP"/>
                    <label end="143" start="139" name="NP0"/>
                    <label end="147" start="145" name="CJS-PRP"/>
                    <label end="156" start="149" name="AT0"/>
                    <label end="161" start="158" name="AJ0"/>
                    <label end="164" start="163" name="NN2"/>
                    <label end="168" start="166" name="PRF"/>
                    <label end="174" start="170" name="AT0"/>
                    <label end="176" start="176" name="NN0"/>
                    <label end="86" start="86" name="CJC"/>
                </layer>
            </annotationSet>
            <annotationSet cDate="01/08/2003 01:13:15 PST Wed" status="MANUAL" ID="1592183">
                <layer rank="1" name="FE">
                    <label cBy="618" feID="1662" end="92" start="76" name="Name"/>
                    <label cBy="618" feID="1657" end="100" start="94" name="Roadway"/>
                </layer>
                <layer rank="1" name="GF">
                    <label end="92" start="76" name="Dep"/>
                </layer>
                <layer rank="1" name="PT">
                    <label end="92" start="76" name="N"/>
                </layer>
                <layer rank="1" name="Sent"/>
                <layer rank="1" name="Other"/>
                <layer rank="1" name="Target">
                    <label cBy="103" end="100" start="94" name="Target"/>
                </layer>
                <layer rank="1" name="Noun"/>
            </annotationSet>
        </sentence>
        <sentence sentNo="0" aPos="37307044" ID="1070400">
            <text>The Bodmin Parkway connection had been used regularly by main line diesels visiting the B&amp;WR for special gala events , including locos from the West Somerset Railway owned by the D&amp;EG . </text>
            <annotationSet cDate="01/08/2003 01:13:17 PST Wed" status="UNANN" ID="1592204">
                <layer rank="1" name="BNC">
                    <label end="2" start="0" name="AT0"/>
                    <label end="9" start="4" name="NP0"/>
                    <label end="17" start="11" name="NN1-NP0"/>
                    <label end="28" start="19" name="NN1"/>
                    <label end="32" start="30" name="VHD"/>
                    <label end="37" start="34" name="VBN"/>
                    <label end="42" start="39" name="VVN"/>
                    <label end="52" start="44" name="AV0"/>
                    <label end="55" start="54" name="PRP"/>
                    <label end="60" start="57" name="AJ0"/>
                    <label end="65" start="62" name="NN1"/>
                    <label end="73" start="67" name="NN2"/>
                    <label end="82" start="75" name="VVG"/>
                    <label end="86" start="84" name="AT0"/>
                    <label end="91" start="88" name="UNC"/>
                    <label end="95" start="93" name="PRP"/>
                    <label end="103" start="97" name="AJ0"/>
                    <label end="108" start="105" name="NN1"/>
                    <label end="115" start="110" name="NN2"/>
                    <label end="117" start="117" name="PUN"/>
                    <label end="127" start="119" name="PRP"/>
                    <label end="133" start="129" name="NN2"/>
                    <label end="138" start="135" name="PRP"/>
                    <label end="142" start="140" name="AT0"/>
                    <label end="147" start="144" name="NP0"/>
                    <label end="156" start="149" name="NP0"/>
                    <label end="164" start="158" name="NP0"/>
                    <label end="170" start="166" name="VVD"/>
                    <label end="173" start="172" name="PRP"/>
                    <label end="177" start="175" name="AT0"/>
                    <label end="182" start="179" name="UNC"/>
                    <label end="184" start="184" name="PUN"/>
                </layer>
            </annotationSet>
            <annotationSet cDate="01/08/2003 01:13:17 PST Wed" status="MANUAL" ID="1592205">
                <layer rank="1" name="FE">
                    <label cBy="618" feID="1662" end="9" start="4" name="Name"/>
                    <label cBy="618" feID="1657" end="17" start="11" name="Roadway"/>
                </layer>
                <layer rank="1" name="GF">
                    <label end="9" start="4" name="Dep"/>
                </layer>
                <layer rank="1" name="PT">
                    <label end="9" start="4" name="N"/>
                </layer>
                <layer rank="1" name="Sent"/>
                <layer rank="1" name="Other"/>
                <layer rank="1" name="Target">
                    <label cBy="103" end="17" start="11" name="Target"/>
                </layer>
                <layer rank="1" name="Noun"/>
            </annotationSet>
        </sentence>
        <sentence sentNo="0" aPos="47909624" ID="1070401">
            <text>The county 's mainline stations are at Nottingham , Newark and Alfreton/Mansfield Parkway . </text>
            <annotationSet cDate="01/08/2003 01:13:17 PST Wed" status="UNANN" ID="1592206">
                <layer rank="1" name="BNC">
                    <label end="2" start="0" name="AT0"/>
                    <label end="9" start="4" name="NN1"/>
                    <label end="12" start="11" name="POS"/>
                    <label end="21" start="14" name="NN1"/>
                    <label end="30" start="23" name="NN2"/>
                    <label end="34" start="32" name="VBB"/>
                    <label end="37" start="36" name="PRP"/>
                    <label end="48" start="39" name="NP0"/>
                    <label end="50" start="50" name="PUN"/>
                    <label end="57" start="52" name="NP0"/>
                    <label end="61" start="59" name="CJC"/>
                    <label end="80" start="63" name="UNC"/>
                    <label end="88" start="82" name="NN1-NP0"/>
                    <label end="90" start="90" name="PUN"/>
                </layer>
            </annotationSet>
            <annotationSet cDate="01/08/2003 01:13:17 PST Wed" status="MANUAL" ID="1592207">
                <layer rank="1" name="FE">
                    <label cBy="618" feID="1660" end="80" start="63" name="Endpoints"/>
                    <label cBy="618" feID="1657" end="88" start="82" name="Roadway"/>
                </layer>
                <layer rank="1" name="GF">
                    <label end="80" start="63" name="Dep"/>
                </layer>
                <layer rank="1" name="PT">
                    <label end="80" start="63" name="N"/>
                </layer>
                <layer rank="1" name="Sent"/>
                <layer rank="1" name="Other"/>
                <layer rank="1" name="Target">
                    <label cBy="103" end="88" start="82" name="Target"/>
                </layer>
                <layer rank="1" name="Noun"/>
            </annotationSet>
        </sentence>
        <sentence sentNo="0" aPos="48187938" ID="1070402">
            <text>A thrilling boat ride to the very base of the falls is followed by a drive along the scenic Niagara Parkway to the historic village of Niagara-on-the-Lake . </text>
            <annotationSet cDate="01/08/2003 01:13:17 PST Wed" status="UNANN" ID="1592208">
                <layer rank="1" name="BNC">
                    <label end="0" start="0" name="AT0"/>
                    <label end="10" start="2" name="AJ0"/>
                    <label end="15" start="12" name="NN1"/>
                    <label end="20" start="17" name="NN1-VVB"/>
                    <label end="23" start="22" name="PRP"/>
                    <label end="27" start="25" name="AT0"/>
                    <label end="32" start="29" name="AV0"/>
                    <label end="37" start="34" name="NN1"/>
                    <label end="40" start="39" name="PRF"/>
                    <label end="44" start="42" name="AT0"/>
                    <label end="50" start="46" name="NN2"/>
                    <label end="53" start="52" name="VBZ"/>
                    <label end="62" start="55" name="VVN"/>
                    <label end="65" start="64" name="PRP"/>
                    <label end="67" start="67" name="AT0"/>
                    <label end="73" start="69" name="NN1"/>
                    <label end="79" start="75" name="PRP"/>
                    <label end="83" start="81" name="AT0"/>
                    <label end="90" start="85" name="AJ0"/>
                    <label end="98" start="92" name="NN1-NP0"/>
                    <label end="106" start="100" name="NN1-NP0"/>
                    <label end="109" start="108" name="PRP"/>
                    <label end="113" start="111" name="AT0"/>
                    <label end="122" start="115" name="AJ0"/>
                    <label end="130" start="124" name="NN1"/>
                    <label end="133" start="132" name="PRF"/>
                    <label end="153" start="135" name="NP0"/>
                    <label end="155" start="155" name="PUN"/>
                </layer>
            </annotationSet>
            <annotationSet cDate="01/08/2003 01:13:17 PST Wed" status="MANUAL" ID="1592209">
                <layer rank="1" name="FE">
                    <label cBy="618" feID="1662" end="98" start="92" name="Name"/>
                    <label cBy="618" feID="1657" end="106" start="100" name="Roadway"/>
                </layer>
                <layer rank="1" name="GF">
                    <label end="98" start="92" name="Dep"/>
                </layer>
                <layer rank="1" name="PT">
                    <label end="98" start="92" name="N"/>
                </layer>
                <layer rank="1" name="Sent"/>
                <layer rank="1" name="Other"/>
                <layer rank="1" name="Target">
                    <label cBy="103" end="106" start="100" name="Target"/>
                </layer>
                <layer rank="1" name="Noun"/>
            </annotationSet>
        </sentence>
        <sentence sentNo="0" aPos="102417134" ID="1070405">
            <text>Police want to question anyone who was at Didcot Parkway just after midnight on Saturday . </text>
            <annotationSet cDate="01/08/2003 01:13:17 PST Wed" status="UNANN" ID="1592214">
                <layer rank="1" name="BNC">
                    <label end="5" start="0" name="NN2"/>
                    <label end="10" start="7" name="VVB"/>
                    <label end="13" start="12" name="TO0"/>
                    <label end="22" start="15" name="VVI"/>
                    <label end="29" start="24" name="PNI"/>
                    <label end="33" start="31" name="PNQ"/>
                    <label end="37" start="35" name="VBD"/>
                    <label end="40" start="39" name="PRP"/>
                    <label end="47" start="42" name="NP0"/>
                    <label end="55" start="49" name="NN1-NP0"/>
                    <label end="60" start="57" name="AV0"/>
                    <label end="66" start="62" name="CJS-PRP"/>
                    <label end="75" start="68" name="NN1"/>
                    <label end="78" start="77" name="PRP"/>
                    <label end="87" start="80" name="NP0"/>
                    <label end="89" start="89" name="PUN"/>
                </layer>
            </annotationSet>
            <annotationSet cDate="01/08/2003 01:13:17 PST Wed" status="MANUAL" ID="1592215">
                <layer rank="1" name="FE">
                    <label cBy="618" feID="1662" end="47" start="42" name="Name"/>
                    <label cBy="618" feID="1657" end="55" start="49" name="Roadway"/>
                </layer>
                <layer rank="1" name="GF">
                    <label end="47" start="42" name="Dep"/>
                </layer>
                <layer rank="1" name="PT">
                    <label end="47" start="42" name="N"/>
                </layer>
                <layer rank="1" name="Sent"/>
                <layer rank="1" name="Other"/>
                <layer rank="1" name="Target">
                    <label cBy="103" end="55" start="49" name="Target"/>
                </layer>
                <layer rank="1" name="Noun"/>
            </annotationSet>
        </sentence>
        <sentence sentNo="0" aPos="104769833" ID="1070407">
            <text>Work starts on the A174 Parkway in Cleveland on Monday . </text>
            <annotationSet cDate="01/08/2003 01:13:17 PST Wed" status="UNANN" ID="1592218">
                <layer rank="1" name="BNC">
                    <label end="3" start="0" name="NN1"/>
                    <label end="10" start="5" name="VVZ"/>
                    <label end="13" start="12" name="PRP"/>
                    <label end="17" start="15" name="AT0"/>
                    <label end="22" start="19" name="ZZ0"/>
                    <label end="30" start="24" name="NN1"/>
                    <label end="33" start="32" name="PRP"/>
                    <label end="43" start="35" name="NP0"/>
                    <label end="46" start="45" name="PRP"/>
                    <label end="53" start="48" name="NP0"/>
                    <label end="55" start="55" name="PUN"/>
                </layer>
            </annotationSet>
            <annotationSet cDate="01/08/2003 01:13:17 PST Wed" status="MANUAL" ID="1592219">
                <layer rank="1" name="FE">
                    <label cBy="618" feID="1662" end="22" start="19" name="Name"/>
                    <label cBy="618" feID="1657" end="30" start="24" name="Roadway"/>
                </layer>
                <layer rank="1" name="GF">
                    <label end="22" start="19" name="Dep"/>
                </layer>
                <layer rank="1" name="PT">
                    <label end="22" start="19" name="N"/>
                </layer>
                <layer rank="1" name="Sent"/>
                <layer rank="1" name="Other"/>
                <layer rank="1" name="Target">
                    <label cBy="103" end="30" start="24" name="Target"/>
                </layer>
                <layer rank="1" name="Noun"/>
            </annotationSet>
        </sentence>
        <sentence sentNo="0" aPos="104872993" ID="1070411">
            <text>A spokesman for the Department of Transport said both routes proposed by the NGC ran close to the A19 and could interfere with improvement plans for the Norton Parkway section of road . </text>
            <annotationSet cDate="01/08/2003 01:13:18 PST Wed" status="UNANN" ID="1592226">
                <layer rank="1" name="BNC">
                    <label end="0" start="0" name="AT0"/>
                    <label end="10" start="2" name="NN1"/>
                    <label end="14" start="12" name="PRP"/>
                    <label end="18" start="16" name="AT0"/>
                    <label end="29" start="20" name="NN0"/>
                    <label end="32" start="31" name="PRF"/>
                    <label end="42" start="34" name="NN1"/>
                    <label end="47" start="44" name="VVD"/>
                    <label end="52" start="49" name="DT0"/>
                    <label end="59" start="54" name="NN2"/>
                    <label end="68" start="61" name="VVN"/>
                    <label end="71" start="70" name="PRP"/>
                    <label end="75" start="73" name="AT0"/>
                    <label end="79" start="77" name="NP0"/>
                    <label end="83" start="81" name="VVD"/>
                    <label end="89" start="85" name="AV0"/>
                    <label end="92" start="91" name="PRP"/>
                    <label end="96" start="94" name="AT0"/>
                    <label end="100" start="98" name="ZZ0"/>
                    <label end="104" start="102" name="CJC"/>
                    <label end="110" start="106" name="VM0"/>
                    <label end="120" start="112" name="VVI"/>
                    <label end="125" start="122" name="PRP"/>
                    <label end="137" start="127" name="NN1"/>
                    <label end="143" start="139" name="NN2-VVZ"/>
                    <label end="147" start="145" name="PRP"/>
                    <label end="151" start="149" name="AT0"/>
                    <label end="158" start="153" name="NP0"/>
                    <label end="166" start="160" name="NN1-NP0"/>
                    <label end="174" start="168" name="NN1"/>
                    <label end="177" start="176" name="PRF"/>
                    <label end="182" start="179" name="NN1"/>
                    <label end="184" start="184" name="PUN"/>
                </layer>
            </annotationSet>
            <annotationSet cDate="01/08/2003 01:13:18 PST Wed" status="MANUAL" ID="1592227">
                <layer rank="1" name="FE">
                    <label cBy="618" feID="1662" end="158" start="153" name="Name"/>
                    <label cBy="618" feID="1657" end="166" start="160" name="Roadway"/>
                </layer>
                <layer rank="1" name="GF">
                    <label end="158" start="153" name="Dep"/>
                </layer>
                <layer rank="1" name="PT">
                    <label end="158" start="153" name="N"/>
                </layer>
                <layer rank="1" name="Sent"/>
                <layer rank="1" name="Other"/>
                <layer rank="1" name="Target">
                    <label cBy="103" end="166" start="160" name="Target"/>
                </layer>
                <layer rank="1" name="Noun"/>
            </annotationSet>
        </sentence>
    </subCorpus>
</lexUnit>