<?xml version="1.0" encoding="UTF-8" standalone="yes"?>
<?xml-stylesheet type="text/xsl" href="lexUnit.xsl"?>
<lexUnit status="Finished_Initial" POS="V" name="gild.v" ID="7127" frame="Filling" frameID="59" totalAnnotated="9" xsi:schemaLocation="../schema/lexUnit.xsd" xmlns="http://framenet.icsi.berkeley.edu" xmlns:xsi="http://www.w3.org/2001/XMLSchema-instance">
    <header>
        <frame>
            <FE fgColor="FFFFFF" bgColor="FF0000" type="Core" abbrev="Agt" name="Agent"/>
            <FE fgColor="FFFFFF" bgColor="7CCD7C" type="Core" abbrev="cau" name="Cause"/>
            <FE fgColor="FFFFFF" bgColor="FF69B4" type="Peripheral" abbrev="Degr" name="Degree"/>
            <FE fgColor="FFFFFF" bgColor="9400D3" type="Extra-Thematic" abbrev="Dep" name="Depictive"/>
            <FE fgColor="FFFFFF" bgColor="00BFFF" type="Core" abbrev="Goal" name="Goal"/>
            <FE fgColor="FFFFFF" bgColor="808080" type="Peripheral" abbrev="Ins" name="Instrument"/>
            <FE fgColor="FFFFFF" bgColor="FF00FF" type="Peripheral" abbrev="Manr" name="Manner"/>
            <FE fgColor="FFFFFF" bgColor="0000FF" type="Peripheral" abbrev="Mns" name="Means"/>
            <FE fgColor="FFFFFF" bgColor="A52A2A" type="Peripheral" abbrev="Path" name="Path"/>
            <FE fgColor="FFFFFF" bgColor="008000" type="Peripheral" abbrev="Place" name="Place"/>
            <FE fgColor="FFFFFF" bgColor="800080" type="Extra-Thematic" abbrev="Purp" name="Purpose"/>
            <FE fgColor="FFFFFF" bgColor="1E90FF" type="Extra-Thematic" abbrev="Reas" name="Reason"/>
            <FE fgColor="FFFFFF" bgColor="9F79EE" type="Extra-Thematic" abbrev="Result" name="Result"/>
            <FE fgColor="FFFFFF" bgColor="006400" type="Peripheral" abbrev="Src" name="Source"/>
            <FE fgColor="FFFFFF" bgColor="90876C" type="Extra-Thematic" abbrev="Sub" name="Subregion"/>
            <FE fgColor="FFFFFF" bgColor="00008B" type="Core" abbrev="Thm" name="Theme"/>
            <FE fgColor="FFFFFF" bgColor="FFA500" type="Peripheral" abbrev="Time" name="Time"/>
        </frame>
    </header>
    <definition>COD: cover thinly with gold.</definition>
    <lexeme POS="V" name="gild"/>
    <valences>
        <FERealization total="9">
            <FE name="Agent"/>
            <pattern total="5">
                <valenceUnit GF="" PT="CNI" FE="Agent"/>
                <annoSet ID="1577625"/>
                <annoSet ID="1577631"/>
                <annoSet ID="1577677"/>
                <annoSet ID="1577715"/>
                <annoSet ID="1577721"/>
            </pattern>
            <pattern total="4">
                <valenceUnit GF="Ext" PT="NP" FE="Agent"/>
                <annoSet ID="1577659"/>
                <annoSet ID="1577673"/>
                <annoSet ID="1577685"/>
                <annoSet ID="1577733"/>
            </pattern>
        </FERealization>
        <FERealization total="9">
            <FE name="Goal"/>
            <pattern total="5">
                <valenceUnit GF="Ext" PT="NP" FE="Goal"/>
                <annoSet ID="1577625"/>
                <annoSet ID="1577631"/>
                <annoSet ID="1577677"/>
                <annoSet ID="1577715"/>
                <annoSet ID="1577721"/>
            </pattern>
            <pattern total="4">
                <valenceUnit GF="Obj" PT="NP" FE="Goal"/>
                <annoSet ID="1577659"/>
                <annoSet ID="1577673"/>
                <annoSet ID="1577685"/>
                <annoSet ID="1577733"/>
            </pattern>
        </FERealization>
        <FERealization total="1">
            <FE name="Purpose"/>
            <pattern total="1">
                <valenceUnit GF="Dep" PT="Sfin" FE="Purpose"/>
                <annoSet ID="1577625"/>
            </pattern>
        </FERealization>
        <FERealization total="9">
            <FE name="Theme"/>
            <pattern total="8">
                <valenceUnit GF="" PT="INI" FE="Theme"/>
                <annoSet ID="1577625"/>
                <annoSet ID="1577631"/>
                <annoSet ID="1577659"/>
                <annoSet ID="1577673"/>
                <annoSet ID="1577677"/>
                <annoSet ID="1577685"/>
                <annoSet ID="1577721"/>
                <annoSet ID="1577733"/>
            </pattern>
            <pattern total="1">
                <valenceUnit GF="Dep" PT="PP[with]" FE="Theme"/>
                <annoSet ID="1577715"/>
            </pattern>
        </FERealization>
        <FEGroupRealization total="1">
            <FE name="Agent"/>
            <FE name="Goal"/>
            <FE name="Purpose"/>
            <FE name="Theme"/>
            <pattern total="1">
                <valenceUnit GF="" PT="CNI" FE="Agent"/>
                <valenceUnit GF="Ext" PT="NP" FE="Goal"/>
                <valenceUnit GF="Dep" PT="Sfin" FE="Purpose"/>
                <valenceUnit GF="" PT="INI" FE="Theme"/>
                <annoSet ID="1577625"/>
            </pattern>
        </FEGroupRealization>
        <FEGroupRealization total="8">
            <FE name="Agent"/>
            <FE name="Goal"/>
            <FE name="Theme"/>
            <pattern total="3">
                <valenceUnit GF="" PT="CNI" FE="Agent"/>
                <valenceUnit GF="Ext" PT="NP" FE="Goal"/>
                <valenceUnit GF="" PT="INI" FE="Theme"/>
                <annoSet ID="1577631"/>
                <annoSet ID="1577677"/>
                <annoSet ID="1577721"/>
            </pattern>
            <pattern total="1">
                <valenceUnit GF="" PT="CNI" FE="Agent"/>
                <valenceUnit GF="Ext" PT="NP" FE="Goal"/>
                <valenceUnit GF="Dep" PT="PP[with]" FE="Theme"/>
                <annoSet ID="1577715"/>
            </pattern>
            <pattern total="4">
                <valenceUnit GF="Ext" PT="NP" FE="Agent"/>
                <valenceUnit GF="Obj" PT="NP" FE="Goal"/>
                <valenceUnit GF="" PT="INI" FE="Theme"/>
                <annoSet ID="1577659"/>
                <annoSet ID="1577673"/>
                <annoSet ID="1577685"/>
                <annoSet ID="1577733"/>
            </pattern>
        </FEGroupRealization>
    </valences>
    <subCorpus name="V-001-all">
        <sentence sentNo="0" aPos="4058509" ID="1063110">
            <text>The plaster work had been restored and gilded so that it glittered against a dazzling white ceiling and against walls hung with crimson wallpaper . </text>
            <annotationSet cDate="01/08/2003 12:55:09 PST Wed" status="UNANN" ID="1577624">
                <layer rank="1" name="BNC">
                    <label end="2" start="0" name="AT0"/>
                    <label end="10" start="4" name="NN1"/>
                    <label end="15" start="12" name="NN1"/>
                    <label end="19" start="17" name="VHD"/>
                    <label end="24" start="21" name="VBN"/>
                    <label end="33" start="26" name="VVN"/>
                    <label end="37" start="35" name="CJC"/>
                    <label end="44" start="39" name="VVD"/>
                    <label end="47" start="46" name="CJS"/>
                    <label end="52" start="49" name="CJS"/>
                    <label end="55" start="54" name="PNP"/>
                    <label end="65" start="57" name="VVD"/>
                    <label end="73" start="67" name="PRP"/>
                    <label end="75" start="75" name="AT0"/>
                    <label end="84" start="77" name="AJ0-NN1"/>
                    <label end="90" start="86" name="AJ0"/>
                    <label end="98" start="92" name="NN1"/>
                    <label end="102" start="100" name="CJC"/>
                    <label end="110" start="104" name="PRP"/>
                    <label end="116" start="112" name="NN2"/>
                    <label end="121" start="118" name="VVD-VVN"/>
                    <label end="126" start="123" name="PRP"/>
                    <label end="134" start="128" name="AJ0-NN1"/>
                    <label end="144" start="136" name="NN1"/>
                    <label end="146" start="146" name="PUN"/>
                </layer>
            </annotationSet>
            <annotationSet cDate="01/08/2003 12:55:09 PST Wed" status="MANUAL" ID="1577625">
                <layer rank="1" name="FE">
                    <label cBy="865" feID="257" end="15" start="0" name="Goal"/>
                    <label cBy="865" feID="1951" end="144" start="46" name="Purpose"/>
                    <label cBy="865" feID="253" itype="CNI" name="Agent"/>
                    <label cBy="153" feID="254" itype="INI" name="Theme"/>
                </layer>
                <layer rank="1" name="GF">
                    <label end="15" start="0" name="Ext"/>
                    <label end="144" start="46" name="Dep"/>
                </layer>
                <layer rank="1" name="PT">
                    <label end="15" start="0" name="NP"/>
                    <label end="144" start="46" name="Sfin"/>
                </layer>
                <layer rank="1" name="Sent"/>
                <layer rank="1" name="Other"/>
                <layer rank="1" name="Target">
                    <label cBy="103" end="44" start="39" name="Target"/>
                </layer>
                <layer rank="1" name="Verb"/>
            </annotationSet>
        </sentence>
        <sentence sentNo="0" aPos="6967182" ID="1063113">
            <text>In the Roman Imperial period copper and bronze statues and silver and bronze jewellery were commonly gilded . </text>
            <annotationSet cDate="01/08/2003 12:55:10 PST Wed" status="UNANN" ID="1577630">
                <layer rank="1" name="BNC">
                    <label end="1" start="0" name="PRP"/>
                    <label end="5" start="3" name="AT0"/>
                    <label end="11" start="7" name="AJ0"/>
                    <label end="20" start="13" name="AJ0"/>
                    <label end="27" start="22" name="NN1"/>
                    <label end="34" start="29" name="NN1"/>
                    <label end="38" start="36" name="CJC"/>
                    <label end="45" start="40" name="AJ0-NN1"/>
                    <label end="53" start="47" name="NN2"/>
                    <label end="57" start="55" name="CJC"/>
                    <label end="64" start="59" name="NN1"/>
                    <label end="68" start="66" name="CJC"/>
                    <label end="75" start="70" name="AJ0-NN1"/>
                    <label end="85" start="77" name="NN1"/>
                    <label end="90" start="87" name="VBD"/>
                    <label end="99" start="92" name="AV0"/>
                    <label end="106" start="101" name="VVN"/>
                    <label end="108" start="108" name="PUN"/>
                </layer>
            </annotationSet>
            <annotationSet cDate="01/08/2003 12:55:10 PST Wed" status="MANUAL" ID="1577631">
                <layer rank="1" name="FE">
                    <label cBy="865" feID="257" end="85" start="29" name="Goal"/>
                    <label cBy="865" feID="253" itype="CNI" name="Agent"/>
                    <label cBy="153" feID="254" itype="INI" name="Theme"/>
                </layer>
                <layer rank="1" name="GF">
                    <label end="85" start="29" name="Ext"/>
                </layer>
                <layer rank="1" name="PT">
                    <label end="85" start="29" name="NP"/>
                </layer>
                <layer rank="1" name="Sent"/>
                <layer rank="1" name="Other"/>
                <layer rank="1" name="Target">
                    <label cBy="103" end="106" start="101" name="Target"/>
                </layer>
                <layer rank="1" name="Verb"/>
            </annotationSet>
        </sentence>
        <sentence sentNo="0" aPos="25468269" ID="1063127">
            <text>A huge yellow sun was gilding the puddles and turning the poplars the colour of lemon sherbets . </text>
            <annotationSet cDate="01/08/2003 12:55:11 PST Wed" status="UNANN" ID="1577658">
                <layer rank="1" name="BNC">
                    <label end="0" start="0" name="AT0"/>
                    <label end="5" start="2" name="AJ0"/>
                    <label end="12" start="7" name="AJ0"/>
                    <label end="16" start="14" name="NN1"/>
                    <label end="20" start="18" name="VBD"/>
                    <label end="28" start="22" name="VVG"/>
                    <label end="32" start="30" name="AT0"/>
                    <label end="40" start="34" name="NN2"/>
                    <label end="44" start="42" name="CJC"/>
                    <label end="52" start="46" name="VVG"/>
                    <label end="56" start="54" name="AT0"/>
                    <label end="64" start="58" name="NN2"/>
                    <label end="68" start="66" name="AT0"/>
                    <label end="75" start="70" name="NN1"/>
                    <label end="78" start="77" name="PRF"/>
                    <label end="84" start="80" name="NN1"/>
                    <label end="93" start="86" name="NN2-VVZ"/>
                    <label end="95" start="95" name="PUN"/>
                </layer>
            </annotationSet>
            <annotationSet cDate="01/08/2003 12:55:11 PST Wed" status="MANUAL" ID="1577659">
                <layer rank="1" name="FE">
                    <label cBy="865" feID="253" end="16" start="0" name="Agent"/>
                    <label cBy="865" feID="257" end="40" start="30" name="Goal"/>
                    <label cBy="153" feID="254" itype="INI" name="Theme"/>
                </layer>
                <layer rank="1" name="GF">
                    <label end="16" start="0" name="Ext"/>
                    <label end="40" start="30" name="Obj"/>
                </layer>
                <layer rank="1" name="PT">
                    <label end="16" start="0" name="NP"/>
                    <label end="40" start="30" name="NP"/>
                </layer>
                <layer rank="1" name="Sent">
                    <label end="0" start="0" name="Metaphor"/>
                </layer>
                <layer rank="1" name="Other"/>
                <layer rank="1" name="Target">
                    <label cBy="103" end="28" start="22" name="Target"/>
                </layer>
                <layer rank="1" name="Verb"/>
            </annotationSet>
        </sentence>
        <sentence sentNo="0" aPos="31531366" ID="1063134">
            <text>Morning came , silver and gold , with sunlight that skimmed the surface of the loch and gilded the poppies and roses in the garden at Ardneavie . </text>
            <annotationSet cDate="01/08/2003 12:55:12 PST Wed" status="UNANN" ID="1577672">
                <layer rank="1" name="BNC">
                    <label end="6" start="0" name="NN1"/>
                    <label end="11" start="8" name="VVD"/>
                    <label end="13" start="13" name="PUN"/>
                    <label end="20" start="15" name="AJ0-NN1"/>
                    <label end="24" start="22" name="CJC"/>
                    <label end="29" start="26" name="NN1"/>
                    <label end="31" start="31" name="PUN"/>
                    <label end="36" start="33" name="PRP"/>
                    <label end="45" start="38" name="NN1"/>
                    <label end="50" start="47" name="CJT"/>
                    <label end="58" start="52" name="VVD"/>
                    <label end="62" start="60" name="AT0"/>
                    <label end="70" start="64" name="NN1"/>
                    <label end="73" start="72" name="PRF"/>
                    <label end="77" start="75" name="AT0"/>
                    <label end="82" start="79" name="NN1"/>
                    <label end="86" start="84" name="CJC"/>
                    <label end="93" start="88" name="VVD"/>
                    <label end="97" start="95" name="AT0"/>
                    <label end="105" start="99" name="NN2"/>
                    <label end="109" start="107" name="CJC"/>
                    <label end="115" start="111" name="NN2"/>
                    <label end="118" start="117" name="PRP"/>
                    <label end="122" start="120" name="AT0"/>
                    <label end="129" start="124" name="NN1"/>
                    <label end="132" start="131" name="PRP"/>
                    <label end="142" start="134" name="NP0"/>
                    <label end="144" start="144" name="PUN"/>
                </layer>
            </annotationSet>
            <annotationSet cDate="01/08/2003 12:55:12 PST Wed" status="MANUAL" ID="1577673">
                <layer rank="1" name="FE">
                    <label cBy="865" feID="253" end="45" start="38" name="Agent"/>
                    <label cBy="865" feID="257" end="142" start="95" name="Goal"/>
                    <label cBy="153" feID="254" itype="INI" name="Theme"/>
                </layer>
                <layer rank="1" name="GF">
                    <label end="45" start="38" name="Ext"/>
                    <label end="142" start="95" name="Obj"/>
                </layer>
                <layer rank="1" name="PT">
                    <label end="45" start="38" name="NP"/>
                    <label end="142" start="95" name="NP"/>
                </layer>
                <layer rank="1" name="Sent"/>
                <layer rank="1" name="Other"/>
                <layer rank="1" name="Target">
                    <label cBy="103" end="93" start="88" name="Target"/>
                </layer>
                <layer rank="1" name="Verb"/>
            </annotationSet>
        </sentence>
        <sentence sentNo="0" aPos="32845499" ID="1063136">
            <text>Parts of the surface of the helmet were gilded , the boar , dragon heads , the nose and mouth of the face-mask , under surfaces of the eyebrows and the broad fluted strips flanking the crest . </text>
            <annotationSet cDate="01/08/2003 12:55:12 PST Wed" status="UNANN" ID="1577676">
                <layer rank="1" name="BNC">
                    <label end="4" start="0" name="NN2"/>
                    <label end="7" start="6" name="PRF"/>
                    <label end="11" start="9" name="AT0"/>
                    <label end="19" start="13" name="NN1"/>
                    <label end="22" start="21" name="PRF"/>
                    <label end="26" start="24" name="AT0"/>
                    <label end="33" start="28" name="NN1"/>
                    <label end="38" start="35" name="VBD"/>
                    <label end="45" start="40" name="VVN"/>
                    <label end="47" start="47" name="PUN"/>
                    <label end="51" start="49" name="AT0"/>
                    <label end="56" start="53" name="NN1"/>
                    <label end="58" start="58" name="PUN"/>
                    <label end="65" start="60" name="NN1"/>
                    <label end="71" start="67" name="NN2"/>
                    <label end="73" start="73" name="PUN"/>
                    <label end="77" start="75" name="AT0"/>
                    <label end="82" start="79" name="NN1"/>
                    <label end="86" start="84" name="CJC"/>
                    <label end="92" start="88" name="NN1"/>
                    <label end="95" start="94" name="PRF"/>
                    <label end="99" start="97" name="AT0"/>
                    <label end="109" start="101" name="AJ0-NN1"/>
                    <label end="111" start="111" name="PUN"/>
                    <label end="117" start="113" name="PRP"/>
                    <label end="126" start="119" name="NN2"/>
                    <label end="129" start="128" name="PRF"/>
                    <label end="133" start="131" name="AT0"/>
                    <label end="142" start="135" name="NN2"/>
                    <label end="146" start="144" name="CJC"/>
                    <label end="150" start="148" name="AT0"/>
                    <label end="156" start="152" name="AJ0"/>
                    <label end="163" start="158" name="AJ0"/>
                    <label end="170" start="165" name="NN2"/>
                    <label end="179" start="172" name="VVG"/>
                    <label end="183" start="181" name="AT0"/>
                    <label end="189" start="185" name="NN1"/>
                    <label end="191" start="191" name="PUN"/>
                </layer>
            </annotationSet>
            <annotationSet cDate="01/08/2003 12:55:12 PST Wed" status="MANUAL" ID="1577677">
                <layer rank="1" name="FE">
                    <label cBy="865" feID="257" end="33" start="0" name="Goal"/>
                    <label cBy="865" feID="253" itype="CNI" name="Agent"/>
                    <label cBy="153" feID="254" itype="INI" name="Theme"/>
                </layer>
                <layer rank="1" name="GF">
                    <label end="33" start="0" name="Ext"/>
                </layer>
                <layer rank="1" name="PT">
                    <label end="33" start="0" name="NP"/>
                </layer>
                <layer rank="1" name="Sent"/>
                <layer rank="1" name="Other"/>
                <layer rank="1" name="Target">
                    <label cBy="103" end="45" start="40" name="Target"/>
                </layer>
                <layer rank="1" name="Verb"/>
            </annotationSet>
        </sentence>
        <sentence sentNo="0" aPos="37254855" ID="1063140">
            <text>The morning was calm and bright , with sunlight gilding the whins and sending a glitter across the.bay . </text>
            <annotationSet cDate="01/08/2003 12:55:13 PST Wed" status="UNANN" ID="1577684">
                <layer rank="1" name="BNC">
                    <label end="2" start="0" name="AT0"/>
                    <label end="10" start="4" name="NN1"/>
                    <label end="14" start="12" name="VBD"/>
                    <label end="19" start="16" name="AJ0"/>
                    <label end="23" start="21" name="CJC"/>
                    <label end="30" start="25" name="AJ0"/>
                    <label end="32" start="32" name="PUN"/>
                    <label end="37" start="34" name="PRP"/>
                    <label end="46" start="39" name="NN1"/>
                    <label end="54" start="48" name="VVG"/>
                    <label end="58" start="56" name="AT0"/>
                    <label end="64" start="60" name="NN2"/>
                    <label end="68" start="66" name="CJC"/>
                    <label end="76" start="70" name="VVG"/>
                    <label end="78" start="78" name="AT0"/>
                    <label end="86" start="80" name="NN1"/>
                    <label end="93" start="88" name="PRP"/>
                    <label end="101" start="95" name="NN0"/>
                    <label end="103" start="103" name="PUN"/>
                </layer>
            </annotationSet>
            <annotationSet cDate="01/08/2003 12:55:13 PST Wed" status="MANUAL" ID="1577685">
                <layer rank="1" name="FE">
                    <label cBy="865" feID="253" end="46" start="39" name="Agent"/>
                    <label cBy="865" feID="257" end="64" start="56" name="Goal"/>
                    <label cBy="153" feID="254" itype="INI" name="Theme"/>
                </layer>
                <layer rank="1" name="GF">
                    <label end="46" start="39" name="Ext"/>
                    <label end="64" start="56" name="Obj"/>
                </layer>
                <layer rank="1" name="PT">
                    <label end="46" start="39" name="NP"/>
                    <label end="64" start="56" name="NP"/>
                </layer>
                <layer rank="1" name="Sent"/>
                <layer rank="1" name="Other"/>
                <layer rank="1" name="Target">
                    <label cBy="103" end="54" start="48" name="Target"/>
                </layer>
                <layer rank="1" name="Verb"/>
            </annotationSet>
        </sentence>
        <sentence sentNo="0" aPos="64322015" ID="1063155">
            <text>Even the horn was of a much lighter colour than usual , although it had been gilded with silver . </text>
            <annotationSet cDate="01/08/2003 12:55:14 PST Wed" status="UNANN" ID="1577714">
                <layer rank="1" name="BNC">
                    <label end="3" start="0" name="AV0"/>
                    <label end="7" start="5" name="AT0"/>
                    <label end="12" start="9" name="NN1"/>
                    <label end="16" start="14" name="VBD"/>
                    <label end="19" start="18" name="PRF"/>
                    <label end="21" start="21" name="AT0"/>
                    <label end="26" start="23" name="AV0"/>
                    <label end="34" start="28" name="AJC"/>
                    <label end="41" start="36" name="NN1"/>
                    <label end="46" start="43" name="CJS"/>
                    <label end="52" start="48" name="AJ0"/>
                    <label end="54" start="54" name="PUN"/>
                    <label end="63" start="56" name="CJS"/>
                    <label end="66" start="65" name="PNP"/>
                    <label end="70" start="68" name="VHD"/>
                    <label end="75" start="72" name="VBN"/>
                    <label end="82" start="77" name="VVN"/>
                    <label end="87" start="84" name="PRP"/>
                    <label end="94" start="89" name="NN1"/>
                    <label end="96" start="96" name="PUN"/>
                </layer>
            </annotationSet>
            <annotationSet cDate="01/08/2003 12:55:15 PST Wed" status="MANUAL" ID="1577715">
                <layer rank="1" name="FE">
                    <label cBy="865" feID="257" end="66" start="65" name="Goal"/>
                    <label cBy="865" feID="254" end="94" start="84" name="Theme"/>
                    <label cBy="865" feID="253" itype="CNI" name="Agent"/>
                </layer>
                <layer rank="1" name="GF">
                    <label end="66" start="65" name="Ext"/>
                    <label end="94" start="84" name="Dep"/>
                </layer>
                <layer rank="1" name="PT">
                    <label end="66" start="65" name="NP"/>
                    <label end="94" start="84" name="PP"/>
                </layer>
                <layer rank="1" name="Sent"/>
                <layer rank="1" name="Other"/>
                <layer rank="1" name="Target">
                    <label cBy="103" end="82" start="77" name="Target"/>
                </layer>
                <layer rank="1" name="Verb"/>
            </annotationSet>
        </sentence>
        <sentence sentNo="0" aPos="66115614" ID="1063158">
            <text>By this time saucers were also being lined with glass so they could be gilded . </text>
            <annotationSet cDate="01/08/2003 12:55:15 PST Wed" status="UNANN" ID="1577720">
                <layer rank="1" name="BNC">
                    <label end="1" start="0" name="PRP"/>
                    <label end="6" start="3" name="DT0"/>
                    <label end="11" start="8" name="NN1"/>
                    <label end="19" start="13" name="NN2"/>
                    <label end="24" start="21" name="VBD"/>
                    <label end="29" start="26" name="AV0"/>
                    <label end="35" start="31" name="VBG"/>
                    <label end="41" start="37" name="VVN"/>
                    <label end="46" start="43" name="PRP"/>
                    <label end="52" start="48" name="NN1"/>
                    <label end="55" start="54" name="CJS"/>
                    <label end="60" start="57" name="PNP"/>
                    <label end="66" start="62" name="VM0"/>
                    <label end="69" start="68" name="VBI"/>
                    <label end="76" start="71" name="VVN"/>
                    <label end="78" start="78" name="PUN"/>
                </layer>
            </annotationSet>
            <annotationSet cDate="01/08/2003 12:55:15 PST Wed" status="MANUAL" ID="1577721">
                <layer rank="1" name="FE">
                    <label cBy="865" feID="257" end="60" start="57" name="Goal"/>
                    <label cBy="865" feID="253" itype="CNI" name="Agent"/>
                    <label cBy="153" feID="254" itype="INI" name="Theme"/>
                </layer>
                <layer rank="1" name="GF">
                    <label end="60" start="57" name="Ext"/>
                </layer>
                <layer rank="1" name="PT">
                    <label end="60" start="57" name="NP"/>
                </layer>
                <layer rank="1" name="Sent"/>
                <layer rank="1" name="Other"/>
                <layer rank="1" name="Target">
                    <label cBy="103" end="76" start="71" name="Target"/>
                </layer>
                <layer rank="1" name="Verb"/>
            </annotationSet>
        </sentence>
        <sentence sentNo="0" aPos="73901182" ID="1063164">
            <text>The last few stars disappeared , extinguished by the splendour of the rising sun as shafts of golden light gilded the sea . </text>
            <annotationSet cDate="01/08/2003 12:55:16 PST Wed" status="UNANN" ID="1577732">
                <layer rank="1" name="BNC">
                    <label end="2" start="0" name="AT0"/>
                    <label end="7" start="4" name="ORD"/>
                    <label end="11" start="9" name="DT0"/>
                    <label end="17" start="13" name="NN2"/>
                    <label end="29" start="19" name="VVD"/>
                    <label end="31" start="31" name="PUN"/>
                    <label end="44" start="33" name="VVN"/>
                    <label end="47" start="46" name="PRP"/>
                    <label end="51" start="49" name="AT0"/>
                    <label end="61" start="53" name="NN1"/>
                    <label end="64" start="63" name="PRF"/>
                    <label end="68" start="66" name="AT0"/>
                    <label end="75" start="70" name="AJ0"/>
                    <label end="79" start="77" name="NN1"/>
                    <label end="82" start="81" name="CJS-PRP"/>
                    <label end="89" start="84" name="NN2"/>
                    <label end="92" start="91" name="PRF"/>
                    <label end="99" start="94" name="AJ0"/>
                    <label end="105" start="101" name="NN1"/>
                    <label end="112" start="107" name="VVD"/>
                    <label end="116" start="114" name="AT0"/>
                    <label end="120" start="118" name="NN1"/>
                    <label end="122" start="122" name="PUN"/>
                </layer>
            </annotationSet>
            <annotationSet cDate="01/08/2003 12:55:16 PST Wed" status="MANUAL" ID="1577733">
                <layer rank="1" name="FE">
                    <label cBy="865" feID="253" end="105" start="84" name="Agent"/>
                    <label cBy="865" feID="257" end="120" start="114" name="Goal"/>
                    <label cBy="153" feID="254" itype="INI" name="Theme"/>
                </layer>
                <layer rank="1" name="GF">
                    <label end="105" start="84" name="Ext"/>
                    <label end="120" start="114" name="Obj"/>
                </layer>
                <layer rank="1" name="PT">
                    <label end="105" start="84" name="NP"/>
                    <label end="120" start="114" name="NP"/>
                </layer>
                <layer rank="1" name="Sent">
                    <label end="0" start="0" name="Metaphor"/>
                </layer>
                <layer rank="1" name="Other"/>
                <layer rank="1" name="Target">
                    <label cBy="103" end="112" start="107" name="Target"/>
                </layer>
                <layer rank="1" name="Verb"/>
            </annotationSet>
        </sentence>
    </subCorpus>
</lexUnit>