<?xml version="1.0" encoding="UTF-8" standalone="yes"?>
<?xml-stylesheet type="text/xsl" href="lexUnit.xsl"?>
<lexUnit status="Finished_Initial" POS="A" name="overwrought.a" ID="7186" frame="Emotion_directed" frameID="46" totalAnnotated="12" xsi:schemaLocation="../schema/lexUnit.xsd" xmlns="http://framenet.icsi.berkeley.edu" xmlns:xsi="http://www.w3.org/2001/XMLSchema-instance">
    <header>
        <frame>
            <FE fgColor="FFFFFF" bgColor="00BFFF" type="Extra-Thematic" abbrev="cir" name="Circumstances"/>
            <FE fgColor="FFFFFF" bgColor="FF69B4" type="Peripheral" abbrev="Degr" name="Degree"/>
            <FE fgColor="FFFFFF" bgColor="0000FF" type="Extra-Thematic" abbrev="ET" name="Empathy_target"/>
            <FE fgColor="FFFFFF" bgColor="A52A2A" type="Core" abbrev="Event" name="Event"/>
            <FE fgColor="FFFFFF" bgColor="800080" type="Core" abbrev="Exp" name="Experiencer"/>
            <FE fgColor="FFFFFF" bgColor="008000" type="Core" abbrev="Exr" name="Expressor"/>
            <FE fgColor="000000" bgColor="7FFF00" type="Extra-Thematic" abbrev="" name="Frequency"/>
            <FE fgColor="FFFFFF" bgColor="FF00FF" type="Peripheral" abbrev="" name="Manner"/>
            <FE fgColor="FFFFFF" bgColor="2E8B57" type="Peripheral" abbrev="" name="Parameter"/>
            <FE fgColor="FFFFFF" bgColor="00008B" type="Extra-Thematic" abbrev="Reas" name="Reason"/>
            <FE fgColor="FFFFFF" bgColor="9F79EE" type="Core" abbrev="State" name="State"/>
            <FE fgColor="FFFFFF" bgColor="FF0000" type="Core" abbrev="Stim" name="Stimulus"/>
            <FE fgColor="FFFFFF" bgColor="FFA500" type="Core" abbrev="Top" name="Topic"/>
        </frame>
    </header>
    <definition>COD: in a state of nervous excitement or anxiety. </definition>
    <lexeme POS="A" name="overwrought"/>
    <valences>
        <governor type="Sup" lemma="feel">
            <annoSet ID="1610959"/>
        </governor>
        <governor type="Sup" lemma="get">
            <annoSet ID="1610975"/>
        </governor>
        <FERealization total="6">
            <FE name="Degree"/>
            <pattern total="4">
                <valenceUnit GF="Dep" PT="AVP" FE="Degree"/>
                <annoSet ID="1610941"/>
                <annoSet ID="1610975"/>
                <annoSet ID="1610985"/>
                <annoSet ID="1611001"/>
            </pattern>
            <pattern total="1">
                <valenceUnit GF="Dep" PT="Sfin" FE="Degree"/>
                <annoSet ID="1611001"/>
            </pattern>
            <pattern total="1">
                <valenceUnit GF="Dep" PT="VPto" FE="Degree"/>
                <annoSet ID="1610941"/>
            </pattern>
            <pattern total="2">
                <valenceUnit GF="Dep" PT="N" FE="Degree"/>
                <annoSet ID="1610955"/>
                <annoSet ID="1610973"/>
            </pattern>
        </FERealization>
        <FERealization total="12">
            <FE name="Experiencer"/>
            <pattern total="11">
                <valenceUnit GF="Ext" PT="NP" FE="Experiencer"/>
                <annoSet ID="1610941"/>
                <annoSet ID="1610945"/>
                <annoSet ID="1610947"/>
                <annoSet ID="1610955"/>
                <annoSet ID="1610959"/>
                <annoSet ID="1610973"/>
                <annoSet ID="1610975"/>
                <annoSet ID="1610981"/>
                <annoSet ID="1610985"/>
                <annoSet ID="1611001"/>
                <annoSet ID="1611003"/>
            </pattern>
            <pattern total="1">
                <valenceUnit GF="Head" PT="N" FE="Experiencer"/>
                <annoSet ID="1610963"/>
            </pattern>
        </FERealization>
        <FERealization total="1">
            <FE name="Stimulus"/>
            <pattern total="1">
                <valenceUnit GF="Dep" PT="PP[with]" FE="Stimulus"/>
                <annoSet ID="1610947"/>
            </pattern>
        </FERealization>
        <FEGroupRealization total="2">
            <FE name="Degree"/>
            <FE name="Degree"/>
            <FE name="Experiencer"/>
            <pattern total="1">
                <valenceUnit GF="Dep" PT="AVP" FE="Degree"/>
                <valenceUnit GF="Dep" PT="Sfin" FE="Degree"/>
                <valenceUnit GF="Ext" PT="NP" FE="Experiencer"/>
                <annoSet ID="1611001"/>
            </pattern>
            <pattern total="1">
                <valenceUnit GF="Dep" PT="AVP" FE="Degree"/>
                <valenceUnit GF="Dep" PT="VPto" FE="Degree"/>
                <valenceUnit GF="Ext" PT="NP" FE="Experiencer"/>
                <annoSet ID="1610941"/>
            </pattern>
        </FEGroupRealization>
        <FEGroupRealization total="4">
            <FE name="Degree"/>
            <FE name="Experiencer"/>
            <pattern total="2">
                <valenceUnit GF="Dep" PT="AVP" FE="Degree"/>
                <valenceUnit GF="Ext" PT="NP" FE="Experiencer"/>
                <annoSet ID="1610975"/>
                <annoSet ID="1610985"/>
            </pattern>
            <pattern total="2">
                <valenceUnit GF="Dep" PT="N" FE="Degree"/>
                <valenceUnit GF="Ext" PT="NP" FE="Experiencer"/>
                <annoSet ID="1610955"/>
                <annoSet ID="1610973"/>
            </pattern>
        </FEGroupRealization>
        <FEGroupRealization total="5">
            <FE name="Experiencer"/>
            <pattern total="1">
                <valenceUnit GF="Head" PT="N" FE="Experiencer"/>
                <annoSet ID="1610963"/>
            </pattern>
            <pattern total="4">
                <valenceUnit GF="Ext" PT="NP" FE="Experiencer"/>
                <annoSet ID="1610945"/>
                <annoSet ID="1610959"/>
                <annoSet ID="1610981"/>
                <annoSet ID="1611003"/>
            </pattern>
        </FEGroupRealization>
        <FEGroupRealization total="1">
            <FE name="Experiencer"/>
            <FE name="Stimulus"/>
            <pattern total="1">
                <valenceUnit GF="Ext" PT="NP" FE="Experiencer"/>
                <valenceUnit GF="Dep" PT="PP[with]" FE="Stimulus"/>
                <annoSet ID="1610947"/>
            </pattern>
        </FEGroupRealization>
    </valences>
    <subCorpus name="A-001-all">
        <sentence sentNo="0" aPos="10457601" ID="1079768">
            <text>She guessed Nina had been too overwrought to shoot up . </text>
            <annotationSet cDate="01/08/2003 01:35:32 PST Wed" status="UNANN" ID="1610940">
                <layer rank="1" name="BNC">
                    <label end="2" start="0" name="PNP"/>
                    <label end="10" start="4" name="VVD"/>
                    <label end="15" start="12" name="NP0"/>
                    <label end="19" start="17" name="VHD"/>
                    <label end="24" start="21" name="VBN"/>
                    <label end="28" start="26" name="AV0"/>
                    <label end="40" start="30" name="VVD-VVN"/>
                    <label end="43" start="42" name="TO0"/>
                    <label end="49" start="45" name="VVI"/>
                    <label end="52" start="51" name="AVP"/>
                    <label end="54" start="54" name="PUN"/>
                </layer>
            </annotationSet>
            <annotationSet cDate="01/08/2003 01:35:32 PST Wed" status="MANUAL" ID="1610941">
                <layer rank="1" name="FE">
                    <label cBy="865" feID="194" end="15" start="12" name="Experiencer"/>
                    <label cBy="865" feID="1891" end="28" start="26" name="Degree"/>
                    <label cBy="865" feID="1891" end="52" start="42" name="Degree"/>
                </layer>
                <layer rank="1" name="GF">
                    <label end="15" start="12" name="Ext"/>
                    <label end="28" start="26" name="Dep"/>
                    <label end="52" start="42" name="Dep"/>
                </layer>
                <layer rank="1" name="PT">
                    <label end="15" start="12" name="NP"/>
                    <label end="28" start="26" name="AVP"/>
                    <label end="52" start="42" name="VPto"/>
                </layer>
                <layer rank="1" name="Sent"/>
                <layer rank="1" name="Other"/>
                <layer rank="1" name="Target">
                    <label cBy="103" end="40" start="30" name="Target"/>
                </layer>
                <layer rank="1" name="Adj">
                    <label end="24" start="21" name="Cop"/>
                </layer>
            </annotationSet>
        </sentence>
        <sentence sentNo="0" aPos="20492213" ID="1079770">
            <text>These parents may have been disturbed or overwrought , but this does not necessarily mean that they were mistaken about their child 's illness . </text>
            <annotationSet cDate="01/08/2003 01:35:32 PST Wed" status="UNANN" ID="1610944">
                <layer rank="1" name="BNC">
                    <label end="4" start="0" name="DT0"/>
                    <label end="12" start="6" name="NN2"/>
                    <label end="16" start="14" name="VM0"/>
                    <label end="21" start="18" name="VHI"/>
                    <label end="26" start="23" name="VBN"/>
                    <label end="36" start="28" name="VVN"/>
                    <label end="39" start="38" name="CJC"/>
                    <label end="51" start="41" name="VVD-VVN"/>
                    <label end="53" start="53" name="PUN"/>
                    <label end="57" start="55" name="CJC"/>
                    <label end="62" start="59" name="DT0"/>
                    <label end="67" start="64" name="VDZ"/>
                    <label end="71" start="69" name="XX0"/>
                    <label end="83" start="73" name="AV0"/>
                    <label end="88" start="85" name="VVI"/>
                    <label end="93" start="90" name="CJT"/>
                    <label end="98" start="95" name="PNP"/>
                    <label end="103" start="100" name="VBD"/>
                    <label end="112" start="105" name="VVN"/>
                    <label end="118" start="114" name="PRP"/>
                    <label end="124" start="120" name="DPS"/>
                    <label end="130" start="126" name="NN1"/>
                    <label end="133" start="132" name="POS"/>
                    <label end="141" start="135" name="NN1"/>
                    <label end="143" start="143" name="PUN"/>
                </layer>
            </annotationSet>
            <annotationSet cDate="01/08/2003 01:35:32 PST Wed" status="MANUAL" ID="1610945">
                <layer rank="1" name="FE">
                    <label cBy="865" feID="194" end="12" start="0" name="Experiencer"/>
                </layer>
                <layer rank="1" name="GF">
                    <label end="12" start="0" name="Ext"/>
                </layer>
                <layer rank="1" name="PT">
                    <label end="12" start="0" name="NP"/>
                </layer>
                <layer rank="1" name="Sent"/>
                <layer rank="1" name="Other"/>
                <layer rank="1" name="Target">
                    <label cBy="103" end="51" start="41" name="Target"/>
                </layer>
                <layer rank="1" name="Adj">
                    <label end="26" start="23" name="Cop"/>
                </layer>
            </annotationSet>
        </sentence>
        <sentence sentNo="0" aPos="22437449" ID="1079771">
            <text>` If some of our visitors are somewhat lacking in restraint , &quot; noted an RCM report euphemistically , ` it must be remembered that many are overwrought with anxiety . &quot; </text>
            <annotationSet cDate="01/08/2003 01:35:32 PST Wed" status="UNANN" ID="1610946">
                <layer rank="1" name="BNC">
                    <label end="0" start="0" name="PUQ"/>
                    <label end="3" start="2" name="CJS"/>
                    <label end="8" start="5" name="DT0"/>
                    <label end="11" start="10" name="PRF"/>
                    <label end="15" start="13" name="DPS"/>
                    <label end="24" start="17" name="NN2"/>
                    <label end="28" start="26" name="VBB"/>
                    <label end="37" start="30" name="AV0"/>
                    <label end="45" start="39" name="AJ0"/>
                    <label end="48" start="47" name="PRP"/>
                    <label end="58" start="50" name="NN1"/>
                    <label end="60" start="60" name="PUN"/>
                    <label end="62" start="62" name="PUQ"/>
                    <label end="68" start="64" name="VVD-VVN"/>
                    <label end="71" start="70" name="AT0"/>
                    <label end="75" start="73" name="AJ0-NN1"/>
                    <label end="82" start="77" name="NN1"/>
                    <label end="98" start="84" name="AV0"/>
                    <label end="100" start="100" name="PUN"/>
                    <label end="102" start="102" name="PUQ"/>
                    <label end="105" start="104" name="PNP"/>
                    <label end="110" start="107" name="VM0"/>
                    <label end="113" start="112" name="VBI"/>
                    <label end="124" start="115" name="VVN"/>
                    <label end="129" start="126" name="CJT"/>
                    <label end="134" start="131" name="DT0"/>
                    <label end="138" start="136" name="VBB"/>
                    <label end="150" start="140" name="VVN"/>
                    <label end="155" start="152" name="PRP"/>
                    <label end="163" start="157" name="NN1"/>
                    <label end="165" start="165" name="PUN"/>
                    <label end="167" start="167" name="PUQ"/>
                </layer>
            </annotationSet>
            <annotationSet cDate="01/08/2003 01:35:32 PST Wed" status="MANUAL" ID="1610947">
                <layer rank="1" name="FE">
                    <label cBy="865" feID="194" end="134" start="131" name="Experiencer"/>
                    <label cBy="865" feID="197" end="163" start="152" name="Stimulus"/>
                </layer>
                <layer rank="1" name="GF">
                    <label end="134" start="131" name="Ext"/>
                    <label end="163" start="152" name="Dep"/>
                </layer>
                <layer rank="1" name="PT">
                    <label end="134" start="131" name="NP"/>
                    <label end="163" start="152" name="PP"/>
                </layer>
                <layer rank="1" name="Sent"/>
                <layer rank="1" name="Other"/>
                <layer rank="1" name="Target">
                    <label cBy="103" end="150" start="140" name="Target"/>
                </layer>
                <layer rank="1" name="Adj">
                    <label end="138" start="136" name="Cop"/>
                </layer>
            </annotationSet>
        </sentence>
        <sentence sentNo="0" aPos="24123142" ID="1079775">
            <text>“ , “ Probably I was a little overwrought , but I 've weathered the crisis now …</text>
            <annotationSet cDate="01/08/2003 01:35:33 PST Wed" status="UNANN" ID="1610954">
                <layer rank="1" name="BNC">
                    <label end="0" start="0" name="PUQ"/>
                    <label end="2" start="2" name="PUN"/>
                    <label end="4" start="4" name="PUQ"/>
                    <label end="13" start="6" name="AV0"/>
                    <label end="15" start="15" name="PNP"/>
                    <label end="19" start="17" name="VBD"/>
                    <label end="21" start="21" name="AV0"/>
                    <label end="28" start="23" name="AV0"/>
                    <label end="40" start="30" name="VVD-VVN"/>
                    <label end="42" start="42" name="PUN"/>
                    <label end="46" start="44" name="CJC"/>
                    <label end="48" start="48" name="PNP"/>
                    <label end="52" start="50" name="VHB"/>
                    <label end="62" start="54" name="VVN"/>
                    <label end="66" start="64" name="AT0"/>
                    <label end="73" start="68" name="NN1"/>
                    <label end="77" start="75" name="AV0"/>
                    <label end="79" start="79" name="PUN"/>
                </layer>
            </annotationSet>
            <annotationSet cDate="01/08/2003 01:35:33 PST Wed" status="MANUAL" ID="1610955">
                <layer rank="1" name="FE">
                    <label cBy="865" feID="194" end="15" start="15" name="Experiencer"/>
                    <label cBy="865" feID="1891" end="28" start="21" name="Degree"/>
                </layer>
                <layer rank="1" name="GF">
                    <label end="15" start="15" name="Ext"/>
                    <label end="28" start="21" name="Dep"/>
                </layer>
                <layer rank="1" name="PT">
                    <label end="15" start="15" name="NP"/>
                    <label end="28" start="21" name="N"/>
                </layer>
                <layer rank="1" name="Sent"/>
                <layer rank="1" name="Other"/>
                <layer rank="1" name="Target">
                    <label cBy="103" end="40" start="30" name="Target"/>
                </layer>
                <layer rank="1" name="Adj">
                    <label end="19" start="17" name="Cop"/>
                </layer>
            </annotationSet>
        </sentence>
        <sentence sentNo="0" aPos="33882897" ID="1079777">
            <text>The problem is that when a parent is feeling depressed or overwrought it is difficult for them to think of alternative strategies . </text>
            <annotationSet cDate="01/08/2003 01:35:33 PST Wed" status="UNANN" ID="1610958">
                <layer rank="1" name="BNC">
                    <label end="2" start="0" name="AT0"/>
                    <label end="10" start="4" name="NN1"/>
                    <label end="13" start="12" name="VBZ"/>
                    <label end="18" start="15" name="CJT"/>
                    <label end="23" start="20" name="AVQ-CJS"/>
                    <label end="25" start="25" name="AT0"/>
                    <label end="32" start="27" name="NN1"/>
                    <label end="35" start="34" name="VBZ"/>
                    <label end="43" start="37" name="VVG"/>
                    <label end="53" start="45" name="AJ0"/>
                    <label end="56" start="55" name="CJC"/>
                    <label end="68" start="58" name="VVD-VVN"/>
                    <label end="71" start="70" name="PNP"/>
                    <label end="74" start="73" name="VBZ"/>
                    <label end="84" start="76" name="AJ0"/>
                    <label end="88" start="86" name="PRP"/>
                    <label end="93" start="90" name="PNP"/>
                    <label end="96" start="95" name="TO0"/>
                    <label end="102" start="98" name="VVI"/>
                    <label end="105" start="104" name="PRF"/>
                    <label end="117" start="107" name="AJ0"/>
                    <label end="128" start="119" name="NN2"/>
                    <label end="130" start="130" name="PUN"/>
                </layer>
            </annotationSet>
            <annotationSet cDate="01/08/2003 01:35:34 PST Wed" status="MANUAL" ID="1610959">
                <layer rank="1" name="FE">
                    <label cBy="865" feID="194" end="32" start="25" name="Experiencer"/>
                </layer>
                <layer rank="1" name="GF">
                    <label end="32" start="25" name="Ext"/>
                </layer>
                <layer rank="1" name="PT">
                    <label end="32" start="25" name="NP"/>
                </layer>
                <layer rank="1" name="Sent"/>
                <layer rank="1" name="Other"/>
                <layer rank="1" name="Target">
                    <label cBy="103" end="68" start="58" name="Target"/>
                </layer>
                <layer rank="1" name="Adj">
                    <label end="43" start="37" name="Supp"/>
                </layer>
            </annotationSet>
        </sentence>
        <sentence sentNo="0" aPos="34464428" ID="1079779">
            <text>Instead the overwrought director turned it into a bitter battle which ends with the lover , played by Sydney Pollack , savagely forcing Lysette 's character into his car . </text>
            <annotationSet cDate="01/08/2003 01:35:35 PST Wed" status="UNANN" ID="1610962">
                <layer rank="1" name="BNC">
                    <label end="6" start="0" name="AV0"/>
                    <label end="10" start="8" name="AT0"/>
                    <label end="22" start="12" name="AJ0"/>
                    <label end="31" start="24" name="NN1"/>
                    <label end="38" start="33" name="VVD-VVN"/>
                    <label end="41" start="40" name="PNP"/>
                    <label end="46" start="43" name="PRP"/>
                    <label end="48" start="48" name="AT0"/>
                    <label end="55" start="50" name="AJ0"/>
                    <label end="62" start="57" name="NN1"/>
                    <label end="68" start="64" name="DTQ"/>
                    <label end="73" start="70" name="VVZ"/>
                    <label end="78" start="75" name="PRP"/>
                    <label end="82" start="80" name="AT0"/>
                    <label end="88" start="84" name="NN1"/>
                    <label end="90" start="90" name="PUN"/>
                    <label end="97" start="92" name="VVN"/>
                    <label end="100" start="99" name="PRP"/>
                    <label end="107" start="102" name="NP0"/>
                    <label end="115" start="109" name="NP0"/>
                    <label end="117" start="117" name="PUN"/>
                    <label end="126" start="119" name="AV0"/>
                    <label end="134" start="128" name="VVG"/>
                    <label end="142" start="136" name="NP0"/>
                    <label end="145" start="144" name="POS"/>
                    <label end="155" start="147" name="NN1"/>
                    <label end="160" start="157" name="PRP"/>
                    <label end="164" start="162" name="DPS"/>
                    <label end="168" start="166" name="NN1"/>
                    <label end="170" start="170" name="PUN"/>
                </layer>
            </annotationSet>
            <annotationSet cDate="01/08/2003 01:35:35 PST Wed" status="MANUAL" ID="1610963">
                <layer rank="1" name="FE">
                    <label cBy="865" feID="194" end="31" start="24" name="Experiencer"/>
                </layer>
                <layer rank="1" name="GF">
                    <label end="31" start="24" name="Head"/>
                </layer>
                <layer rank="1" name="PT">
                    <label end="31" start="24" name="N"/>
                </layer>
                <layer rank="1" name="Sent"/>
                <layer rank="1" name="Other"/>
                <layer rank="1" name="Target">
                    <label cBy="103" end="22" start="12" name="Target"/>
                </layer>
                <layer rank="1" name="Adj"/>
            </annotationSet>
        </sentence>
        <sentence sentNo="0" aPos="57501065" ID="1079784">
            <text>It 's understandable that Annabel is a little … overwrought . ” </text>
            <annotationSet cDate="01/08/2003 01:35:36 PST Wed" status="UNANN" ID="1610972">
                <layer rank="1" name="BNC">
                    <label end="1" start="0" name="PNP"/>
                    <label end="4" start="3" name="VBZ"/>
                    <label end="19" start="6" name="AJ0"/>
                    <label end="24" start="21" name="CJT"/>
                    <label end="32" start="26" name="NP0"/>
                    <label end="35" start="34" name="VBZ"/>
                    <label end="37" start="37" name="AV0"/>
                    <label end="44" start="39" name="AV0"/>
                    <label end="58" start="48" name="VVD-VVN"/>
                    <label end="60" start="60" name="PUN"/>
                    <label end="62" start="62" name="PUQ"/>
                    <label end="46" start="46" name="PUN"/>
                </layer>
            </annotationSet>
            <annotationSet cDate="01/08/2003 01:35:36 PST Wed" status="MANUAL" ID="1610973">
                <layer rank="1" name="FE">
                    <label cBy="865" feID="194" end="32" start="26" name="Experiencer"/>
                    <label cBy="865" feID="1891" end="44" start="37" name="Degree"/>
                </layer>
                <layer rank="1" name="GF">
                    <label end="32" start="26" name="Ext"/>
                    <label end="44" start="37" name="Dep"/>
                </layer>
                <layer rank="1" name="PT">
                    <label end="32" start="26" name="NP"/>
                    <label end="44" start="37" name="N"/>
                </layer>
                <layer rank="1" name="Sent"/>
                <layer rank="1" name="Other"/>
                <layer rank="1" name="Target">
                    <label cBy="103" end="58" start="48" name="Target"/>
                </layer>
                <layer rank="1" name="Adj">
                    <label end="35" start="34" name="Cop"/>
                </layer>
            </annotationSet>
        </sentence>
        <sentence sentNo="0" aPos="63324837" ID="1079785">
            <text>She gets overwrought very easily . </text>
            <annotationSet cDate="01/08/2003 01:35:36 PST Wed" status="UNANN" ID="1610974">
                <layer rank="1" name="BNC">
                    <label end="2" start="0" name="PNP"/>
                    <label end="7" start="4" name="VVZ"/>
                    <label end="19" start="9" name="VVN"/>
                    <label end="24" start="21" name="AV0"/>
                    <label end="31" start="26" name="AV0"/>
                    <label end="33" start="33" name="PUN"/>
                </layer>
            </annotationSet>
            <annotationSet cDate="01/08/2003 01:35:36 PST Wed" status="MANUAL" ID="1610975">
                <layer rank="1" name="FE">
                    <label cBy="865" feID="194" end="2" start="0" name="Experiencer"/>
                    <label cBy="865" feID="1891" end="31" start="21" name="Degree"/>
                </layer>
                <layer rank="1" name="GF">
                    <label end="2" start="0" name="Ext"/>
                    <label end="31" start="21" name="Dep"/>
                </layer>
                <layer rank="1" name="PT">
                    <label end="2" start="0" name="NP"/>
                    <label end="31" start="21" name="AVP"/>
                </layer>
                <layer rank="1" name="Sent"/>
                <layer rank="1" name="Other"/>
                <layer rank="1" name="Target">
                    <label cBy="103" end="19" start="9" name="Target"/>
                </layer>
                <layer rank="1" name="Adj">
                    <label end="7" start="4" name="Supp"/>
                </layer>
            </annotationSet>
        </sentence>
        <sentence sentNo="0" aPos="74455269" ID="1079788">
            <text>` I merely suggested , Mrs Figgis-Hewett , that you were overwrought . &quot; </text>
            <annotationSet cDate="01/08/2003 01:35:37 PST Wed" status="UNANN" ID="1610980">
                <layer rank="1" name="BNC">
                    <label end="0" start="0" name="PUQ"/>
                    <label end="2" start="2" name="PNP"/>
                    <label end="9" start="4" name="AV0"/>
                    <label end="19" start="11" name="VVD-VVN"/>
                    <label end="21" start="21" name="PUN"/>
                    <label end="25" start="23" name="NP0"/>
                    <label end="39" start="27" name="NP0"/>
                    <label end="41" start="41" name="PUN"/>
                    <label end="46" start="43" name="CJT"/>
                    <label end="50" start="48" name="PNP"/>
                    <label end="55" start="52" name="VBD"/>
                    <label end="67" start="57" name="VVN"/>
                    <label end="69" start="69" name="PUN"/>
                    <label end="71" start="71" name="PUQ"/>
                </layer>
            </annotationSet>
            <annotationSet cDate="01/08/2003 01:35:37 PST Wed" status="MANUAL" ID="1610981">
                <layer rank="1" name="FE">
                    <label cBy="865" feID="194" end="50" start="48" name="Experiencer"/>
                </layer>
                <layer rank="1" name="GF">
                    <label end="50" start="48" name="Ext"/>
                </layer>
                <layer rank="1" name="PT">
                    <label end="50" start="48" name="NP"/>
                </layer>
                <layer rank="1" name="Sent"/>
                <layer rank="1" name="Other"/>
                <layer rank="1" name="Target">
                    <label cBy="103" end="67" start="57" name="Target"/>
                </layer>
                <layer rank="1" name="Adj">
                    <label end="55" start="52" name="Cop"/>
                </layer>
            </annotationSet>
        </sentence>
        <sentence sentNo="0" aPos="76842704" ID="1079790">
            <text>` She was naturally rather overwrought . </text>
            <annotationSet cDate="01/08/2003 01:35:37 PST Wed" status="UNANN" ID="1610984">
                <layer rank="1" name="BNC">
                    <label end="0" start="0" name="PUQ"/>
                    <label end="4" start="2" name="PNP"/>
                    <label end="8" start="6" name="VBD"/>
                    <label end="18" start="10" name="AV0"/>
                    <label end="25" start="20" name="AV0"/>
                    <label end="37" start="27" name="VVD-VVN"/>
                    <label end="39" start="39" name="PUN"/>
                </layer>
            </annotationSet>
            <annotationSet cDate="01/08/2003 01:35:37 PST Wed" status="MANUAL" ID="1610985">
                <layer rank="1" name="FE">
                    <label cBy="865" feID="194" end="4" start="2" name="Experiencer"/>
                    <label cBy="865" feID="1891" end="25" start="20" name="Degree"/>
                </layer>
                <layer rank="1" name="GF">
                    <label end="4" start="2" name="Ext"/>
                    <label end="25" start="20" name="Dep"/>
                </layer>
                <layer rank="1" name="PT">
                    <label end="4" start="2" name="NP"/>
                    <label end="25" start="20" name="AVP"/>
                </layer>
                <layer rank="1" name="Sent"/>
                <layer rank="1" name="Other"/>
                <layer rank="1" name="Target">
                    <label cBy="103" end="37" start="27" name="Target"/>
                </layer>
                <layer rank="1" name="Adj">
                    <label end="8" start="6" name="Cop"/>
                </layer>
            </annotationSet>
        </sentence>
        <sentence sentNo="0" aPos="101077451" ID="1079798">
            <text>The time had come and Ruth stood up , so nervous and overwrought she nearly dragged the damask tablecloth with her . </text>
            <annotationSet cDate="01/08/2003 01:35:38 PST Wed" status="UNANN" ID="1611000">
                <layer rank="1" name="BNC">
                    <label end="2" start="0" name="AT0"/>
                    <label end="7" start="4" name="NN1"/>
                    <label end="11" start="9" name="VHD"/>
                    <label end="16" start="13" name="VVN"/>
                    <label end="20" start="18" name="CJC"/>
                    <label end="25" start="22" name="NP0"/>
                    <label end="31" start="27" name="VVD"/>
                    <label end="34" start="33" name="AVP"/>
                    <label end="36" start="36" name="PUN"/>
                    <label end="39" start="38" name="AV0"/>
                    <label end="47" start="41" name="AJ0"/>
                    <label end="51" start="49" name="CJC"/>
                    <label end="63" start="53" name="VVD-VVN"/>
                    <label end="67" start="65" name="PNP"/>
                    <label end="74" start="69" name="AV0"/>
                    <label end="82" start="76" name="VVD"/>
                    <label end="86" start="84" name="AT0"/>
                    <label end="93" start="88" name="NN1"/>
                    <label end="104" start="95" name="NN1"/>
                    <label end="109" start="106" name="PRP"/>
                    <label end="113" start="111" name="PNP"/>
                    <label end="115" start="115" name="PUN"/>
                </layer>
            </annotationSet>
            <annotationSet cDate="01/08/2003 01:35:38 PST Wed" status="MANUAL" ID="1611001">
                <layer rank="1" name="FE">
                    <label cBy="865" feID="194" end="25" start="22" name="Experiencer"/>
                    <label cBy="865" feID="1891" end="39" start="38" name="Degree"/>
                    <label cBy="865" feID="1891" end="113" start="65" name="Degree"/>
                </layer>
                <layer rank="1" name="GF">
                    <label end="25" start="22" name="Ext"/>
                    <label end="39" start="38" name="Dep"/>
                    <label end="113" start="65" name="Dep"/>
                </layer>
                <layer rank="1" name="PT">
                    <label end="25" start="22" name="NP"/>
                    <label end="39" start="38" name="AVP"/>
                    <label end="113" start="65" name="Sfin"/>
                </layer>
                <layer rank="1" name="Sent"/>
                <layer rank="1" name="Other"/>
                <layer rank="1" name="Target">
                    <label cBy="103" end="63" start="53" name="Target"/>
                </layer>
                <layer rank="1" name="Adj"/>
            </annotationSet>
        </sentence>
        <sentence sentNo="0" aPos="107627348" ID="1079799">
            <text>` My lord , the boy is overwrought , he 's saying what he does not mean . </text>
            <annotationSet cDate="01/08/2003 01:35:38 PST Wed" status="UNANN" ID="1611002">
                <layer rank="1" name="BNC">
                    <label end="0" start="0" name="PUQ"/>
                    <label end="3" start="2" name="DPS"/>
                    <label end="8" start="5" name="NN1"/>
                    <label end="10" start="10" name="PUN"/>
                    <label end="14" start="12" name="AT0"/>
                    <label end="18" start="16" name="NN1"/>
                    <label end="21" start="20" name="VBZ"/>
                    <label end="33" start="23" name="VVN"/>
                    <label end="35" start="35" name="PUN"/>
                    <label end="38" start="37" name="PNP"/>
                    <label end="41" start="40" name="VBZ"/>
                    <label end="48" start="43" name="VVG"/>
                    <label end="53" start="50" name="DTQ"/>
                    <label end="56" start="55" name="PNP"/>
                    <label end="61" start="58" name="VDZ"/>
                    <label end="65" start="63" name="XX0"/>
                    <label end="70" start="67" name="VVI"/>
                    <label end="72" start="72" name="PUN"/>
                </layer>
            </annotationSet>
            <annotationSet cDate="01/08/2003 01:35:38 PST Wed" status="MANUAL" ID="1611003">
                <layer rank="1" name="FE">
                    <label cBy="865" feID="194" end="18" start="12" name="Experiencer"/>
                </layer>
                <layer rank="1" name="GF">
                    <label end="18" start="12" name="Ext"/>
                </layer>
                <layer rank="1" name="PT">
                    <label end="18" start="12" name="NP"/>
                </layer>
                <layer rank="1" name="Sent"/>
                <layer rank="1" name="Other"/>
                <layer rank="1" name="Target">
                    <label cBy="103" end="33" start="23" name="Target"/>
                </layer>
                <layer rank="1" name="Adj">
                    <label end="21" start="20" name="Cop"/>
                </layer>
            </annotationSet>
        </sentence>
    </subCorpus>
</lexUnit>