<?xml version="1.0" encoding="UTF-8" standalone="yes"?>
<?xml-stylesheet type="text/xsl" href="lexUnit.xsl"?>
<lexUnit status="Finished_Initial" POS="A" name="disconsolate.a" ID="7148" frame="Emotion_directed" frameID="46" totalAnnotated="13" xsi:schemaLocation="../schema/lexUnit.xsd" xmlns="http://framenet.icsi.berkeley.edu" xmlns:xsi="http://www.w3.org/2001/XMLSchema-instance">
    <header>
        <frame>
            <FE fgColor="FFFFFF" bgColor="00BFFF" type="Extra-Thematic" abbrev="cir" name="Circumstances"/>
            <FE fgColor="FFFFFF" bgColor="FF69B4" type="Peripheral" abbrev="Degr" name="Degree"/>
            <FE fgColor="FFFFFF" bgColor="0000FF" type="Extra-Thematic" abbrev="ET" name="Empathy_target"/>
            <FE fgColor="FFFFFF" bgColor="A52A2A" type="Core" abbrev="Event" name="Event"/>
            <FE fgColor="FFFFFF" bgColor="800080" type="Core" abbrev="Exp" name="Experiencer"/>
            <FE fgColor="FFFFFF" bgColor="008000" type="Core" abbrev="Exr" name="Expressor"/>
            <FE fgColor="000000" bgColor="7FFF00" type="Extra-Thematic" abbrev="" name="Frequency"/>
            <FE fgColor="FFFFFF" bgColor="FF00FF" type="Peripheral" abbrev="" name="Manner"/>
            <FE fgColor="FFFFFF" bgColor="2E8B57" type="Peripheral" abbrev="" name="Parameter"/>
            <FE fgColor="FFFFFF" bgColor="00008B" type="Extra-Thematic" abbrev="Reas" name="Reason"/>
            <FE fgColor="FFFFFF" bgColor="9F79EE" type="Core" abbrev="State" name="State"/>
            <FE fgColor="FFFFFF" bgColor="FF0000" type="Core" abbrev="Stim" name="Stimulus"/>
            <FE fgColor="FFFFFF" bgColor="FFA500" type="Core" abbrev="Top" name="Topic"/>
        </frame>
    </header>
    <definition>COD: very unhappy and unable to be comforted. </definition>
    <lexeme POS="A" name="disconsolate"/>
    <valences>
        <governor type="Sup" lemma="look">
            <annoSet ID="1596061"/>
            <annoSet ID="1596107"/>
        </governor>
        <FERealization total="4">
            <FE name="Degree"/>
            <pattern total="4">
                <valenceUnit GF="Dep" PT="AVP" FE="Degree"/>
                <annoSet ID="1596061"/>
                <annoSet ID="1596069"/>
                <annoSet ID="1596095"/>
                <annoSet ID="1596107"/>
            </pattern>
        </FERealization>
        <FERealization total="12">
            <FE name="Experiencer"/>
            <pattern total="7">
                <valenceUnit GF="Head" PT="N" FE="Experiencer"/>
                <annoSet ID="1596047"/>
                <annoSet ID="1596063"/>
                <annoSet ID="1596067"/>
                <annoSet ID="1596077"/>
                <annoSet ID="1596091"/>
                <annoSet ID="1596095"/>
                <annoSet ID="1596119"/>
            </pattern>
            <pattern total="5">
                <valenceUnit GF="Ext" PT="NP" FE="Experiencer"/>
                <annoSet ID="1596045"/>
                <annoSet ID="1596061"/>
                <annoSet ID="1596065"/>
                <annoSet ID="1596069"/>
                <annoSet ID="1596107"/>
            </pattern>
        </FERealization>
        <FERealization total="1">
            <FE name="Expressor"/>
            <pattern total="1">
                <valenceUnit GF="Head" PT="N" FE="Expressor"/>
                <annoSet ID="1596103"/>
            </pattern>
        </FERealization>
        <FEGroupRealization total="4">
            <FE name="Degree"/>
            <FE name="Experiencer"/>
            <pattern total="1">
                <valenceUnit GF="Dep" PT="AVP" FE="Degree"/>
                <valenceUnit GF="Head" PT="N" FE="Experiencer"/>
                <annoSet ID="1596095"/>
            </pattern>
            <pattern total="3">
                <valenceUnit GF="Dep" PT="AVP" FE="Degree"/>
                <valenceUnit GF="Ext" PT="NP" FE="Experiencer"/>
                <annoSet ID="1596061"/>
                <annoSet ID="1596069"/>
                <annoSet ID="1596107"/>
            </pattern>
        </FEGroupRealization>
        <FEGroupRealization total="8">
            <FE name="Experiencer"/>
            <pattern total="6">
                <valenceUnit GF="Head" PT="N" FE="Experiencer"/>
                <annoSet ID="1596047"/>
                <annoSet ID="1596063"/>
                <annoSet ID="1596067"/>
                <annoSet ID="1596077"/>
                <annoSet ID="1596091"/>
                <annoSet ID="1596119"/>
            </pattern>
            <pattern total="2">
                <valenceUnit GF="Ext" PT="NP" FE="Experiencer"/>
                <annoSet ID="1596045"/>
                <annoSet ID="1596065"/>
            </pattern>
        </FEGroupRealization>
        <FEGroupRealization total="1">
            <FE name="Expressor"/>
            <pattern total="1">
                <valenceUnit GF="Head" PT="N" FE="Expressor"/>
                <annoSet ID="1596103"/>
            </pattern>
        </FEGroupRealization>
    </valences>
    <subCorpus name="A-001-all">
        <sentence sentNo="0" aPos="3599796" ID="1072320">
            <text>I sit disconsolate in the snow . </text>
            <annotationSet cDate="01/08/2003 01:18:00 PST Wed" status="UNANN" ID="1596044">
                <layer rank="1" name="BNC">
                    <label end="0" start="0" name="PNP"/>
                    <label end="4" start="2" name="VVB"/>
                    <label end="17" start="6" name="NN1-VVB"/>
                    <label end="20" start="19" name="PRP"/>
                    <label end="24" start="22" name="AT0"/>
                    <label end="29" start="26" name="NN1"/>
                    <label end="31" start="31" name="PUN"/>
                </layer>
            </annotationSet>
            <annotationSet cDate="01/08/2003 01:18:00 PST Wed" status="MANUAL" ID="1596045">
                <layer rank="1" name="FE">
                    <label cBy="865" feID="194" end="0" start="0" name="Experiencer"/>
                </layer>
                <layer rank="1" name="GF">
                    <label end="0" start="0" name="Ext"/>
                </layer>
                <layer rank="1" name="PT">
                    <label end="0" start="0" name="NP"/>
                </layer>
                <layer rank="1" name="Sent"/>
                <layer rank="1" name="Other"/>
                <layer rank="1" name="Target">
                    <label cBy="103" end="17" start="6" name="Target"/>
                </layer>
                <layer rank="1" name="Adj"/>
            </annotationSet>
        </sentence>
        <sentence sentNo="0" aPos="6743830" ID="1072321">
            <text>` Give over , will yer , &quot; pleaded the disconsolate convener , slapping jam on his butty . </text>
            <annotationSet cDate="01/08/2003 01:18:00 PST Wed" status="UNANN" ID="1596046">
                <layer rank="1" name="BNC">
                    <label end="0" start="0" name="PUQ"/>
                    <label end="5" start="2" name="VVB"/>
                    <label end="10" start="7" name="AVP"/>
                    <label end="12" start="12" name="PUN"/>
                    <label end="17" start="14" name="NN1"/>
                    <label end="21" start="19" name="NN1"/>
                    <label end="23" start="23" name="PUN"/>
                    <label end="25" start="25" name="PUQ"/>
                    <label end="33" start="27" name="VVD"/>
                    <label end="37" start="35" name="AT0"/>
                    <label end="50" start="39" name="NN1"/>
                    <label end="59" start="52" name="NN1"/>
                    <label end="61" start="61" name="PUN"/>
                    <label end="70" start="63" name="AJ0-VVG"/>
                    <label end="74" start="72" name="NN1"/>
                    <label end="77" start="76" name="PRP"/>
                    <label end="81" start="79" name="DPS"/>
                    <label end="87" start="83" name="NN1"/>
                    <label end="89" start="89" name="PUN"/>
                </layer>
            </annotationSet>
            <annotationSet cDate="01/08/2003 01:18:00 PST Wed" status="MANUAL" ID="1596047">
                <layer rank="1" name="FE">
                    <label cBy="865" feID="194" end="59" start="52" name="Experiencer"/>
                </layer>
                <layer rank="1" name="GF">
                    <label end="59" start="52" name="Head"/>
                </layer>
                <layer rank="1" name="PT">
                    <label end="59" start="52" name="N"/>
                </layer>
                <layer rank="1" name="Sent"/>
                <layer rank="1" name="Other"/>
                <layer rank="1" name="Target">
                    <label cBy="103" end="50" start="39" name="Target"/>
                </layer>
                <layer rank="1" name="Adj"/>
            </annotationSet>
        </sentence>
        <sentence sentNo="0" aPos="25451057" ID="1072328">
            <text>The Brazilian lover was looking increasingly disconsolate . </text>
            <annotationSet cDate="01/08/2003 01:18:01 PST Wed" status="UNANN" ID="1596060">
                <layer rank="1" name="BNC">
                    <label end="2" start="0" name="AT0"/>
                    <label end="12" start="4" name="AJ0"/>
                    <label end="18" start="14" name="NN1"/>
                    <label end="22" start="20" name="VBD"/>
                    <label end="30" start="24" name="VVG"/>
                    <label end="43" start="32" name="AV0"/>
                    <label end="56" start="45" name="NN1-VVB"/>
                    <label end="58" start="58" name="PUN"/>
                </layer>
            </annotationSet>
            <annotationSet cDate="01/08/2003 01:18:01 PST Wed" status="MANUAL" ID="1596061">
                <layer rank="1" name="FE">
                    <label cBy="865" feID="194" end="18" start="0" name="Experiencer"/>
                    <label cBy="865" feID="1891" end="43" start="32" name="Degree"/>
                </layer>
                <layer rank="1" name="GF">
                    <label end="18" start="0" name="Ext"/>
                    <label end="43" start="32" name="Dep"/>
                </layer>
                <layer rank="1" name="PT">
                    <label end="18" start="0" name="NP"/>
                    <label end="43" start="32" name="AVP"/>
                </layer>
                <layer rank="1" name="Sent"/>
                <layer rank="1" name="Other"/>
                <layer rank="1" name="Target">
                    <label cBy="103" end="56" start="45" name="Target"/>
                </layer>
                <layer rank="1" name="Adj">
                    <label end="30" start="24" name="Supp"/>
                </layer>
            </annotationSet>
        </sentence>
        <sentence sentNo="0" aPos="27944672" ID="1072329">
            <text>Wycombe were beaten by Bob Taylor 's 82nd-minute winner , and their disconsolate boss Martin O'Neill said : ` I was actually looking forward to extra-time because I was so sure we would win . </text>
            <annotationSet cDate="01/08/2003 01:18:01 PST Wed" status="UNANN" ID="1596062">
                <layer rank="1" name="BNC">
                    <label end="6" start="0" name="NN1-NP0"/>
                    <label end="11" start="8" name="VBD"/>
                    <label end="18" start="13" name="VVN"/>
                    <label end="21" start="20" name="PRP"/>
                    <label end="25" start="23" name="NP0"/>
                    <label end="32" start="27" name="NP0"/>
                    <label end="35" start="34" name="POS"/>
                    <label end="47" start="37" name="AJ0"/>
                    <label end="54" start="49" name="NN1"/>
                    <label end="56" start="56" name="PUN"/>
                    <label end="60" start="58" name="CJC"/>
                    <label end="66" start="62" name="DPS"/>
                    <label end="79" start="68" name="NN1"/>
                    <label end="84" start="81" name="NN1-VVB"/>
                    <label end="91" start="86" name="NP0"/>
                    <label end="99" start="93" name="NP0"/>
                    <label end="104" start="101" name="VVD"/>
                    <label end="106" start="106" name="PUN"/>
                    <label end="108" start="108" name="PUQ"/>
                    <label end="110" start="110" name="PNP"/>
                    <label end="114" start="112" name="VBD"/>
                    <label end="123" start="116" name="AV0"/>
                    <label end="131" start="125" name="VVG"/>
                    <label end="139" start="133" name="AJ0-AV0"/>
                    <label end="142" start="141" name="PRP"/>
                    <label end="153" start="144" name="NN1"/>
                    <label end="161" start="155" name="CJS"/>
                    <label end="163" start="163" name="PNP"/>
                    <label end="167" start="165" name="VBD"/>
                    <label end="170" start="169" name="AV0"/>
                    <label end="175" start="172" name="AJ0"/>
                    <label end="178" start="177" name="PNP"/>
                    <label end="184" start="180" name="VM0"/>
                    <label end="188" start="186" name="VVI"/>
                    <label end="190" start="190" name="PUN"/>
                </layer>
            </annotationSet>
            <annotationSet cDate="01/08/2003 01:18:01 PST Wed" status="MANUAL" ID="1596063">
                <layer rank="1" name="FE">
                    <label cBy="865" feID="194" end="99" start="81" name="Experiencer"/>
                </layer>
                <layer rank="1" name="GF">
                    <label end="99" start="81" name="Head"/>
                </layer>
                <layer rank="1" name="PT">
                    <label end="99" start="81" name="N"/>
                </layer>
                <layer rank="1" name="Sent"/>
                <layer rank="1" name="Other"/>
                <layer rank="1" name="Target">
                    <label cBy="103" end="79" start="68" name="Target"/>
                </layer>
                <layer rank="1" name="Adj"/>
            </annotationSet>
        </sentence>
        <sentence sentNo="0" aPos="29810714" ID="1072330">
            <text>The night outside was drizzling with rain , and everyone except himself hurried for a cab ; the flower-sellers were disconsolate . </text>
            <annotationSet cDate="01/08/2003 01:18:02 PST Wed" status="UNANN" ID="1596064">
                <layer rank="1" name="BNC">
                    <label end="2" start="0" name="AT0"/>
                    <label end="8" start="4" name="NN1"/>
                    <label end="16" start="10" name="NN1"/>
                    <label end="20" start="18" name="VBD"/>
                    <label end="30" start="22" name="VVG"/>
                    <label end="35" start="32" name="PRP"/>
                    <label end="40" start="37" name="NN1"/>
                    <label end="42" start="42" name="PUN"/>
                    <label end="46" start="44" name="CJC"/>
                    <label end="55" start="48" name="PNI"/>
                    <label end="62" start="57" name="PRP"/>
                    <label end="70" start="64" name="PNX"/>
                    <label end="78" start="72" name="VVD-VVN"/>
                    <label end="82" start="80" name="PRP"/>
                    <label end="84" start="84" name="AT0"/>
                    <label end="88" start="86" name="NN1"/>
                    <label end="90" start="90" name="PUN"/>
                    <label end="94" start="92" name="AT0"/>
                    <label end="109" start="96" name="NN2"/>
                    <label end="114" start="111" name="VBD"/>
                    <label end="127" start="116" name="NN1"/>
                    <label end="129" start="129" name="PUN"/>
                </layer>
            </annotationSet>
            <annotationSet cDate="01/08/2003 01:18:02 PST Wed" status="MANUAL" ID="1596065">
                <layer rank="1" name="FE">
                    <label cBy="865" feID="194" end="109" start="92" name="Experiencer"/>
                </layer>
                <layer rank="1" name="GF">
                    <label end="109" start="92" name="Ext"/>
                </layer>
                <layer rank="1" name="PT">
                    <label end="109" start="92" name="NP"/>
                </layer>
                <layer rank="1" name="Sent"/>
                <layer rank="1" name="Other"/>
                <layer rank="1" name="Target">
                    <label cBy="103" end="127" start="116" name="Target"/>
                </layer>
                <layer rank="1" name="Adj">
                    <label end="114" start="111" name="Cop"/>
                </layer>
            </annotationSet>
        </sentence>
        <sentence sentNo="0" aPos="31762541" ID="1072331">
            <text>As Clinton was taking up the reins of power , a disconsolate President Bush flew back to Washington to make arrangements for the handover . </text>
            <annotationSet cDate="01/08/2003 01:18:02 PST Wed" status="UNANN" ID="1596066">
                <layer rank="1" name="BNC">
                    <label end="1" start="0" name="CJS"/>
                    <label end="9" start="3" name="NP0"/>
                    <label end="13" start="11" name="VBD"/>
                    <label end="20" start="15" name="VVG"/>
                    <label end="23" start="22" name="AVP"/>
                    <label end="27" start="25" name="AT0"/>
                    <label end="33" start="29" name="NN2"/>
                    <label end="36" start="35" name="PRF"/>
                    <label end="42" start="38" name="NN1"/>
                    <label end="44" start="44" name="PUN"/>
                    <label end="46" start="46" name="AT0"/>
                    <label end="59" start="48" name="NN1"/>
                    <label end="69" start="61" name="NP0"/>
                    <label end="74" start="71" name="NP0"/>
                    <label end="79" start="76" name="VVD"/>
                    <label end="84" start="81" name="AVP"/>
                    <label end="87" start="86" name="PRP"/>
                    <label end="98" start="89" name="NP0"/>
                    <label end="101" start="100" name="TO0"/>
                    <label end="106" start="103" name="VVI"/>
                    <label end="119" start="108" name="NN2"/>
                    <label end="123" start="121" name="PRP"/>
                    <label end="127" start="125" name="AT0"/>
                    <label end="136" start="129" name="NN1"/>
                    <label end="138" start="138" name="PUN"/>
                </layer>
            </annotationSet>
            <annotationSet cDate="01/08/2003 01:18:02 PST Wed" status="MANUAL" ID="1596067">
                <layer rank="1" name="FE">
                    <label cBy="865" feID="194" end="74" start="61" name="Experiencer"/>
                </layer>
                <layer rank="1" name="GF">
                    <label end="74" start="61" name="Head"/>
                </layer>
                <layer rank="1" name="PT">
                    <label end="74" start="61" name="N"/>
                </layer>
                <layer rank="1" name="Sent"/>
                <layer rank="1" name="Other"/>
                <layer rank="1" name="Target">
                    <label cBy="103" end="59" start="48" name="Target"/>
                </layer>
                <layer rank="1" name="Adj"/>
            </annotationSet>
        </sentence>
        <sentence sentNo="0" aPos="31963578" ID="1072332">
            <text>Francis was not totally disconsolate and added : ` The way our fans came behind us is the best I 've ever heard it here , and I hope it continues . </text>
            <annotationSet cDate="01/08/2003 01:18:02 PST Wed" status="UNANN" ID="1596068">
                <layer rank="1" name="BNC">
                    <label end="6" start="0" name="NP0"/>
                    <label end="10" start="8" name="VBD"/>
                    <label end="14" start="12" name="XX0"/>
                    <label end="22" start="16" name="AV0"/>
                    <label end="35" start="24" name="NN1-VVB"/>
                    <label end="39" start="37" name="CJC"/>
                    <label end="45" start="41" name="VVD"/>
                    <label end="47" start="47" name="PUN"/>
                    <label end="49" start="49" name="PUQ"/>
                    <label end="53" start="51" name="AT0"/>
                    <label end="57" start="55" name="NN1"/>
                    <label end="61" start="59" name="DPS"/>
                    <label end="66" start="63" name="NN2"/>
                    <label end="71" start="68" name="VVD"/>
                    <label end="78" start="73" name="PRP"/>
                    <label end="81" start="80" name="PNP"/>
                    <label end="84" start="83" name="VBZ"/>
                    <label end="88" start="86" name="AT0"/>
                    <label end="93" start="90" name="AJS"/>
                    <label end="95" start="95" name="PNP"/>
                    <label end="99" start="97" name="VHB"/>
                    <label end="104" start="101" name="AV0"/>
                    <label end="110" start="106" name="VVN"/>
                    <label end="113" start="112" name="PNP"/>
                    <label end="118" start="115" name="AV0"/>
                    <label end="120" start="120" name="PUN"/>
                    <label end="124" start="122" name="CJC"/>
                    <label end="126" start="126" name="PNP"/>
                    <label end="131" start="128" name="VVB"/>
                    <label end="134" start="133" name="PNP"/>
                    <label end="144" start="136" name="VVZ"/>
                    <label end="146" start="146" name="PUN"/>
                </layer>
            </annotationSet>
            <annotationSet cDate="01/08/2003 01:18:02 PST Wed" status="MANUAL" ID="1596069">
                <layer rank="1" name="FE">
                    <label cBy="865" feID="194" end="6" start="0" name="Experiencer"/>
                    <label cBy="865" feID="1891" end="22" start="16" name="Degree"/>
                </layer>
                <layer rank="1" name="GF">
                    <label end="6" start="0" name="Ext"/>
                    <label end="22" start="16" name="Dep"/>
                </layer>
                <layer rank="1" name="PT">
                    <label end="6" start="0" name="NP"/>
                    <label end="22" start="16" name="AVP"/>
                </layer>
                <layer rank="1" name="Sent"/>
                <layer rank="1" name="Other"/>
                <layer rank="1" name="Target">
                    <label cBy="103" end="35" start="24" name="Target"/>
                </layer>
                <layer rank="1" name="Adj">
                    <label end="10" start="8" name="Cop"/>
                </layer>
            </annotationSet>
        </sentence>
        <sentence sentNo="0" aPos="45706411" ID="1072336">
            <text>A disconsolate group of climbers sitting round a kitchen table all lean forward and peer out at the iron-grey clouds rumbling past . </text>
            <annotationSet cDate="01/08/2003 01:18:02 PST Wed" status="UNANN" ID="1596076">
                <layer rank="1" name="BNC">
                    <label end="0" start="0" name="AT0"/>
                    <label end="13" start="2" name="NN1"/>
                    <label end="19" start="15" name="NN0"/>
                    <label end="22" start="21" name="PRF"/>
                    <label end="31" start="24" name="NN2"/>
                    <label end="39" start="33" name="VVG"/>
                    <label end="45" start="41" name="AVP-PRP"/>
                    <label end="47" start="47" name="AT0"/>
                    <label end="55" start="49" name="NN1"/>
                    <label end="61" start="57" name="NN1"/>
                    <label end="65" start="63" name="DT0"/>
                    <label end="70" start="67" name="AJ0"/>
                    <label end="78" start="72" name="AJ0-NN1"/>
                    <label end="82" start="80" name="CJC"/>
                    <label end="87" start="84" name="VVB"/>
                    <label end="91" start="89" name="AVP"/>
                    <label end="94" start="93" name="PRP"/>
                    <label end="98" start="96" name="AT0"/>
                    <label end="108" start="100" name="AJ0"/>
                    <label end="115" start="110" name="NN2"/>
                    <label end="124" start="117" name="VVG"/>
                    <label end="129" start="126" name="AV0"/>
                    <label end="131" start="131" name="PUN"/>
                </layer>
            </annotationSet>
            <annotationSet cDate="01/08/2003 01:18:02 PST Wed" status="MANUAL" ID="1596077">
                <layer rank="1" name="FE">
                    <label cBy="865" feID="194" end="31" start="15" name="Experiencer"/>
                </layer>
                <layer rank="1" name="GF">
                    <label end="31" start="15" name="Head"/>
                </layer>
                <layer rank="1" name="PT">
                    <label end="31" start="15" name="N"/>
                </layer>
                <layer rank="1" name="Sent"/>
                <layer rank="1" name="Other"/>
                <layer rank="1" name="Target">
                    <label cBy="103" end="13" start="2" name="Target"/>
                </layer>
                <layer rank="1" name="Adj"/>
            </annotationSet>
        </sentence>
        <sentence sentNo="0" aPos="74154031" ID="1072343">
            <text>She stared until it was hard to know which was herself -- the disconsolate woman in the chill room or the other sorrowful face in the night outside . </text>
            <annotationSet cDate="01/08/2003 01:18:03 PST Wed" status="UNANN" ID="1596090">
                <layer rank="1" name="BNC">
                    <label end="2" start="0" name="PNP"/>
                    <label end="9" start="4" name="VVD"/>
                    <label end="15" start="11" name="CJS"/>
                    <label end="18" start="17" name="PNP"/>
                    <label end="22" start="20" name="VBD"/>
                    <label end="27" start="24" name="AJ0"/>
                    <label end="30" start="29" name="TO0"/>
                    <label end="35" start="32" name="VVI"/>
                    <label end="41" start="37" name="DTQ"/>
                    <label end="45" start="43" name="VBD"/>
                    <label end="53" start="47" name="PNX"/>
                    <label end="56" start="55" name="PUN"/>
                    <label end="60" start="58" name="AT0"/>
                    <label end="73" start="62" name="NN1"/>
                    <label end="79" start="75" name="NN1"/>
                    <label end="82" start="81" name="PRP"/>
                    <label end="86" start="84" name="AT0"/>
                    <label end="92" start="88" name="AJ0-NN1"/>
                    <label end="97" start="94" name="NN1"/>
                    <label end="100" start="99" name="CJC"/>
                    <label end="104" start="102" name="AT0"/>
                    <label end="110" start="106" name="AJ0"/>
                    <label end="120" start="112" name="AJ0"/>
                    <label end="125" start="122" name="NN1"/>
                    <label end="128" start="127" name="PRP"/>
                    <label end="132" start="130" name="AT0"/>
                    <label end="138" start="134" name="NN1"/>
                    <label end="146" start="140" name="NN1"/>
                    <label end="148" start="148" name="PUN"/>
                </layer>
            </annotationSet>
            <annotationSet cDate="01/08/2003 01:18:03 PST Wed" status="MANUAL" ID="1596091">
                <layer rank="1" name="FE">
                    <label cBy="865" feID="194" end="97" start="75" name="Experiencer"/>
                </layer>
                <layer rank="1" name="GF">
                    <label end="97" start="75" name="Head"/>
                </layer>
                <layer rank="1" name="PT">
                    <label end="97" start="75" name="N"/>
                </layer>
                <layer rank="1" name="Sent"/>
                <layer rank="1" name="Other"/>
                <layer rank="1" name="Target">
                    <label cBy="103" end="73" start="62" name="Target"/>
                </layer>
                <layer rank="1" name="Adj"/>
            </annotationSet>
        </sentence>
        <sentence sentNo="0" aPos="76820262" ID="1072345">
            <text>Wenner would fly in to issue instructions to an increasingly disconsolate staff and Jagger would pay the bills . </text>
            <annotationSet cDate="01/08/2003 01:18:03 PST Wed" status="UNANN" ID="1596094">
                <layer rank="1" name="BNC">
                    <label end="5" start="0" name="NP0"/>
                    <label end="11" start="7" name="VM0"/>
                    <label end="15" start="13" name="VVI"/>
                    <label end="18" start="17" name="AVP"/>
                    <label end="21" start="20" name="TO0"/>
                    <label end="27" start="23" name="VVI"/>
                    <label end="40" start="29" name="NN2"/>
                    <label end="43" start="42" name="PRP"/>
                    <label end="46" start="45" name="AT0"/>
                    <label end="59" start="48" name="AV0"/>
                    <label end="72" start="61" name="NN1-VVB"/>
                    <label end="78" start="74" name="NN0"/>
                    <label end="82" start="80" name="CJC"/>
                    <label end="89" start="84" name="NP0"/>
                    <label end="95" start="91" name="VM0"/>
                    <label end="99" start="97" name="VVI"/>
                    <label end="103" start="101" name="AT0"/>
                    <label end="109" start="105" name="NN2"/>
                    <label end="111" start="111" name="PUN"/>
                </layer>
            </annotationSet>
            <annotationSet cDate="01/08/2003 01:18:03 PST Wed" status="MANUAL" ID="1596095">
                <layer rank="1" name="FE">
                    <label cBy="865" feID="1891" end="59" start="48" name="Degree"/>
                    <label cBy="865" feID="194" end="78" start="74" name="Experiencer"/>
                </layer>
                <layer rank="1" name="GF">
                    <label end="59" start="48" name="Dep"/>
                    <label end="78" start="74" name="Head"/>
                </layer>
                <layer rank="1" name="PT">
                    <label end="59" start="48" name="AVP"/>
                    <label end="78" start="74" name="N"/>
                </layer>
                <layer rank="1" name="Sent"/>
                <layer rank="1" name="Other"/>
                <layer rank="1" name="Target">
                    <label cBy="103" end="72" start="61" name="Target"/>
                </layer>
                <layer rank="1" name="Adj"/>
            </annotationSet>
        </sentence>
        <sentence sentNo="0" aPos="86976059" ID="1072349">
            <text>With a disconsolate sigh she stood up , slipped off the towelling robe and threw it over a chair . </text>
            <annotationSet cDate="01/08/2003 01:18:04 PST Wed" status="UNANN" ID="1596102">
                <layer rank="1" name="BNC">
                    <label end="3" start="0" name="PRP"/>
                    <label end="5" start="5" name="AT0"/>
                    <label end="18" start="7" name="NN1"/>
                    <label end="23" start="20" name="NN1-VVB"/>
                    <label end="27" start="25" name="PNP"/>
                    <label end="33" start="29" name="VVD"/>
                    <label end="36" start="35" name="AVP"/>
                    <label end="38" start="38" name="PUN"/>
                    <label end="46" start="40" name="VVD"/>
                    <label end="50" start="48" name="AVP-PRP"/>
                    <label end="54" start="52" name="AT0"/>
                    <label end="64" start="56" name="NN1"/>
                    <label end="69" start="66" name="NN1"/>
                    <label end="73" start="71" name="CJC"/>
                    <label end="79" start="75" name="VVD"/>
                    <label end="82" start="81" name="PNP"/>
                    <label end="87" start="84" name="AVP-PRP"/>
                    <label end="89" start="89" name="AT0"/>
                    <label end="95" start="91" name="NN1"/>
                    <label end="97" start="97" name="PUN"/>
                </layer>
            </annotationSet>
            <annotationSet cDate="01/08/2003 01:18:04 PST Wed" status="MANUAL" ID="1596103">
                <layer rank="1" name="FE">
                    <label cBy="865" feID="1893" end="23" start="20" name="Expressor"/>
                </layer>
                <layer rank="1" name="GF">
                    <label end="23" start="20" name="Head"/>
                </layer>
                <layer rank="1" name="PT">
                    <label end="23" start="20" name="N"/>
                </layer>
                <layer rank="1" name="Sent"/>
                <layer rank="1" name="Other"/>
                <layer rank="1" name="Target">
                    <label cBy="103" end="18" start="7" name="Target"/>
                </layer>
                <layer rank="1" name="Adj"/>
            </annotationSet>
        </sentence>
        <sentence sentNo="0" aPos="87411914" ID="1072351">
            <text>He looked most disconsolate . </text>
            <annotationSet cDate="01/08/2003 01:18:04 PST Wed" status="UNANN" ID="1596106">
                <layer rank="1" name="BNC">
                    <label end="1" start="0" name="PNP"/>
                    <label end="8" start="3" name="VVD"/>
                    <label end="13" start="10" name="DT0"/>
                    <label end="26" start="15" name="NN1"/>
                    <label end="28" start="28" name="PUN"/>
                </layer>
            </annotationSet>
            <annotationSet cDate="01/08/2003 01:18:04 PST Wed" status="MANUAL" ID="1596107">
                <layer rank="1" name="FE">
                    <label cBy="865" feID="194" end="1" start="0" name="Experiencer"/>
                    <label cBy="865" feID="1891" end="13" start="10" name="Degree"/>
                </layer>
                <layer rank="1" name="GF">
                    <label end="1" start="0" name="Ext"/>
                    <label end="13" start="10" name="Dep"/>
                </layer>
                <layer rank="1" name="PT">
                    <label end="1" start="0" name="NP"/>
                    <label end="13" start="10" name="AVP"/>
                </layer>
                <layer rank="1" name="Sent"/>
                <layer rank="1" name="Other"/>
                <layer rank="1" name="Target">
                    <label cBy="103" end="26" start="15" name="Target"/>
                </layer>
                <layer rank="1" name="Adj">
                    <label end="8" start="3" name="Supp"/>
                </layer>
            </annotationSet>
        </sentence>
        <sentence sentNo="0" aPos="103891535" ID="1072357">
            <text>` After he got back I felt like I was in a black hole , &quot; groaned a disconsolate Wilkinson after his two hour defeat . </text>
            <annotationSet cDate="01/08/2003 01:18:05 PST Wed" status="UNANN" ID="1596118">
                <layer rank="1" name="BNC">
                    <label end="0" start="0" name="PUQ"/>
                    <label end="6" start="2" name="CJS"/>
                    <label end="9" start="8" name="PNP"/>
                    <label end="13" start="11" name="VVD"/>
                    <label end="18" start="15" name="AVP"/>
                    <label end="20" start="20" name="PNP"/>
                    <label end="25" start="22" name="VVD"/>
                    <label end="30" start="27" name="PRP"/>
                    <label end="32" start="32" name="PNP"/>
                    <label end="36" start="34" name="VBD"/>
                    <label end="39" start="38" name="PRP"/>
                    <label end="41" start="41" name="AT0"/>
                    <label end="47" start="43" name="AJ0"/>
                    <label end="52" start="49" name="NN1"/>
                    <label end="54" start="54" name="PUN"/>
                    <label end="56" start="56" name="PUQ"/>
                    <label end="64" start="58" name="VVD"/>
                    <label end="66" start="66" name="AT0"/>
                    <label end="79" start="68" name="NN1"/>
                    <label end="89" start="81" name="NN1-NP0"/>
                    <label end="95" start="91" name="PRP"/>
                    <label end="99" start="97" name="DPS"/>
                    <label end="103" start="101" name="CRD"/>
                    <label end="108" start="105" name="NN1"/>
                    <label end="115" start="110" name="NN1"/>
                    <label end="117" start="117" name="PUN"/>
                </layer>
            </annotationSet>
            <annotationSet cDate="01/08/2003 01:18:05 PST Wed" status="MANUAL" ID="1596119">
                <layer rank="1" name="FE">
                    <label cBy="865" feID="194" end="89" start="81" name="Experiencer"/>
                </layer>
                <layer rank="1" name="GF">
                    <label end="89" start="81" name="Head"/>
                </layer>
                <layer rank="1" name="PT">
                    <label end="89" start="81" name="N"/>
                </layer>
                <layer rank="1" name="Sent"/>
                <layer rank="1" name="Other"/>
                <layer rank="1" name="Target">
                    <label cBy="103" end="79" start="68" name="Target"/>
                </layer>
                <layer rank="1" name="Adj"/>
            </annotationSet>
        </sentence>
    </subCorpus>
</lexUnit>