<?xml version="1.0" encoding="UTF-8" standalone="yes"?>
<?xml-stylesheet type="text/xsl" href="lexUnit.xsl"?>
<lexUnit status="Finished_X-Gov" POS="N" name="theatre.n" ID="7105" frame="Buildings" frameID="173" totalAnnotated="21" xsi:schemaLocation="../schema/lexUnit.xsd" xmlns="http://framenet.icsi.berkeley.edu" xmlns:xsi="http://www.w3.org/2001/XMLSchema-instance">
    <header>
        <frame>
            <FE fgColor="FFFFFF" bgColor="FF0000" type="Extra-Thematic" abbrev="Bldr" name="Builder"/>
            <FE fgColor="FFFFFF" bgColor="800080" type="Core" abbrev="" name="Building"/>
            <FE fgColor="FFFFFF" bgColor="A52A2A" type="Extra-Thematic" abbrev="" name="Descriptor"/>
            <FE fgColor="FFFFFF" bgColor="0000FF" type="Peripheral" abbrev="" name="Function"/>
            <FE fgColor="FFFFFF" bgColor="00BFFF" type="Extra-Thematic" abbrev="Mat" name="Material"/>
            <FE fgColor="FFFFFF" bgColor="FFA500" type="Extra-Thematic" abbrev="" name="Name"/>
            <FE fgColor="FFFFFF" bgColor="7CCD73" type="Peripheral" abbrev="" name="Place"/>
            <FE fgColor="FFFFFF" bgColor="9F79EE" type="Peripheral" abbrev="" name="Relative_location"/>
            <FE fgColor="FFFFFF" bgColor="008000" type="Extra-Thematic" abbrev="toc" name="Time_of_creation"/>
            <FE fgColor="FFFFFF" bgColor="FF00FF" type="Peripheral" abbrev="" name="Type"/>
        </frame>
    </header>
    <definition>COD: a building in which plays and other dramatic performances are given. </definition>
    <lexeme POS="N" name="theatre"/>
    <valences>
        <governor type="Gov" lemma="acquire">
            <annoSet ID="1571621"/>
        </governor>
        <governor type="Gov" lemma="build">
            <annoSet ID="1571757"/>
            <annoSet ID="1571761"/>
            <annoSet ID="1571767"/>
            <annoSet ID="1571909"/>
            <annoSet ID="1571921"/>
            <annoSet ID="1571927"/>
        </governor>
        <governor type="Gov" lemma="close">
            <annoSet ID="1571657"/>
        </governor>
        <governor type="Gov" lemma="enter">
            <annoSet ID="1571771"/>
            <annoSet ID="1571775"/>
            <annoSet ID="1571777"/>
        </governor>
        <governor type="Gov" lemma="fill">
            <annoSet ID="1571527"/>
        </governor>
        <governor type="Gov" lemma="go">
            <annoSet ID="1571781"/>
            <annoSet ID="1571791"/>
            <annoSet ID="1571801"/>
        </governor>
        <governor type="Gov" lemma="leave">
            <annoSet ID="1571829"/>
            <annoSet ID="1571837"/>
            <annoSet ID="1571843"/>
        </governor>
        <governor type="Gov" lemma="shut">
            <annoSet ID="1571861"/>
        </governor>
        <governor type="Gov" lemma="work">
            <annoSet ID="1571877"/>
            <annoSet ID="1571887"/>
        </governor>
    </valences>
    <subCorpus name="N-280-s20-poss">
        <sentence sentNo="0" aPos="11009486" ID="1060061">
            <text>This worried me and other colleagues because , at that time , we felt that non-educational criteria were being imposed on school work and he was trying to fill his theatre at a slack time of the year . </text>
            <annotationSet cDate="01/08/2003 12:48:02 PST Wed" status="UNANN" ID="1571526">
                <layer rank="1" name="BNC">
                    <label end="3" start="0" name="DT0"/>
                    <label end="11" start="5" name="AJ0-VVD"/>
                    <label end="14" start="13" name="PNP"/>
                    <label end="18" start="16" name="CJC"/>
                    <label end="24" start="20" name="AJ0"/>
                    <label end="35" start="26" name="NN2"/>
                    <label end="43" start="37" name="CJS"/>
                    <label end="45" start="45" name="PUN"/>
                    <label end="48" start="47" name="PRP"/>
                    <label end="53" start="50" name="DT0"/>
                    <label end="58" start="55" name="NN1"/>
                    <label end="60" start="60" name="PUN"/>
                    <label end="63" start="62" name="PNP"/>
                    <label end="68" start="65" name="VVD"/>
                    <label end="73" start="70" name="CJT-DT0"/>
                    <label end="89" start="75" name="AJ0"/>
                    <label end="98" start="91" name="NN2"/>
                    <label end="103" start="100" name="VBD"/>
                    <label end="109" start="105" name="VBG"/>
                    <label end="117" start="111" name="VVN"/>
                    <label end="120" start="119" name="PRP"/>
                    <label end="127" start="122" name="NN1"/>
                    <label end="132" start="129" name="NN1"/>
                    <label end="136" start="134" name="CJC"/>
                    <label end="139" start="138" name="PNP"/>
                    <label end="143" start="141" name="VBD"/>
                    <label end="150" start="145" name="VVG"/>
                    <label end="153" start="152" name="TO0"/>
                    <label end="158" start="155" name="VVI"/>
                    <label end="162" start="160" name="DPS"/>
                    <label end="170" start="164" name="NN1"/>
                    <label end="173" start="172" name="PRP"/>
                    <label end="175" start="175" name="AT0"/>
                    <label end="181" start="177" name="AJ0-NN1"/>
                    <label end="186" start="183" name="NN1"/>
                    <label end="189" start="188" name="PRF"/>
                    <label end="193" start="191" name="AT0"/>
                    <label end="198" start="195" name="NN1"/>
                    <label end="200" start="200" name="PUN"/>
                </layer>
            </annotationSet>
            <annotationSet cDate="01/08/2003 12:48:02 PST Wed" status="MANUAL" ID="1571527">
                <layer rank="1" name="FE"/>
                <layer rank="1" name="GF"/>
                <layer rank="1" name="PT"/>
                <layer rank="1" name="Sent"/>
                <layer rank="1" name="Other"/>
                <layer rank="1" name="Target">
                    <label cBy="103" end="170" start="164" name="Target"/>
                </layer>
                <layer rank="1" name="Noun">
                    <label end="158" start="155" name="Gov"/>
                    <label end="170" start="160" name="X"/>
                </layer>
            </annotationSet>
        </sentence>
    </subCorpus>
    <subCorpus name="N-290-s20-posscmpd"/>
    <subCorpus name="N-300-s20-cmpd"/>
    <subCorpus name="N-320-s20-ingcmpd">
        <sentence sentNo="0" aPos="38628688" ID="1060108">
            <text>In time consolidation took place but the industry was created by small men who gambled on acquiring theatres or on making films and who spent days on the road . </text>
            <annotationSet cDate="01/08/2003 12:48:07 PST Wed" status="UNANN" ID="1571620">
                <layer rank="1" name="BNC">
                    <label end="1" start="0" name="PRP"/>
                    <label end="6" start="3" name="NN1"/>
                    <label end="20" start="8" name="NN1"/>
                    <label end="25" start="22" name="VVD"/>
                    <label end="31" start="27" name="NN1"/>
                    <label end="35" start="33" name="CJC"/>
                    <label end="39" start="37" name="AT0"/>
                    <label end="48" start="41" name="NN1"/>
                    <label end="52" start="50" name="VBD"/>
                    <label end="60" start="54" name="VVN"/>
                    <label end="63" start="62" name="PRP"/>
                    <label end="69" start="65" name="AJ0"/>
                    <label end="73" start="71" name="NN2"/>
                    <label end="77" start="75" name="PNQ"/>
                    <label end="85" start="79" name="VVD"/>
                    <label end="88" start="87" name="PRP"/>
                    <label end="98" start="90" name="VVG"/>
                    <label end="107" start="100" name="NN2"/>
                    <label end="110" start="109" name="CJC"/>
                    <label end="113" start="112" name="PRP"/>
                    <label end="120" start="115" name="VVG"/>
                    <label end="126" start="122" name="NN2"/>
                    <label end="130" start="128" name="CJC"/>
                    <label end="134" start="132" name="PNQ"/>
                    <label end="140" start="136" name="VVD"/>
                    <label end="145" start="142" name="NN2"/>
                    <label end="148" start="147" name="PRP"/>
                    <label end="152" start="150" name="AT0"/>
                    <label end="157" start="154" name="NN1"/>
                    <label end="159" start="159" name="PUN"/>
                </layer>
            </annotationSet>
            <annotationSet cDate="01/08/2003 12:48:07 PST Wed" status="MANUAL" ID="1571621">
                <layer rank="1" name="FE"/>
                <layer rank="1" name="GF"/>
                <layer rank="1" name="PT"/>
                <layer rank="1" name="Sent"/>
                <layer rank="1" name="Other"/>
                <layer rank="1" name="Target">
                    <label cBy="103" end="107" start="100" name="Target"/>
                </layer>
                <layer rank="1" name="Noun">
                    <label end="98" start="90" name="Gov"/>
                    <label end="107" start="100" name="X"/>
                </layer>
            </annotationSet>
        </sentence>
    </subCorpus>
    <subCorpus name="N-330-s20-period">
        <sentence sentNo="0" aPos="59531815" ID="1060126">
            <text>The Puritans have closed all the theatres . </text>
            <annotationSet cDate="01/08/2003 12:48:09 PST Wed" status="UNANN" ID="1571656">
                <layer rank="1" name="BNC">
                    <label end="2" start="0" name="AT0"/>
                    <label end="11" start="4" name="NN2"/>
                    <label end="16" start="13" name="VHB"/>
                    <label end="23" start="18" name="VVN"/>
                    <label end="27" start="25" name="DT0"/>
                    <label end="31" start="29" name="AT0"/>
                    <label end="40" start="33" name="NN2"/>
                    <label end="42" start="42" name="PUN"/>
                </layer>
            </annotationSet>
            <annotationSet cDate="01/08/2003 12:48:09 PST Wed" status="MANUAL" ID="1571657">
                <layer rank="1" name="FE"/>
                <layer rank="1" name="GF"/>
                <layer rank="1" name="PT"/>
                <layer rank="1" name="Sent"/>
                <layer rank="1" name="Other"/>
                <layer rank="1" name="Target">
                    <label cBy="103" end="40" start="33" name="Target"/>
                </layer>
                <layer rank="1" name="Noun">
                    <label end="23" start="18" name="Gov"/>
                    <label end="40" start="25" name="X"/>
                </layer>
            </annotationSet>
        </sentence>
    </subCorpus>
    <subCorpus name="N-380-s20-other"/>
    <subCorpus name="N-429-s20-lcoll-operating"/>
    <subCorpus name="N-429-s20-lgov-build">
        <sentence sentNo="0" aPos="22353144" ID="1060176">
            <text>Tree built Her Majesty 's Theatre in 1897 with the huge profits from his phenomenally successful production of Trilby at the Haymarket Theatre . </text>
            <annotationSet cDate="01/08/2003 12:48:17 PST Wed" status="UNANN" ID="1571756">
                <layer rank="1" name="BNC">
                    <label end="3" start="0" name="NN1"/>
                    <label end="9" start="5" name="VVD-VVN"/>
                    <label end="13" start="11" name="DPS"/>
                    <label end="21" start="15" name="NN1-NP0"/>
                    <label end="24" start="23" name="POS"/>
                    <label end="32" start="26" name="NN1-NP0"/>
                    <label end="35" start="34" name="PRP"/>
                    <label end="40" start="37" name="CRD"/>
                    <label end="45" start="42" name="PRP"/>
                    <label end="49" start="47" name="AT0"/>
                    <label end="54" start="51" name="AJ0"/>
                    <label end="62" start="56" name="NN2"/>
                    <label end="67" start="64" name="PRP"/>
                    <label end="71" start="69" name="DPS"/>
                    <label end="84" start="73" name="AV0"/>
                    <label end="95" start="86" name="AJ0"/>
                    <label end="106" start="97" name="NN1"/>
                    <label end="109" start="108" name="PRF"/>
                    <label end="116" start="111" name="NN1-NP0"/>
                    <label end="119" start="118" name="PRP"/>
                    <label end="123" start="121" name="AT0"/>
                    <label end="133" start="125" name="NN1-NP0"/>
                    <label end="141" start="135" name="NP0"/>
                    <label end="143" start="143" name="PUN"/>
                </layer>
            </annotationSet>
            <annotationSet cDate="01/08/2003 12:48:17 PST Wed" status="MANUAL" ID="1571757">
                <layer rank="1" name="FE"/>
                <layer rank="1" name="GF"/>
                <layer rank="1" name="PT"/>
                <layer rank="1" name="Sent"/>
                <layer rank="1" name="Other"/>
                <layer rank="1" name="Target">
                    <label cBy="103" end="32" start="26" name="Target"/>
                </layer>
                <layer rank="1" name="Noun">
                    <label end="9" start="5" name="Gov"/>
                    <label end="32" start="11" name="X"/>
                </layer>
            </annotationSet>
        </sentence>
        <sentence sentNo="0" aPos="67894100" ID="1060178">
            <text>As a speculative venture he built the Old Ropery Theatre in the 1740s . </text>
            <annotationSet cDate="01/08/2003 12:48:18 PST Wed" status="UNANN" ID="1571760">
                <layer rank="1" name="BNC">
                    <label end="1" start="0" name="CJS-PRP"/>
                    <label end="3" start="3" name="AT0"/>
                    <label end="15" start="5" name="AJ0"/>
                    <label end="23" start="17" name="NN1"/>
                    <label end="26" start="25" name="PNP"/>
                    <label end="32" start="28" name="VVD"/>
                    <label end="36" start="34" name="AT0"/>
                    <label end="40" start="38" name="AJ0"/>
                    <label end="47" start="42" name="NP0"/>
                    <label end="55" start="49" name="NN1-NP0"/>
                    <label end="58" start="57" name="PRP"/>
                    <label end="62" start="60" name="AT0"/>
                    <label end="68" start="64" name="CRD"/>
                    <label end="70" start="70" name="PUN"/>
                </layer>
            </annotationSet>
            <annotationSet cDate="01/08/2003 12:48:18 PST Wed" status="MANUAL" ID="1571761">
                <layer rank="1" name="FE"/>
                <layer rank="1" name="GF"/>
                <layer rank="1" name="PT"/>
                <layer rank="1" name="Sent"/>
                <layer rank="1" name="Other"/>
                <layer rank="1" name="Target">
                    <label cBy="103" end="55" start="49" name="Target"/>
                </layer>
                <layer rank="1" name="Noun">
                    <label end="55" start="34" name="X"/>
                    <label end="32" start="28" name="Gov"/>
                </layer>
            </annotationSet>
        </sentence>
        <sentence sentNo="0" aPos="103622804" ID="1060181">
            <text>He brought with him from England a legendary reputation as an actor manager and his dream was to build the most modern theatre ever seen in Belfast . </text>
            <annotationSet cDate="01/08/2003 12:48:18 PST Wed" status="UNANN" ID="1571766">
                <layer rank="1" name="BNC">
                    <label end="1" start="0" name="PNP"/>
                    <label end="9" start="3" name="VVD"/>
                    <label end="14" start="11" name="PRP"/>
                    <label end="18" start="16" name="PNP"/>
                    <label end="23" start="20" name="PRP"/>
                    <label end="31" start="25" name="NP0"/>
                    <label end="33" start="33" name="AT0"/>
                    <label end="43" start="35" name="AJ0"/>
                    <label end="54" start="45" name="NN1"/>
                    <label end="57" start="56" name="PRP"/>
                    <label end="60" start="59" name="AT0"/>
                    <label end="66" start="62" name="NN1"/>
                    <label end="74" start="68" name="NN1"/>
                    <label end="78" start="76" name="CJC"/>
                    <label end="82" start="80" name="DPS"/>
                    <label end="88" start="84" name="NN1"/>
                    <label end="92" start="90" name="VBD"/>
                    <label end="95" start="94" name="TO0"/>
                    <label end="101" start="97" name="VVI"/>
                    <label end="105" start="103" name="AT0"/>
                    <label end="110" start="107" name="AV0"/>
                    <label end="117" start="112" name="AJ0"/>
                    <label end="125" start="119" name="NN1"/>
                    <label end="130" start="127" name="AV0"/>
                    <label end="135" start="132" name="VVN"/>
                    <label end="138" start="137" name="PRP"/>
                    <label end="146" start="140" name="NP0"/>
                    <label end="148" start="148" name="PUN"/>
                </layer>
            </annotationSet>
            <annotationSet cDate="01/08/2003 12:48:18 PST Wed" status="MANUAL" ID="1571767">
                <layer rank="1" name="FE"/>
                <layer rank="1" name="GF"/>
                <layer rank="1" name="PT"/>
                <layer rank="1" name="Sent"/>
                <layer rank="1" name="Other"/>
                <layer rank="1" name="Target">
                    <label cBy="103" end="125" start="119" name="Target"/>
                </layer>
                <layer rank="1" name="Noun">
                    <label end="101" start="97" name="Gov"/>
                    <label end="146" start="103" name="X"/>
                </layer>
            </annotationSet>
        </sentence>
    </subCorpus>
    <subCorpus name="N-429-s20-lgov-enter">
        <sentence sentNo="0" aPos="8440142" ID="1060183">
            <text>Then , to rub things in for the assembled paparazzi , Kylie made the photographers sign legal forms as they entered the theatre . </text>
            <annotationSet cDate="01/08/2003 12:48:18 PST Wed" status="UNANN" ID="1571770">
                <layer rank="1" name="BNC">
                    <label end="3" start="0" name="AV0"/>
                    <label end="5" start="5" name="PUN"/>
                    <label end="8" start="7" name="TO0"/>
                    <label end="12" start="10" name="VVI"/>
                    <label end="19" start="14" name="NN2"/>
                    <label end="22" start="21" name="AVP-PRP"/>
                    <label end="26" start="24" name="PRP"/>
                    <label end="30" start="28" name="AT0"/>
                    <label end="40" start="32" name="AJ0"/>
                    <label end="50" start="42" name="NN2"/>
                    <label end="52" start="52" name="PUN"/>
                    <label end="58" start="54" name="NP0"/>
                    <label end="63" start="60" name="VVD"/>
                    <label end="67" start="65" name="AT0"/>
                    <label end="81" start="69" name="NN2"/>
                    <label end="86" start="83" name="VVB"/>
                    <label end="92" start="88" name="AJ0"/>
                    <label end="98" start="94" name="NN2"/>
                    <label end="101" start="100" name="CJS"/>
                    <label end="106" start="103" name="PNP"/>
                    <label end="114" start="108" name="VVD"/>
                    <label end="118" start="116" name="AT0"/>
                    <label end="126" start="120" name="NN1"/>
                    <label end="128" start="128" name="PUN"/>
                </layer>
            </annotationSet>
            <annotationSet cDate="01/08/2003 12:48:18 PST Wed" status="MANUAL" ID="1571771">
                <layer rank="1" name="FE"/>
                <layer rank="1" name="GF"/>
                <layer rank="1" name="PT"/>
                <layer rank="1" name="Sent"/>
                <layer rank="1" name="Other"/>
                <layer rank="1" name="Target">
                    <label cBy="103" end="126" start="120" name="Target"/>
                </layer>
                <layer rank="1" name="Noun">
                    <label end="126" start="116" name="X"/>
                    <label end="114" start="108" name="Gov"/>
                </layer>
            </annotationSet>
        </sentence>
        <sentence sentNo="0" aPos="16485993" ID="1060185">
            <text>On the evening that his election to the Royal Society was announced , he entered the theatre to give his lecture to be greeted by a standing ovation . </text>
            <annotationSet cDate="01/08/2003 12:48:18 PST Wed" status="UNANN" ID="1571774">
                <layer rank="1" name="BNC">
                    <label end="1" start="0" name="PRP"/>
                    <label end="5" start="3" name="AT0"/>
                    <label end="13" start="7" name="NN1"/>
                    <label end="18" start="15" name="CJT"/>
                    <label end="22" start="20" name="DPS"/>
                    <label end="31" start="24" name="NN1"/>
                    <label end="34" start="33" name="PRP"/>
                    <label end="38" start="36" name="AT0"/>
                    <label end="44" start="40" name="AJ0"/>
                    <label end="52" start="46" name="NN0"/>
                    <label end="56" start="54" name="VBD"/>
                    <label end="66" start="58" name="VVN"/>
                    <label end="68" start="68" name="PUN"/>
                    <label end="71" start="70" name="PNP"/>
                    <label end="79" start="73" name="VVD"/>
                    <label end="83" start="81" name="AT0"/>
                    <label end="91" start="85" name="NN1"/>
                    <label end="94" start="93" name="TO0"/>
                    <label end="99" start="96" name="VVI"/>
                    <label end="103" start="101" name="DPS"/>
                    <label end="111" start="105" name="NN1-VVB"/>
                    <label end="114" start="113" name="TO0"/>
                    <label end="117" start="116" name="VBI"/>
                    <label end="125" start="119" name="VVN"/>
                    <label end="128" start="127" name="PRP"/>
                    <label end="130" start="130" name="AT0"/>
                    <label end="139" start="132" name="AJ0-NN1"/>
                    <label end="147" start="141" name="NN1"/>
                    <label end="149" start="149" name="PUN"/>
                </layer>
            </annotationSet>
            <annotationSet cDate="01/08/2003 12:48:18 PST Wed" status="MANUAL" ID="1571775">
                <layer rank="1" name="FE"/>
                <layer rank="1" name="GF"/>
                <layer rank="1" name="PT"/>
                <layer rank="1" name="Sent"/>
                <layer rank="1" name="Other"/>
                <layer rank="1" name="Target">
                    <label cBy="103" end="91" start="85" name="Target"/>
                </layer>
                <layer rank="1" name="Noun">
                    <label end="91" start="81" name="X"/>
                    <label end="79" start="73" name="Gov"/>
                </layer>
            </annotationSet>
        </sentence>
        <sentence sentNo="0" aPos="58381700" ID="1060186">
            <text>With that we swept past the woman and her friends and entered the theatre . </text>
            <annotationSet cDate="01/08/2003 12:48:19 PST Wed" status="UNANN" ID="1571776">
                <layer rank="1" name="BNC">
                    <label end="3" start="0" name="PRP"/>
                    <label end="8" start="5" name="DT0"/>
                    <label end="11" start="10" name="PNP"/>
                    <label end="17" start="13" name="VVD"/>
                    <label end="22" start="19" name="PRP"/>
                    <label end="26" start="24" name="AT0"/>
                    <label end="32" start="28" name="NN1"/>
                    <label end="36" start="34" name="CJC"/>
                    <label end="40" start="38" name="DPS"/>
                    <label end="48" start="42" name="NN2"/>
                    <label end="52" start="50" name="CJC"/>
                    <label end="60" start="54" name="VVD-VVN"/>
                    <label end="64" start="62" name="AT0"/>
                    <label end="72" start="66" name="NN1"/>
                    <label end="74" start="74" name="PUN"/>
                </layer>
            </annotationSet>
            <annotationSet cDate="01/08/2003 12:48:19 PST Wed" status="MANUAL" ID="1571777">
                <layer rank="1" name="FE"/>
                <layer rank="1" name="GF"/>
                <layer rank="1" name="PT"/>
                <layer rank="1" name="Sent"/>
                <layer rank="1" name="Other"/>
                <layer rank="1" name="Target">
                    <label cBy="103" end="72" start="66" name="Target"/>
                </layer>
                <layer rank="1" name="Noun">
                    <label end="72" start="62" name="X"/>
                    <label end="60" start="54" name="Gov"/>
                </layer>
            </annotationSet>
        </sentence>
    </subCorpus>
    <subCorpus name="N-429-s20-lgov-go">
        <sentence sentNo="0" aPos="6763409" ID="1060188">
            <text>He 'd say that he 'd suddenly remembered he had to go to the theatre with his family , or to a friend 's engagement party . </text>
            <annotationSet cDate="01/08/2003 12:48:19 PST Wed" status="UNANN" ID="1571780">
                <layer rank="1" name="BNC">
                    <label end="1" start="0" name="PNP"/>
                    <label end="4" start="3" name="VM0"/>
                    <label end="8" start="6" name="VVI"/>
                    <label end="13" start="10" name="CJT"/>
                    <label end="16" start="15" name="PNP"/>
                    <label end="19" start="18" name="VHD"/>
                    <label end="28" start="21" name="AV0"/>
                    <label end="39" start="30" name="VVN"/>
                    <label end="42" start="41" name="PNP"/>
                    <label end="46" start="44" name="VHD"/>
                    <label end="49" start="48" name="TO0"/>
                    <label end="52" start="51" name="VVI"/>
                    <label end="55" start="54" name="PRP"/>
                    <label end="59" start="57" name="AT0"/>
                    <label end="67" start="61" name="NN1"/>
                    <label end="72" start="69" name="PRP"/>
                    <label end="76" start="74" name="DPS"/>
                    <label end="83" start="78" name="NN0"/>
                    <label end="85" start="85" name="PUN"/>
                    <label end="88" start="87" name="CJC"/>
                    <label end="91" start="90" name="PRP"/>
                    <label end="93" start="93" name="AT0"/>
                    <label end="100" start="95" name="NN1"/>
                    <label end="103" start="102" name="POS"/>
                    <label end="114" start="105" name="NN1"/>
                    <label end="120" start="116" name="NN0"/>
                    <label end="122" start="122" name="PUN"/>
                </layer>
            </annotationSet>
            <annotationSet cDate="01/08/2003 12:48:19 PST Wed" status="MANUAL" ID="1571781">
                <layer rank="1" name="FE"/>
                <layer rank="1" name="GF"/>
                <layer rank="1" name="PT"/>
                <layer rank="1" name="Sent"/>
                <layer rank="1" name="Other"/>
                <layer rank="1" name="Target">
                    <label cBy="103" end="67" start="61" name="Target"/>
                </layer>
                <layer rank="1" name="Noun">
                    <label end="67" start="54" name="X"/>
                    <label end="52" start="51" name="Gov"/>
                </layer>
            </annotationSet>
        </sentence>
        <sentence sentNo="0" aPos="25136705" ID="1060193">
            <text>To end the day we will all have dinner before going to the theatre to see a top London show . </text>
            <annotationSet cDate="01/08/2003 12:48:19 PST Wed" status="UNANN" ID="1571790">
                <layer rank="1" name="BNC">
                    <label end="1" start="0" name="TO0"/>
                    <label end="5" start="3" name="VVI"/>
                    <label end="9" start="7" name="AT0"/>
                    <label end="13" start="11" name="NN1"/>
                    <label end="16" start="15" name="PNP"/>
                    <label end="21" start="18" name="VM0"/>
                    <label end="25" start="23" name="AV0"/>
                    <label end="30" start="27" name="VHI"/>
                    <label end="37" start="32" name="NN1"/>
                    <label end="44" start="39" name="PRP"/>
                    <label end="50" start="46" name="VVG"/>
                    <label end="53" start="52" name="PRP"/>
                    <label end="57" start="55" name="AT0"/>
                    <label end="65" start="59" name="NN1"/>
                    <label end="68" start="67" name="TO0"/>
                    <label end="72" start="70" name="VVI"/>
                    <label end="74" start="74" name="AT0"/>
                    <label end="78" start="76" name="AJ0-NN1"/>
                    <label end="85" start="80" name="NP0"/>
                    <label end="90" start="87" name="NN1"/>
                    <label end="92" start="92" name="PUN"/>
                </layer>
            </annotationSet>
            <annotationSet cDate="01/08/2003 12:48:19 PST Wed" status="MANUAL" ID="1571791">
                <layer rank="1" name="FE"/>
                <layer rank="1" name="GF"/>
                <layer rank="1" name="PT"/>
                <layer rank="1" name="Sent"/>
                <layer rank="1" name="Other"/>
                <layer rank="1" name="Target">
                    <label cBy="103" end="65" start="59" name="Target"/>
                </layer>
                <layer rank="1" name="Noun">
                    <label end="65" start="52" name="X"/>
                    <label end="50" start="46" name="Gov"/>
                </layer>
            </annotationSet>
        </sentence>
        <sentence sentNo="0" aPos="38227556" ID="1060198">
            <text>Would you like to sit down for a while and then we can go to the theatre in time for the end of the play ? &quot; </text>
            <annotationSet cDate="01/08/2003 12:48:20 PST Wed" status="UNANN" ID="1571800">
                <layer rank="1" name="BNC">
                    <label end="4" start="0" name="VM0"/>
                    <label end="8" start="6" name="PNP"/>
                    <label end="13" start="10" name="VVI"/>
                    <label end="16" start="15" name="TO0"/>
                    <label end="20" start="18" name="VVI"/>
                    <label end="25" start="22" name="AVP"/>
                    <label end="29" start="27" name="PRP"/>
                    <label end="31" start="31" name="AT0"/>
                    <label end="37" start="33" name="NN1"/>
                    <label end="41" start="39" name="CJC"/>
                    <label end="46" start="43" name="AV0"/>
                    <label end="49" start="48" name="PNP"/>
                    <label end="53" start="51" name="VM0"/>
                    <label end="56" start="55" name="VVI"/>
                    <label end="59" start="58" name="PRP"/>
                    <label end="63" start="61" name="AT0"/>
                    <label end="71" start="65" name="NN1"/>
                    <label end="74" start="73" name="PRP"/>
                    <label end="79" start="76" name="NN1"/>
                    <label end="83" start="81" name="PRP"/>
                    <label end="87" start="85" name="AT0"/>
                    <label end="91" start="89" name="NN1"/>
                    <label end="94" start="93" name="PRF"/>
                    <label end="98" start="96" name="AT0"/>
                    <label end="103" start="100" name="NN1"/>
                    <label end="105" start="105" name="PUN"/>
                    <label end="107" start="107" name="PUQ"/>
                </layer>
            </annotationSet>
            <annotationSet cDate="01/08/2003 12:48:20 PST Wed" status="MANUAL" ID="1571801">
                <layer rank="1" name="FE"/>
                <layer rank="1" name="GF"/>
                <layer rank="1" name="PT"/>
                <layer rank="1" name="Sent"/>
                <layer rank="1" name="Other"/>
                <layer rank="1" name="Target">
                    <label cBy="103" end="71" start="65" name="Target"/>
                </layer>
                <layer rank="1" name="Noun">
                    <label end="71" start="58" name="X"/>
                    <label end="56" start="55" name="Gov"/>
                </layer>
            </annotationSet>
        </sentence>
    </subCorpus>
    <subCorpus name="N-429-s20-lgov-leave">
        <sentence sentNo="0" aPos="25593820" ID="1060212">
            <text>We ca n't wait to leave this theatre , this atmosphere , this trap . </text>
            <annotationSet cDate="01/08/2003 12:48:22 PST Wed" status="UNANN" ID="1571828">
                <layer rank="1" name="BNC">
                    <label end="1" start="0" name="PNP"/>
                    <label end="4" start="3" name="VM0"/>
                    <label end="8" start="6" name="XX0"/>
                    <label end="13" start="10" name="VVI"/>
                    <label end="16" start="15" name="TO0"/>
                    <label end="22" start="18" name="VVI"/>
                    <label end="27" start="24" name="DT0"/>
                    <label end="35" start="29" name="NN1"/>
                    <label end="37" start="37" name="PUN"/>
                    <label end="42" start="39" name="DT0"/>
                    <label end="53" start="44" name="NN1"/>
                    <label end="55" start="55" name="PUN"/>
                    <label end="60" start="57" name="DT0"/>
                    <label end="65" start="62" name="NN1"/>
                    <label end="67" start="67" name="PUN"/>
                </layer>
            </annotationSet>
            <annotationSet cDate="01/08/2003 12:48:22 PST Wed" status="MANUAL" ID="1571829">
                <layer rank="1" name="FE"/>
                <layer rank="1" name="GF"/>
                <layer rank="1" name="PT"/>
                <layer rank="1" name="Sent"/>
                <layer rank="1" name="Other"/>
                <layer rank="1" name="Target">
                    <label cBy="103" end="35" start="29" name="Target"/>
                </layer>
                <layer rank="1" name="Noun">
                    <label end="35" start="24" name="X"/>
                    <label end="22" start="18" name="Gov"/>
                </layer>
            </annotationSet>
        </sentence>
        <sentence sentNo="0" aPos="37182418" ID="1060216">
            <text>It was much later when Hari , with William at her side and her empty basket swinging on her arm , left the theatre . </text>
            <annotationSet cDate="01/08/2003 12:48:22 PST Wed" status="UNANN" ID="1571836">
                <layer rank="1" name="BNC">
                    <label end="1" start="0" name="PNP"/>
                    <label end="5" start="3" name="VBD"/>
                    <label end="10" start="7" name="AV0"/>
                    <label end="16" start="12" name="AJC"/>
                    <label end="21" start="18" name="AVQ-CJS"/>
                    <label end="26" start="23" name="NP0"/>
                    <label end="28" start="28" name="PUN"/>
                    <label end="33" start="30" name="PRP"/>
                    <label end="41" start="35" name="NP0"/>
                    <label end="44" start="43" name="PRP"/>
                    <label end="48" start="46" name="DPS"/>
                    <label end="53" start="50" name="NN1"/>
                    <label end="57" start="55" name="CJC"/>
                    <label end="61" start="59" name="DPS"/>
                    <label end="67" start="63" name="AJ0"/>
                    <label end="74" start="69" name="NN1"/>
                    <label end="83" start="76" name="VVG"/>
                    <label end="86" start="85" name="PRP"/>
                    <label end="90" start="88" name="DPS"/>
                    <label end="94" start="92" name="NN1"/>
                    <label end="96" start="96" name="PUN"/>
                    <label end="101" start="98" name="VVD-VVN"/>
                    <label end="105" start="103" name="AT0"/>
                    <label end="113" start="107" name="NN1"/>
                    <label end="115" start="115" name="PUN"/>
                </layer>
            </annotationSet>
            <annotationSet cDate="01/08/2003 12:48:22 PST Wed" status="MANUAL" ID="1571837">
                <layer rank="1" name="FE"/>
                <layer rank="1" name="GF"/>
                <layer rank="1" name="PT"/>
                <layer rank="1" name="Sent"/>
                <layer rank="1" name="Other"/>
                <layer rank="1" name="Target">
                    <label cBy="103" end="113" start="107" name="Target"/>
                </layer>
                <layer rank="1" name="Noun">
                    <label end="113" start="103" name="X"/>
                    <label end="101" start="98" name="Gov"/>
                </layer>
            </annotationSet>
        </sentence>
        <sentence sentNo="0" aPos="57727076" ID="1060219">
            <text>As we were leaving the theatre , we had to wait for Dad to shake hands in the foyer with some dignitaries . </text>
            <annotationSet cDate="01/08/2003 12:48:23 PST Wed" status="UNANN" ID="1571842">
                <layer rank="1" name="BNC">
                    <label end="1" start="0" name="CJS"/>
                    <label end="4" start="3" name="PNP"/>
                    <label end="9" start="6" name="VBD"/>
                    <label end="17" start="11" name="VVG"/>
                    <label end="21" start="19" name="AT0"/>
                    <label end="29" start="23" name="NN1"/>
                    <label end="31" start="31" name="PUN"/>
                    <label end="34" start="33" name="PNP"/>
                    <label end="38" start="36" name="VHD"/>
                    <label end="41" start="40" name="TO0"/>
                    <label end="46" start="43" name="VVI"/>
                    <label end="50" start="48" name="PRP"/>
                    <label end="54" start="52" name="NP0"/>
                    <label end="57" start="56" name="TO0"/>
                    <label end="63" start="59" name="VVI"/>
                    <label end="69" start="65" name="NN2"/>
                    <label end="72" start="71" name="PRP"/>
                    <label end="76" start="74" name="AT0"/>
                    <label end="82" start="78" name="NN1"/>
                    <label end="87" start="84" name="PRP"/>
                    <label end="92" start="89" name="DT0"/>
                    <label end="104" start="94" name="NN2"/>
                    <label end="106" start="106" name="PUN"/>
                </layer>
            </annotationSet>
            <annotationSet cDate="01/08/2003 12:48:23 PST Wed" status="MANUAL" ID="1571843">
                <layer rank="1" name="FE"/>
                <layer rank="1" name="GF"/>
                <layer rank="1" name="PT"/>
                <layer rank="1" name="Sent"/>
                <layer rank="1" name="Other"/>
                <layer rank="1" name="Target">
                    <label cBy="103" end="29" start="23" name="Target"/>
                </layer>
                <layer rank="1" name="Noun">
                    <label end="29" start="19" name="X"/>
                    <label end="17" start="11" name="Gov"/>
                </layer>
            </annotationSet>
        </sentence>
    </subCorpus>
    <subCorpus name="N-429-s20-lgov-shut">
        <sentence sentNo="0" aPos="339499" ID="1060228">
            <text>Police would shut the theatre and I 'm not having that . &quot; </text>
            <annotationSet cDate="01/08/2003 12:48:24 PST Wed" status="UNANN" ID="1571860">
                <layer rank="1" name="BNC">
                    <label end="5" start="0" name="NN2"/>
                    <label end="11" start="7" name="VM0"/>
                    <label end="16" start="13" name="VVI"/>
                    <label end="20" start="18" name="AT0"/>
                    <label end="28" start="22" name="NN1"/>
                    <label end="32" start="30" name="CJC"/>
                    <label end="34" start="34" name="PNP"/>
                    <label end="37" start="36" name="VBB"/>
                    <label end="41" start="39" name="XX0"/>
                    <label end="48" start="43" name="VHG"/>
                    <label end="53" start="50" name="DT0"/>
                    <label end="55" start="55" name="PUN"/>
                    <label end="57" start="57" name="PUQ"/>
                </layer>
            </annotationSet>
            <annotationSet cDate="01/08/2003 12:48:24 PST Wed" status="MANUAL" ID="1571861">
                <layer rank="1" name="FE"/>
                <layer rank="1" name="GF"/>
                <layer rank="1" name="PT"/>
                <layer rank="1" name="Sent"/>
                <layer rank="1" name="Other"/>
                <layer rank="1" name="Target">
                    <label cBy="103" end="28" start="22" name="Target"/>
                </layer>
                <layer rank="1" name="Noun">
                    <label end="28" start="18" name="X"/>
                    <label end="16" start="13" name="Gov"/>
                </layer>
            </annotationSet>
        </sentence>
    </subCorpus>
    <subCorpus name="N-429-s20-lgov-work">
        <sentence sentNo="0" aPos="21413206" ID="1060236">
            <text>He works night and day in the theatre , for the theatre , does n't he ? </text>
            <annotationSet cDate="01/08/2003 12:48:25 PST Wed" status="UNANN" ID="1571876">
                <layer rank="1" name="BNC">
                    <label end="1" start="0" name="PNP"/>
                    <label end="7" start="3" name="VVZ"/>
                    <label end="13" start="9" name="NN1"/>
                    <label end="17" start="15" name="CJC"/>
                    <label end="21" start="19" name="NN1"/>
                    <label end="24" start="23" name="PRP"/>
                    <label end="28" start="26" name="AT0"/>
                    <label end="36" start="30" name="NN1"/>
                    <label end="38" start="38" name="PUN"/>
                    <label end="42" start="40" name="PRP"/>
                    <label end="46" start="44" name="AT0"/>
                    <label end="54" start="48" name="NN1"/>
                    <label end="56" start="56" name="PUN"/>
                    <label end="61" start="58" name="VDZ"/>
                    <label end="65" start="63" name="XX0"/>
                    <label end="68" start="67" name="PNP"/>
                    <label end="70" start="70" name="PUN"/>
                </layer>
            </annotationSet>
            <annotationSet cDate="01/08/2003 12:48:25 PST Wed" status="MANUAL" ID="1571877">
                <layer rank="1" name="FE"/>
                <layer rank="1" name="GF"/>
                <layer rank="1" name="PT"/>
                <layer rank="1" name="Sent"/>
                <layer rank="1" name="Other"/>
                <layer rank="1" name="Target">
                    <label cBy="103" end="36" start="30" name="Target"/>
                </layer>
                <layer rank="1" name="Noun">
                    <label end="7" start="3" name="Gov"/>
                    <label end="36" start="23" name="X"/>
                </layer>
            </annotationSet>
        </sentence>
        <sentence sentNo="0" aPos="59531609" ID="1060241">
            <text>I worked with him in the theatre , through the good times and the bad times . </text>
            <annotationSet cDate="01/08/2003 12:48:27 PST Wed" status="UNANN" ID="1571886">
                <layer rank="1" name="BNC">
                    <label end="0" start="0" name="PNP"/>
                    <label end="7" start="2" name="VVD"/>
                    <label end="12" start="9" name="PRP"/>
                    <label end="16" start="14" name="PNP"/>
                    <label end="19" start="18" name="PRP"/>
                    <label end="23" start="21" name="AT0"/>
                    <label end="31" start="25" name="NN1"/>
                    <label end="33" start="33" name="PUN"/>
                    <label end="41" start="35" name="PRP"/>
                    <label end="45" start="43" name="AT0"/>
                    <label end="50" start="47" name="AJ0"/>
                    <label end="56" start="52" name="NN2"/>
                    <label end="60" start="58" name="CJC"/>
                    <label end="64" start="62" name="AT0"/>
                    <label end="68" start="66" name="AJ0"/>
                    <label end="74" start="70" name="NN2"/>
                    <label end="76" start="76" name="PUN"/>
                </layer>
            </annotationSet>
            <annotationSet cDate="01/08/2003 12:48:27 PST Wed" status="MANUAL" ID="1571887">
                <layer rank="1" name="FE"/>
                <layer rank="1" name="GF"/>
                <layer rank="1" name="PT"/>
                <layer rank="1" name="Sent"/>
                <layer rank="1" name="Other"/>
                <layer rank="1" name="Target">
                    <label cBy="103" end="31" start="25" name="Target"/>
                </layer>
                <layer rank="1" name="Noun">
                    <label end="31" start="18" name="X"/>
                    <label end="7" start="2" name="Gov"/>
                </layer>
            </annotationSet>
        </sentence>
    </subCorpus>
    <subCorpus name="N-429-s20-rgov-build">
        <sentence sentNo="0" aPos="12104471" ID="1060252">
            <text>The theatre was built on the site of the old church of Santa Maria della Scala which had been founded in 1381 by Beatrice della Scala , wife of Bernabo Visconti . </text>
            <annotationSet cDate="01/08/2003 12:48:29 PST Wed" status="UNANN" ID="1571908">
                <layer rank="1" name="BNC">
                    <label end="2" start="0" name="AT0"/>
                    <label end="10" start="4" name="NN1"/>
                    <label end="14" start="12" name="VBD"/>
                    <label end="20" start="16" name="VVN"/>
                    <label end="23" start="22" name="PRP"/>
                    <label end="27" start="25" name="AT0"/>
                    <label end="32" start="29" name="NN1"/>
                    <label end="35" start="34" name="PRF"/>
                    <label end="39" start="37" name="AT0"/>
                    <label end="43" start="41" name="AJ0"/>
                    <label end="50" start="45" name="NN1"/>
                    <label end="53" start="52" name="PRF"/>
                    <label end="59" start="55" name="NP0"/>
                    <label end="65" start="61" name="NP0"/>
                    <label end="71" start="67" name="NN1"/>
                    <label end="77" start="73" name="NN1-NP0"/>
                    <label end="83" start="79" name="DTQ"/>
                    <label end="87" start="85" name="VHD"/>
                    <label end="92" start="89" name="VBN"/>
                    <label end="100" start="94" name="VVN"/>
                    <label end="103" start="102" name="PRP"/>
                    <label end="108" start="105" name="CRD"/>
                    <label end="111" start="110" name="PRP"/>
                    <label end="120" start="113" name="NP0"/>
                    <label end="126" start="122" name="NN1"/>
                    <label end="132" start="128" name="NN1-NP0"/>
                    <label end="134" start="134" name="PUN"/>
                    <label end="139" start="136" name="NN1"/>
                    <label end="142" start="141" name="PRF"/>
                    <label end="150" start="144" name="NN1-NP0"/>
                    <label end="159" start="152" name="NN1-NP0"/>
                    <label end="161" start="161" name="PUN"/>
                </layer>
            </annotationSet>
            <annotationSet cDate="01/08/2003 12:48:29 PST Wed" status="MANUAL" ID="1571909">
                <layer rank="1" name="FE"/>
                <layer rank="1" name="GF"/>
                <layer rank="1" name="PT"/>
                <layer rank="1" name="Sent"/>
                <layer rank="1" name="Other"/>
                <layer rank="1" name="Target">
                    <label cBy="103" end="10" start="4" name="Target"/>
                </layer>
                <layer rank="1" name="Noun">
                    <label end="10" start="0" name="X"/>
                    <label end="20" start="16" name="Gov"/>
                </layer>
            </annotationSet>
        </sentence>
        <sentence sentNo="0" aPos="92181281" ID="1060258">
            <text>The theatres at Side and Aspendos were built on Roman lines in the second century A.D. At Side the theatre is supported on barrel-vaulted sub-structures . </text>
            <annotationSet cDate="01/08/2003 12:48:29 PST Wed" status="UNANN" ID="1571920">
                <layer rank="1" name="BNC">
                    <label end="2" start="0" name="AT0"/>
                    <label end="11" start="4" name="NN2"/>
                    <label end="14" start="13" name="PRP"/>
                    <label end="19" start="16" name="NN1"/>
                    <label end="23" start="21" name="CJC"/>
                    <label end="32" start="25" name="NP0"/>
                    <label end="37" start="34" name="VBD"/>
                    <label end="43" start="39" name="VVN"/>
                    <label end="46" start="45" name="PRP"/>
                    <label end="52" start="48" name="AJ0"/>
                    <label end="58" start="54" name="NN2"/>
                    <label end="61" start="60" name="PRP"/>
                    <label end="65" start="63" name="AT0"/>
                    <label end="72" start="67" name="ORD"/>
                    <label end="80" start="74" name="NN1"/>
                    <label end="85" start="82" name="AV0"/>
                    <label end="88" start="87" name="PRP"/>
                    <label end="93" start="90" name="NN1"/>
                    <label end="97" start="95" name="AT0"/>
                    <label end="105" start="99" name="NN1"/>
                    <label end="108" start="107" name="VBZ"/>
                    <label end="118" start="110" name="VVN"/>
                    <label end="121" start="120" name="PRP"/>
                    <label end="136" start="123" name="AJ0"/>
                    <label end="151" start="138" name="NN2"/>
                    <label end="153" start="153" name="PUN"/>
                </layer>
            </annotationSet>
            <annotationSet cDate="01/08/2003 12:48:30 PST Wed" status="MANUAL" ID="1571921">
                <layer rank="1" name="FE"/>
                <layer rank="1" name="GF"/>
                <layer rank="1" name="PT"/>
                <layer rank="1" name="Sent"/>
                <layer rank="1" name="Other"/>
                <layer rank="1" name="Target">
                    <label cBy="103" end="11" start="4" name="Target"/>
                </layer>
                <layer rank="1" name="Noun">
                    <label end="32" start="0" name="X"/>
                    <label end="43" start="39" name="Gov"/>
                </layer>
            </annotationSet>
        </sentence>
        <sentence sentNo="0" aPos="106702580" ID="1060261">
            <text>The theatre 's position is also being reviewed because of the competition from the new Festival Theatre , which is being built on the site of the Empire on Nicholson Street . </text>
            <annotationSet cDate="01/08/2003 12:48:30 PST Wed" status="UNANN" ID="1571926">
                <layer rank="1" name="BNC">
                    <label end="2" start="0" name="AT0"/>
                    <label end="10" start="4" name="NN1"/>
                    <label end="13" start="12" name="POS"/>
                    <label end="22" start="15" name="NN1"/>
                    <label end="25" start="24" name="VBZ"/>
                    <label end="30" start="27" name="AV0"/>
                    <label end="36" start="32" name="VBG"/>
                    <label end="45" start="38" name="VVN"/>
                    <label end="53" start="47" name="PRP"/>
                    <label end="56" start="55" name="PRP"/>
                    <label end="60" start="58" name="AT0"/>
                    <label end="72" start="62" name="NN1"/>
                    <label end="77" start="74" name="PRP"/>
                    <label end="81" start="79" name="AT0"/>
                    <label end="85" start="83" name="AJ0"/>
                    <label end="94" start="87" name="NN1"/>
                    <label end="102" start="96" name="NN1-NP0"/>
                    <label end="104" start="104" name="PUN"/>
                    <label end="110" start="106" name="DTQ"/>
                    <label end="113" start="112" name="VBZ"/>
                    <label end="119" start="115" name="VBG"/>
                    <label end="125" start="121" name="VVN"/>
                    <label end="128" start="127" name="PRP"/>
                    <label end="132" start="130" name="AT0"/>
                    <label end="137" start="134" name="NN1"/>
                    <label end="140" start="139" name="PRF"/>
                    <label end="144" start="142" name="AT0"/>
                    <label end="151" start="146" name="NN1"/>
                    <label end="154" start="153" name="PRP"/>
                    <label end="164" start="156" name="NP0"/>
                    <label end="171" start="166" name="NP0"/>
                    <label end="173" start="173" name="PUN"/>
                </layer>
            </annotationSet>
            <annotationSet cDate="01/08/2003 12:48:30 PST Wed" status="MANUAL" ID="1571927">
                <layer rank="1" name="FE"/>
                <layer rank="1" name="GF"/>
                <layer rank="1" name="PT"/>
                <layer rank="1" name="Sent"/>
                <layer rank="1" name="Other">
                    <label end="102" start="79" name="Ant"/>
                    <label end="110" start="106" name="Rel"/>
                </layer>
                <layer rank="1" name="Target">
                    <label cBy="103" end="102" start="96" name="Target"/>
                </layer>
                <layer rank="1" name="Noun">
                    <label end="102" start="79" name="X"/>
                    <label end="125" start="121" name="Gov"/>
                    <label end="110" start="106" name="X"/>
                </layer>
            </annotationSet>
        </sentence>
    </subCorpus>
    <subCorpus name="N-429-s20-rgov-stand"/>
</lexUnit>