<?xml version="1.0" encoding="UTF-8" standalone="yes"?>
<?xml-stylesheet type="text/xsl" href="lexUnit.xsl"?>
<lexUnit status="Needs_SCs" POS="A" name="blue.a" ID="7155" frame="Emotion_directed" frameID="46" totalAnnotated="2" xsi:schemaLocation="../schema/lexUnit.xsd" xmlns="http://framenet.icsi.berkeley.edu" xmlns:xsi="http://www.w3.org/2001/XMLSchema-instance">
    <header>
        <frame>
            <FE fgColor="FFFFFF" bgColor="00BFFF" type="Extra-Thematic" abbrev="cir" name="Circumstances"/>
            <FE fgColor="FFFFFF" bgColor="FF69B4" type="Peripheral" abbrev="Degr" name="Degree"/>
            <FE fgColor="FFFFFF" bgColor="0000FF" type="Extra-Thematic" abbrev="ET" name="Empathy_target"/>
            <FE fgColor="FFFFFF" bgColor="A52A2A" type="Core" abbrev="Event" name="Event"/>
            <FE fgColor="FFFFFF" bgColor="800080" type="Core" abbrev="Exp" name="Experiencer"/>
            <FE fgColor="FFFFFF" bgColor="008000" type="Core" abbrev="Exr" name="Expressor"/>
            <FE fgColor="000000" bgColor="7FFF00" type="Extra-Thematic" abbrev="" name="Frequency"/>
            <FE fgColor="FFFFFF" bgColor="FF00FF" type="Peripheral" abbrev="" name="Manner"/>
            <FE fgColor="FFFFFF" bgColor="2E8B57" type="Peripheral" abbrev="" name="Parameter"/>
            <FE fgColor="FFFFFF" bgColor="00008B" type="Extra-Thematic" abbrev="Reas" name="Reason"/>
            <FE fgColor="FFFFFF" bgColor="9F79EE" type="Core" abbrev="State" name="State"/>
            <FE fgColor="FFFFFF" bgColor="FF0000" type="Core" abbrev="Stim" name="Stimulus"/>
            <FE fgColor="FFFFFF" bgColor="FFA500" type="Core" abbrev="Top" name="Topic"/>
        </frame>
    </header>
    <definition>COD: melancholy, sad, or depressed. </definition>
    <lexeme POS="A" name="blue"/>
    <valences>
        <FERealization total="1">
            <FE name="Degree"/>
            <pattern total="1">
                <valenceUnit GF="Dep" PT="AVP" FE="Degree"/>
                <annoSet ID="1597073"/>
            </pattern>
        </FERealization>
        <FERealization total="1">
            <FE name="Experiencer"/>
            <pattern total="1">
                <valenceUnit GF="Ext" PT="NP" FE="Experiencer"/>
                <annoSet ID="1597073"/>
            </pattern>
        </FERealization>
        <FERealization total="1">
            <FE name="Expressor"/>
            <pattern total="1">
                <valenceUnit GF="Head" PT="N" FE="Expressor"/>
                <annoSet ID="1597007"/>
            </pattern>
        </FERealization>
        <FEGroupRealization total="1">
            <FE name="Degree"/>
            <FE name="Experiencer"/>
            <pattern total="1">
                <valenceUnit GF="Dep" PT="AVP" FE="Degree"/>
                <valenceUnit GF="Ext" PT="NP" FE="Experiencer"/>
                <annoSet ID="1597073"/>
            </pattern>
        </FEGroupRealization>
        <FEGroupRealization total="1">
            <FE name="Expressor"/>
            <pattern total="1">
                <valenceUnit GF="Head" PT="N" FE="Expressor"/>
                <annoSet ID="1597007"/>
            </pattern>
        </FEGroupRealization>
    </valences>
    <subCorpus name="A-001-s20-lcoll-extremely"/>
    <subCorpus name="A-001-s20-lcoll-very"/>
    <subCorpus name="A-001-s20-lgov-become">
        <sentence sentNo="0" aPos="100657424" ID="1072801">
            <text>Suddenly becoming aware of his blue gaze being levelled in her direction , she turned a smile into a cough , and promptly spilled coffee into the saucer . </text>
            <annotationSet cDate="01/08/2003 01:19:09 PST Wed" status="UNANN" ID="1597006">
                <layer rank="1" name="BNC">
                    <label end="7" start="0" name="AV0"/>
                    <label end="16" start="9" name="VVG"/>
                    <label end="22" start="18" name="AJ0"/>
                    <label end="25" start="24" name="PRF"/>
                    <label end="29" start="27" name="DPS"/>
                    <label end="34" start="31" name="AJ0"/>
                    <label end="39" start="36" name="NN1"/>
                    <label end="45" start="41" name="VBG"/>
                    <label end="54" start="47" name="VVN"/>
                    <label end="57" start="56" name="PRP"/>
                    <label end="61" start="59" name="DPS"/>
                    <label end="71" start="63" name="NN1"/>
                    <label end="73" start="73" name="PUN"/>
                    <label end="77" start="75" name="PNP"/>
                    <label end="84" start="79" name="VVD"/>
                    <label end="86" start="86" name="AT0"/>
                    <label end="92" start="88" name="NN1"/>
                    <label end="97" start="94" name="PRP"/>
                    <label end="99" start="99" name="AT0"/>
                    <label end="105" start="101" name="NN1"/>
                    <label end="107" start="107" name="PUN"/>
                    <label end="111" start="109" name="CJC"/>
                    <label end="120" start="113" name="AV0"/>
                    <label end="128" start="122" name="AJ0"/>
                    <label end="135" start="130" name="NN1"/>
                    <label end="140" start="137" name="PRP"/>
                    <label end="144" start="142" name="AT0"/>
                    <label end="151" start="146" name="NN1"/>
                    <label end="153" start="153" name="PUN"/>
                </layer>
            </annotationSet>
            <annotationSet cDate="01/08/2003 01:19:09 PST Wed" status="MANUAL" ID="1597007">
                <layer rank="1" name="FE">
                    <label cBy="618" feID="1893" end="39" start="36" name="Expressor"/>
                </layer>
                <layer rank="1" name="GF">
                    <label end="39" start="36" name="Head"/>
                </layer>
                <layer rank="1" name="PT">
                    <label end="39" start="36" name="N"/>
                </layer>
                <layer rank="1" name="Sent"/>
                <layer rank="1" name="Other"/>
                <layer rank="1" name="Target">
                    <label cBy="103" end="34" start="31" name="Target"/>
                </layer>
                <layer rank="1" name="Adj"/>
            </annotationSet>
        </sentence>
    </subCorpus>
    <subCorpus name="A-001-s20-lgov-feel"/>
    <subCorpus name="A-001-s20-lgov-get"/>
    <subCorpus name="A-001-s20-lgov-seem">
        <sentence sentNo="0" aPos="65960835" ID="1072834">
            <text>I felt that she was quite distressed by the birth -- she seemed drowsy and a bit blue . </text>
            <annotationSet cDate="01/08/2003 01:19:13 PST Wed" status="UNANN" ID="1597072">
                <layer rank="1" name="BNC">
                    <label end="0" start="0" name="PNP"/>
                    <label end="5" start="2" name="VVD"/>
                    <label end="10" start="7" name="CJT"/>
                    <label end="14" start="12" name="PNP"/>
                    <label end="18" start="16" name="VBD"/>
                    <label end="24" start="20" name="AV0"/>
                    <label end="35" start="26" name="VVN"/>
                    <label end="38" start="37" name="PRP"/>
                    <label end="42" start="40" name="AT0"/>
                    <label end="48" start="44" name="NN1"/>
                    <label end="51" start="50" name="PUN"/>
                    <label end="55" start="53" name="PNP"/>
                    <label end="62" start="57" name="VVD"/>
                    <label end="69" start="64" name="AJ0"/>
                    <label end="73" start="71" name="CJC"/>
                    <label end="75" start="75" name="AV0"/>
                    <label end="79" start="77" name="AV0"/>
                    <label end="84" start="81" name="AJ0"/>
                    <label end="86" start="86" name="PUN"/>
                </layer>
            </annotationSet>
            <annotationSet cDate="01/08/2003 01:19:13 PST Wed" status="MANUAL" ID="1597073">
                <layer rank="1" name="FE">
                    <label cBy="618" feID="194" end="55" start="53" name="Experiencer"/>
                    <label cBy="618" feID="1891" end="79" start="75" name="Degree"/>
                </layer>
                <layer rank="1" name="GF">
                    <label end="55" start="53" name="Ext"/>
                    <label end="79" start="75" name="Dep"/>
                </layer>
                <layer rank="1" name="PT">
                    <label end="55" start="53" name="NP"/>
                    <label end="79" start="75" name="AVP"/>
                </layer>
                <layer rank="1" name="Sent"/>
                <layer rank="1" name="Other"/>
                <layer rank="1" name="Target">
                    <label cBy="103" end="84" start="81" name="Target"/>
                </layer>
                <layer rank="1" name="Adj">
                    <label end="62" start="57" name="Cop"/>
                </layer>
            </annotationSet>
        </sentence>
    </subCorpus>
    <subCorpus name="A-060-s20-vpto"/>
    <subCorpus name="A-070-s20-sthat"/>
    <subCorpus name="A-080-s20-sfin"/>
    <subCorpus name="A-090-s20-wh"/>
    <subCorpus name="A-100-s20-ppabout"/>
    <subCorpus name="A-100-s20-ppat"/>
    <subCorpus name="A-100-s20-ppfor"/>
    <subCorpus name="A-100-s20-ppin"/>
    <subCorpus name="A-100-s20-ppto"/>
    <subCorpus name="A-100-s20-ppwith"/>
    <subCorpus name="A-110-s20-ppother"/>
    <subCorpus name="A-160-s20-pother"/>
    <subCorpus name="A-170-s20-prenom"/>
    <subCorpus name="A-180-s20-punct"/>
    <subCorpus name="A-190-s20-other"/>
</lexUnit>