<?xml version="1.0" encoding="UTF-8" standalone="yes"?>
<?xml-stylesheet type="text/xsl" href="lexUnit.xsl"?>
<lexUnit status="Finished_Initial" POS="A" name="flummoxed.a" ID="7146" frame="Emotion_directed" frameID="46" totalAnnotated="4" xsi:schemaLocation="../schema/lexUnit.xsd" xmlns="http://framenet.icsi.berkeley.edu" xmlns:xsi="http://www.w3.org/2001/XMLSchema-instance">
    <header>
        <frame>
            <FE fgColor="FFFFFF" bgColor="00BFFF" type="Extra-Thematic" abbrev="cir" name="Circumstances"/>
            <FE fgColor="FFFFFF" bgColor="FF69B4" type="Peripheral" abbrev="Degr" name="Degree"/>
            <FE fgColor="FFFFFF" bgColor="0000FF" type="Extra-Thematic" abbrev="ET" name="Empathy_target"/>
            <FE fgColor="FFFFFF" bgColor="A52A2A" type="Core" abbrev="Event" name="Event"/>
            <FE fgColor="FFFFFF" bgColor="800080" type="Core" abbrev="Exp" name="Experiencer"/>
            <FE fgColor="FFFFFF" bgColor="008000" type="Core" abbrev="Exr" name="Expressor"/>
            <FE fgColor="000000" bgColor="7FFF00" type="Extra-Thematic" abbrev="" name="Frequency"/>
            <FE fgColor="FFFFFF" bgColor="FF00FF" type="Peripheral" abbrev="" name="Manner"/>
            <FE fgColor="FFFFFF" bgColor="2E8B57" type="Peripheral" abbrev="" name="Parameter"/>
            <FE fgColor="FFFFFF" bgColor="00008B" type="Extra-Thematic" abbrev="Reas" name="Reason"/>
            <FE fgColor="FFFFFF" bgColor="9F79EE" type="Core" abbrev="State" name="State"/>
            <FE fgColor="FFFFFF" bgColor="FF0000" type="Core" abbrev="Stim" name="Stimulus"/>
            <FE fgColor="FFFFFF" bgColor="FFA500" type="Core" abbrev="Top" name="Topic"/>
        </frame>
    </header>
    <definition>FN: bewildered or perplexed</definition>
    <lexeme POS="A" name="flummoxed"/>
    <valences>
        <FERealization total="1">
            <FE name="Circumstances"/>
            <pattern total="1">
                <valenceUnit GF="Dep" PT="Sinterrog" FE="Circumstances"/>
                <annoSet ID="1595921"/>
            </pattern>
        </FERealization>
        <FERealization total="2">
            <FE name="Degree"/>
            <pattern total="2">
                <valenceUnit GF="Dep" PT="AVP" FE="Degree"/>
                <annoSet ID="1595921"/>
                <annoSet ID="1595935"/>
            </pattern>
        </FERealization>
        <FERealization total="4">
            <FE name="Experiencer"/>
            <pattern total="4">
                <valenceUnit GF="Ext" PT="NP" FE="Experiencer"/>
                <annoSet ID="1595921"/>
                <annoSet ID="1595929"/>
                <annoSet ID="1595935"/>
                <annoSet ID="1595941"/>
            </pattern>
        </FERealization>
        <FERealization total="1">
            <FE name="Reason"/>
            <pattern total="1">
                <valenceUnit GF="Dep" PT="Sub" FE="Reason"/>
                <annoSet ID="1595935"/>
            </pattern>
        </FERealization>
        <FERealization total="1">
            <FE name="Stimulus"/>
            <pattern total="1">
                <valenceUnit GF="Dep" PT="PP[at]" FE="Stimulus"/>
                <annoSet ID="1595935"/>
            </pattern>
        </FERealization>
        <FEGroupRealization total="1">
            <FE name="Circumstances"/>
            <FE name="Degree"/>
            <FE name="Experiencer"/>
            <pattern total="1">
                <valenceUnit GF="Dep" PT="Sinterrog" FE="Circumstances"/>
                <valenceUnit GF="Dep" PT="AVP" FE="Degree"/>
                <valenceUnit GF="Ext" PT="NP" FE="Experiencer"/>
                <annoSet ID="1595921"/>
            </pattern>
        </FEGroupRealization>
        <FEGroupRealization total="1">
            <FE name="Degree"/>
            <FE name="Experiencer"/>
            <FE name="Reason"/>
            <FE name="Stimulus"/>
            <pattern total="1">
                <valenceUnit GF="Dep" PT="AVP" FE="Degree"/>
                <valenceUnit GF="Ext" PT="NP" FE="Experiencer"/>
                <valenceUnit GF="Dep" PT="Sub" FE="Reason"/>
                <valenceUnit GF="Dep" PT="PP[at]" FE="Stimulus"/>
                <annoSet ID="1595935"/>
            </pattern>
        </FEGroupRealization>
        <FEGroupRealization total="2">
            <FE name="Experiencer"/>
            <pattern total="2">
                <valenceUnit GF="Ext" PT="NP" FE="Experiencer"/>
                <annoSet ID="1595929"/>
                <annoSet ID="1595941"/>
            </pattern>
        </FEGroupRealization>
    </valences>
    <subCorpus name="A-001-all">
        <sentence sentNo="0" aPos="25189425" ID="1072258">
            <text>In addition it was not surprising that Mr A was totally flummoxed when suddenly there is no voice and somebody begins to make faces instead . </text>
            <annotationSet cDate="01/08/2003 01:17:51 PST Wed" status="UNANN" ID="1595920">
                <layer rank="1" name="BNC">
                    <label end="1" start="0" name="AV0"/>
                    <label end="10" start="3" name="AV0"/>
                    <label end="13" start="12" name="PNP"/>
                    <label end="17" start="15" name="VBD"/>
                    <label end="21" start="19" name="XX0"/>
                    <label end="32" start="23" name="AJ0"/>
                    <label end="37" start="34" name="CJT"/>
                    <label end="40" start="39" name="NP0"/>
                    <label end="42" start="42" name="ZZ0"/>
                    <label end="46" start="44" name="VBD"/>
                    <label end="54" start="48" name="AV0"/>
                    <label end="64" start="56" name="AJ0-VVN"/>
                    <label end="69" start="66" name="AVQ-CJS"/>
                    <label end="78" start="71" name="AV0"/>
                    <label end="84" start="80" name="EX0"/>
                    <label end="87" start="86" name="VBZ"/>
                    <label end="90" start="89" name="AT0"/>
                    <label end="96" start="92" name="NN1"/>
                    <label end="100" start="98" name="CJC"/>
                    <label end="109" start="102" name="PNI"/>
                    <label end="116" start="111" name="VVZ"/>
                    <label end="119" start="118" name="TO0"/>
                    <label end="124" start="121" name="VVI"/>
                    <label end="130" start="126" name="NN2"/>
                    <label end="138" start="132" name="AV0"/>
                    <label end="140" start="140" name="PUN"/>
                </layer>
            </annotationSet>
            <annotationSet cDate="01/08/2003 01:17:51 PST Wed" status="MANUAL" ID="1595921">
                <layer rank="1" name="FE">
                    <label cBy="618" feID="194" end="42" start="39" name="Experiencer"/>
                    <label cBy="618" feID="1891" end="54" start="48" name="Degree"/>
                    <label cBy="618" feID="3470" end="138" start="66" name="Circumstances"/>
                </layer>
                <layer rank="1" name="GF">
                    <label end="42" start="39" name="Ext"/>
                    <label end="54" start="48" name="Dep"/>
                    <label end="138" start="66" name="Dep"/>
                </layer>
                <layer rank="1" name="PT">
                    <label end="42" start="39" name="NP"/>
                    <label end="54" start="48" name="AVP"/>
                    <label end="138" start="66" name="Sinterrog"/>
                </layer>
                <layer rank="1" name="Sent"/>
                <layer rank="1" name="Other"/>
                <layer rank="1" name="Target">
                    <label cBy="103" end="64" start="56" name="Target"/>
                </layer>
                <layer rank="1" name="Adj">
                    <label end="46" start="44" name="Cop"/>
                </layer>
            </annotationSet>
        </sentence>
        <sentence sentNo="0" aPos="57116939" ID="1072262">
            <text>Nicholson , already a little confused by the claret , was flummoxed . </text>
            <annotationSet cDate="01/08/2003 01:17:53 PST Wed" status="UNANN" ID="1595928">
                <layer rank="1" name="BNC">
                    <label end="8" start="0" name="NN1-NP0"/>
                    <label end="10" start="10" name="PUN"/>
                    <label end="18" start="12" name="AV0"/>
                    <label end="20" start="20" name="AV0"/>
                    <label end="27" start="22" name="AV0"/>
                    <label end="36" start="29" name="VVD-VVN"/>
                    <label end="39" start="38" name="PRP"/>
                    <label end="43" start="41" name="AT0"/>
                    <label end="50" start="45" name="NN1"/>
                    <label end="52" start="52" name="PUN"/>
                    <label end="56" start="54" name="VBD"/>
                    <label end="66" start="58" name="VVN"/>
                    <label end="68" start="68" name="PUN"/>
                </layer>
            </annotationSet>
            <annotationSet cDate="01/08/2003 01:17:53 PST Wed" status="MANUAL" ID="1595929">
                <layer rank="1" name="FE">
                    <label cBy="618" feID="194" end="8" start="0" name="Experiencer"/>
                </layer>
                <layer rank="1" name="GF">
                    <label end="8" start="0" name="Ext"/>
                </layer>
                <layer rank="1" name="PT">
                    <label end="8" start="0" name="NP"/>
                </layer>
                <layer rank="1" name="Sent"/>
                <layer rank="1" name="Other"/>
                <layer rank="1" name="Target">
                    <label cBy="103" end="66" start="58" name="Target"/>
                </layer>
                <layer rank="1" name="Adj">
                    <label end="56" start="54" name="Cop"/>
                </layer>
            </annotationSet>
        </sentence>
        <sentence sentNo="0" aPos="64879911" ID="1072265">
            <text>But he was a bit flummoxed at the reality of Nuadu , because nobody had ever told him how to address a bastard of the Ireland 's Royal House . </text>
            <annotationSet cDate="01/08/2003 01:17:54 PST Wed" status="UNANN" ID="1595934">
                <layer rank="1" name="BNC">
                    <label end="2" start="0" name="CJC"/>
                    <label end="5" start="4" name="PNP"/>
                    <label end="9" start="7" name="VBD"/>
                    <label end="11" start="11" name="AV0"/>
                    <label end="15" start="13" name="AV0"/>
                    <label end="25" start="17" name="VVD-VVN"/>
                    <label end="28" start="27" name="PRP"/>
                    <label end="32" start="30" name="AT0"/>
                    <label end="40" start="34" name="NN1"/>
                    <label end="43" start="42" name="PRF"/>
                    <label end="49" start="45" name="NN1-NP0"/>
                    <label end="51" start="51" name="PUN"/>
                    <label end="59" start="53" name="CJS"/>
                    <label end="66" start="61" name="PNI"/>
                    <label end="70" start="68" name="VHD"/>
                    <label end="75" start="72" name="AV0"/>
                    <label end="80" start="77" name="VVN"/>
                    <label end="84" start="82" name="PNP"/>
                    <label end="88" start="86" name="AVQ"/>
                    <label end="91" start="90" name="TO0"/>
                    <label end="99" start="93" name="VVI"/>
                    <label end="101" start="101" name="AT0"/>
                    <label end="109" start="103" name="NN1"/>
                    <label end="112" start="111" name="PRF"/>
                    <label end="116" start="114" name="AT0"/>
                    <label end="124" start="118" name="NP0"/>
                    <label end="127" start="126" name="POS"/>
                    <label end="133" start="129" name="AJ0"/>
                    <label end="139" start="135" name="NN1"/>
                    <label end="141" start="141" name="PUN"/>
                </layer>
            </annotationSet>
            <annotationSet cDate="01/08/2003 01:17:54 PST Wed" status="MANUAL" ID="1595935">
                <layer rank="1" name="FE">
                    <label cBy="618" feID="194" end="5" start="4" name="Experiencer"/>
                    <label cBy="618" feID="1891" end="15" start="11" name="Degree"/>
                    <label cBy="618" feID="197" end="49" start="27" name="Stimulus"/>
                    <label cBy="618" feID="3469" end="139" start="53" name="Reason"/>
                </layer>
                <layer rank="1" name="GF">
                    <label end="5" start="4" name="Ext"/>
                    <label end="15" start="11" name="Dep"/>
                    <label end="49" start="27" name="Dep"/>
                    <label end="139" start="53" name="Dep"/>
                </layer>
                <layer rank="1" name="PT">
                    <label end="5" start="4" name="NP"/>
                    <label end="15" start="11" name="AVP"/>
                    <label end="49" start="27" name="PP"/>
                    <label end="139" start="53" name="Sub"/>
                </layer>
                <layer rank="1" name="Sent"/>
                <layer rank="1" name="Other"/>
                <layer rank="1" name="Target">
                    <label cBy="103" end="25" start="17" name="Target"/>
                </layer>
                <layer rank="1" name="Adj">
                    <label end="9" start="7" name="Cop"/>
                </layer>
            </annotationSet>
        </sentence>
        <sentence sentNo="0" aPos="67127770" ID="1072268">
            <text>I had sent kidneys to the laboratory for lead estimation with negative result ; like their owner , I was flummoxed . </text>
            <annotationSet cDate="01/08/2003 01:17:55 PST Wed" status="UNANN" ID="1595940">
                <layer rank="1" name="BNC">
                    <label end="0" start="0" name="PNP"/>
                    <label end="4" start="2" name="VHD"/>
                    <label end="9" start="6" name="VVN"/>
                    <label end="17" start="11" name="NN2"/>
                    <label end="20" start="19" name="PRP"/>
                    <label end="24" start="22" name="AT0"/>
                    <label end="35" start="26" name="NN1"/>
                    <label end="39" start="37" name="PRP"/>
                    <label end="44" start="41" name="NN1"/>
                    <label end="55" start="46" name="NN1"/>
                    <label end="60" start="57" name="PRP"/>
                    <label end="69" start="62" name="AJ0"/>
                    <label end="76" start="71" name="NN1"/>
                    <label end="78" start="78" name="PUN"/>
                    <label end="83" start="80" name="PRP"/>
                    <label end="89" start="85" name="DPS"/>
                    <label end="95" start="91" name="NN1"/>
                    <label end="97" start="97" name="PUN"/>
                    <label end="99" start="99" name="PNP"/>
                    <label end="103" start="101" name="VBD"/>
                    <label end="113" start="105" name="VVN"/>
                    <label end="115" start="115" name="PUN"/>
                </layer>
            </annotationSet>
            <annotationSet cDate="01/08/2003 01:17:55 PST Wed" status="MANUAL" ID="1595941">
                <layer rank="1" name="FE">
                    <label cBy="618" feID="194" end="99" start="99" name="Experiencer"/>
                </layer>
                <layer rank="1" name="GF">
                    <label end="99" start="99" name="Ext"/>
                </layer>
                <layer rank="1" name="PT">
                    <label end="99" start="99" name="NP"/>
                </layer>
                <layer rank="1" name="Sent"/>
                <layer rank="1" name="Other"/>
                <layer rank="1" name="Target">
                    <label cBy="103" end="113" start="105" name="Target"/>
                </layer>
                <layer rank="1" name="Adj">
                    <label end="103" start="101" name="Cop"/>
                </layer>
            </annotationSet>
        </sentence>
    </subCorpus>
</lexUnit>