<?xml version="1.0" encoding="UTF-8" standalone="yes"?>
<?xml-stylesheet type="text/xsl" href="lexUnit.xsl"?>
<lexUnit status="Created" POS="V" name="crash.v" ID="7226" frame="Cause_impact" frameID="395" totalAnnotated="0" xsi:schemaLocation="../schema/lexUnit.xsd" xmlns="http://framenet.icsi.berkeley.edu" xmlns:xsi="http://www.w3.org/2001/XMLSchema-instance">
    <header>
        <frame>
            <FE fgColor="FFFFFF" bgColor="FF0000" type="Core" abbrev="Agt" name="Agent"/>
            <FE fgColor="FFFFFF" bgColor="7CCD73" type="Core" abbrev="Cau" name="Cause"/>
            <FE fgColor="FFFFFF" bgColor="9F79EE" type="Peripheral" abbrev="Frc" name="Force"/>
            <FE fgColor="FFFFFF" bgColor="00008B" type="Core" abbrev="Imp2" name="Impactee"/>
            <FE fgColor="FFFFFF" bgColor="0000FF" type="Core" abbrev="Imp1" name="Impactor"/>
            <FE fgColor="FFFFFF" bgColor="00BFFF" type="Core" abbrev="Imps" name="Impactors"/>
            <FE fgColor="FFFFFF" bgColor="808080" type="Peripheral" abbrev="Ins" name="Instrument"/>
            <FE fgColor="FFFFFF" bgColor="FF00FF" type="Peripheral" abbrev="Manr" name="Manner"/>
            <FE fgColor="FFFFFF" bgColor="FF69B4" type="Peripheral" abbrev="Mns" name="Means"/>
            <FE fgColor="FFFFFF" bgColor="A52A2A" type="Extra-Thematic" abbrev="P_it" name="Period_of_iterations"/>
            <FE fgColor="FFFFFF" bgColor="008000" type="Peripheral" abbrev="Place" name="Place"/>
            <FE fgColor="FFFFFF" bgColor="800080" type="Extra-Thematic" abbrev="Purp" name="Purpose"/>
            <FE fgColor="FFFFFF" bgColor="A9A9A9" type="Extra-Thematic" abbrev="Result" name="Result"/>
            <FE fgColor="FFFFFF" bgColor="9400D3" type="Peripheral" abbrev="Speed" name="Speed"/>
            <FE fgColor="000000" bgColor="7FFF00" type="Extra-Thematic" abbrev="Sub_l" name="Subregion"/>
            <FE fgColor="FFFFFF" bgColor="FFA500" type="Peripheral" abbrev="Time" name="Time"/>
        </frame>
    </header>
    <definition>FN: direct an object (esp. a motor vehicle) so that it collides noisily with something, generally resulting in damage.</definition>
    <lexeme POS="V" name="crash"/>
    <valences/>
</lexUnit>