<?xml version="1.0" encoding="UTF-8" standalone="yes"?>
<?xml-stylesheet type="text/xsl" href="lexUnit.xsl"?>
<lexUnit status="Insufficient_Attestations" POS="N" name="disconcertion.n" ID="7283" frame="Emotion_directed" frameID="46" totalAnnotated="2" xsi:schemaLocation="../schema/lexUnit.xsd" xmlns="http://framenet.icsi.berkeley.edu" xmlns:xsi="http://www.w3.org/2001/XMLSchema-instance">
    <header>
        <frame>
            <FE fgColor="FFFFFF" bgColor="00BFFF" type="Extra-Thematic" abbrev="cir" name="Circumstances"/>
            <FE fgColor="FFFFFF" bgColor="FF69B4" type="Peripheral" abbrev="Degr" name="Degree"/>
            <FE fgColor="FFFFFF" bgColor="0000FF" type="Extra-Thematic" abbrev="ET" name="Empathy_target"/>
            <FE fgColor="FFFFFF" bgColor="A52A2A" type="Core" abbrev="Event" name="Event"/>
            <FE fgColor="FFFFFF" bgColor="800080" type="Core" abbrev="Exp" name="Experiencer"/>
            <FE fgColor="FFFFFF" bgColor="008000" type="Core" abbrev="Exr" name="Expressor"/>
            <FE fgColor="000000" bgColor="7FFF00" type="Extra-Thematic" abbrev="" name="Frequency"/>
            <FE fgColor="FFFFFF" bgColor="FF00FF" type="Peripheral" abbrev="" name="Manner"/>
            <FE fgColor="FFFFFF" bgColor="2E8B57" type="Peripheral" abbrev="" name="Parameter"/>
            <FE fgColor="FFFFFF" bgColor="00008B" type="Extra-Thematic" abbrev="Reas" name="Reason"/>
            <FE fgColor="FFFFFF" bgColor="9F79EE" type="Core" abbrev="State" name="State"/>
            <FE fgColor="FFFFFF" bgColor="FF0000" type="Core" abbrev="Stim" name="Stimulus"/>
            <FE fgColor="FFFFFF" bgColor="FFA500" type="Core" abbrev="Top" name="Topic"/>
        </frame>
    </header>
    <definition>FN: the state of being disconcerted</definition>
    <lexeme POS="N" name="disconcertion"/>
    <valences>
        <FERealization total="1">
            <FE name="Circumstances"/>
            <pattern total="1">
                <valenceUnit GF="Dep" PT="AJP" FE="Circumstances"/>
                <annoSet ID="1679627"/>
            </pattern>
        </FERealization>
        <FERealization total="2">
            <FE name="Experiencer"/>
            <pattern total="2">
                <valenceUnit GF="Gen" PT="Poss" FE="Experiencer"/>
                <annoSet ID="1679627"/>
                <annoSet ID="1679629"/>
            </pattern>
        </FERealization>
        <FEGroupRealization total="1">
            <FE name="Circumstances"/>
            <FE name="Experiencer"/>
            <pattern total="1">
                <valenceUnit GF="Dep" PT="AJP" FE="Circumstances"/>
                <valenceUnit GF="Gen" PT="Poss" FE="Experiencer"/>
                <annoSet ID="1679627"/>
            </pattern>
        </FEGroupRealization>
        <FEGroupRealization total="1">
            <FE name="Experiencer"/>
            <pattern total="1">
                <valenceUnit GF="Gen" PT="Poss" FE="Experiencer"/>
                <annoSet ID="1679629"/>
            </pattern>
        </FEGroupRealization>
    </valences>
    <subCorpus name="N-001-all">
        <sentence sentNo="0" aPos="30766617" ID="1114246">
            <text>The prophecy that the chief Ringwraith will not fall ` by the hand of man &quot; , and his check when he realises Dernhelm is a woman , similarly parallels the Witches ' assurance to Macbeth and his disconcertment when told ` Macduff was from his mother 's womb/Untimely ripped . &quot; </text>
            <annotationSet cDate="01/08/2003 02:59:21 PST Wed" status="UNANN" ID="1679626">
                <layer rank="1" name="BNC">
                    <label end="2" start="0" name="AT0"/>
                    <label end="11" start="4" name="NN1"/>
                    <label end="16" start="13" name="CJT"/>
                    <label end="20" start="18" name="AT0"/>
                    <label end="26" start="22" name="AJ0-NN1"/>
                    <label end="37" start="28" name="NN1-NP0"/>
                    <label end="42" start="39" name="VM0"/>
                    <label end="46" start="44" name="XX0"/>
                    <label end="51" start="48" name="VVI"/>
                    <label end="53" start="53" name="PUQ"/>
                    <label end="56" start="55" name="PRP"/>
                    <label end="60" start="58" name="AT0"/>
                    <label end="65" start="62" name="NN1"/>
                    <label end="68" start="67" name="PRF"/>
                    <label end="72" start="70" name="NN1"/>
                    <label end="74" start="74" name="PUQ"/>
                    <label end="76" start="76" name="PUN"/>
                    <label end="80" start="78" name="CJC"/>
                    <label end="84" start="82" name="DPS"/>
                    <label end="90" start="86" name="NN1"/>
                    <label end="95" start="92" name="AVQ-CJS"/>
                    <label end="98" start="97" name="PNP"/>
                    <label end="107" start="100" name="VVZ"/>
                    <label end="116" start="109" name="NN1-NP0"/>
                    <label end="119" start="118" name="VBZ"/>
                    <label end="121" start="121" name="AT0"/>
                    <label end="127" start="123" name="NN1"/>
                    <label end="129" start="129" name="PUN"/>
                    <label end="139" start="131" name="AV0"/>
                    <label end="149" start="141" name="VVZ"/>
                    <label end="153" start="151" name="AT0"/>
                    <label end="161" start="155" name="NN2"/>
                    <label end="163" start="163" name="POS"/>
                    <label end="173" start="165" name="NN1"/>
                    <label end="176" start="175" name="PRP"/>
                    <label end="184" start="178" name="NP0"/>
                    <label end="188" start="186" name="CJC"/>
                    <label end="192" start="190" name="DPS"/>
                    <label end="207" start="194" name="NN1"/>
                    <label end="212" start="209" name="AVQ-CJS"/>
                    <label end="217" start="214" name="VVD-VVN"/>
                    <label end="219" start="219" name="PUQ"/>
                    <label end="227" start="221" name="NP0"/>
                    <label end="231" start="229" name="VBD"/>
                    <label end="236" start="233" name="PRP"/>
                    <label end="240" start="238" name="DPS"/>
                    <label end="247" start="242" name="NN1"/>
                    <label end="250" start="249" name="VBZ"/>
                    <label end="264" start="252" name="UNC"/>
                    <label end="271" start="266" name="AJ0-VVD"/>
                    <label end="273" start="273" name="PUN"/>
                    <label end="275" start="275" name="PUQ"/>
                </layer>
            </annotationSet>
            <annotationSet cDate="01/08/2003 02:59:21 PST Wed" status="MANUAL" ID="1679627">
                <layer rank="1" name="FE">
                    <label cBy="618" feID="194" end="192" start="190" name="Experiencer"/>
                    <label cBy="618" feID="3470" end="271" start="209" name="Circumstances"/>
                </layer>
                <layer rank="1" name="GF">
                    <label end="192" start="190" name="Gen"/>
                    <label end="271" start="209" name="Dep"/>
                </layer>
                <layer rank="1" name="PT">
                    <label end="192" start="190" name="Poss"/>
                    <label end="271" start="209" name="AJP"/>
                </layer>
                <layer rank="1" name="Sent"/>
                <layer rank="1" name="Other"/>
                <layer rank="1" name="Target">
                    <label cBy="103" end="207" start="194" name="Target"/>
                </layer>
                <layer rank="1" name="Noun"/>
            </annotationSet>
        </sentence>
        <sentence sentNo="0" aPos="107976005" ID="1114247">
            <text>Gouraud 's manifest disconcertion delighted Pétain , and — according to Serrigny — he “ left Châlons in complete serenity ” . </text>
            <annotationSet cDate="01/08/2003 02:59:21 PST Wed" status="UNANN" ID="1679628">
                <layer rank="1" name="BNC">
                    <label end="6" start="0" name="NN1-NP0"/>
                    <label end="9" start="8" name="POS"/>
                    <label end="18" start="11" name="AJ0"/>
                    <label end="32" start="20" name="NN1"/>
                    <label end="42" start="34" name="AJ0"/>
                    <label end="49" start="44" name="NP0"/>
                    <label end="51" start="51" name="PUN"/>
                    <label end="55" start="53" name="CJC"/>
                    <label end="57" start="57" name="PUN"/>
                    <label end="67" start="59" name="PRP"/>
                    <label end="70" start="69" name="PRP"/>
                    <label end="79" start="72" name="NP0"/>
                    <label end="81" start="81" name="PUN"/>
                    <label end="84" start="83" name="PNP"/>
                    <label end="86" start="86" name="PUQ"/>
                    <label end="91" start="88" name="VVD"/>
                    <label end="99" start="93" name="NP0"/>
                    <label end="102" start="101" name="PRP"/>
                    <label end="111" start="104" name="AJ0"/>
                    <label end="120" start="113" name="NN1"/>
                    <label end="122" start="122" name="PUQ"/>
                    <label end="124" start="124" name="PUN"/>
                </layer>
            </annotationSet>
            <annotationSet cDate="01/08/2003 02:59:21 PST Wed" status="MANUAL" ID="1679629">
                <layer rank="1" name="FE">
                    <label cBy="618" feID="194" end="9" start="0" name="Experiencer"/>
                </layer>
                <layer rank="1" name="GF">
                    <label end="9" start="0" name="Gen"/>
                </layer>
                <layer rank="1" name="PT">
                    <label end="9" start="0" name="Poss"/>
                </layer>
                <layer rank="1" name="Sent"/>
                <layer rank="1" name="Other"/>
                <layer rank="1" name="Target">
                    <label cBy="103" end="32" start="20" name="Target"/>
                </layer>
                <layer rank="1" name="Noun"/>
            </annotationSet>
        </sentence>
    </subCorpus>
</lexUnit>