<?xml version="1.0" encoding="UTF-8" standalone="yes"?>
<?xml-stylesheet type="text/xsl" href="lexUnit.xsl"?>
<lexUnit status="Finished_Initial" POS="N" name="disgruntlement.n" ID="7278" frame="Emotion_directed" frameID="46" totalAnnotated="5" xsi:schemaLocation="../schema/lexUnit.xsd" xmlns="http://framenet.icsi.berkeley.edu" xmlns:xsi="http://www.w3.org/2001/XMLSchema-instance">
    <header>
        <frame>
            <FE fgColor="FFFFFF" bgColor="00BFFF" type="Extra-Thematic" abbrev="cir" name="Circumstances"/>
            <FE fgColor="FFFFFF" bgColor="FF69B4" type="Peripheral" abbrev="Degr" name="Degree"/>
            <FE fgColor="FFFFFF" bgColor="0000FF" type="Extra-Thematic" abbrev="ET" name="Empathy_target"/>
            <FE fgColor="FFFFFF" bgColor="A52A2A" type="Core" abbrev="Event" name="Event"/>
            <FE fgColor="FFFFFF" bgColor="800080" type="Core" abbrev="Exp" name="Experiencer"/>
            <FE fgColor="FFFFFF" bgColor="008000" type="Core" abbrev="Exr" name="Expressor"/>
            <FE fgColor="000000" bgColor="7FFF00" type="Extra-Thematic" abbrev="" name="Frequency"/>
            <FE fgColor="FFFFFF" bgColor="FF00FF" type="Peripheral" abbrev="" name="Manner"/>
            <FE fgColor="FFFFFF" bgColor="2E8B57" type="Peripheral" abbrev="" name="Parameter"/>
            <FE fgColor="FFFFFF" bgColor="00008B" type="Extra-Thematic" abbrev="Reas" name="Reason"/>
            <FE fgColor="FFFFFF" bgColor="9F79EE" type="Core" abbrev="State" name="State"/>
            <FE fgColor="FFFFFF" bgColor="FF0000" type="Core" abbrev="Stim" name="Stimulus"/>
            <FE fgColor="FFFFFF" bgColor="FFA500" type="Core" abbrev="Top" name="Topic"/>
        </frame>
    </header>
    <definition>FN: the state of being disgruntled or discontented</definition>
    <lexeme POS="N" name="disgruntlement"/>
    <valences>
        <governor type="Gov" lemma="increase">
            <annoSet ID="1679371"/>
        </governor>
        <FERealization total="3">
            <FE name="Experiencer"/>
            <pattern total="1">
                <valenceUnit GF="Head" PT="N" FE="Experiencer"/>
                <annoSet ID="1679373"/>
            </pattern>
            <pattern total="1">
                <valenceUnit GF="Dep" PT="PP[of]" FE="Experiencer"/>
                <annoSet ID="1679389"/>
            </pattern>
            <pattern total="1">
                <valenceUnit GF="Gen" PT="Poss" FE="Experiencer"/>
                <annoSet ID="1679379"/>
            </pattern>
        </FERealization>
        <FERealization total="1">
            <FE name="Stimulus"/>
            <pattern total="1">
                <valenceUnit GF="Dep" PT="PP[with]" FE="Stimulus"/>
                <annoSet ID="1679381"/>
            </pattern>
        </FERealization>
        <FEGroupRealization total="3">
            <FE name="Experiencer"/>
            <pattern total="1">
                <valenceUnit GF="Head" PT="N" FE="Experiencer"/>
                <annoSet ID="1679373"/>
            </pattern>
            <pattern total="1">
                <valenceUnit GF="Dep" PT="PP[of]" FE="Experiencer"/>
                <annoSet ID="1679389"/>
            </pattern>
            <pattern total="1">
                <valenceUnit GF="Gen" PT="Poss" FE="Experiencer"/>
                <annoSet ID="1679379"/>
            </pattern>
        </FEGroupRealization>
        <FEGroupRealization total="1">
            <FE name="Stimulus"/>
            <pattern total="1">
                <valenceUnit GF="Dep" PT="PP[with]" FE="Stimulus"/>
                <annoSet ID="1679381"/>
            </pattern>
        </FEGroupRealization>
    </valences>
    <subCorpus name="N-001-all">
        <sentence sentNo="0" aPos="1957024" ID="1114118">
            <text>But freer travel to the West , which is one of the benefits Bonn extracted , also increased disgruntlement with things at home . </text>
            <annotationSet cDate="01/08/2003 02:59:02 PST Wed" status="UNANN" ID="1679370">
                <layer rank="1" name="BNC">
                    <label end="2" start="0" name="CJC"/>
                    <label end="8" start="4" name="AJC"/>
                    <label end="15" start="10" name="NN1"/>
                    <label end="18" start="17" name="PRP"/>
                    <label end="22" start="20" name="AT0"/>
                    <label end="27" start="24" name="NN1-NP0"/>
                    <label end="29" start="29" name="PUN"/>
                    <label end="35" start="31" name="DTQ"/>
                    <label end="38" start="37" name="VBZ"/>
                    <label end="42" start="40" name="CRD"/>
                    <label end="45" start="44" name="PRF"/>
                    <label end="49" start="47" name="AT0"/>
                    <label end="58" start="51" name="NN2"/>
                    <label end="63" start="60" name="NP0"/>
                    <label end="73" start="65" name="VVD"/>
                    <label end="75" start="75" name="PUN"/>
                    <label end="80" start="77" name="AV0"/>
                    <label end="90" start="82" name="AJ0-VVN"/>
                    <label end="105" start="92" name="NN1"/>
                    <label end="110" start="107" name="PRP"/>
                    <label end="117" start="112" name="NN2"/>
                    <label end="120" start="119" name="PRP"/>
                    <label end="125" start="122" name="NN1"/>
                    <label end="127" start="127" name="PUN"/>
                </layer>
            </annotationSet>
            <annotationSet cDate="01/08/2003 02:59:02 PST Wed" status="MANUAL" ID="1679371">
                <layer rank="1" name="FE"/>
                <layer rank="1" name="GF"/>
                <layer rank="1" name="PT"/>
                <layer rank="1" name="Sent"/>
                <layer rank="1" name="Other"/>
                <layer rank="1" name="Target">
                    <label cBy="103" end="105" start="92" name="Target"/>
                </layer>
                <layer rank="1" name="Noun">
                    <label end="105" start="92" name="X"/>
                    <label end="90" start="82" name="Gov"/>
                </layer>
            </annotationSet>
        </sentence>
        <sentence sentNo="0" aPos="2151624" ID="1114119">
            <text>The disgruntlement among its two million members is almost palpable . </text>
            <annotationSet cDate="01/08/2003 02:59:02 PST Wed" status="UNANN" ID="1679372">
                <layer rank="1" name="BNC">
                    <label end="2" start="0" name="AT0"/>
                    <label end="17" start="4" name="NN1"/>
                    <label end="23" start="19" name="PRP"/>
                    <label end="27" start="25" name="DPS"/>
                    <label end="31" start="29" name="CRD"/>
                    <label end="39" start="33" name="CRD"/>
                    <label end="47" start="41" name="NN2"/>
                    <label end="50" start="49" name="VBZ"/>
                    <label end="57" start="52" name="AV0"/>
                    <label end="66" start="59" name="AJ0"/>
                    <label end="68" start="68" name="PUN"/>
                </layer>
            </annotationSet>
            <annotationSet cDate="01/08/2003 02:59:02 PST Wed" status="MANUAL" ID="1679373">
                <layer rank="1" name="FE">
                    <label cBy="865" feID="194" end="47" start="19" name="Experiencer"/>
                </layer>
                <layer rank="1" name="GF">
                    <label end="47" start="19" name="Head"/>
                </layer>
                <layer rank="1" name="PT">
                    <label end="47" start="19" name="N"/>
                </layer>
                <layer rank="1" name="Sent"/>
                <layer rank="1" name="Other"/>
                <layer rank="1" name="Target">
                    <label cBy="103" end="17" start="4" name="Target"/>
                </layer>
                <layer rank="1" name="Noun"/>
            </annotationSet>
        </sentence>
        <sentence sentNo="0" aPos="29098719" ID="1114122">
            <text>Her disgruntlement arose from the now obvious fact that the prince was enamoured of Joan . </text>
            <annotationSet cDate="01/08/2003 02:59:03 PST Wed" status="UNANN" ID="1679378">
                <layer rank="1" name="BNC">
                    <label end="2" start="0" name="DPS"/>
                    <label end="17" start="4" name="NN1"/>
                    <label end="23" start="19" name="VVD"/>
                    <label end="28" start="25" name="PRP"/>
                    <label end="32" start="30" name="AT0"/>
                    <label end="36" start="34" name="AV0"/>
                    <label end="44" start="38" name="AJ0"/>
                    <label end="49" start="46" name="NN1"/>
                    <label end="54" start="51" name="CJT"/>
                    <label end="58" start="56" name="AT0"/>
                    <label end="65" start="60" name="NN1"/>
                    <label end="69" start="67" name="VBD"/>
                    <label end="79" start="71" name="AJ0-VVN"/>
                    <label end="82" start="81" name="PRF"/>
                    <label end="87" start="84" name="NP0"/>
                    <label end="89" start="89" name="PUN"/>
                </layer>
            </annotationSet>
            <annotationSet cDate="01/08/2003 02:59:03 PST Wed" status="MANUAL" ID="1679379">
                <layer rank="1" name="FE">
                    <label cBy="865" feID="194" end="2" start="0" name="Experiencer"/>
                </layer>
                <layer rank="1" name="GF">
                    <label end="2" start="0" name="Gen"/>
                </layer>
                <layer rank="1" name="PT">
                    <label end="2" start="0" name="Poss"/>
                </layer>
                <layer rank="1" name="Sent"/>
                <layer rank="1" name="Other"/>
                <layer rank="1" name="Target">
                    <label cBy="103" end="17" start="4" name="Target"/>
                </layer>
                <layer rank="1" name="Noun"/>
            </annotationSet>
        </sentence>
        <sentence sentNo="0" aPos="41138661" ID="1114123">
            <text>Nor , in the western part of the country , does disgruntlement with Mr Kohl mean gruntlement for Social Democrats . </text>
            <annotationSet cDate="01/08/2003 02:59:03 PST Wed" status="UNANN" ID="1679380">
                <layer rank="1" name="BNC">
                    <label end="2" start="0" name="CJC"/>
                    <label end="4" start="4" name="PUN"/>
                    <label end="7" start="6" name="PRP"/>
                    <label end="11" start="9" name="AT0"/>
                    <label end="19" start="13" name="AJ0"/>
                    <label end="24" start="21" name="NN1"/>
                    <label end="27" start="26" name="PRF"/>
                    <label end="31" start="29" name="AT0"/>
                    <label end="39" start="33" name="NN1"/>
                    <label end="41" start="41" name="PUN"/>
                    <label end="46" start="43" name="VDZ"/>
                    <label end="61" start="48" name="NN1"/>
                    <label end="66" start="63" name="PRP"/>
                    <label end="69" start="68" name="NP0"/>
                    <label end="74" start="71" name="NP0"/>
                    <label end="79" start="76" name="AJ0"/>
                    <label end="91" start="81" name="NN1"/>
                    <label end="95" start="93" name="PRP"/>
                    <label end="102" start="97" name="AJ0"/>
                    <label end="112" start="104" name="NN2"/>
                    <label end="114" start="114" name="PUN"/>
                </layer>
            </annotationSet>
            <annotationSet cDate="01/08/2003 02:59:03 PST Wed" status="MANUAL" ID="1679381">
                <layer rank="1" name="FE">
                    <label cBy="865" feID="197" end="74" start="63" name="Stimulus"/>
                </layer>
                <layer rank="1" name="GF">
                    <label end="74" start="63" name="Dep"/>
                </layer>
                <layer rank="1" name="PT">
                    <label end="74" start="63" name="PP"/>
                </layer>
                <layer rank="1" name="Sent"/>
                <layer rank="1" name="Other"/>
                <layer rank="1" name="Target">
                    <label cBy="103" end="61" start="48" name="Target"/>
                </layer>
                <layer rank="1" name="Noun"/>
            </annotationSet>
        </sentence>
        <sentence sentNo="0" aPos="102180064" ID="1114127">
            <text>Then there was the American sprinter Jesse Owens , who swept to victory in the Berlin Olympic Games of 1936 , much to the disgruntlement of Hitler . </text>
            <annotationSet cDate="01/08/2003 02:59:03 PST Wed" status="UNANN" ID="1679388">
                <layer rank="1" name="BNC">
                    <label end="3" start="0" name="AV0"/>
                    <label end="9" start="5" name="EX0"/>
                    <label end="13" start="11" name="VBD"/>
                    <label end="17" start="15" name="AT0"/>
                    <label end="26" start="19" name="AJ0"/>
                    <label end="35" start="28" name="NN1"/>
                    <label end="41" start="37" name="NP0"/>
                    <label end="47" start="43" name="NP0"/>
                    <label end="49" start="49" name="PUN"/>
                    <label end="53" start="51" name="PNQ"/>
                    <label end="59" start="55" name="VVD"/>
                    <label end="62" start="61" name="PRP"/>
                    <label end="70" start="64" name="NN1"/>
                    <label end="73" start="72" name="PRP"/>
                    <label end="77" start="75" name="AT0"/>
                    <label end="84" start="79" name="NP0"/>
                    <label end="92" start="86" name="AJ0"/>
                    <label end="98" start="94" name="NN2"/>
                    <label end="101" start="100" name="PRF"/>
                    <label end="106" start="103" name="CRD"/>
                    <label end="108" start="108" name="PUN"/>
                    <label end="113" start="110" name="AV0"/>
                    <label end="116" start="115" name="PRP"/>
                    <label end="120" start="118" name="AT0"/>
                    <label end="135" start="122" name="NN1"/>
                    <label end="138" start="137" name="PRF"/>
                    <label end="145" start="140" name="NP0"/>
                    <label end="147" start="147" name="PUN"/>
                </layer>
            </annotationSet>
            <annotationSet cDate="01/08/2003 02:59:03 PST Wed" status="MANUAL" ID="1679389">
                <layer rank="1" name="FE">
                    <label cBy="865" feID="194" end="145" start="137" name="Experiencer"/>
                </layer>
                <layer rank="1" name="GF">
                    <label end="145" start="137" name="Dep"/>
                </layer>
                <layer rank="1" name="PT">
                    <label end="145" start="137" name="PP"/>
                </layer>
                <layer rank="1" name="Sent"/>
                <layer rank="1" name="Other"/>
                <layer rank="1" name="Target">
                    <label cBy="103" end="135" start="122" name="Target"/>
                </layer>
                <layer rank="1" name="Noun"/>
            </annotationSet>
        </sentence>
    </subCorpus>
</lexUnit>