<?xml version="1.0" encoding="UTF-8" standalone="yes"?>
<?xml-stylesheet type="text/xsl" href="lexUnit.xsl"?>
<lexUnit status="Finished_Initial" POS="A" name="knackered.a" ID="7203" frame="Biological_urge" frameID="394" totalAnnotated="11" xsi:schemaLocation="../schema/lexUnit.xsd" xmlns="http://framenet.icsi.berkeley.edu" xmlns:xsi="http://www.w3.org/2001/XMLSchema-instance">
    <header>
        <frame>
            <FE fgColor="FFFFFF" bgColor="FF00FF" type="Peripheral" abbrev="Deg" name="Degree"/>
            <FE fgColor="FFFFFF" bgColor="006400" type="Peripheral" abbrev="Dur" name="Duration"/>
            <FE fgColor="FFFFFF" bgColor="FF0000" type="Core" abbrev="Exp" name="Experiencer"/>
            <FE fgColor="FFFFFF" bgColor="0000FF" type="Core" abbrev="Expressor" name="Expressor"/>
            <FE fgColor="FFFFFF" bgColor="9400D3" type="Peripheral" abbrev="Par" name="Parameter"/>
            <FE fgColor="FFFFFF" bgColor="008000" type="Peripheral" abbrev="Place" name="Place"/>
            <FE fgColor="FFFFFF" bgColor="A52A2A" type="Extra-Thematic" abbrev="Rea" name="Reason"/>
            <FE fgColor="FFFFFF" bgColor="00BFFF" type="Core" abbrev="Stat" name="State"/>
            <FE fgColor="FFFFFF" bgColor="FFA500" type="Peripheral" abbrev="Time" name="Time"/>
        </frame>
    </header>
    <definition>FN: extremely tired</definition>
    <lexeme POS="A" name="knackered"/>
    <valences>
        <governor type="Sup" lemma="feel">
            <annoSet ID="1617349"/>
        </governor>
        <governor type="Sup" lemma="look">
            <annoSet ID="1617309"/>
            <annoSet ID="1617323"/>
        </governor>
        <FERealization total="6">
            <FE name="Degree"/>
            <pattern total="6">
                <valenceUnit GF="Dep" PT="AVP" FE="Degree"/>
                <annoSet ID="1617271"/>
                <annoSet ID="1617273"/>
                <annoSet ID="1617277"/>
                <annoSet ID="1617287"/>
                <annoSet ID="1617309"/>
                <annoSet ID="1617313"/>
            </pattern>
            <pattern total="1">
                <valenceUnit GF="Dep" PT="VPto" FE="Degree"/>
                <annoSet ID="1617271"/>
            </pattern>
        </FERealization>
        <FERealization total="11">
            <FE name="Experiencer"/>
            <pattern total="10">
                <valenceUnit GF="Ext" PT="NP" FE="Experiencer"/>
                <annoSet ID="1617253"/>
                <annoSet ID="1617271"/>
                <annoSet ID="1617273"/>
                <annoSet ID="1617277"/>
                <annoSet ID="1617287"/>
                <annoSet ID="1617301"/>
                <annoSet ID="1617309"/>
                <annoSet ID="1617313"/>
                <annoSet ID="1617323"/>
                <annoSet ID="1617349"/>
            </pattern>
            <pattern total="1">
                <valenceUnit GF="Head" PT="N" FE="Experiencer"/>
                <annoSet ID="1617279"/>
            </pattern>
        </FERealization>
        <FERealization total="1">
            <FE name="Time"/>
            <pattern total="1">
                <valenceUnit GF="Dep" PT="Sinterrog" FE="Time"/>
                <annoSet ID="1617349"/>
            </pattern>
        </FERealization>
        <FEGroupRealization total="1">
            <FE name="Degree"/>
            <FE name="Degree"/>
            <FE name="Experiencer"/>
            <pattern total="1">
                <valenceUnit GF="Dep" PT="AVP" FE="Degree"/>
                <valenceUnit GF="Dep" PT="VPto" FE="Degree"/>
                <valenceUnit GF="Ext" PT="NP" FE="Experiencer"/>
                <annoSet ID="1617271"/>
            </pattern>
        </FEGroupRealization>
        <FEGroupRealization total="5">
            <FE name="Degree"/>
            <FE name="Experiencer"/>
            <pattern total="5">
                <valenceUnit GF="Dep" PT="AVP" FE="Degree"/>
                <valenceUnit GF="Ext" PT="NP" FE="Experiencer"/>
                <annoSet ID="1617273"/>
                <annoSet ID="1617277"/>
                <annoSet ID="1617287"/>
                <annoSet ID="1617309"/>
                <annoSet ID="1617313"/>
            </pattern>
        </FEGroupRealization>
        <FEGroupRealization total="4">
            <FE name="Experiencer"/>
            <pattern total="1">
                <valenceUnit GF="Head" PT="N" FE="Experiencer"/>
                <annoSet ID="1617279"/>
            </pattern>
            <pattern total="3">
                <valenceUnit GF="Ext" PT="NP" FE="Experiencer"/>
                <annoSet ID="1617253"/>
                <annoSet ID="1617301"/>
                <annoSet ID="1617323"/>
            </pattern>
        </FEGroupRealization>
        <FEGroupRealization total="1">
            <FE name="Experiencer"/>
            <FE name="Time"/>
            <pattern total="1">
                <valenceUnit GF="Ext" PT="NP" FE="Experiencer"/>
                <valenceUnit GF="Dep" PT="Sinterrog" FE="Time"/>
                <annoSet ID="1617349"/>
            </pattern>
        </FEGroupRealization>
    </valences>
    <subCorpus name="A-001-all">
        <sentence sentNo="0" aPos="1423406" ID="1082924">
            <text>He 'd been trotting up and down all day and he was knackered . </text>
            <annotationSet cDate="01/08/2003 01:42:49 PST Wed" status="UNANN" ID="1617252">
                <layer rank="1" name="BNC">
                    <label end="1" start="0" name="PNP"/>
                    <label end="4" start="3" name="VHD"/>
                    <label end="9" start="6" name="VBN"/>
                    <label end="18" start="11" name="VVG"/>
                    <label end="21" start="20" name="AVP"/>
                    <label end="25" start="23" name="CJC"/>
                    <label end="30" start="27" name="AVP-PRP"/>
                    <label end="34" start="32" name="DT0"/>
                    <label end="38" start="36" name="NN1"/>
                    <label end="42" start="40" name="CJC"/>
                    <label end="45" start="44" name="PNP"/>
                    <label end="49" start="47" name="VBD"/>
                    <label end="59" start="51" name="AJ0"/>
                    <label end="61" start="61" name="PUN"/>
                </layer>
            </annotationSet>
            <annotationSet cDate="01/08/2003 01:42:49 PST Wed" status="MANUAL" ID="1617253">
                <layer rank="1" name="FE">
                    <label cBy="865" feID="3520" end="45" start="44" name="Experiencer"/>
                </layer>
                <layer rank="1" name="GF">
                    <label end="45" start="44" name="Ext"/>
                </layer>
                <layer rank="1" name="PT">
                    <label end="45" start="44" name="NP"/>
                </layer>
                <layer rank="1" name="Sent"/>
                <layer rank="1" name="Other"/>
                <layer rank="1" name="Target">
                    <label cBy="103" end="59" start="51" name="Target"/>
                </layer>
                <layer rank="1" name="Adj">
                    <label end="49" start="47" name="Cop"/>
                </layer>
            </annotationSet>
        </sentence>
        <sentence sentNo="0" aPos="26077270" ID="1082933">
            <text>But this year , by the time I get through all the British news , I 'm too knackered to even glance at the latest adventures of Glistenin' Bill Clinton . </text>
            <annotationSet cDate="01/08/2003 01:42:50 PST Wed" status="UNANN" ID="1617270">
                <layer rank="1" name="BNC">
                    <label end="2" start="0" name="CJC"/>
                    <label end="7" start="4" name="DT0"/>
                    <label end="12" start="9" name="NN1"/>
                    <label end="14" start="14" name="PUN"/>
                    <label end="17" start="16" name="PRP"/>
                    <label end="21" start="19" name="AT0"/>
                    <label end="26" start="23" name="NN1"/>
                    <label end="28" start="28" name="PNP"/>
                    <label end="32" start="30" name="VVB"/>
                    <label end="40" start="34" name="PRP"/>
                    <label end="44" start="42" name="DT0"/>
                    <label end="48" start="46" name="AT0"/>
                    <label end="56" start="50" name="AJ0"/>
                    <label end="61" start="58" name="NN1"/>
                    <label end="63" start="63" name="PUN"/>
                    <label end="65" start="65" name="PNP"/>
                    <label end="68" start="67" name="VBB"/>
                    <label end="72" start="70" name="AV0"/>
                    <label end="82" start="74" name="AJ0"/>
                    <label end="85" start="84" name="TO0"/>
                    <label end="90" start="87" name="AV0"/>
                    <label end="97" start="92" name="VVI"/>
                    <label end="100" start="99" name="PRP"/>
                    <label end="104" start="102" name="AT0"/>
                    <label end="111" start="106" name="AJS"/>
                    <label end="122" start="113" name="NN2"/>
                    <label end="125" start="124" name="PRF"/>
                    <label end="136" start="127" name="NP0"/>
                    <label end="141" start="138" name="NP0"/>
                    <label end="149" start="143" name="NP0"/>
                    <label end="151" start="151" name="PUN"/>
                </layer>
            </annotationSet>
            <annotationSet cDate="01/08/2003 01:42:50 PST Wed" status="MANUAL" ID="1617271">
                <layer rank="1" name="FE">
                    <label cBy="865" feID="3520" end="65" start="65" name="Experiencer"/>
                    <label cBy="865" feID="3519" end="72" start="70" name="Degree"/>
                    <label cBy="865" feID="3519" end="149" start="84" name="Degree"/>
                </layer>
                <layer rank="1" name="GF">
                    <label end="65" start="65" name="Ext"/>
                    <label end="72" start="70" name="Dep"/>
                    <label end="149" start="84" name="Dep"/>
                </layer>
                <layer rank="1" name="PT">
                    <label end="65" start="65" name="NP"/>
                    <label end="72" start="70" name="AVP"/>
                    <label end="149" start="84" name="VPto"/>
                </layer>
                <layer rank="1" name="Sent"/>
                <layer rank="1" name="Other"/>
                <layer rank="1" name="Target">
                    <label cBy="103" end="82" start="74" name="Target"/>
                </layer>
                <layer rank="1" name="Adj">
                    <label end="68" start="67" name="Cop"/>
                </layer>
            </annotationSet>
        </sentence>
        <sentence sentNo="0" aPos="26593721" ID="1082934">
            <text>I was utterly knackered . </text>
            <annotationSet cDate="01/08/2003 01:42:50 PST Wed" status="UNANN" ID="1617272">
                <layer rank="1" name="BNC">
                    <label end="0" start="0" name="PNP"/>
                    <label end="4" start="2" name="VBD"/>
                    <label end="12" start="6" name="AV0"/>
                    <label end="22" start="14" name="AJ0-VVN"/>
                    <label end="24" start="24" name="PUN"/>
                </layer>
            </annotationSet>
            <annotationSet cDate="01/08/2003 01:42:50 PST Wed" status="MANUAL" ID="1617273">
                <layer rank="1" name="FE">
                    <label cBy="865" feID="3520" end="0" start="0" name="Experiencer"/>
                    <label cBy="865" feID="3519" end="12" start="6" name="Degree"/>
                </layer>
                <layer rank="1" name="GF">
                    <label end="0" start="0" name="Ext"/>
                    <label end="12" start="6" name="Dep"/>
                </layer>
                <layer rank="1" name="PT">
                    <label end="0" start="0" name="NP"/>
                    <label end="12" start="6" name="AVP"/>
                </layer>
                <layer rank="1" name="Sent"/>
                <layer rank="1" name="Other"/>
                <layer rank="1" name="Target">
                    <label cBy="103" end="22" start="14" name="Target"/>
                </layer>
                <layer rank="1" name="Adj">
                    <label end="4" start="2" name="Cop"/>
                </layer>
            </annotationSet>
        </sentence>
        <sentence sentNo="0" aPos="29388517" ID="1082936">
            <text>“ I 'm pretty knackered . </text>
            <annotationSet cDate="01/08/2003 01:42:50 PST Wed" status="UNANN" ID="1617276">
                <layer rank="1" name="BNC">
                    <label end="0" start="0" name="PUQ"/>
                    <label end="2" start="2" name="PNP"/>
                    <label end="5" start="4" name="VBB"/>
                    <label end="12" start="7" name="AV0"/>
                    <label end="22" start="14" name="AJ0-VVN"/>
                    <label end="24" start="24" name="PUN"/>
                </layer>
            </annotationSet>
            <annotationSet cDate="01/08/2003 01:42:50 PST Wed" status="MANUAL" ID="1617277">
                <layer rank="1" name="FE">
                    <label cBy="865" feID="3520" end="2" start="2" name="Experiencer"/>
                    <label cBy="865" feID="3519" end="12" start="7" name="Degree"/>
                </layer>
                <layer rank="1" name="GF">
                    <label end="2" start="2" name="Ext"/>
                    <label end="12" start="7" name="Dep"/>
                </layer>
                <layer rank="1" name="PT">
                    <label end="2" start="2" name="NP"/>
                    <label end="12" start="7" name="AVP"/>
                </layer>
                <layer rank="1" name="Sent"/>
                <layer rank="1" name="Other"/>
                <layer rank="1" name="Target">
                    <label cBy="103" end="22" start="14" name="Target"/>
                </layer>
                <layer rank="1" name="Adj">
                    <label end="5" start="4" name="Cop"/>
                </layer>
            </annotationSet>
        </sentence>
        <sentence sentNo="0" aPos="32025965" ID="1082937">
            <text>I speak , of course , of Mike Teague -- once of England , British Lions and Gloucester , who became a battered , knackered cripple . </text>
            <annotationSet cDate="01/08/2003 01:42:51 PST Wed" status="UNANN" ID="1617278">
                <layer rank="1" name="BNC">
                    <label end="0" start="0" name="PNP"/>
                    <label end="6" start="2" name="VVB"/>
                    <label end="8" start="8" name="PUN"/>
                    <label end="11" start="10" name="AV0"/>
                    <label end="18" start="13" name="AV0"/>
                    <label end="20" start="20" name="PUN"/>
                    <label end="23" start="22" name="PRF"/>
                    <label end="28" start="25" name="NP0"/>
                    <label end="35" start="30" name="NN1-NP0"/>
                    <label end="38" start="37" name="PUN"/>
                    <label end="43" start="40" name="AV0"/>
                    <label end="46" start="45" name="PRF"/>
                    <label end="54" start="48" name="NP0"/>
                    <label end="56" start="56" name="PUN"/>
                    <label end="64" start="58" name="AJ0"/>
                    <label end="70" start="66" name="NN2"/>
                    <label end="74" start="72" name="CJC"/>
                    <label end="85" start="76" name="NP0"/>
                    <label end="87" start="87" name="PUN"/>
                    <label end="91" start="89" name="PNQ"/>
                    <label end="98" start="93" name="VVD"/>
                    <label end="100" start="100" name="AT0"/>
                    <label end="109" start="102" name="AJ0"/>
                    <label end="111" start="111" name="PUN"/>
                    <label end="121" start="113" name="AJ0"/>
                    <label end="129" start="123" name="NN1"/>
                    <label end="131" start="131" name="PUN"/>
                </layer>
            </annotationSet>
            <annotationSet cDate="01/08/2003 01:42:51 PST Wed" status="MANUAL" ID="1617279">
                <layer rank="1" name="FE">
                    <label cBy="865" feID="3520" end="129" start="123" name="Experiencer"/>
                </layer>
                <layer rank="1" name="GF">
                    <label end="129" start="123" name="Head"/>
                </layer>
                <layer rank="1" name="PT">
                    <label end="129" start="123" name="N"/>
                </layer>
                <layer rank="1" name="Sent"/>
                <layer rank="1" name="Other"/>
                <layer rank="1" name="Target">
                    <label cBy="103" end="121" start="113" name="Target"/>
                </layer>
                <layer rank="1" name="Adj"/>
            </annotationSet>
        </sentence>
        <sentence sentNo="0" aPos="35195381" ID="1082941">
            <text>After a slot-it-out 18 months , which has seen them circuiting Europe and America like Nigel Mansell switched to turbo-boost , they turn up here -- excuse the expression -- absolutely knackered . </text>
            <annotationSet cDate="01/08/2003 01:42:51 PST Wed" status="UNANN" ID="1617286">
                <layer rank="1" name="BNC">
                    <label end="4" start="0" name="CJS-PRP"/>
                    <label end="6" start="6" name="AT0"/>
                    <label end="18" start="8" name="NN1"/>
                    <label end="21" start="20" name="CRD"/>
                    <label end="28" start="23" name="NN2"/>
                    <label end="30" start="30" name="PUN"/>
                    <label end="36" start="32" name="DTQ"/>
                    <label end="40" start="38" name="VHZ"/>
                    <label end="45" start="42" name="VVN"/>
                    <label end="50" start="47" name="PNP"/>
                    <label end="61" start="52" name="VVG"/>
                    <label end="68" start="63" name="NP0"/>
                    <label end="72" start="70" name="CJC"/>
                    <label end="80" start="74" name="NP0"/>
                    <label end="85" start="82" name="PRP"/>
                    <label end="91" start="87" name="NP0"/>
                    <label end="99" start="93" name="NP0"/>
                    <label end="108" start="101" name="VVD"/>
                    <label end="111" start="110" name="PRP"/>
                    <label end="123" start="113" name="AJ0-NN1"/>
                    <label end="125" start="125" name="PUN"/>
                    <label end="130" start="127" name="PNP"/>
                    <label end="135" start="132" name="VVB"/>
                    <label end="138" start="137" name="AVP"/>
                    <label end="143" start="140" name="AV0"/>
                    <label end="146" start="145" name="PUN"/>
                    <label end="153" start="148" name="VVB"/>
                    <label end="157" start="155" name="AT0"/>
                    <label end="168" start="159" name="NN1"/>
                    <label end="171" start="170" name="PUN"/>
                    <label end="182" start="173" name="AV0"/>
                    <label end="192" start="184" name="AJ0"/>
                    <label end="194" start="194" name="PUN"/>
                </layer>
            </annotationSet>
            <annotationSet cDate="01/08/2003 01:42:51 PST Wed" status="MANUAL" ID="1617287">
                <layer rank="1" name="FE">
                    <label cBy="865" feID="3520" end="130" start="127" name="Experiencer"/>
                    <label cBy="865" feID="3519" end="182" start="173" name="Degree"/>
                </layer>
                <layer rank="1" name="GF">
                    <label end="130" start="127" name="Ext"/>
                    <label end="182" start="173" name="Dep"/>
                </layer>
                <layer rank="1" name="PT">
                    <label end="130" start="127" name="NP"/>
                    <label end="182" start="173" name="AVP"/>
                </layer>
                <layer rank="1" name="Sent"/>
                <layer rank="1" name="Other"/>
                <layer rank="1" name="Target">
                    <label cBy="103" end="192" start="184" name="Target"/>
                </layer>
                <layer rank="1" name="Adj"/>
            </annotationSet>
        </sentence>
        <sentence sentNo="0" aPos="65217674" ID="1082948">
            <text>` Sorry , ma'am , but I 'm knackered . &quot; </text>
            <annotationSet cDate="01/08/2003 01:42:52 PST Wed" status="UNANN" ID="1617300">
                <layer rank="1" name="BNC">
                    <label end="0" start="0" name="PUQ"/>
                    <label end="6" start="2" name="AJ0"/>
                    <label end="8" start="8" name="PUN"/>
                    <label end="14" start="10" name="NN1"/>
                    <label end="16" start="16" name="PUN"/>
                    <label end="20" start="18" name="CJC"/>
                    <label end="22" start="22" name="PNP"/>
                    <label end="25" start="24" name="VBB"/>
                    <label end="35" start="27" name="AJ0-VVN"/>
                    <label end="37" start="37" name="PUN"/>
                    <label end="39" start="39" name="PUQ"/>
                </layer>
            </annotationSet>
            <annotationSet cDate="01/08/2003 01:42:52 PST Wed" status="MANUAL" ID="1617301">
                <layer rank="1" name="FE">
                    <label cBy="865" feID="3520" end="22" start="22" name="Experiencer"/>
                </layer>
                <layer rank="1" name="GF">
                    <label end="22" start="22" name="Ext"/>
                </layer>
                <layer rank="1" name="PT">
                    <label end="22" start="22" name="NP"/>
                </layer>
                <layer rank="1" name="Sent"/>
                <layer rank="1" name="Other"/>
                <layer rank="1" name="Target">
                    <label cBy="103" end="35" start="27" name="Target"/>
                </layer>
                <layer rank="1" name="Adj">
                    <label end="25" start="24" name="Cop"/>
                </layer>
            </annotationSet>
        </sentence>
        <sentence sentNo="0" aPos="68838276" ID="1082952">
            <text>You look absolutely knackered . </text>
            <annotationSet cDate="01/08/2003 01:42:52 PST Wed" status="UNANN" ID="1617308">
                <layer rank="1" name="BNC">
                    <label end="2" start="0" name="PNP"/>
                    <label end="7" start="4" name="VVB"/>
                    <label end="18" start="9" name="AV0"/>
                    <label end="28" start="20" name="AJ0-VVN"/>
                    <label end="30" start="30" name="PUN"/>
                </layer>
            </annotationSet>
            <annotationSet cDate="01/08/2003 01:42:52 PST Wed" status="MANUAL" ID="1617309">
                <layer rank="1" name="FE">
                    <label cBy="865" feID="3520" end="2" start="0" name="Experiencer"/>
                    <label cBy="865" feID="3519" end="18" start="9" name="Degree"/>
                </layer>
                <layer rank="1" name="GF">
                    <label end="2" start="0" name="Ext"/>
                    <label end="18" start="9" name="Dep"/>
                </layer>
                <layer rank="1" name="PT">
                    <label end="2" start="0" name="NP"/>
                    <label end="18" start="9" name="AVP"/>
                </layer>
                <layer rank="1" name="Sent"/>
                <layer rank="1" name="Other"/>
                <layer rank="1" name="Target">
                    <label cBy="103" end="28" start="20" name="Target"/>
                </layer>
                <layer rank="1" name="Adj">
                    <label end="7" start="4" name="Supp"/>
                </layer>
            </annotationSet>
        </sentence>
        <sentence sentNo="0" aPos="72965905" ID="1082954">
            <text>` People come off a Compass tour completely knackered ! </text>
            <annotationSet cDate="01/08/2003 01:42:52 PST Wed" status="UNANN" ID="1617312">
                <layer rank="1" name="BNC">
                    <label end="0" start="0" name="PUQ"/>
                    <label end="7" start="2" name="NN0"/>
                    <label end="12" start="9" name="VVB"/>
                    <label end="16" start="14" name="AVP-PRP"/>
                    <label end="18" start="18" name="AT0"/>
                    <label end="26" start="20" name="NN1"/>
                    <label end="31" start="28" name="NN1-VVB"/>
                    <label end="42" start="33" name="AV0"/>
                    <label end="52" start="44" name="AJ0"/>
                    <label end="54" start="54" name="PUN"/>
                </layer>
            </annotationSet>
            <annotationSet cDate="01/08/2003 01:42:52 PST Wed" status="MANUAL" ID="1617313">
                <layer rank="1" name="FE">
                    <label cBy="865" feID="3520" end="7" start="2" name="Experiencer"/>
                    <label cBy="865" feID="3519" end="42" start="33" name="Degree"/>
                </layer>
                <layer rank="1" name="GF">
                    <label end="7" start="2" name="Ext"/>
                    <label end="42" start="33" name="Dep"/>
                </layer>
                <layer rank="1" name="PT">
                    <label end="7" start="2" name="NP"/>
                    <label end="42" start="33" name="AVP"/>
                </layer>
                <layer rank="1" name="Sent"/>
                <layer rank="1" name="Other"/>
                <layer rank="1" name="Target">
                    <label cBy="103" end="52" start="44" name="Target"/>
                </layer>
                <layer rank="1" name="Adj"/>
            </annotationSet>
        </sentence>
        <sentence sentNo="0" aPos="90040629" ID="1082959">
            <text>` You look knackered , Robert . &quot; </text>
            <annotationSet cDate="01/08/2003 01:42:53 PST Wed" status="UNANN" ID="1617322">
                <layer rank="1" name="BNC">
                    <label end="0" start="0" name="PUQ"/>
                    <label end="4" start="2" name="PNP"/>
                    <label end="9" start="6" name="VVB"/>
                    <label end="19" start="11" name="AJ0"/>
                    <label end="21" start="21" name="PUN"/>
                    <label end="28" start="23" name="NP0"/>
                    <label end="30" start="30" name="PUN"/>
                    <label end="32" start="32" name="PUQ"/>
                </layer>
            </annotationSet>
            <annotationSet cDate="01/08/2003 01:42:53 PST Wed" status="MANUAL" ID="1617323">
                <layer rank="1" name="FE">
                    <label cBy="865" feID="3520" end="4" start="2" name="Experiencer"/>
                </layer>
                <layer rank="1" name="GF">
                    <label end="4" start="2" name="Ext"/>
                </layer>
                <layer rank="1" name="PT">
                    <label end="4" start="2" name="NP"/>
                </layer>
                <layer rank="1" name="Sent"/>
                <layer rank="1" name="Other"/>
                <layer rank="1" name="Target">
                    <label cBy="103" end="19" start="11" name="Target"/>
                </layer>
                <layer rank="1" name="Adj">
                    <label end="9" start="6" name="Supp"/>
                </layer>
            </annotationSet>
        </sentence>
        <sentence sentNo="0" aPos="112391456" ID="1082972">
            <text>Well I said I felt knackered when they left here ! </text>
            <annotationSet cDate="01/08/2003 01:42:54 PST Wed" status="UNANN" ID="1617348">
                <layer rank="1" name="BNC">
                    <label end="3" start="0" name="AV0"/>
                    <label end="5" start="5" name="PNP"/>
                    <label end="10" start="7" name="VVD"/>
                    <label end="12" start="12" name="PNP"/>
                    <label end="17" start="14" name="VVD"/>
                    <label end="27" start="19" name="AJ0"/>
                    <label end="32" start="29" name="CJS"/>
                    <label end="37" start="34" name="PNP"/>
                    <label end="42" start="39" name="VVD"/>
                    <label end="47" start="44" name="AV0"/>
                    <label end="49" start="49" name="PUN"/>
                </layer>
            </annotationSet>
            <annotationSet cDate="01/08/2003 01:42:54 PST Wed" status="MANUAL" ID="1617349">
                <layer rank="1" name="FE">
                    <label cBy="865" feID="3520" end="12" start="12" name="Experiencer"/>
                    <label cBy="865" feID="3521" end="47" start="29" name="Time"/>
                </layer>
                <layer rank="1" name="GF">
                    <label end="12" start="12" name="Ext"/>
                    <label end="47" start="29" name="Dep"/>
                </layer>
                <layer rank="1" name="PT">
                    <label end="12" start="12" name="NP"/>
                    <label end="47" start="29" name="Sinterrog"/>
                </layer>
                <layer rank="1" name="Sent"/>
                <layer rank="1" name="Other"/>
                <layer rank="1" name="Target">
                    <label cBy="103" end="27" start="19" name="Target"/>
                </layer>
                <layer rank="1" name="Adj">
                    <label end="17" start="14" name="Supp"/>
                </layer>
            </annotationSet>
        </sentence>
    </subCorpus>
</lexUnit>