<?xml version="1.0" encoding="UTF-8" standalone="yes"?>
<?xml-stylesheet type="text/xsl" href="lexUnit.xsl"?>
<lexUnit status="Finished_Initial" POS="N" name="drowsiness.n" ID="7247" frame="Biological_urge" frameID="394" totalAnnotated="12" xsi:schemaLocation="../schema/lexUnit.xsd" xmlns="http://framenet.icsi.berkeley.edu" xmlns:xsi="http://www.w3.org/2001/XMLSchema-instance">
    <header>
        <frame>
            <FE fgColor="FFFFFF" bgColor="FF00FF" type="Peripheral" abbrev="Deg" name="Degree"/>
            <FE fgColor="FFFFFF" bgColor="006400" type="Peripheral" abbrev="Dur" name="Duration"/>
            <FE fgColor="FFFFFF" bgColor="FF0000" type="Core" abbrev="Exp" name="Experiencer"/>
            <FE fgColor="FFFFFF" bgColor="0000FF" type="Core" abbrev="Expressor" name="Expressor"/>
            <FE fgColor="FFFFFF" bgColor="9400D3" type="Peripheral" abbrev="Par" name="Parameter"/>
            <FE fgColor="FFFFFF" bgColor="008000" type="Peripheral" abbrev="Place" name="Place"/>
            <FE fgColor="FFFFFF" bgColor="A52A2A" type="Extra-Thematic" abbrev="Rea" name="Reason"/>
            <FE fgColor="FFFFFF" bgColor="00BFFF" type="Core" abbrev="Stat" name="State"/>
            <FE fgColor="FFFFFF" bgColor="FFA500" type="Peripheral" abbrev="Time" name="Time"/>
        </frame>
    </header>
    <definition>FN: tiredness</definition>
    <lexeme POS="N" name="drowsiness"/>
    <valences>
        <governor type="Gov" lemma="cause">
            <annoSet ID="1667449"/>
            <annoSet ID="1667451"/>
            <annoSet ID="1667489"/>
        </governor>
        <governor type="Gov" lemma="period">
            <annoSet ID="1667503"/>
        </governor>
        <governor type="Gov" lemma="produce">
            <annoSet ID="1667483"/>
        </governor>
        <FERealization total="2">
            <FE name="Degree"/>
            <pattern total="2">
                <valenceUnit GF="Dep" PT="AJP" FE="Degree"/>
                <annoSet ID="1667495"/>
                <annoSet ID="1667537"/>
            </pattern>
        </FERealization>
        <FERealization total="3">
            <FE name="Experiencer"/>
            <pattern total="3">
                <valenceUnit GF="Gen" PT="Poss" FE="Experiencer"/>
                <annoSet ID="1667497"/>
                <annoSet ID="1667511"/>
                <annoSet ID="1667525"/>
            </pattern>
        </FERealization>
        <FERealization total="2">
            <FE name="Time"/>
            <pattern total="2">
                <valenceUnit GF="Dep" PT="N" FE="Time"/>
                <annoSet ID="1667539"/>
                <annoSet ID="1667541"/>
            </pattern>
        </FERealization>
        <FEGroupRealization total="2">
            <FE name="Degree"/>
            <pattern total="2">
                <valenceUnit GF="Dep" PT="AJP" FE="Degree"/>
                <annoSet ID="1667495"/>
                <annoSet ID="1667537"/>
            </pattern>
        </FEGroupRealization>
        <FEGroupRealization total="3">
            <FE name="Experiencer"/>
            <pattern total="3">
                <valenceUnit GF="Gen" PT="Poss" FE="Experiencer"/>
                <annoSet ID="1667497"/>
                <annoSet ID="1667511"/>
                <annoSet ID="1667525"/>
            </pattern>
        </FEGroupRealization>
        <FEGroupRealization total="2">
            <FE name="Time"/>
            <pattern total="2">
                <valenceUnit GF="Dep" PT="N" FE="Time"/>
                <annoSet ID="1667539"/>
                <annoSet ID="1667541"/>
            </pattern>
        </FEGroupRealization>
    </valences>
    <subCorpus name="N-001-all">
        <sentence sentNo="0" aPos="3936032" ID="1108157">
            <text>It is not a good idea to sit in front of a warm fire and relax while having a quiet read as this may cause drowsiness . </text>
            <annotationSet cDate="01/08/2003 02:44:43 PST Wed" status="UNANN" ID="1667448">
                <layer rank="1" name="BNC">
                    <label end="1" start="0" name="PNP"/>
                    <label end="4" start="3" name="VBZ"/>
                    <label end="8" start="6" name="XX0"/>
                    <label end="10" start="10" name="AT0"/>
                    <label end="15" start="12" name="AJ0"/>
                    <label end="20" start="17" name="NN1"/>
                    <label end="23" start="22" name="TO0"/>
                    <label end="27" start="25" name="VVI"/>
                    <label end="30" start="29" name="PRP"/>
                    <label end="36" start="32" name="PRP"/>
                    <label end="39" start="38" name="PRP"/>
                    <label end="41" start="41" name="AT0"/>
                    <label end="46" start="43" name="AJ0"/>
                    <label end="51" start="48" name="NN1"/>
                    <label end="55" start="53" name="CJC"/>
                    <label end="61" start="57" name="NN1-VVB"/>
                    <label end="67" start="63" name="CJS"/>
                    <label end="74" start="69" name="VHG"/>
                    <label end="76" start="76" name="AT0"/>
                    <label end="82" start="78" name="AJ0-NN1"/>
                    <label end="87" start="84" name="VVN"/>
                    <label end="90" start="89" name="CJS-PRP"/>
                    <label end="95" start="92" name="DT0"/>
                    <label end="99" start="97" name="VM0"/>
                    <label end="105" start="101" name="VVI"/>
                    <label end="116" start="107" name="NN1"/>
                    <label end="118" start="118" name="PUN"/>
                </layer>
            </annotationSet>
            <annotationSet cDate="01/08/2003 02:44:43 PST Wed" status="MANUAL" ID="1667449">
                <layer rank="1" name="FE"/>
                <layer rank="1" name="GF"/>
                <layer rank="1" name="PT"/>
                <layer rank="1" name="Sent"/>
                <layer rank="1" name="Other"/>
                <layer rank="1" name="Target">
                    <label cBy="103" end="116" start="107" name="Target"/>
                </layer>
                <layer rank="1" name="Noun">
                    <label end="105" start="101" name="Gov"/>
                    <label end="116" start="107" name="X"/>
                </layer>
            </annotationSet>
        </sentence>
        <sentence sentNo="0" aPos="4455668" ID="1108158">
            <text>Make sure the ones you buy do n't cause drowsiness and avoid any combination drugs . </text>
            <annotationSet cDate="01/08/2003 02:44:43 PST Wed" status="UNANN" ID="1667450">
                <layer rank="1" name="BNC">
                    <label end="3" start="0" name="VVB"/>
                    <label end="8" start="5" name="AJ0-AV0"/>
                    <label end="12" start="10" name="AT0"/>
                    <label end="17" start="14" name="CRD-PNI"/>
                    <label end="21" start="19" name="PNP"/>
                    <label end="25" start="23" name="VVB"/>
                    <label end="28" start="27" name="VDB"/>
                    <label end="32" start="30" name="XX0"/>
                    <label end="38" start="34" name="VVI"/>
                    <label end="49" start="40" name="NN1"/>
                    <label end="53" start="51" name="CJC"/>
                    <label end="59" start="55" name="VVB"/>
                    <label end="63" start="61" name="DT0"/>
                    <label end="75" start="65" name="NN1"/>
                    <label end="81" start="77" name="NN2-VVZ"/>
                    <label end="83" start="83" name="PUN"/>
                </layer>
            </annotationSet>
            <annotationSet cDate="01/08/2003 02:44:43 PST Wed" status="MANUAL" ID="1667451">
                <layer rank="1" name="FE"/>
                <layer rank="1" name="GF"/>
                <layer rank="1" name="PT"/>
                <layer rank="1" name="Sent"/>
                <layer rank="1" name="Other"/>
                <layer rank="1" name="Target">
                    <label cBy="103" end="49" start="40" name="Target"/>
                </layer>
                <layer rank="1" name="Noun">
                    <label end="38" start="34" name="Gov"/>
                    <label end="49" start="40" name="X"/>
                </layer>
            </annotationSet>
        </sentence>
        <sentence sentNo="0" aPos="20454348" ID="1108174">
            <text>This wakes the patient up and breathing starts again , but if there are repeated attacks during the night this can produce severe fatigue and drowsiness during the following day . </text>
            <annotationSet cDate="01/08/2003 02:44:45 PST Wed" status="UNANN" ID="1667482">
                <layer rank="1" name="BNC">
                    <label end="3" start="0" name="DT0"/>
                    <label end="9" start="5" name="VVZ"/>
                    <label end="13" start="11" name="AT0"/>
                    <label end="21" start="15" name="NN1"/>
                    <label end="24" start="23" name="AVP"/>
                    <label end="28" start="26" name="CJC"/>
                    <label end="38" start="30" name="NN1-VVG"/>
                    <label end="45" start="40" name="VVZ"/>
                    <label end="51" start="47" name="AV0"/>
                    <label end="53" start="53" name="PUN"/>
                    <label end="57" start="55" name="CJC"/>
                    <label end="60" start="59" name="CJS"/>
                    <label end="66" start="62" name="EX0"/>
                    <label end="70" start="68" name="VBB"/>
                    <label end="79" start="72" name="AJ0-VVN"/>
                    <label end="87" start="81" name="NN2-VVZ"/>
                    <label end="94" start="89" name="PRP"/>
                    <label end="98" start="96" name="AT0"/>
                    <label end="104" start="100" name="NN1"/>
                    <label end="109" start="106" name="DT0"/>
                    <label end="113" start="111" name="VM0"/>
                    <label end="121" start="115" name="VVI"/>
                    <label end="128" start="123" name="AJ0"/>
                    <label end="136" start="130" name="NN1"/>
                    <label end="140" start="138" name="CJC"/>
                    <label end="151" start="142" name="NN1"/>
                    <label end="158" start="153" name="PRP"/>
                    <label end="162" start="160" name="AT0"/>
                    <label end="172" start="164" name="AJ0"/>
                    <label end="176" start="174" name="NN1"/>
                    <label end="178" start="178" name="PUN"/>
                </layer>
            </annotationSet>
            <annotationSet cDate="01/08/2003 02:44:45 PST Wed" status="MANUAL" ID="1667483">
                <layer rank="1" name="FE"/>
                <layer rank="1" name="GF"/>
                <layer rank="1" name="PT"/>
                <layer rank="1" name="Sent"/>
                <layer rank="1" name="Other"/>
                <layer rank="1" name="Target">
                    <label cBy="103" end="151" start="142" name="Target"/>
                </layer>
                <layer rank="1" name="Noun">
                    <label end="121" start="115" name="Gov"/>
                    <label end="151" start="123" name="X"/>
                </layer>
            </annotationSet>
        </sentence>
        <sentence sentNo="0" aPos="22146681" ID="1108177">
            <text>When drugs which cause drowsiness are prescribed we are frequently advised to avoid all alcohol intake because this particular quality is heightened by the synergistic effect with the alcohol . </text>
            <annotationSet cDate="01/08/2003 02:44:45 PST Wed" status="UNANN" ID="1667488">
                <layer rank="1" name="BNC">
                    <label end="3" start="0" name="AVQ-CJS"/>
                    <label end="9" start="5" name="NN2"/>
                    <label end="15" start="11" name="DTQ"/>
                    <label end="21" start="17" name="NN1-VVB"/>
                    <label end="32" start="23" name="NN1"/>
                    <label end="36" start="34" name="VBB"/>
                    <label end="47" start="38" name="VVN"/>
                    <label end="50" start="49" name="PNP"/>
                    <label end="54" start="52" name="VBB"/>
                    <label end="65" start="56" name="AV0"/>
                    <label end="73" start="67" name="VVN"/>
                    <label end="76" start="75" name="TO0"/>
                    <label end="82" start="78" name="VVI"/>
                    <label end="86" start="84" name="DT0"/>
                    <label end="94" start="88" name="NN1"/>
                    <label end="101" start="96" name="NN1"/>
                    <label end="109" start="103" name="CJS"/>
                    <label end="114" start="111" name="DT0"/>
                    <label end="125" start="116" name="AJ0"/>
                    <label end="133" start="127" name="NN1"/>
                    <label end="136" start="135" name="VBZ"/>
                    <label end="147" start="138" name="VVN"/>
                    <label end="150" start="149" name="PRP"/>
                    <label end="154" start="152" name="AT0"/>
                    <label end="166" start="156" name="AJ0"/>
                    <label end="173" start="168" name="NN1"/>
                    <label end="178" start="175" name="PRP"/>
                    <label end="182" start="180" name="AT0"/>
                    <label end="190" start="184" name="NN1"/>
                    <label end="192" start="192" name="PUN"/>
                </layer>
            </annotationSet>
            <annotationSet cDate="01/08/2003 02:44:45 PST Wed" status="MANUAL" ID="1667489">
                <layer rank="1" name="FE"/>
                <layer rank="1" name="GF"/>
                <layer rank="1" name="PT"/>
                <layer rank="1" name="Sent"/>
                <layer rank="1" name="Other"/>
                <layer rank="1" name="Target">
                    <label cBy="103" end="32" start="23" name="Target"/>
                </layer>
                <layer rank="1" name="Noun">
                    <label end="21" start="17" name="Gov"/>
                    <label end="32" start="23" name="X"/>
                </layer>
            </annotationSet>
        </sentence>
        <sentence sentNo="0" aPos="30967976" ID="1108180">
            <text>If alcohol is taken with sleeping tablets and painkillers , excessive drowsiness can result , and severe stomach upsets can be caused when alcohol is taken with drugs used for arthritis . </text>
            <annotationSet cDate="01/08/2003 02:44:46 PST Wed" status="UNANN" ID="1667494">
                <layer rank="1" name="BNC">
                    <label end="1" start="0" name="CJS"/>
                    <label end="9" start="3" name="NN1"/>
                    <label end="12" start="11" name="VBZ"/>
                    <label end="18" start="14" name="VVN"/>
                    <label end="23" start="20" name="PRP"/>
                    <label end="32" start="25" name="AJ0-VVG"/>
                    <label end="40" start="34" name="NN2"/>
                    <label end="44" start="42" name="CJC"/>
                    <label end="56" start="46" name="NN2"/>
                    <label end="58" start="58" name="PUN"/>
                    <label end="68" start="60" name="AJ0"/>
                    <label end="79" start="70" name="NN1"/>
                    <label end="83" start="81" name="VM0"/>
                    <label end="90" start="85" name="VVI"/>
                    <label end="92" start="92" name="PUN"/>
                    <label end="96" start="94" name="CJC"/>
                    <label end="103" start="98" name="AJ0"/>
                    <label end="111" start="105" name="NN1"/>
                    <label end="118" start="113" name="NN2"/>
                    <label end="122" start="120" name="VM0"/>
                    <label end="125" start="124" name="VBI"/>
                    <label end="132" start="127" name="VVN"/>
                    <label end="137" start="134" name="AVQ-CJS"/>
                    <label end="145" start="139" name="NN1"/>
                    <label end="148" start="147" name="VBZ"/>
                    <label end="154" start="150" name="VVN"/>
                    <label end="159" start="156" name="PRP"/>
                    <label end="165" start="161" name="NN2"/>
                    <label end="170" start="167" name="VVD-VVN"/>
                    <label end="174" start="172" name="PRP"/>
                    <label end="184" start="176" name="NN1"/>
                    <label end="186" start="186" name="PUN"/>
                </layer>
            </annotationSet>
            <annotationSet cDate="01/08/2003 02:44:46 PST Wed" status="MANUAL" ID="1667495">
                <layer rank="1" name="FE">
                    <label cBy="865" feID="3519" end="68" start="60" name="Degree"/>
                </layer>
                <layer rank="1" name="GF">
                    <label end="68" start="60" name="Dep"/>
                </layer>
                <layer rank="1" name="PT">
                    <label end="68" start="60" name="AJP"/>
                </layer>
                <layer rank="1" name="Sent"/>
                <layer rank="1" name="Other"/>
                <layer rank="1" name="Target">
                    <label cBy="103" end="79" start="70" name="Target"/>
                </layer>
                <layer rank="1" name="Noun"/>
            </annotationSet>
        </sentence>
        <sentence sentNo="0" aPos="33908990" ID="1108181">
            <text>Negative side effects of the drug can occur and increases in the child 's drowsiness , irritability , restlessness are noted as well as loss of appetite and headaches ( Doleys 1978 ) . </text>
            <annotationSet cDate="01/08/2003 02:44:46 PST Wed" status="UNANN" ID="1667496">
                <layer rank="1" name="BNC">
                    <label end="7" start="0" name="AJ0"/>
                    <label end="12" start="9" name="NN1"/>
                    <label end="20" start="14" name="NN2"/>
                    <label end="23" start="22" name="PRF"/>
                    <label end="27" start="25" name="AT0"/>
                    <label end="32" start="29" name="NN1"/>
                    <label end="36" start="34" name="VM0"/>
                    <label end="42" start="38" name="VVI"/>
                    <label end="46" start="44" name="CJC"/>
                    <label end="56" start="48" name="NN2-VVZ"/>
                    <label end="59" start="58" name="PRP"/>
                    <label end="63" start="61" name="AT0"/>
                    <label end="69" start="65" name="NN1"/>
                    <label end="72" start="71" name="POS"/>
                    <label end="83" start="74" name="NN1"/>
                    <label end="85" start="85" name="PUN"/>
                    <label end="98" start="87" name="NN1"/>
                    <label end="100" start="100" name="PUN"/>
                    <label end="113" start="102" name="NN1"/>
                    <label end="117" start="115" name="VBB"/>
                    <label end="123" start="119" name="VVN"/>
                    <label end="126" start="125" name="PRP"/>
                    <label end="131" start="128" name="PRP"/>
                    <label end="134" start="133" name="PRP"/>
                    <label end="139" start="136" name="NN1"/>
                    <label end="142" start="141" name="PRF"/>
                    <label end="151" start="144" name="NN1"/>
                    <label end="155" start="153" name="CJC"/>
                    <label end="165" start="157" name="NN2"/>
                    <label end="167" start="167" name="PUL"/>
                    <label end="174" start="169" name="NP0"/>
                    <label end="179" start="176" name="CRD"/>
                    <label end="181" start="181" name="PUR"/>
                    <label end="183" start="183" name="PUN"/>
                </layer>
            </annotationSet>
            <annotationSet cDate="01/08/2003 02:44:46 PST Wed" status="MANUAL" ID="1667497">
                <layer rank="1" name="FE">
                    <label cBy="865" feID="3520" end="72" start="61" name="Experiencer"/>
                </layer>
                <layer rank="1" name="GF">
                    <label end="72" start="61" name="Gen"/>
                </layer>
                <layer rank="1" name="PT">
                    <label end="72" start="61" name="Poss"/>
                </layer>
                <layer rank="1" name="Sent"/>
                <layer rank="1" name="Other"/>
                <layer rank="1" name="Target">
                    <label cBy="103" end="83" start="74" name="Target"/>
                </layer>
                <layer rank="1" name="Noun"/>
            </annotationSet>
        </sentence>
        <sentence sentNo="0" aPos="49796413" ID="1108184">
            <text>These odd experiences , typical of getting to sleep , or periods of drowsiness during the day , are not uncommon . </text>
            <annotationSet cDate="01/08/2003 02:44:46 PST Wed" status="UNANN" ID="1667502">
                <layer rank="1" name="BNC">
                    <label end="4" start="0" name="DT0"/>
                    <label end="8" start="6" name="AJ0"/>
                    <label end="20" start="10" name="NN2"/>
                    <label end="22" start="22" name="PUN"/>
                    <label end="30" start="24" name="AJ0"/>
                    <label end="33" start="32" name="PRF"/>
                    <label end="41" start="35" name="VVG"/>
                    <label end="44" start="43" name="TO0"/>
                    <label end="50" start="46" name="VVI"/>
                    <label end="52" start="52" name="PUN"/>
                    <label end="55" start="54" name="CJC"/>
                    <label end="63" start="57" name="NN2"/>
                    <label end="66" start="65" name="PRF"/>
                    <label end="77" start="68" name="NN1"/>
                    <label end="84" start="79" name="PRP"/>
                    <label end="88" start="86" name="AT0"/>
                    <label end="92" start="90" name="NN1"/>
                    <label end="94" start="94" name="PUN"/>
                    <label end="98" start="96" name="VBB"/>
                    <label end="102" start="100" name="XX0"/>
                    <label end="111" start="104" name="AJ0"/>
                    <label end="113" start="113" name="PUN"/>
                </layer>
            </annotationSet>
            <annotationSet cDate="01/08/2003 02:44:46 PST Wed" status="MANUAL" ID="1667503">
                <layer rank="1" name="FE"/>
                <layer rank="1" name="GF"/>
                <layer rank="1" name="PT"/>
                <layer rank="1" name="Sent"/>
                <layer rank="1" name="Other"/>
                <layer rank="1" name="Target">
                    <label cBy="103" end="77" start="68" name="Target"/>
                </layer>
                <layer rank="1" name="Noun">
                    <label end="63" start="57" name="Gov"/>
                    <label end="77" start="65" name="X"/>
                </layer>
            </annotationSet>
        </sentence>
        <sentence sentNo="0" aPos="56135965" ID="1108188">
            <text>If people are kept awake for long periods of time , their drowsiness lessens in the morning and comes on with increased severity in the evening . </text>
            <annotationSet cDate="01/08/2003 02:44:47 PST Wed" status="UNANN" ID="1667510">
                <layer rank="1" name="BNC">
                    <label end="1" start="0" name="CJS"/>
                    <label end="8" start="3" name="NN0"/>
                    <label end="12" start="10" name="VBB"/>
                    <label end="17" start="14" name="VVN"/>
                    <label end="23" start="19" name="VVB"/>
                    <label end="27" start="25" name="AV0"/>
                    <label end="32" start="29" name="AV0"/>
                    <label end="40" start="34" name="NN2"/>
                    <label end="43" start="42" name="PRF"/>
                    <label end="48" start="45" name="NN1"/>
                    <label end="50" start="50" name="PUN"/>
                    <label end="56" start="52" name="DPS"/>
                    <label end="67" start="58" name="NN1"/>
                    <label end="75" start="69" name="VVZ"/>
                    <label end="78" start="77" name="PRP"/>
                    <label end="82" start="80" name="AT0"/>
                    <label end="90" start="84" name="NN1"/>
                    <label end="94" start="92" name="CJC"/>
                    <label end="100" start="96" name="VVZ"/>
                    <label end="103" start="102" name="AVP"/>
                    <label end="108" start="105" name="PRP"/>
                    <label end="118" start="110" name="AJ0"/>
                    <label end="127" start="120" name="NN1"/>
                    <label end="130" start="129" name="PRP"/>
                    <label end="134" start="132" name="AT0"/>
                    <label end="142" start="136" name="NN1"/>
                    <label end="144" start="144" name="PUN"/>
                </layer>
            </annotationSet>
            <annotationSet cDate="01/08/2003 02:44:47 PST Wed" status="MANUAL" ID="1667511">
                <layer rank="1" name="FE">
                    <label cBy="865" feID="3520" end="56" start="52" name="Experiencer"/>
                </layer>
                <layer rank="1" name="GF">
                    <label end="56" start="52" name="Gen"/>
                </layer>
                <layer rank="1" name="PT">
                    <label end="56" start="52" name="Poss"/>
                </layer>
                <layer rank="1" name="Sent"/>
                <layer rank="1" name="Other"/>
                <layer rank="1" name="Target">
                    <label cBy="103" end="67" start="58" name="Target"/>
                </layer>
                <layer rank="1" name="Noun"/>
            </annotationSet>
        </sentence>
        <sentence sentNo="0" aPos="80966417" ID="1108195">
            <text>They did not stay long , because her drowsiness began to increase , and a short time later they left to go in search of Women 's Surgical , where Stella greeted them with pleased surprise . </text>
            <annotationSet cDate="01/08/2003 02:44:48 PST Wed" status="UNANN" ID="1667524">
                <layer rank="1" name="BNC">
                    <label end="3" start="0" name="PNP"/>
                    <label end="7" start="5" name="VDD"/>
                    <label end="11" start="9" name="XX0"/>
                    <label end="16" start="13" name="VVI"/>
                    <label end="21" start="18" name="AV0"/>
                    <label end="23" start="23" name="PUN"/>
                    <label end="31" start="25" name="CJS"/>
                    <label end="35" start="33" name="DPS"/>
                    <label end="46" start="37" name="NN1"/>
                    <label end="52" start="48" name="VVD"/>
                    <label end="55" start="54" name="TO0"/>
                    <label end="64" start="57" name="VVI"/>
                    <label end="66" start="66" name="PUN"/>
                    <label end="70" start="68" name="CJC"/>
                    <label end="72" start="72" name="AT0"/>
                    <label end="78" start="74" name="AJ0"/>
                    <label end="83" start="80" name="NN1"/>
                    <label end="89" start="85" name="AV0"/>
                    <label end="94" start="91" name="PNP"/>
                    <label end="99" start="96" name="VVD"/>
                    <label end="102" start="101" name="TO0"/>
                    <label end="105" start="104" name="VVI"/>
                    <label end="108" start="107" name="PRP"/>
                    <label end="115" start="110" name="PRP"/>
                    <label end="118" start="117" name="PRP"/>
                    <label end="124" start="120" name="NN2"/>
                    <label end="127" start="126" name="POS"/>
                    <label end="136" start="129" name="NP0"/>
                    <label end="138" start="138" name="PUN"/>
                    <label end="144" start="140" name="AVQ-CJS"/>
                    <label end="151" start="146" name="NP0"/>
                    <label end="159" start="153" name="VVD"/>
                    <label end="164" start="161" name="PNP"/>
                    <label end="169" start="166" name="PRP"/>
                    <label end="177" start="171" name="AJ0"/>
                    <label end="186" start="179" name="NN1"/>
                    <label end="188" start="188" name="PUN"/>
                </layer>
            </annotationSet>
            <annotationSet cDate="01/08/2003 02:44:48 PST Wed" status="MANUAL" ID="1667525">
                <layer rank="1" name="FE">
                    <label cBy="865" feID="3520" end="35" start="33" name="Experiencer"/>
                </layer>
                <layer rank="1" name="GF">
                    <label end="35" start="33" name="Gen"/>
                </layer>
                <layer rank="1" name="PT">
                    <label end="35" start="33" name="Poss"/>
                </layer>
                <layer rank="1" name="Sent"/>
                <layer rank="1" name="Other"/>
                <layer rank="1" name="Target">
                    <label cBy="103" end="46" start="37" name="Target"/>
                </layer>
                <layer rank="1" name="Noun"/>
            </annotationSet>
        </sentence>
        <sentence sentNo="0" aPos="105982519" ID="1108201">
            <text>Hypersomnia has many causes and can vary in severity from slight drowsiness to falling sound asleep . </text>
            <annotationSet cDate="01/08/2003 02:44:48 PST Wed" status="UNANN" ID="1667536">
                <layer rank="1" name="BNC">
                    <label end="10" start="0" name="NN1-NP0"/>
                    <label end="14" start="12" name="VHZ"/>
                    <label end="19" start="16" name="DT0"/>
                    <label end="26" start="21" name="NN2"/>
                    <label end="30" start="28" name="CJC"/>
                    <label end="34" start="32" name="VM0"/>
                    <label end="39" start="36" name="VVI"/>
                    <label end="42" start="41" name="PRP"/>
                    <label end="51" start="44" name="NN1"/>
                    <label end="56" start="53" name="PRP"/>
                    <label end="63" start="58" name="AJ0"/>
                    <label end="74" start="65" name="NN1"/>
                    <label end="77" start="76" name="PRP"/>
                    <label end="85" start="79" name="VVG"/>
                    <label end="91" start="87" name="AJ0-NN1"/>
                    <label end="98" start="93" name="AJ0"/>
                    <label end="100" start="100" name="PUN"/>
                </layer>
            </annotationSet>
            <annotationSet cDate="01/08/2003 02:44:48 PST Wed" status="MANUAL" ID="1667537">
                <layer rank="1" name="FE">
                    <label cBy="865" feID="3519" end="63" start="58" name="Degree"/>
                </layer>
                <layer rank="1" name="GF">
                    <label end="63" start="58" name="Dep"/>
                </layer>
                <layer rank="1" name="PT">
                    <label end="63" start="58" name="AJP"/>
                </layer>
                <layer rank="1" name="Sent"/>
                <layer rank="1" name="Other"/>
                <layer rank="1" name="Target">
                    <label cBy="103" end="74" start="65" name="Target"/>
                </layer>
                <layer rank="1" name="Noun"/>
            </annotationSet>
        </sentence>
        <sentence sentNo="0" aPos="105982726" ID="1108202">
            <text>With ` sleep apnoea &quot; ( difficulty in breathing during sleep ) , sufferers literally stop breathing about 400 times a night leading to disrupted slumbers and daytime drowsiness . </text>
            <annotationSet cDate="01/08/2003 02:44:48 PST Wed" status="UNANN" ID="1667538">
                <layer rank="1" name="BNC">
                    <label end="3" start="0" name="PRP"/>
                    <label end="5" start="5" name="PUQ"/>
                    <label end="11" start="7" name="NN1"/>
                    <label end="18" start="13" name="NN1"/>
                    <label end="20" start="20" name="PUQ"/>
                    <label end="22" start="22" name="PUL"/>
                    <label end="33" start="24" name="NN1"/>
                    <label end="36" start="35" name="PRP"/>
                    <label end="46" start="38" name="VVG"/>
                    <label end="53" start="48" name="PRP"/>
                    <label end="59" start="55" name="NN1"/>
                    <label end="61" start="61" name="PUR"/>
                    <label end="63" start="63" name="PUN"/>
                    <label end="73" start="65" name="NN2"/>
                    <label end="83" start="75" name="AV0"/>
                    <label end="88" start="85" name="VVB"/>
                    <label end="98" start="90" name="VVG"/>
                    <label end="104" start="100" name="AV0"/>
                    <label end="108" start="106" name="CRD"/>
                    <label end="114" start="110" name="NN2"/>
                    <label end="116" start="116" name="AT0"/>
                    <label end="122" start="118" name="NN1"/>
                    <label end="130" start="124" name="VVG"/>
                    <label end="133" start="132" name="PRP"/>
                    <label end="143" start="135" name="AJ0"/>
                    <label end="152" start="145" name="NN2"/>
                    <label end="156" start="154" name="CJC"/>
                    <label end="164" start="158" name="NN1"/>
                    <label end="175" start="166" name="NN1"/>
                    <label end="177" start="177" name="PUN"/>
                </layer>
            </annotationSet>
            <annotationSet cDate="01/08/2003 02:44:48 PST Wed" status="MANUAL" ID="1667539">
                <layer rank="1" name="FE">
                    <label cBy="865" feID="3521" end="164" start="158" name="Time"/>
                </layer>
                <layer rank="1" name="GF">
                    <label end="164" start="158" name="Dep"/>
                </layer>
                <layer rank="1" name="PT">
                    <label end="164" start="158" name="N"/>
                </layer>
                <layer rank="1" name="Sent"/>
                <layer rank="1" name="Other"/>
                <layer rank="1" name="Target">
                    <label cBy="103" end="175" start="166" name="Target"/>
                </layer>
                <layer rank="1" name="Noun"/>
            </annotationSet>
        </sentence>
        <sentence sentNo="0" aPos="105982907" ID="1108203">
            <text>Daytime drowsiness and associated sleep disorders can affect the quality of your life and can cause accidents , especially among drivers . </text>
            <annotationSet cDate="01/08/2003 02:44:49 PST Wed" status="UNANN" ID="1667540">
                <layer rank="1" name="BNC">
                    <label end="6" start="0" name="NN1-NP0"/>
                    <label end="17" start="8" name="NN1"/>
                    <label end="21" start="19" name="CJC"/>
                    <label end="32" start="23" name="AJ0-VVD"/>
                    <label end="38" start="34" name="NN1"/>
                    <label end="48" start="40" name="NN2"/>
                    <label end="52" start="50" name="VM0"/>
                    <label end="59" start="54" name="VVI"/>
                    <label end="63" start="61" name="AT0"/>
                    <label end="71" start="65" name="NN1"/>
                    <label end="74" start="73" name="PRF"/>
                    <label end="79" start="76" name="DPS"/>
                    <label end="84" start="81" name="NN1"/>
                    <label end="88" start="86" name="CJC"/>
                    <label end="92" start="90" name="VM0"/>
                    <label end="98" start="94" name="VVI"/>
                    <label end="108" start="100" name="NN2"/>
                    <label end="110" start="110" name="PUN"/>
                    <label end="121" start="112" name="AV0"/>
                    <label end="127" start="123" name="PRP"/>
                    <label end="135" start="129" name="NN2"/>
                    <label end="137" start="137" name="PUN"/>
                </layer>
            </annotationSet>
            <annotationSet cDate="01/08/2003 02:44:49 PST Wed" status="MANUAL" ID="1667541">
                <layer rank="1" name="FE">
                    <label cBy="865" feID="3521" end="6" start="0" name="Time"/>
                </layer>
                <layer rank="1" name="GF">
                    <label end="6" start="0" name="Dep"/>
                </layer>
                <layer rank="1" name="PT">
                    <label end="6" start="0" name="N"/>
                </layer>
                <layer rank="1" name="Sent"/>
                <layer rank="1" name="Other"/>
                <layer rank="1" name="Target">
                    <label cBy="103" end="17" start="8" name="Target"/>
                </layer>
                <layer rank="1" name="Noun"/>
            </annotationSet>
        </sentence>
    </subCorpus>
</lexUnit>