<?xml version="1.0" encoding="UTF-8" standalone="yes"?>
<?xml-stylesheet type="text/xsl" href="lexUnit.xsl"?>
<lexUnit status="Finished_Initial" POS="N" name="bafflement.n" ID="7267" frame="Emotion_directed" frameID="46" totalAnnotated="7" xsi:schemaLocation="../schema/lexUnit.xsd" xmlns="http://framenet.icsi.berkeley.edu" xmlns:xsi="http://www.w3.org/2001/XMLSchema-instance">
    <header>
        <frame>
            <FE fgColor="FFFFFF" bgColor="00BFFF" type="Extra-Thematic" abbrev="cir" name="Circumstances"/>
            <FE fgColor="FFFFFF" bgColor="FF69B4" type="Peripheral" abbrev="Degr" name="Degree"/>
            <FE fgColor="FFFFFF" bgColor="0000FF" type="Extra-Thematic" abbrev="ET" name="Empathy_target"/>
            <FE fgColor="FFFFFF" bgColor="A52A2A" type="Core" abbrev="Event" name="Event"/>
            <FE fgColor="FFFFFF" bgColor="800080" type="Core" abbrev="Exp" name="Experiencer"/>
            <FE fgColor="FFFFFF" bgColor="008000" type="Core" abbrev="Exr" name="Expressor"/>
            <FE fgColor="000000" bgColor="7FFF00" type="Extra-Thematic" abbrev="" name="Frequency"/>
            <FE fgColor="FFFFFF" bgColor="FF00FF" type="Peripheral" abbrev="" name="Manner"/>
            <FE fgColor="FFFFFF" bgColor="2E8B57" type="Peripheral" abbrev="" name="Parameter"/>
            <FE fgColor="FFFFFF" bgColor="00008B" type="Extra-Thematic" abbrev="Reas" name="Reason"/>
            <FE fgColor="FFFFFF" bgColor="9F79EE" type="Core" abbrev="State" name="State"/>
            <FE fgColor="FFFFFF" bgColor="FF0000" type="Core" abbrev="Stim" name="Stimulus"/>
            <FE fgColor="FFFFFF" bgColor="FFA500" type="Core" abbrev="Top" name="Topic"/>
        </frame>
    </header>
    <definition>FN: confusion</definition>
    <lexeme POS="N" name="bafflement"/>
    <valences>
        <governor type="Gov" lemma="feeling">
            <annoSet ID="1677493"/>
        </governor>
        <FERealization total="1">
            <FE name="Degree"/>
            <pattern total="1">
                <valenceUnit GF="Dep" PT="AVP" FE="Degree"/>
                <annoSet ID="1677543"/>
            </pattern>
        </FERealization>
        <FERealization total="5">
            <FE name="Experiencer"/>
            <pattern total="1">
                <valenceUnit GF="Ext" PT="NP" FE="Experiencer"/>
                <annoSet ID="1677489"/>
            </pattern>
            <pattern total="4">
                <valenceUnit GF="Gen" PT="Poss" FE="Experiencer"/>
                <annoSet ID="1677505"/>
                <annoSet ID="1677509"/>
                <annoSet ID="1677523"/>
                <annoSet ID="1677537"/>
            </pattern>
        </FERealization>
        <FEGroupRealization total="1">
            <FE name="Degree"/>
            <pattern total="1">
                <valenceUnit GF="Dep" PT="AVP" FE="Degree"/>
                <annoSet ID="1677543"/>
            </pattern>
        </FEGroupRealization>
        <FEGroupRealization total="5">
            <FE name="Experiencer"/>
            <pattern total="1">
                <valenceUnit GF="Ext" PT="NP" FE="Experiencer"/>
                <annoSet ID="1677489"/>
            </pattern>
            <pattern total="4">
                <valenceUnit GF="Gen" PT="Poss" FE="Experiencer"/>
                <annoSet ID="1677505"/>
                <annoSet ID="1677509"/>
                <annoSet ID="1677523"/>
                <annoSet ID="1677537"/>
            </pattern>
        </FEGroupRealization>
    </valences>
    <subCorpus name="N-001-all">
        <sentence sentNo="0" aPos="1530160" ID="1113177">
            <text>Some 35 penalties were awarded , the teams occasionally shaking their heads in bafflement . </text>
            <annotationSet cDate="01/08/2003 02:56:52 PST Wed" status="UNANN" ID="1677488">
                <layer rank="1" name="BNC">
                    <label end="3" start="0" name="DT0"/>
                    <label end="6" start="5" name="CRD"/>
                    <label end="16" start="8" name="NN2"/>
                    <label end="21" start="18" name="VBD"/>
                    <label end="29" start="23" name="VVN"/>
                    <label end="31" start="31" name="PUN"/>
                    <label end="35" start="33" name="AT0"/>
                    <label end="41" start="37" name="NN2"/>
                    <label end="54" start="43" name="AV0"/>
                    <label end="62" start="56" name="VVG"/>
                    <label end="68" start="64" name="DPS"/>
                    <label end="74" start="70" name="NN2"/>
                    <label end="77" start="76" name="PRP"/>
                    <label end="88" start="79" name="NN1"/>
                    <label end="90" start="90" name="PUN"/>
                </layer>
            </annotationSet>
            <annotationSet cDate="01/08/2003 02:56:52 PST Wed" status="MANUAL" ID="1677489">
                <layer rank="1" name="FE">
                    <label cBy="865" feID="194" end="41" start="33" name="Experiencer"/>
                </layer>
                <layer rank="1" name="GF">
                    <label end="41" start="33" name="Ext"/>
                </layer>
                <layer rank="1" name="PT">
                    <label end="41" start="33" name="NP"/>
                </layer>
                <layer rank="1" name="Sent"/>
                <layer rank="1" name="Other"/>
                <layer rank="1" name="Target">
                    <label cBy="103" end="88" start="79" name="Target"/>
                </layer>
                <layer rank="1" name="Noun">
                    <label end="77" start="76" name="Supp"/>
                </layer>
            </annotationSet>
        </sentence>
        <sentence sentNo="0" aPos="9780242" ID="1113179">
            <text>WHEN you learn to ride a bicycle , you start with a feeling of hopeless bafflement . </text>
            <annotationSet cDate="01/08/2003 02:56:52 PST Wed" status="UNANN" ID="1677492">
                <layer rank="1" name="BNC">
                    <label end="3" start="0" name="AVQ-CJS"/>
                    <label end="7" start="5" name="PNP"/>
                    <label end="13" start="9" name="VVB"/>
                    <label end="16" start="15" name="TO0"/>
                    <label end="21" start="18" name="VVI"/>
                    <label end="23" start="23" name="AT0"/>
                    <label end="31" start="25" name="NN1"/>
                    <label end="33" start="33" name="PUN"/>
                    <label end="37" start="35" name="PNP"/>
                    <label end="43" start="39" name="VVB"/>
                    <label end="48" start="45" name="PRP"/>
                    <label end="50" start="50" name="AT0"/>
                    <label end="58" start="52" name="NN1"/>
                    <label end="61" start="60" name="PRF"/>
                    <label end="70" start="63" name="AJ0"/>
                    <label end="81" start="72" name="NN1"/>
                    <label end="83" start="83" name="PUN"/>
                </layer>
            </annotationSet>
            <annotationSet cDate="01/08/2003 02:56:52 PST Wed" status="MANUAL" ID="1677493">
                <layer rank="1" name="FE"/>
                <layer rank="1" name="GF"/>
                <layer rank="1" name="PT"/>
                <layer rank="1" name="Sent"/>
                <layer rank="1" name="Other"/>
                <layer rank="1" name="Target">
                    <label cBy="103" end="81" start="72" name="Target"/>
                </layer>
                <layer rank="1" name="Noun">
                    <label end="58" start="52" name="Gov"/>
                    <label end="81" start="60" name="X"/>
                </layer>
            </annotationSet>
        </sentence>
        <sentence sentNo="0" aPos="45385039" ID="1113185">
            <text>Their bafflement is increased when they find such major changes made . </text>
            <annotationSet cDate="01/08/2003 02:56:53 PST Wed" status="UNANN" ID="1677504">
                <layer rank="1" name="BNC">
                    <label end="4" start="0" name="DPS"/>
                    <label end="15" start="6" name="NN1"/>
                    <label end="18" start="17" name="VBZ"/>
                    <label end="28" start="20" name="VVN"/>
                    <label end="33" start="30" name="AVQ-CJS"/>
                    <label end="38" start="35" name="PNP"/>
                    <label end="43" start="40" name="VVB"/>
                    <label end="48" start="45" name="DT0"/>
                    <label end="54" start="50" name="AJ0"/>
                    <label end="62" start="56" name="NN2"/>
                    <label end="67" start="64" name="VVD-VVN"/>
                    <label end="69" start="69" name="PUN"/>
                </layer>
            </annotationSet>
            <annotationSet cDate="01/08/2003 02:56:53 PST Wed" status="MANUAL" ID="1677505">
                <layer rank="1" name="FE">
                    <label cBy="865" feID="194" end="4" start="0" name="Experiencer"/>
                </layer>
                <layer rank="1" name="GF">
                    <label end="4" start="0" name="Gen"/>
                </layer>
                <layer rank="1" name="PT">
                    <label end="4" start="0" name="Poss"/>
                </layer>
                <layer rank="1" name="Sent"/>
                <layer rank="1" name="Other"/>
                <layer rank="1" name="Target">
                    <label cBy="103" end="15" start="6" name="Target"/>
                </layer>
                <layer rank="1" name="Noun"/>
            </annotationSet>
        </sentence>
        <sentence sentNo="0" aPos="46370207" ID="1113187">
            <text>Then , to my bafflement , I found I was catching up . </text>
            <annotationSet cDate="01/08/2003 02:56:53 PST Wed" status="UNANN" ID="1677508">
                <layer rank="1" name="BNC">
                    <label end="3" start="0" name="AV0"/>
                    <label end="5" start="5" name="PUN"/>
                    <label end="8" start="7" name="PRP"/>
                    <label end="11" start="10" name="DPS"/>
                    <label end="22" start="13" name="NN1"/>
                    <label end="24" start="24" name="PUN"/>
                    <label end="26" start="26" name="PNP"/>
                    <label end="32" start="28" name="VVD"/>
                    <label end="34" start="34" name="PNP"/>
                    <label end="38" start="36" name="VBD"/>
                    <label end="47" start="40" name="VVG"/>
                    <label end="50" start="49" name="AVP"/>
                    <label end="52" start="52" name="PUN"/>
                </layer>
            </annotationSet>
            <annotationSet cDate="01/08/2003 02:56:53 PST Wed" status="MANUAL" ID="1677509">
                <layer rank="1" name="FE">
                    <label cBy="865" feID="194" end="11" start="10" name="Experiencer"/>
                </layer>
                <layer rank="1" name="GF">
                    <label end="11" start="10" name="Gen"/>
                </layer>
                <layer rank="1" name="PT">
                    <label end="11" start="10" name="Poss"/>
                </layer>
                <layer rank="1" name="Sent"/>
                <layer rank="1" name="Other"/>
                <layer rank="1" name="Target">
                    <label cBy="103" end="22" start="13" name="Target"/>
                </layer>
                <layer rank="1" name="Noun"/>
            </annotationSet>
        </sentence>
        <sentence sentNo="0" aPos="70505260" ID="1113194">
            <text>Hilda seemed to be getting more animated as her own bafflement and distress increased . </text>
            <annotationSet cDate="01/08/2003 02:56:54 PST Wed" status="UNANN" ID="1677522">
                <layer rank="1" name="BNC">
                    <label end="4" start="0" name="NN1-NP0"/>
                    <label end="11" start="6" name="VVD"/>
                    <label end="14" start="13" name="TO0"/>
                    <label end="17" start="16" name="VBI"/>
                    <label end="25" start="19" name="VVG"/>
                    <label end="30" start="27" name="AV0"/>
                    <label end="39" start="32" name="AJ0-VVN"/>
                    <label end="42" start="41" name="CJS-PRP"/>
                    <label end="46" start="44" name="DPS"/>
                    <label end="50" start="48" name="DT0"/>
                    <label end="61" start="52" name="NN1"/>
                    <label end="65" start="63" name="CJC"/>
                    <label end="74" start="67" name="NN1-VVB"/>
                    <label end="84" start="76" name="VVD-VVN"/>
                    <label end="86" start="86" name="PUN"/>
                </layer>
            </annotationSet>
            <annotationSet cDate="01/08/2003 02:56:54 PST Wed" status="MANUAL" ID="1677523">
                <layer rank="1" name="FE">
                    <label cBy="865" feID="194" end="50" start="44" name="Experiencer"/>
                </layer>
                <layer rank="1" name="GF">
                    <label end="50" start="44" name="Gen"/>
                </layer>
                <layer rank="1" name="PT">
                    <label end="50" start="44" name="Poss"/>
                </layer>
                <layer rank="1" name="Sent"/>
                <layer rank="1" name="Other"/>
                <layer rank="1" name="Target">
                    <label cBy="103" end="61" start="52" name="Target"/>
                </layer>
                <layer rank="1" name="Noun"/>
            </annotationSet>
        </sentence>
        <sentence sentNo="0" aPos="83649816" ID="1113201">
            <text>His bafflement was unbearable but had to be borne . </text>
            <annotationSet cDate="01/08/2003 02:56:55 PST Wed" status="UNANN" ID="1677536">
                <layer rank="1" name="BNC">
                    <label end="2" start="0" name="DPS"/>
                    <label end="13" start="4" name="NN1"/>
                    <label end="17" start="15" name="VBD"/>
                    <label end="28" start="19" name="AJ0"/>
                    <label end="32" start="30" name="CJC"/>
                    <label end="36" start="34" name="VHD"/>
                    <label end="39" start="38" name="TO0"/>
                    <label end="42" start="41" name="VBI"/>
                    <label end="48" start="44" name="VVN"/>
                    <label end="50" start="50" name="PUN"/>
                </layer>
            </annotationSet>
            <annotationSet cDate="01/08/2003 02:56:55 PST Wed" status="MANUAL" ID="1677537">
                <layer rank="1" name="FE">
                    <label cBy="865" feID="194" end="2" start="0" name="Experiencer"/>
                </layer>
                <layer rank="1" name="GF">
                    <label end="2" start="0" name="Gen"/>
                </layer>
                <layer rank="1" name="PT">
                    <label end="2" start="0" name="Poss"/>
                </layer>
                <layer rank="1" name="Sent"/>
                <layer rank="1" name="Other"/>
                <layer rank="1" name="Target">
                    <label cBy="103" end="13" start="4" name="Target"/>
                </layer>
                <layer rank="1" name="Noun"/>
            </annotationSet>
        </sentence>
        <sentence sentNo="0" aPos="100434023" ID="1113204">
            <text>After a moment she laid the receiver down again , her surprise now turned to total bafflement . </text>
            <annotationSet cDate="01/08/2003 02:56:55 PST Wed" status="UNANN" ID="1677542">
                <layer rank="1" name="BNC">
                    <label end="4" start="0" name="CJS-PRP"/>
                    <label end="6" start="6" name="AT0"/>
                    <label end="13" start="8" name="NN1"/>
                    <label end="17" start="15" name="PNP"/>
                    <label end="22" start="19" name="VVD"/>
                    <label end="26" start="24" name="AT0"/>
                    <label end="35" start="28" name="NN1"/>
                    <label end="40" start="37" name="AVP"/>
                    <label end="46" start="42" name="AV0"/>
                    <label end="48" start="48" name="PUN"/>
                    <label end="52" start="50" name="DPS"/>
                    <label end="61" start="54" name="NN1-VVB"/>
                    <label end="65" start="63" name="AV0"/>
                    <label end="72" start="67" name="VVD-VVN"/>
                    <label end="75" start="74" name="TO0"/>
                    <label end="81" start="77" name="VVI"/>
                    <label end="92" start="83" name="NN1"/>
                    <label end="94" start="94" name="PUN"/>
                </layer>
            </annotationSet>
            <annotationSet cDate="01/08/2003 02:56:55 PST Wed" status="MANUAL" ID="1677543">
                <layer rank="1" name="FE">
                    <label cBy="865" feID="1891" end="81" start="77" name="Degree"/>
                </layer>
                <layer rank="1" name="GF">
                    <label end="81" start="77" name="Dep"/>
                </layer>
                <layer rank="1" name="PT">
                    <label end="81" start="77" name="AVP"/>
                </layer>
                <layer rank="1" name="Sent"/>
                <layer rank="1" name="Other"/>
                <layer rank="1" name="Target">
                    <label cBy="103" end="92" start="83" name="Target"/>
                </layer>
                <layer rank="1" name="Noun"/>
            </annotationSet>
        </sentence>
    </subCorpus>
</lexUnit>