<?xml version="1.0" encoding="UTF-8" standalone="yes"?>
<?xml-stylesheet type="text/xsl" href="lexUnit.xsl"?>
<lexUnit status="Needs_SCs" POS="V" name="slap.v" ID="7230" frame="Cause_impact" frameID="395" totalAnnotated="1" xsi:schemaLocation="../schema/lexUnit.xsd" xmlns="http://framenet.icsi.berkeley.edu" xmlns:xsi="http://www.w3.org/2001/XMLSchema-instance">
    <header>
        <frame>
            <FE fgColor="FFFFFF" bgColor="FF0000" type="Core" abbrev="Agt" name="Agent"/>
            <FE fgColor="FFFFFF" bgColor="7CCD73" type="Core" abbrev="Cau" name="Cause"/>
            <FE fgColor="FFFFFF" bgColor="9F79EE" type="Peripheral" abbrev="Frc" name="Force"/>
            <FE fgColor="FFFFFF" bgColor="00008B" type="Core" abbrev="Imp2" name="Impactee"/>
            <FE fgColor="FFFFFF" bgColor="0000FF" type="Core" abbrev="Imp1" name="Impactor"/>
            <FE fgColor="FFFFFF" bgColor="00BFFF" type="Core" abbrev="Imps" name="Impactors"/>
            <FE fgColor="FFFFFF" bgColor="808080" type="Peripheral" abbrev="Ins" name="Instrument"/>
            <FE fgColor="FFFFFF" bgColor="FF00FF" type="Peripheral" abbrev="Manr" name="Manner"/>
            <FE fgColor="FFFFFF" bgColor="FF69B4" type="Peripheral" abbrev="Mns" name="Means"/>
            <FE fgColor="FFFFFF" bgColor="A52A2A" type="Extra-Thematic" abbrev="P_it" name="Period_of_iterations"/>
            <FE fgColor="FFFFFF" bgColor="008000" type="Peripheral" abbrev="Place" name="Place"/>
            <FE fgColor="FFFFFF" bgColor="800080" type="Extra-Thematic" abbrev="Purp" name="Purpose"/>
            <FE fgColor="FFFFFF" bgColor="A9A9A9" type="Extra-Thematic" abbrev="Result" name="Result"/>
            <FE fgColor="FFFFFF" bgColor="9400D3" type="Peripheral" abbrev="Speed" name="Speed"/>
            <FE fgColor="000000" bgColor="7FFF00" type="Extra-Thematic" abbrev="Sub_l" name="Subregion"/>
            <FE fgColor="FFFFFF" bgColor="FFA500" type="Peripheral" abbrev="Time" name="Time"/>
        </frame>
    </header>
    <definition>COD: hit or strike with the palm of one's hand or a flat object. </definition>
    <lexeme POS="V" name="slap"/>
    <valences>
        <FERealization total="1">
            <FE name="Agent"/>
            <pattern total="1">
                <valenceUnit GF="Ext" PT="NP" FE="Agent"/>
                <annoSet ID="1711543"/>
            </pattern>
        </FERealization>
        <FERealization total="1">
            <FE name="Impactee"/>
            <pattern total="1">
                <valenceUnit GF="Dep" PT="PP[against]" FE="Impactee"/>
                <annoSet ID="1711543"/>
            </pattern>
        </FERealization>
        <FERealization total="1">
            <FE name="Impactor"/>
            <pattern total="1">
                <valenceUnit GF="Obj" PT="NP" FE="Impactor"/>
                <annoSet ID="1711543"/>
            </pattern>
        </FERealization>
        <FEGroupRealization total="1">
            <FE name="Agent"/>
            <FE name="Impactee"/>
            <FE name="Impactor"/>
            <pattern total="1">
                <valenceUnit GF="Ext" PT="NP" FE="Agent"/>
                <valenceUnit GF="Dep" PT="PP[against]" FE="Impactee"/>
                <valenceUnit GF="Obj" PT="NP" FE="Impactor"/>
                <annoSet ID="1711543"/>
            </pattern>
        </FEGroupRealization>
    </valences>
    <subCorpus name="NoPattern">
        <sentence sentNo="0" aPos="69747144" ID="1130218">
            <text>` We made it , &quot; and he slapped the gloved hand twice against the steering wheel . </text>
            <annotationSet cDate="01/08/2003 03:39:51 PST Wed" status="UNANN" ID="1711542">
                <layer rank="1" name="BNC">
                    <label end="0" start="0" name="PUQ"/>
                    <label end="3" start="2" name="PNP"/>
                    <label end="8" start="5" name="VVD"/>
                    <label end="11" start="10" name="PNP"/>
                    <label end="13" start="13" name="PUN"/>
                    <label end="15" start="15" name="PUQ"/>
                    <label end="19" start="17" name="CJC"/>
                    <label end="22" start="21" name="PNP"/>
                    <label end="30" start="24" name="VVD"/>
                    <label end="34" start="32" name="AT0"/>
                    <label end="41" start="36" name="AJ0"/>
                    <label end="46" start="43" name="NN1"/>
                    <label end="52" start="48" name="AV0"/>
                    <label end="60" start="54" name="PRP"/>
                    <label end="64" start="62" name="AT0"/>
                    <label end="73" start="66" name="AJ0"/>
                    <label end="79" start="75" name="NN1"/>
                    <label end="81" start="81" name="PUN"/>
                </layer>
            </annotationSet>
            <annotationSet cDate="01/08/2003 03:39:51 PST Wed" status="MANUAL" ID="1711543">
                <layer rank="1" name="FE">
                    <label cBy="103" feID="3553" end="22" start="21" name="Agent"/>
                    <label cBy="103" feID="3544" end="46" start="32" name="Impactor"/>
                    <label cBy="103" feID="3543" end="79" start="54" name="Impactee"/>
                </layer>
                <layer rank="1" name="GF">
                    <label end="22" start="21" name="Ext"/>
                    <label end="46" start="32" name="Obj"/>
                    <label end="79" start="54" name="Dep"/>
                </layer>
                <layer rank="1" name="PT">
                    <label end="22" start="21" name="NP"/>
                    <label end="46" start="32" name="NP"/>
                    <label end="79" start="54" name="PP"/>
                </layer>
                <layer rank="1" name="Sent"/>
                <layer rank="1" name="Other"/>
                <layer rank="1" name="Target">
                    <label cBy="103" end="30" start="24" name="Target"/>
                </layer>
                <layer rank="1" name="Verb"/>
            </annotationSet>
        </sentence>
    </subCorpus>
</lexUnit>