<?xml version="1.0" encoding="UTF-8" standalone="yes"?>
<?xml-stylesheet type="text/xsl" href="lexUnit.xsl"?>
<lexUnit status="Finished_Initial" POS="N" name="embalming.n" ID="7234" frame="Preserving" frameID="339" totalAnnotated="8" xsi:schemaLocation="../schema/lexUnit.xsd" xmlns="http://framenet.icsi.berkeley.edu" xmlns:xsi="http://www.w3.org/2001/XMLSchema-instance">
    <header>
        <frame>
            <FE fgColor="FFFFFF" bgColor="FF0000" type="Core" abbrev="Agt" name="Agent"/>
            <FE fgColor="FFFFFF" bgColor="FF69B4" type="Peripheral" abbrev="Degr" name="Degree"/>
            <FE fgColor="FFFFFF" bgColor="800080" type="Extra-Thematic" abbrev="Depict" name="Depictive"/>
            <FE fgColor="000000" bgColor="FFFF00" type="Peripheral" abbrev="Dur" name="Duration"/>
            <FE fgColor="FFFFFF" bgColor="808080" type="Peripheral" abbrev="Ins" name="Instrument"/>
            <FE fgColor="FFFFFF" bgColor="FF00FF" type="Peripheral" abbrev="Mnr" name="Manner"/>
            <FE fgColor="FFFFFF" bgColor="FF69B4" type="Peripheral" abbrev="Means" name="Means"/>
            <FE fgColor="FFFFFF" bgColor="00008B" type="Core" abbrev="Med" name="Medium"/>
            <FE fgColor="FFFFFF" bgColor="008000" type="Peripheral" abbrev="Place" name="Place"/>
            <FE fgColor="FFFFFF" bgColor="9F79EE" type="Peripheral" abbrev="Purp" name="Purpose"/>
            <FE fgColor="0000FF" bgColor="EEE8AA" type="Extra-Thematic" abbrev="Result" name="Result"/>
            <FE fgColor="FFFFFF" bgColor="FFA500" type="Peripheral" abbrev="Time" name="Time"/>
            <FE fgColor="FFFFFF" bgColor="0000FF" type="Core" abbrev="Und" name="Undergoer"/>
        </frame>
    </header>
    <definition>FN: the act of preserving a body by injecting spices or other preservatives</definition>
    <lexeme POS="N" name="embalming"/>
    <valences>
        <governor type="Gov" lemma="do">
            <annoSet ID="1661917"/>
        </governor>
        <governor type="Gov" lemma="take place">
            <annoSet ID="1661975"/>
        </governor>
        <FERealization total="2">
            <FE name="Means"/>
            <pattern total="2">
                <valenceUnit GF="Dep" PT="AJP" FE="Means"/>
                <annoSet ID="1661923"/>
                <annoSet ID="1661971"/>
            </pattern>
        </FERealization>
        <FERealization total="4">
            <FE name="Undergoer"/>
            <pattern total="1">
                <valenceUnit GF="Dep" PT="N" FE="Undergoer"/>
                <annoSet ID="1661911"/>
            </pattern>
            <pattern total="2">
                <valenceUnit GF="Dep" PT="PP[of]" FE="Undergoer"/>
                <annoSet ID="1661887"/>
                <annoSet ID="1661949"/>
            </pattern>
            <pattern total="1">
                <valenceUnit GF="Gen" PT="Poss" FE="Undergoer"/>
                <annoSet ID="1661879"/>
            </pattern>
        </FERealization>
        <FEGroupRealization total="2">
            <FE name="Means"/>
            <pattern total="2">
                <valenceUnit GF="Dep" PT="AJP" FE="Means"/>
                <annoSet ID="1661923"/>
                <annoSet ID="1661971"/>
            </pattern>
        </FEGroupRealization>
        <FEGroupRealization total="4">
            <FE name="Undergoer"/>
            <pattern total="1">
                <valenceUnit GF="Dep" PT="N" FE="Undergoer"/>
                <annoSet ID="1661911"/>
            </pattern>
            <pattern total="2">
                <valenceUnit GF="Dep" PT="PP[of]" FE="Undergoer"/>
                <annoSet ID="1661887"/>
                <annoSet ID="1661949"/>
            </pattern>
            <pattern total="1">
                <valenceUnit GF="Gen" PT="Poss" FE="Undergoer"/>
                <annoSet ID="1661879"/>
            </pattern>
        </FEGroupRealization>
    </valences>
    <subCorpus name="N-001-all">
        <sentence sentNo="0" aPos="13435116" ID="1105372">
            <text>Have you oils and spices for my embalming ? </text>
            <annotationSet cDate="01/08/2003 02:38:20 PST Wed" status="UNANN" ID="1661878">
                <layer rank="1" name="BNC">
                    <label end="3" start="0" name="VHB"/>
                    <label end="7" start="5" name="PNP"/>
                    <label end="12" start="9" name="NN2"/>
                    <label end="16" start="14" name="CJC"/>
                    <label end="23" start="18" name="NN2-VVZ"/>
                    <label end="27" start="25" name="PRP"/>
                    <label end="30" start="29" name="DPS"/>
                    <label end="40" start="32" name="NN1-VVG"/>
                    <label end="42" start="42" name="PUN"/>
                </layer>
            </annotationSet>
            <annotationSet cDate="01/08/2003 02:38:20 PST Wed" status="MANUAL" ID="1661879">
                <layer rank="1" name="FE">
                    <label cBy="618" feID="2896" end="30" start="29" name="Undergoer"/>
                </layer>
                <layer rank="1" name="GF">
                    <label end="30" start="29" name="Gen"/>
                </layer>
                <layer rank="1" name="PT">
                    <label end="30" start="29" name="Poss"/>
                </layer>
                <layer rank="1" name="Sent"/>
                <layer rank="1" name="Other"/>
                <layer rank="1" name="Target">
                    <label cBy="103" end="40" start="32" name="Target"/>
                </layer>
                <layer rank="1" name="Noun"/>
            </annotationSet>
        </sentence>
        <sentence sentNo="0" aPos="29250850" ID="1105376">
            <text>( This was the purpose of the embalming of Lenin 's corpse and the removal of his organs for research . ) </text>
            <annotationSet cDate="01/08/2003 02:38:21 PST Wed" status="UNANN" ID="1661886">
                <layer rank="1" name="BNC">
                    <label end="0" start="0" name="PUL"/>
                    <label end="5" start="2" name="DT0"/>
                    <label end="9" start="7" name="VBD"/>
                    <label end="13" start="11" name="AT0"/>
                    <label end="21" start="15" name="NN1"/>
                    <label end="24" start="23" name="PRF"/>
                    <label end="28" start="26" name="AT0"/>
                    <label end="38" start="30" name="NN1"/>
                    <label end="41" start="40" name="PRF"/>
                    <label end="47" start="43" name="NP0"/>
                    <label end="50" start="49" name="POS"/>
                    <label end="57" start="52" name="NN1"/>
                    <label end="61" start="59" name="CJC"/>
                    <label end="65" start="63" name="AT0"/>
                    <label end="73" start="67" name="NN1"/>
                    <label end="76" start="75" name="PRF"/>
                    <label end="80" start="78" name="DPS"/>
                    <label end="87" start="82" name="NN2"/>
                    <label end="91" start="89" name="PRP"/>
                    <label end="100" start="93" name="NN1"/>
                    <label end="102" start="102" name="PUN"/>
                    <label end="104" start="104" name="PUR"/>
                </layer>
            </annotationSet>
            <annotationSet cDate="01/08/2003 02:38:21 PST Wed" status="MANUAL" ID="1661887">
                <layer rank="1" name="FE">
                    <label cBy="618" feID="2896" end="57" start="40" name="Undergoer"/>
                </layer>
                <layer rank="1" name="GF">
                    <label end="57" start="40" name="Dep"/>
                </layer>
                <layer rank="1" name="PT">
                    <label end="57" start="40" name="PP"/>
                </layer>
                <layer rank="1" name="Sent"/>
                <layer rank="1" name="Other"/>
                <layer rank="1" name="Target">
                    <label cBy="103" end="38" start="30" name="Target"/>
                </layer>
                <layer rank="1" name="Noun"/>
            </annotationSet>
        </sentence>
        <sentence sentNo="0" aPos="29852403" ID="1105388">
            <text>Ruysch , a member of the Royal Society , devised an arterial technique for human embalming ; although a master of the art he was extremely secretive and never divulged his recipe . </text>
            <annotationSet cDate="01/08/2003 02:38:22 PST Wed" status="UNANN" ID="1661910">
                <layer rank="1" name="BNC">
                    <label end="5" start="0" name="NN1-NP0"/>
                    <label end="7" start="7" name="PUN"/>
                    <label end="9" start="9" name="AT0"/>
                    <label end="16" start="11" name="NN1"/>
                    <label end="19" start="18" name="PRF"/>
                    <label end="23" start="21" name="AT0"/>
                    <label end="29" start="25" name="AJ0"/>
                    <label end="37" start="31" name="NN0"/>
                    <label end="39" start="39" name="PUN"/>
                    <label end="47" start="41" name="VVD"/>
                    <label end="50" start="49" name="AT0"/>
                    <label end="59" start="52" name="AJ0"/>
                    <label end="69" start="61" name="NN1"/>
                    <label end="73" start="71" name="PRP"/>
                    <label end="79" start="75" name="AJ0-NN1"/>
                    <label end="89" start="81" name="NN1-VVG"/>
                    <label end="91" start="91" name="PUN"/>
                    <label end="100" start="93" name="CJS"/>
                    <label end="102" start="102" name="AT0"/>
                    <label end="109" start="104" name="NN1"/>
                    <label end="112" start="111" name="PRF"/>
                    <label end="116" start="114" name="AT0"/>
                    <label end="120" start="118" name="NN1"/>
                    <label end="123" start="122" name="PNP"/>
                    <label end="127" start="125" name="VBD"/>
                    <label end="137" start="129" name="AV0"/>
                    <label end="147" start="139" name="AJ0"/>
                    <label end="151" start="149" name="CJC"/>
                    <label end="157" start="153" name="AV0"/>
                    <label end="166" start="159" name="VVD"/>
                    <label end="170" start="168" name="DPS"/>
                    <label end="177" start="172" name="NN1"/>
                    <label end="179" start="179" name="PUN"/>
                </layer>
            </annotationSet>
            <annotationSet cDate="01/08/2003 02:38:22 PST Wed" status="MANUAL" ID="1661911">
                <layer rank="1" name="FE">
                    <label cBy="618" feID="2896" end="79" start="75" name="Undergoer"/>
                </layer>
                <layer rank="1" name="GF">
                    <label end="79" start="75" name="Dep"/>
                </layer>
                <layer rank="1" name="PT">
                    <label end="79" start="75" name="N"/>
                </layer>
                <layer rank="1" name="Sent"/>
                <layer rank="1" name="Other"/>
                <layer rank="1" name="Target">
                    <label cBy="103" end="89" start="81" name="Target"/>
                </layer>
                <layer rank="1" name="Noun"/>
            </annotationSet>
        </sentence>
        <sentence sentNo="0" aPos="29854970" ID="1105391">
            <text>But Hunter must surely have known that Van Butchell , famed for his eccentricities , had no intention of burying his wife once the embalming had been done . </text>
            <annotationSet cDate="01/08/2003 02:38:22 PST Wed" status="UNANN" ID="1661916">
                <layer rank="1" name="BNC">
                    <label end="2" start="0" name="CJC"/>
                    <label end="9" start="4" name="NP0"/>
                    <label end="14" start="11" name="VM0"/>
                    <label end="21" start="16" name="AV0"/>
                    <label end="26" start="23" name="VHI"/>
                    <label end="32" start="28" name="VVN"/>
                    <label end="37" start="34" name="CJT"/>
                    <label end="41" start="39" name="NP0"/>
                    <label end="50" start="43" name="NP0"/>
                    <label end="52" start="52" name="PUN"/>
                    <label end="58" start="54" name="AJ0"/>
                    <label end="62" start="60" name="PRP"/>
                    <label end="66" start="64" name="DPS"/>
                    <label end="81" start="68" name="NN2"/>
                    <label end="83" start="83" name="PUN"/>
                    <label end="87" start="85" name="VHD"/>
                    <label end="90" start="89" name="AT0"/>
                    <label end="100" start="92" name="NN1"/>
                    <label end="103" start="102" name="PRF"/>
                    <label end="111" start="105" name="VVG"/>
                    <label end="115" start="113" name="DPS"/>
                    <label end="120" start="117" name="NN1"/>
                    <label end="125" start="122" name="AV0"/>
                    <label end="129" start="127" name="AT0"/>
                    <label end="139" start="131" name="NN1"/>
                    <label end="143" start="141" name="VHD"/>
                    <label end="148" start="145" name="VBN"/>
                    <label end="153" start="150" name="VDN"/>
                    <label end="155" start="155" name="PUN"/>
                </layer>
            </annotationSet>
            <annotationSet cDate="01/08/2003 02:38:22 PST Wed" status="MANUAL" ID="1661917">
                <layer rank="1" name="FE"/>
                <layer rank="1" name="GF"/>
                <layer rank="1" name="PT"/>
                <layer rank="1" name="Sent"/>
                <layer rank="1" name="Other"/>
                <layer rank="1" name="Target">
                    <label cBy="103" end="139" start="131" name="Target"/>
                </layer>
                <layer rank="1" name="Noun">
                    <label end="139" start="127" name="X"/>
                    <label end="153" start="150" name="Gov"/>
                </layer>
            </annotationSet>
        </sentence>
        <sentence sentNo="0" aPos="29857006" ID="1105394">
            <text>However , in the 1890s an attempt was made by the trade to introduce arterial embalming as practised in the United States , the leading campaigners for this being the funeral furnishing firm of Dottridge Brothers . </text>
            <annotationSet cDate="01/08/2003 02:38:23 PST Wed" status="UNANN" ID="1661922">
                <layer rank="1" name="BNC">
                    <label end="6" start="0" name="AV0"/>
                    <label end="8" start="8" name="PUN"/>
                    <label end="11" start="10" name="PRP"/>
                    <label end="15" start="13" name="AT0"/>
                    <label end="21" start="17" name="CRD"/>
                    <label end="24" start="23" name="AT0"/>
                    <label end="32" start="26" name="NN1"/>
                    <label end="36" start="34" name="VBD"/>
                    <label end="41" start="38" name="VVN"/>
                    <label end="44" start="43" name="PRP"/>
                    <label end="48" start="46" name="AT0"/>
                    <label end="54" start="50" name="NN1"/>
                    <label end="57" start="56" name="TO0"/>
                    <label end="67" start="59" name="VVI"/>
                    <label end="76" start="69" name="AJ0"/>
                    <label end="86" start="78" name="NN1-VVG"/>
                    <label end="89" start="88" name="CJS"/>
                    <label end="99" start="91" name="VVD-VVN"/>
                    <label end="102" start="101" name="PRP"/>
                    <label end="106" start="104" name="AT0"/>
                    <label end="113" start="108" name="NP0"/>
                    <label end="120" start="115" name="NP0"/>
                    <label end="122" start="122" name="PUN"/>
                    <label end="126" start="124" name="AT0"/>
                    <label end="134" start="128" name="AJ0"/>
                    <label end="146" start="136" name="NN2"/>
                    <label end="150" start="148" name="PRP"/>
                    <label end="155" start="152" name="DT0"/>
                    <label end="161" start="157" name="VBG"/>
                    <label end="165" start="163" name="AT0"/>
                    <label end="173" start="167" name="NN1"/>
                    <label end="184" start="175" name="VVG"/>
                    <label end="189" start="186" name="NN1"/>
                    <label end="192" start="191" name="PRF"/>
                    <label end="202" start="194" name="NN1-NP0"/>
                    <label end="211" start="204" name="NN2"/>
                    <label end="213" start="213" name="PUN"/>
                </layer>
            </annotationSet>
            <annotationSet cDate="01/08/2003 02:38:23 PST Wed" status="MANUAL" ID="1661923">
                <layer rank="1" name="FE">
                    <label cBy="618" feID="2898" end="76" start="69" name="Means"/>
                </layer>
                <layer rank="1" name="GF">
                    <label end="76" start="69" name="Dep"/>
                </layer>
                <layer rank="1" name="PT">
                    <label end="76" start="69" name="AJP"/>
                </layer>
                <layer rank="1" name="Sent"/>
                <layer rank="1" name="Other"/>
                <layer rank="1" name="Target">
                    <label cBy="103" end="86" start="78" name="Target"/>
                </layer>
                <layer rank="1" name="Noun"/>
            </annotationSet>
        </sentence>
        <sentence sentNo="0" aPos="89822074" ID="1105407">
            <text>The conclusion states that the BIE recommends that embalming of infectious cases should not take place , the guidelines are merely a service to members . </text>
            <annotationSet cDate="01/08/2003 02:38:24 PST Wed" status="UNANN" ID="1661948">
                <layer rank="1" name="BNC">
                    <label end="2" start="0" name="AT0"/>
                    <label end="13" start="4" name="NN1"/>
                    <label end="20" start="15" name="VVZ"/>
                    <label end="25" start="22" name="CJT"/>
                    <label end="29" start="27" name="AT0"/>
                    <label end="33" start="31" name="NN1-NP0"/>
                    <label end="44" start="35" name="VVZ"/>
                    <label end="49" start="46" name="CJT-DT0"/>
                    <label end="59" start="51" name="NN1-VVG"/>
                    <label end="62" start="61" name="PRF"/>
                    <label end="73" start="64" name="AJ0"/>
                    <label end="79" start="75" name="NN2"/>
                    <label end="86" start="81" name="VM0"/>
                    <label end="90" start="88" name="XX0"/>
                    <label end="95" start="92" name="VVI"/>
                    <label end="101" start="97" name="NN1"/>
                    <label end="103" start="103" name="PUN"/>
                    <label end="107" start="105" name="AT0"/>
                    <label end="118" start="109" name="NN2"/>
                    <label end="122" start="120" name="VBB"/>
                    <label end="129" start="124" name="AV0"/>
                    <label end="131" start="131" name="AT0"/>
                    <label end="139" start="133" name="NN1"/>
                    <label end="142" start="141" name="PRP"/>
                    <label end="150" start="144" name="NN2"/>
                    <label end="152" start="152" name="PUN"/>
                </layer>
            </annotationSet>
            <annotationSet cDate="01/08/2003 02:38:24 PST Wed" status="MANUAL" ID="1661949">
                <layer rank="1" name="FE">
                    <label cBy="618" feID="2896" end="79" start="61" name="Undergoer"/>
                </layer>
                <layer rank="1" name="GF">
                    <label end="79" start="61" name="Dep"/>
                </layer>
                <layer rank="1" name="PT">
                    <label end="79" start="61" name="PP"/>
                </layer>
                <layer rank="1" name="Sent"/>
                <layer rank="1" name="Other"/>
                <layer rank="1" name="Target">
                    <label cBy="103" end="59" start="51" name="Target"/>
                </layer>
                <layer rank="1" name="Noun"/>
            </annotationSet>
        </sentence>
        <sentence sentNo="0" aPos="90841545" ID="1105418">
            <text>You would not believe the amount of fluid used , it was true waterless embalming -- fascinating . </text>
            <annotationSet cDate="01/08/2003 02:38:25 PST Wed" status="UNANN" ID="1661970">
                <layer rank="1" name="BNC">
                    <label end="2" start="0" name="PNP"/>
                    <label end="8" start="4" name="VM0"/>
                    <label end="12" start="10" name="XX0"/>
                    <label end="20" start="14" name="VVI"/>
                    <label end="24" start="22" name="AT0"/>
                    <label end="31" start="26" name="NN1"/>
                    <label end="34" start="33" name="PRF"/>
                    <label end="40" start="36" name="NN1"/>
                    <label end="45" start="42" name="VVD-VVN"/>
                    <label end="47" start="47" name="PUN"/>
                    <label end="50" start="49" name="PNP"/>
                    <label end="54" start="52" name="VBD"/>
                    <label end="59" start="56" name="AJ0"/>
                    <label end="69" start="61" name="AJ0"/>
                    <label end="79" start="71" name="NN1"/>
                    <label end="82" start="81" name="PUN"/>
                    <label end="94" start="84" name="AJ0"/>
                    <label end="96" start="96" name="PUN"/>
                </layer>
            </annotationSet>
            <annotationSet cDate="01/08/2003 02:38:26 PST Wed" status="MANUAL" ID="1661971">
                <layer rank="1" name="FE">
                    <label cBy="618" feID="2898" end="69" start="61" name="Means"/>
                </layer>
                <layer rank="1" name="GF">
                    <label end="69" start="61" name="Dep"/>
                </layer>
                <layer rank="1" name="PT">
                    <label end="69" start="61" name="AJP"/>
                </layer>
                <layer rank="1" name="Sent"/>
                <layer rank="1" name="Other"/>
                <layer rank="1" name="Target">
                    <label cBy="103" end="79" start="71" name="Target"/>
                </layer>
                <layer rank="1" name="Noun"/>
            </annotationSet>
        </sentence>
        <sentence sentNo="0" aPos="90842844" ID="1105420">
            <text>It is advised that , if the gas should exceed the recommended maximum ( 2 ppm ) level , action is required immediately before any further embalming takes place . </text>
            <annotationSet cDate="01/08/2003 02:38:26 PST Wed" status="UNANN" ID="1661974">
                <layer rank="1" name="BNC">
                    <label end="1" start="0" name="PNP"/>
                    <label end="4" start="3" name="VBZ"/>
                    <label end="12" start="6" name="VVN"/>
                    <label end="17" start="14" name="CJT"/>
                    <label end="19" start="19" name="PUN"/>
                    <label end="22" start="21" name="CJS"/>
                    <label end="26" start="24" name="AT0"/>
                    <label end="30" start="28" name="NN1"/>
                    <label end="37" start="32" name="VM0"/>
                    <label end="44" start="39" name="VVI"/>
                    <label end="48" start="46" name="AT0"/>
                    <label end="60" start="50" name="AJ0"/>
                    <label end="68" start="62" name="NN1"/>
                    <label end="70" start="70" name="PUL"/>
                    <label end="72" start="72" name="CRD"/>
                    <label end="76" start="74" name="NN0"/>
                    <label end="78" start="78" name="PUR"/>
                    <label end="84" start="80" name="AJ0-NN1"/>
                    <label end="86" start="86" name="PUN"/>
                    <label end="93" start="88" name="NN1"/>
                    <label end="96" start="95" name="VBZ"/>
                    <label end="105" start="98" name="VVN"/>
                    <label end="117" start="107" name="AV0"/>
                    <label end="124" start="119" name="CJS-PRP"/>
                    <label end="128" start="126" name="DT0"/>
                    <label end="136" start="130" name="AV0"/>
                    <label end="146" start="138" name="NN1-VVG"/>
                    <label end="152" start="148" name="VVZ"/>
                    <label end="158" start="154" name="NN1"/>
                    <label end="160" start="160" name="PUN"/>
                </layer>
            </annotationSet>
            <annotationSet cDate="01/08/2003 02:38:26 PST Wed" status="MANUAL" ID="1661975">
                <layer rank="1" name="FE"/>
                <layer rank="1" name="GF"/>
                <layer rank="1" name="PT"/>
                <layer rank="1" name="Sent"/>
                <layer rank="1" name="Other"/>
                <layer rank="1" name="Target">
                    <label cBy="103" end="146" start="138" name="Target"/>
                </layer>
                <layer rank="1" name="Noun">
                    <label end="146" start="126" name="X"/>
                    <label end="158" start="148" name="Gov"/>
                </layer>
            </annotationSet>
        </sentence>
    </subCorpus>
</lexUnit>