<?xml version="1.0" encoding="UTF-8" standalone="yes"?>
<?xml-stylesheet type="text/xsl" href="lexUnit.xsl"?>
<lexUnit status="Finished_Initial" POS="N" name="queasiness.n" ID="7245" frame="Biological_urge" frameID="394" totalAnnotated="8" xsi:schemaLocation="../schema/lexUnit.xsd" xmlns="http://framenet.icsi.berkeley.edu" xmlns:xsi="http://www.w3.org/2001/XMLSchema-instance">
    <header>
        <frame>
            <FE fgColor="FFFFFF" bgColor="FF00FF" type="Peripheral" abbrev="Deg" name="Degree"/>
            <FE fgColor="FFFFFF" bgColor="006400" type="Peripheral" abbrev="Dur" name="Duration"/>
            <FE fgColor="FFFFFF" bgColor="FF0000" type="Core" abbrev="Exp" name="Experiencer"/>
            <FE fgColor="FFFFFF" bgColor="0000FF" type="Core" abbrev="Expressor" name="Expressor"/>
            <FE fgColor="FFFFFF" bgColor="9400D3" type="Peripheral" abbrev="Par" name="Parameter"/>
            <FE fgColor="FFFFFF" bgColor="008000" type="Peripheral" abbrev="Place" name="Place"/>
            <FE fgColor="FFFFFF" bgColor="A52A2A" type="Extra-Thematic" abbrev="Rea" name="Reason"/>
            <FE fgColor="FFFFFF" bgColor="00BFFF" type="Core" abbrev="Stat" name="State"/>
            <FE fgColor="FFFFFF" bgColor="FFA500" type="Peripheral" abbrev="Time" name="Time"/>
        </frame>
    </header>
    <definition>FN: nausea</definition>
    <lexeme POS="N" name="queasiness"/>
    <valences>
        <governor type="Gov" lemma="endure">
            <annoSet ID="1667011"/>
        </governor>
        <governor type="Gov" lemma="induce">
            <annoSet ID="1667001"/>
        </governor>
        <governor type="Gov" lemma="sensation">
            <annoSet ID="1667029"/>
        </governor>
        <governor type="Gov" lemma="suppress">
            <annoSet ID="1667025"/>
        </governor>
        <FERealization total="3">
            <FE name="Degree"/>
            <pattern total="3">
                <valenceUnit GF="Dep" PT="AJP" FE="Degree"/>
                <annoSet ID="1667011"/>
                <annoSet ID="1667019"/>
                <annoSet ID="1667021"/>
            </pattern>
        </FERealization>
        <FERealization total="1">
            <FE name="Experiencer"/>
            <pattern total="1">
                <valenceUnit GF="Gen" PT="Poss" FE="Experiencer"/>
                <annoSet ID="1667005"/>
            </pattern>
        </FERealization>
        <FERealization total="1">
            <FE name="Time"/>
            <pattern total="1">
                <valenceUnit GF="Dep" PT="N" FE="Time"/>
                <annoSet ID="1667013"/>
            </pattern>
        </FERealization>
        <FEGroupRealization total="3">
            <FE name="Degree"/>
            <pattern total="3">
                <valenceUnit GF="Dep" PT="AJP" FE="Degree"/>
                <annoSet ID="1667011"/>
                <annoSet ID="1667019"/>
                <annoSet ID="1667021"/>
            </pattern>
        </FEGroupRealization>
        <FEGroupRealization total="1">
            <FE name="Experiencer"/>
            <pattern total="1">
                <valenceUnit GF="Gen" PT="Poss" FE="Experiencer"/>
                <annoSet ID="1667005"/>
            </pattern>
        </FEGroupRealization>
        <FEGroupRealization total="1">
            <FE name="Time"/>
            <pattern total="1">
                <valenceUnit GF="Dep" PT="N" FE="Time"/>
                <annoSet ID="1667013"/>
            </pattern>
        </FEGroupRealization>
    </valences>
    <subCorpus name="N-001-all">
        <sentence sentNo="0" aPos="1639772" ID="1107933">
            <text>On the other hand , extreme plagiarism , banality or cynicism still induce a certain queasiness in the beholder , which suggests there is some point in good architecture . </text>
            <annotationSet cDate="01/08/2003 02:44:13 PST Wed" status="UNANN" ID="1667000">
                <layer rank="1" name="BNC">
                    <label end="1" start="0" name="PRP"/>
                    <label end="5" start="3" name="AT0"/>
                    <label end="11" start="7" name="AJ0"/>
                    <label end="16" start="13" name="NN1"/>
                    <label end="18" start="18" name="PUN"/>
                    <label end="26" start="20" name="AJ0"/>
                    <label end="37" start="28" name="NN1"/>
                    <label end="39" start="39" name="PUN"/>
                    <label end="48" start="41" name="NN1"/>
                    <label end="51" start="50" name="CJC"/>
                    <label end="60" start="53" name="NN1"/>
                    <label end="66" start="62" name="AV0"/>
                    <label end="73" start="68" name="VVB"/>
                    <label end="75" start="75" name="AT0"/>
                    <label end="83" start="77" name="AJ0"/>
                    <label end="94" start="85" name="NN1"/>
                    <label end="97" start="96" name="PRP"/>
                    <label end="101" start="99" name="AT0"/>
                    <label end="110" start="103" name="NN1"/>
                    <label end="112" start="112" name="PUN"/>
                    <label end="118" start="114" name="DTQ"/>
                    <label end="127" start="120" name="VVZ"/>
                    <label end="133" start="129" name="EX0"/>
                    <label end="136" start="135" name="VBZ"/>
                    <label end="141" start="138" name="DT0"/>
                    <label end="147" start="143" name="NN1"/>
                    <label end="150" start="149" name="PRP"/>
                    <label end="155" start="152" name="AJ0"/>
                    <label end="168" start="157" name="NN1"/>
                    <label end="170" start="170" name="PUN"/>
                </layer>
            </annotationSet>
            <annotationSet cDate="01/08/2003 02:44:13 PST Wed" status="MANUAL" ID="1667001">
                <layer rank="1" name="FE"/>
                <layer rank="1" name="GF"/>
                <layer rank="1" name="PT"/>
                <layer rank="1" name="Sent"/>
                <layer rank="1" name="Other"/>
                <layer rank="1" name="Target">
                    <label cBy="103" end="94" start="85" name="Target"/>
                </layer>
                <layer rank="1" name="Noun">
                    <label end="73" start="68" name="Gov"/>
                    <label end="94" start="75" name="X"/>
                </layer>
            </annotationSet>
        </sentence>
        <sentence sentNo="0" aPos="8305869" ID="1107935">
            <text>Considering his love for the country , her queasiness had to be ignored . </text>
            <annotationSet cDate="01/08/2003 02:44:13 PST Wed" status="UNANN" ID="1667004">
                <layer rank="1" name="BNC">
                    <label end="10" start="0" name="CJS-PRP"/>
                    <label end="14" start="12" name="DPS"/>
                    <label end="19" start="16" name="NN1"/>
                    <label end="23" start="21" name="PRP"/>
                    <label end="27" start="25" name="AT0"/>
                    <label end="35" start="29" name="NN1"/>
                    <label end="37" start="37" name="PUN"/>
                    <label end="41" start="39" name="DPS"/>
                    <label end="52" start="43" name="NN1"/>
                    <label end="56" start="54" name="VHD"/>
                    <label end="59" start="58" name="TO0"/>
                    <label end="62" start="61" name="VBI"/>
                    <label end="70" start="64" name="VVN"/>
                    <label end="72" start="72" name="PUN"/>
                </layer>
            </annotationSet>
            <annotationSet cDate="01/08/2003 02:44:13 PST Wed" status="MANUAL" ID="1667005">
                <layer rank="1" name="FE">
                    <label cBy="865" feID="3520" end="41" start="39" name="Experiencer"/>
                </layer>
                <layer rank="1" name="GF">
                    <label end="41" start="39" name="Gen"/>
                </layer>
                <layer rank="1" name="PT">
                    <label end="41" start="39" name="Poss"/>
                </layer>
                <layer rank="1" name="Sent"/>
                <layer rank="1" name="Other"/>
                <layer rank="1" name="Target">
                    <label cBy="103" end="52" start="43" name="Target"/>
                </layer>
                <layer rank="1" name="Noun"/>
            </annotationSet>
        </sentence>
        <sentence sentNo="0" aPos="24566712" ID="1107938">
            <text>Her breasts became tender , she endured a faint queasiness in the mornings but no actual sickness and finally , her figure began to thicken and take on a matronly look . </text>
            <annotationSet cDate="01/08/2003 02:44:13 PST Wed" status="UNANN" ID="1667010">
                <layer rank="1" name="BNC">
                    <label end="2" start="0" name="DPS"/>
                    <label end="10" start="4" name="NN2"/>
                    <label end="17" start="12" name="VVD"/>
                    <label end="24" start="19" name="AJ0-AV0"/>
                    <label end="26" start="26" name="PUN"/>
                    <label end="30" start="28" name="PNP"/>
                    <label end="38" start="32" name="VVD"/>
                    <label end="40" start="40" name="AT0"/>
                    <label end="46" start="42" name="AJ0"/>
                    <label end="57" start="48" name="NN1"/>
                    <label end="60" start="59" name="PRP"/>
                    <label end="64" start="62" name="AT0"/>
                    <label end="73" start="66" name="NN2"/>
                    <label end="77" start="75" name="CJC"/>
                    <label end="80" start="79" name="AT0"/>
                    <label end="87" start="82" name="AJ0"/>
                    <label end="96" start="89" name="NN1"/>
                    <label end="100" start="98" name="CJC"/>
                    <label end="108" start="102" name="AV0"/>
                    <label end="110" start="110" name="PUN"/>
                    <label end="114" start="112" name="DPS"/>
                    <label end="121" start="116" name="NN1"/>
                    <label end="127" start="123" name="VVD"/>
                    <label end="130" start="129" name="TO0"/>
                    <label end="138" start="132" name="VVI"/>
                    <label end="142" start="140" name="CJC"/>
                    <label end="147" start="144" name="VVI"/>
                    <label end="150" start="149" name="PRP"/>
                    <label end="152" start="152" name="AT0"/>
                    <label end="161" start="154" name="AV0"/>
                    <label end="166" start="163" name="NN1-VVB"/>
                    <label end="168" start="168" name="PUN"/>
                </layer>
            </annotationSet>
            <annotationSet cDate="01/08/2003 02:44:13 PST Wed" status="MANUAL" ID="1667011">
                <layer rank="1" name="FE">
                    <label cBy="865" feID="3519" end="46" start="42" name="Degree"/>
                </layer>
                <layer rank="1" name="GF">
                    <label end="46" start="42" name="Dep"/>
                </layer>
                <layer rank="1" name="PT">
                    <label end="46" start="42" name="AJP"/>
                </layer>
                <layer rank="1" name="Sent"/>
                <layer rank="1" name="Other"/>
                <layer rank="1" name="Target">
                    <label cBy="103" end="57" start="48" name="Target"/>
                </layer>
                <layer rank="1" name="Noun">
                    <label end="38" start="32" name="Gov"/>
                    <label end="57" start="42" name="X"/>
                </layer>
            </annotationSet>
        </sentence>
        <sentence sentNo="0" aPos="41548082" ID="1107939">
            <text>A surge of adrenalin banished the early morning queasiness , and the feeling of excitement came back as we examined this new land through binoculars . </text>
            <annotationSet cDate="01/08/2003 02:44:13 PST Wed" status="UNANN" ID="1667012">
                <layer rank="1" name="BNC">
                    <label end="0" start="0" name="AT0"/>
                    <label end="6" start="2" name="NN1"/>
                    <label end="9" start="8" name="PRF"/>
                    <label end="19" start="11" name="NN1"/>
                    <label end="28" start="21" name="VVD"/>
                    <label end="32" start="30" name="AT0"/>
                    <label end="38" start="34" name="AJ0"/>
                    <label end="46" start="40" name="NN1"/>
                    <label end="57" start="48" name="NN1"/>
                    <label end="59" start="59" name="PUN"/>
                    <label end="63" start="61" name="CJC"/>
                    <label end="67" start="65" name="AT0"/>
                    <label end="75" start="69" name="NN1"/>
                    <label end="78" start="77" name="PRF"/>
                    <label end="89" start="80" name="NN1"/>
                    <label end="94" start="91" name="VVD"/>
                    <label end="99" start="96" name="AVP"/>
                    <label end="102" start="101" name="CJS"/>
                    <label end="105" start="104" name="PNP"/>
                    <label end="114" start="107" name="VVD"/>
                    <label end="119" start="116" name="DT0"/>
                    <label end="123" start="121" name="AJ0"/>
                    <label end="128" start="125" name="NN1"/>
                    <label end="136" start="130" name="PRP"/>
                    <label end="147" start="138" name="NN2"/>
                    <label end="149" start="149" name="PUN"/>
                </layer>
            </annotationSet>
            <annotationSet cDate="01/08/2003 02:44:14 PST Wed" status="MANUAL" ID="1667013">
                <layer rank="1" name="FE">
                    <label cBy="865" feID="3521" end="46" start="34" name="Time"/>
                </layer>
                <layer rank="1" name="GF">
                    <label end="46" start="34" name="Dep"/>
                </layer>
                <layer rank="1" name="PT">
                    <label end="46" start="34" name="N"/>
                </layer>
                <layer rank="1" name="Sent"/>
                <layer rank="1" name="Other"/>
                <layer rank="1" name="Target">
                    <label cBy="103" end="57" start="48" name="Target"/>
                </layer>
                <layer rank="1" name="Noun"/>
            </annotationSet>
        </sentence>
        <sentence sentNo="0" aPos="73894492" ID="1107942">
            <text>Leaping up like that had brought back the awful queasiness . </text>
            <annotationSet cDate="01/08/2003 02:44:14 PST Wed" status="UNANN" ID="1667018">
                <layer rank="1" name="BNC">
                    <label end="6" start="0" name="VVG"/>
                    <label end="9" start="8" name="AVP"/>
                    <label end="14" start="11" name="PRP"/>
                    <label end="19" start="16" name="DT0"/>
                    <label end="23" start="21" name="VHD"/>
                    <label end="31" start="25" name="VVN"/>
                    <label end="36" start="33" name="AVP"/>
                    <label end="40" start="38" name="AT0"/>
                    <label end="46" start="42" name="AJ0"/>
                    <label end="57" start="48" name="NN1"/>
                    <label end="59" start="59" name="PUN"/>
                </layer>
            </annotationSet>
            <annotationSet cDate="01/08/2003 02:44:14 PST Wed" status="MANUAL" ID="1667019">
                <layer rank="1" name="FE">
                    <label cBy="865" feID="3519" end="46" start="42" name="Degree"/>
                </layer>
                <layer rank="1" name="GF">
                    <label end="46" start="42" name="Dep"/>
                </layer>
                <layer rank="1" name="PT">
                    <label end="46" start="42" name="AJP"/>
                </layer>
                <layer rank="1" name="Sent"/>
                <layer rank="1" name="Other"/>
                <layer rank="1" name="Target">
                    <label cBy="103" end="57" start="48" name="Target"/>
                </layer>
                <layer rank="1" name="Noun"/>
            </annotationSet>
        </sentence>
        <sentence sentNo="0" aPos="73896690" ID="1107943">
            <text>Apart from a slight queasiness , physically she felt quite fit . </text>
            <annotationSet cDate="01/08/2003 02:44:14 PST Wed" status="UNANN" ID="1667020">
                <layer rank="1" name="BNC">
                    <label end="4" start="0" name="PRP"/>
                    <label end="9" start="6" name="PRP"/>
                    <label end="11" start="11" name="AT0"/>
                    <label end="18" start="13" name="AJ0"/>
                    <label end="29" start="20" name="NN1"/>
                    <label end="31" start="31" name="PUN"/>
                    <label end="42" start="33" name="AV0"/>
                    <label end="46" start="44" name="PNP"/>
                    <label end="51" start="48" name="VVD"/>
                    <label end="57" start="53" name="AV0"/>
                    <label end="61" start="59" name="AJ0"/>
                    <label end="63" start="63" name="PUN"/>
                </layer>
            </annotationSet>
            <annotationSet cDate="01/08/2003 02:44:14 PST Wed" status="MANUAL" ID="1667021">
                <layer rank="1" name="FE">
                    <label cBy="865" feID="3519" end="18" start="13" name="Degree"/>
                </layer>
                <layer rank="1" name="GF">
                    <label end="18" start="13" name="Dep"/>
                </layer>
                <layer rank="1" name="PT">
                    <label end="18" start="13" name="AJP"/>
                </layer>
                <layer rank="1" name="Sent"/>
                <layer rank="1" name="Other"/>
                <layer rank="1" name="Target">
                    <label cBy="103" end="29" start="20" name="Target"/>
                </layer>
                <layer rank="1" name="Noun"/>
            </annotationSet>
        </sentence>
        <sentence sentNo="0" aPos="80137536" ID="1107945">
            <text>Frantically Isabel gathered her wits , trying to suppress the sudden queasiness in the pit of her stomach . </text>
            <annotationSet cDate="01/08/2003 02:44:14 PST Wed" status="UNANN" ID="1667024">
                <layer rank="1" name="BNC">
                    <label end="10" start="0" name="NP0"/>
                    <label end="17" start="12" name="NP0"/>
                    <label end="26" start="19" name="VVD"/>
                    <label end="30" start="28" name="DPS"/>
                    <label end="35" start="32" name="NN2"/>
                    <label end="37" start="37" name="PUN"/>
                    <label end="44" start="39" name="VVG"/>
                    <label end="47" start="46" name="TO0"/>
                    <label end="56" start="49" name="VVI"/>
                    <label end="60" start="58" name="AT0"/>
                    <label end="67" start="62" name="AJ0"/>
                    <label end="78" start="69" name="NN1"/>
                    <label end="81" start="80" name="PRP"/>
                    <label end="85" start="83" name="AT0"/>
                    <label end="89" start="87" name="NN1"/>
                    <label end="92" start="91" name="PRF"/>
                    <label end="96" start="94" name="DPS"/>
                    <label end="104" start="98" name="NN1"/>
                    <label end="106" start="106" name="PUN"/>
                </layer>
            </annotationSet>
            <annotationSet cDate="01/08/2003 02:44:14 PST Wed" status="MANUAL" ID="1667025">
                <layer rank="1" name="FE"/>
                <layer rank="1" name="GF"/>
                <layer rank="1" name="PT"/>
                <layer rank="1" name="Sent"/>
                <layer rank="1" name="Other"/>
                <layer rank="1" name="Target">
                    <label cBy="103" end="78" start="69" name="Target"/>
                </layer>
                <layer rank="1" name="Noun">
                    <label end="56" start="49" name="Gov"/>
                    <label end="78" start="58" name="X"/>
                </layer>
            </annotationSet>
        </sentence>
        <sentence sentNo="0" aPos="86970166" ID="1107947">
            <text>Melissa felt a faint sensation of queasiness as she pushed open the door . </text>
            <annotationSet cDate="01/08/2003 02:44:14 PST Wed" status="UNANN" ID="1667028">
                <layer rank="1" name="BNC">
                    <label end="6" start="0" name="NP0"/>
                    <label end="11" start="8" name="VVD"/>
                    <label end="13" start="13" name="AT0"/>
                    <label end="19" start="15" name="AJ0"/>
                    <label end="29" start="21" name="NN1"/>
                    <label end="32" start="31" name="PRF"/>
                    <label end="43" start="34" name="NN1"/>
                    <label end="46" start="45" name="CJS"/>
                    <label end="50" start="48" name="PNP"/>
                    <label end="57" start="52" name="VVD"/>
                    <label end="62" start="59" name="AV0"/>
                    <label end="66" start="64" name="AT0"/>
                    <label end="71" start="68" name="NN1"/>
                    <label end="73" start="73" name="PUN"/>
                </layer>
            </annotationSet>
            <annotationSet cDate="01/08/2003 02:44:15 PST Wed" status="MANUAL" ID="1667029">
                <layer rank="1" name="FE"/>
                <layer rank="1" name="GF"/>
                <layer rank="1" name="PT"/>
                <layer rank="1" name="Sent"/>
                <layer rank="1" name="Other"/>
                <layer rank="1" name="Target">
                    <label cBy="103" end="43" start="34" name="Target"/>
                </layer>
                <layer rank="1" name="Noun">
                    <label end="29" start="21" name="Gov"/>
                    <label end="43" start="31" name="X"/>
                </layer>
            </annotationSet>
        </sentence>
    </subCorpus>
</lexUnit>