<?xml version="1.0" encoding="UTF-8" standalone="yes"?>
<?xml-stylesheet type="text/xsl" href="lexUnit.xsl"?>
<lexUnit status="Finished_Initial" POS="A" name="soporific.a" ID="7308" frame="Biological_urge" frameID="394" totalAnnotated="4" xsi:schemaLocation="../schema/lexUnit.xsd" xmlns="http://framenet.icsi.berkeley.edu" xmlns:xsi="http://www.w3.org/2001/XMLSchema-instance">
    <header>
        <frame>
            <FE fgColor="FFFFFF" bgColor="FF00FF" type="Peripheral" abbrev="Deg" name="Degree"/>
            <FE fgColor="FFFFFF" bgColor="006400" type="Peripheral" abbrev="Dur" name="Duration"/>
            <FE fgColor="FFFFFF" bgColor="FF0000" type="Core" abbrev="Exp" name="Experiencer"/>
            <FE fgColor="FFFFFF" bgColor="0000FF" type="Core" abbrev="Expressor" name="Expressor"/>
            <FE fgColor="FFFFFF" bgColor="9400D3" type="Peripheral" abbrev="Par" name="Parameter"/>
            <FE fgColor="FFFFFF" bgColor="008000" type="Peripheral" abbrev="Place" name="Place"/>
            <FE fgColor="FFFFFF" bgColor="A52A2A" type="Extra-Thematic" abbrev="Rea" name="Reason"/>
            <FE fgColor="FFFFFF" bgColor="00BFFF" type="Core" abbrev="Stat" name="State"/>
            <FE fgColor="FFFFFF" bgColor="FFA500" type="Peripheral" abbrev="Time" name="Time"/>
        </frame>
    </header>
    <definition>COD: sleepy</definition>
    <lexeme POS="A" name="soporific"/>
    <valences>
        <governor type="Sup" lemma="feel">
            <annoSet ID="1688551"/>
        </governor>
        <FERealization total="1">
            <FE name="Degree"/>
            <pattern total="1">
                <valenceUnit GF="Dep" PT="AVP" FE="Degree"/>
                <annoSet ID="1688551"/>
            </pattern>
            <pattern total="1">
                <valenceUnit GF="Dep" PT="Sfin" FE="Degree"/>
                <annoSet ID="1688551"/>
            </pattern>
        </FERealization>
        <FERealization total="2">
            <FE name="Experiencer"/>
            <pattern total="1">
                <valenceUnit GF="Ext" PT="NP" FE="Experiencer"/>
                <annoSet ID="1688551"/>
            </pattern>
            <pattern total="1">
                <valenceUnit GF="Head" PT="N" FE="Experiencer"/>
                <annoSet ID="1688539"/>
            </pattern>
        </FERealization>
        <FERealization total="2">
            <FE name="Expressor"/>
            <pattern total="2">
                <valenceUnit GF="Head" PT="N" FE="Expressor"/>
                <annoSet ID="1688537"/>
                <annoSet ID="1688557"/>
            </pattern>
        </FERealization>
        <FERealization total="1">
            <FE name="Time"/>
            <pattern total="1">
                <valenceUnit GF="Dep" PT="AVP" FE="Time"/>
                <annoSet ID="1688551"/>
            </pattern>
        </FERealization>
        <FEGroupRealization total="1">
            <FE name="Degree"/>
            <FE name="Degree"/>
            <FE name="Experiencer"/>
            <FE name="Time"/>
            <pattern total="1">
                <valenceUnit GF="Dep" PT="AVP" FE="Degree"/>
                <valenceUnit GF="Dep" PT="Sfin" FE="Degree"/>
                <valenceUnit GF="Ext" PT="NP" FE="Experiencer"/>
                <valenceUnit GF="Dep" PT="AVP" FE="Time"/>
                <annoSet ID="1688551"/>
            </pattern>
        </FEGroupRealization>
        <FEGroupRealization total="1">
            <FE name="Experiencer"/>
            <pattern total="1">
                <valenceUnit GF="Head" PT="N" FE="Experiencer"/>
                <annoSet ID="1688539"/>
            </pattern>
        </FEGroupRealization>
        <FEGroupRealization total="2">
            <FE name="Expressor"/>
            <pattern total="2">
                <valenceUnit GF="Head" PT="N" FE="Expressor"/>
                <annoSet ID="1688537"/>
                <annoSet ID="1688557"/>
            </pattern>
        </FEGroupRealization>
    </valences>
    <subCorpus name="A-001-all">
        <sentence sentNo="0" aPos="42463390" ID="1118701">
            <text>He managed a very weak and soporific smile . </text>
            <annotationSet cDate="01/08/2003 03:10:02 PST Wed" status="UNANN" ID="1688536">
                <layer rank="1" name="BNC">
                    <label end="1" start="0" name="PNP"/>
                    <label end="9" start="3" name="VVD"/>
                    <label end="11" start="11" name="AT0"/>
                    <label end="16" start="13" name="AV0"/>
                    <label end="21" start="18" name="AJ0"/>
                    <label end="25" start="23" name="CJC"/>
                    <label end="35" start="27" name="AJ0"/>
                    <label end="41" start="37" name="NN1"/>
                    <label end="43" start="43" name="PUN"/>
                </layer>
            </annotationSet>
            <annotationSet cDate="01/08/2003 03:10:02 PST Wed" status="MANUAL" ID="1688537">
                <layer rank="1" name="FE">
                    <label cBy="865" feID="3526" end="41" start="37" name="Expressor"/>
                </layer>
                <layer rank="1" name="GF">
                    <label end="41" start="37" name="Head"/>
                </layer>
                <layer rank="1" name="PT">
                    <label end="41" start="37" name="N"/>
                </layer>
                <layer rank="1" name="Sent"/>
                <layer rank="1" name="Other"/>
                <layer rank="1" name="Target">
                    <label cBy="103" end="35" start="27" name="Target"/>
                </layer>
                <layer rank="1" name="Adj"/>
            </annotationSet>
        </sentence>
        <sentence sentNo="0" aPos="44539990" ID="1118702">
            <text>Alas , Castle Master , though widely regarded as the best of the Freescape games , suffers from the similar snail-paced somnambulance as its soporific stablemates . </text>
            <annotationSet cDate="01/08/2003 03:10:02 PST Wed" status="UNANN" ID="1688538">
                <layer rank="1" name="BNC">
                    <label end="3" start="0" name="ITJ"/>
                    <label end="5" start="5" name="PUN"/>
                    <label end="12" start="7" name="NP0"/>
                    <label end="19" start="14" name="NP0"/>
                    <label end="21" start="21" name="PUN"/>
                    <label end="28" start="23" name="CJS"/>
                    <label end="35" start="30" name="AV0"/>
                    <label end="44" start="37" name="VVN"/>
                    <label end="47" start="46" name="PRP"/>
                    <label end="51" start="49" name="AT0"/>
                    <label end="56" start="53" name="AJS"/>
                    <label end="59" start="58" name="PRF"/>
                    <label end="63" start="61" name="AT0"/>
                    <label end="73" start="65" name="NN1"/>
                    <label end="79" start="75" name="NN2"/>
                    <label end="81" start="81" name="PUN"/>
                    <label end="89" start="83" name="VVZ"/>
                    <label end="94" start="91" name="PRP"/>
                    <label end="98" start="96" name="AT0"/>
                    <label end="106" start="100" name="AJ0"/>
                    <label end="118" start="108" name="AJ0"/>
                    <label end="132" start="120" name="NN1"/>
                    <label end="135" start="134" name="CJS-PRP"/>
                    <label end="139" start="137" name="DPS"/>
                    <label end="149" start="141" name="AJ0"/>
                    <label end="161" start="151" name="NN2"/>
                    <label end="163" start="163" name="PUN"/>
                </layer>
            </annotationSet>
            <annotationSet cDate="01/08/2003 03:10:02 PST Wed" status="MANUAL" ID="1688539">
                <layer rank="1" name="FE">
                    <label cBy="865" feID="3520" end="161" start="151" name="Experiencer"/>
                </layer>
                <layer rank="1" name="GF">
                    <label end="161" start="151" name="Head"/>
                </layer>
                <layer rank="1" name="PT">
                    <label end="161" start="151" name="N"/>
                </layer>
                <layer rank="1" name="Sent"/>
                <layer rank="1" name="Other"/>
                <layer rank="1" name="Target">
                    <label cBy="103" end="149" start="141" name="Target"/>
                </layer>
                <layer rank="1" name="Adj"/>
            </annotationSet>
        </sentence>
        <sentence sentNo="0" aPos="68778172" ID="1118708">
            <text>She now felt so dangerously soporific that even the sneaking fear of Roman 's insidious effect on her could n't rouse her from this lovely torpor …</text>
            <annotationSet cDate="01/08/2003 03:10:03 PST Wed" status="UNANN" ID="1688550">
                <layer rank="1" name="BNC">
                    <label end="2" start="0" name="PNP"/>
                    <label end="6" start="4" name="AV0"/>
                    <label end="11" start="8" name="VVD"/>
                    <label end="14" start="13" name="AV0"/>
                    <label end="26" start="16" name="AV0"/>
                    <label end="36" start="28" name="AJ0"/>
                    <label end="41" start="38" name="CJT"/>
                    <label end="46" start="43" name="AV0"/>
                    <label end="50" start="48" name="AT0"/>
                    <label end="59" start="52" name="AJ0"/>
                    <label end="64" start="61" name="NN1"/>
                    <label end="67" start="66" name="PRF"/>
                    <label end="73" start="69" name="NN1-NP0"/>
                    <label end="76" start="75" name="POS"/>
                    <label end="86" start="78" name="AJ0"/>
                    <label end="93" start="88" name="NN1"/>
                    <label end="96" start="95" name="PRP"/>
                    <label end="100" start="98" name="PNP"/>
                    <label end="106" start="102" name="VM0"/>
                    <label end="110" start="108" name="XX0"/>
                    <label end="116" start="112" name="VVI"/>
                    <label end="120" start="118" name="PNP"/>
                    <label end="125" start="122" name="PRP"/>
                    <label end="130" start="127" name="DT0"/>
                    <label end="137" start="132" name="AJ0"/>
                    <label end="144" start="139" name="NN1"/>
                    <label end="146" start="146" name="PUN"/>
                </layer>
            </annotationSet>
            <annotationSet cDate="01/08/2003 03:10:03 PST Wed" status="MANUAL" ID="1688551">
                <layer rank="1" name="FE">
                    <label cBy="865" feID="3520" end="2" start="0" name="Experiencer"/>
                    <label cBy="865" feID="3521" end="6" start="4" name="Time"/>
                    <label cBy="865" feID="3519" end="14" start="13" name="Degree"/>
                    <label cBy="865" feID="3519" end="144" start="38" name="Degree"/>
                </layer>
                <layer rank="1" name="GF">
                    <label end="2" start="0" name="Ext"/>
                    <label end="6" start="4" name="Dep"/>
                    <label end="14" start="13" name="Dep"/>
                    <label end="144" start="38" name="Dep"/>
                </layer>
                <layer rank="1" name="PT">
                    <label end="2" start="0" name="NP"/>
                    <label end="6" start="4" name="AVP"/>
                    <label end="14" start="13" name="AVP"/>
                    <label end="144" start="38" name="Sfin"/>
                </layer>
                <layer rank="1" name="Sent"/>
                <layer rank="1" name="Other"/>
                <layer rank="1" name="Target">
                    <label cBy="103" end="36" start="28" name="Target"/>
                </layer>
                <layer rank="1" name="Adj">
                    <label end="11" start="8" name="Supp"/>
                </layer>
            </annotationSet>
        </sentence>
        <sentence sentNo="0" aPos="75636610" ID="1118711">
            <text>In the distance she could hear the soporific music . </text>
            <annotationSet cDate="01/08/2003 03:10:03 PST Wed" status="UNANN" ID="1688556">
                <layer rank="1" name="BNC">
                    <label end="1" start="0" name="PRP"/>
                    <label end="5" start="3" name="AT0"/>
                    <label end="14" start="7" name="NN1"/>
                    <label end="18" start="16" name="PNP"/>
                    <label end="24" start="20" name="VM0"/>
                    <label end="29" start="26" name="VVI"/>
                    <label end="33" start="31" name="AT0"/>
                    <label end="43" start="35" name="AJ0"/>
                    <label end="49" start="45" name="NN1"/>
                    <label end="51" start="51" name="PUN"/>
                </layer>
            </annotationSet>
            <annotationSet cDate="01/08/2003 03:10:03 PST Wed" status="MANUAL" ID="1688557">
                <layer rank="1" name="FE">
                    <label cBy="865" feID="3526" end="49" start="45" name="Expressor"/>
                </layer>
                <layer rank="1" name="GF">
                    <label end="49" start="45" name="Head"/>
                </layer>
                <layer rank="1" name="PT">
                    <label end="49" start="45" name="N"/>
                </layer>
                <layer rank="1" name="Sent"/>
                <layer rank="1" name="Other"/>
                <layer rank="1" name="Target">
                    <label cBy="103" end="43" start="35" name="Target"/>
                </layer>
                <layer rank="1" name="Adj"/>
            </annotationSet>
        </sentence>
    </subCorpus>
</lexUnit>