<?xml version="1.0" encoding="UTF-8" standalone="yes"?>
<?xml-stylesheet type="text/xsl" href="lexUnit.xsl"?>
<lexUnit status="FN1_Sent" POS="V" name="damn.v" ID="7389" frame="Judgment_communication" frameID="219" totalAnnotated="8" xsi:schemaLocation="../schema/lexUnit.xsd" xmlns="http://framenet.icsi.berkeley.edu" xmlns:xsi="http://www.w3.org/2001/XMLSchema-instance">
    <header>
        <frame>
            <FE fgColor="FFFFFF" bgColor="008000" type="Peripheral" abbrev="Add" name="Addressee"/>
            <FE fgColor="FFFFFF" bgColor="FF0000" type="Core" abbrev="Com" name="Communicator"/>
            <FE fgColor="FFFFFF" bgColor="FF69B4" type="Extra-Thematic" abbrev="Degr" name="Degree"/>
            <FE fgColor="FFFFFF" bgColor="9400D3" type="Extra-Thematic" abbrev="Depictt" name="Depictive"/>
            <FE fgColor="FFFFFF" bgColor="0000FF" type="Core" abbrev="Eval" name="Evaluee"/>
            <FE fgColor="FFFFFF" bgColor="A52A2A" type="Core" abbrev="Exr" name="Expressor"/>
            <FE fgColor="FFFFFF" bgColor="7CCD73" type="Extra-Thematic" abbrev="" name="Extent_of_acclaim"/>
            <FE fgColor="000000" bgColor="FFA500" type="Extra-Thematic" abbrev="Fre" name="Frequency"/>
            <FE fgColor="FFFFFF" bgColor="006400" type="Extra-Thematic" abbrev="" name="Grounds"/>
            <FE fgColor="FFFFFF" bgColor="9F79EE" type="Extra-Thematic" abbrev="IC" name="Internal_cause"/>
            <FE fgColor="FFFFFF" bgColor="FF00FF" type="Peripheral" abbrev="Manr" name="Manner"/>
            <FE fgColor="FFFFFF" bgColor="00BFFF" type="Peripheral" abbrev="Mns" name="Means"/>
            <FE fgColor="000000" bgColor="FFFF00" type="Core" abbrev="Medium" name="Medium"/>
            <FE fgColor="FFFFFF" bgColor="008000" type="Peripheral" abbrev="Place" name="Place"/>
            <FE fgColor="FFFFFF" bgColor="00008B" type="Core" abbrev="Reas" name="Reason"/>
            <FE fgColor="FFFFFF" bgColor="808080" type="Extra-Thematic" abbrev="Result" name="Result"/>
            <FE fgColor="FFFFFF" bgColor="1E90FF" type="Extra-Thematic" abbrev="Role" name="Role"/>
            <FE fgColor="FFFFFF" bgColor="FFA500" type="Peripheral" abbrev="Time" name="Time"/>
            <FE fgColor="FFFFFF" bgColor="800080" type="Core" abbrev="Top" name="Topic"/>
        </frame>
    </header>
    <definition>COD: condemn, especially publicly.</definition>
    <lexeme POS="V" name="damn"/>
    <semType name="Negative_judgment" ID="14"/>
    <valences>
        <FERealization total="8">
            <FE name="Communicator"/>
            <pattern total="2">
                <valenceUnit GF="" PT="CNI" FE="Communicator"/>
                <annoSet ID="1700093"/>
                <annoSet ID="1700095"/>
            </pattern>
            <pattern total="6">
                <valenceUnit GF="Ext" PT="NP" FE="Communicator"/>
                <annoSet ID="1700101"/>
                <annoSet ID="1700119"/>
                <annoSet ID="1700123"/>
                <annoSet ID="1700179"/>
                <annoSet ID="1700181"/>
                <annoSet ID="1700187"/>
            </pattern>
        </FERealization>
        <FERealization total="8">
            <FE name="Evaluee"/>
            <pattern total="5">
                <valenceUnit GF="Obj" PT="NP" FE="Evaluee"/>
                <annoSet ID="1700093"/>
                <annoSet ID="1700095"/>
                <annoSet ID="1700101"/>
                <annoSet ID="1700119"/>
                <annoSet ID="1700179"/>
            </pattern>
            <pattern total="1">
                <valenceUnit GF="" PT="2nd" FE="Evaluee"/>
                <annoSet ID="1700187"/>
            </pattern>
            <pattern total="2">
                <valenceUnit GF="Dep" PT="Sfin" FE="Evaluee"/>
                <annoSet ID="1700123"/>
                <annoSet ID="1700181"/>
            </pattern>
        </FERealization>
        <FERealization total="8">
            <FE name="Reason"/>
            <pattern total="3">
                <valenceUnit GF="Dep" PT="PPing[for]" FE="Reason"/>
                <annoSet ID="1700093"/>
                <annoSet ID="1700095"/>
                <annoSet ID="1700101"/>
            </pattern>
            <pattern total="1">
                <valenceUnit GF="Obj" PT="NP" FE="Reason"/>
                <annoSet ID="1700187"/>
            </pattern>
            <pattern total="3">
                <valenceUnit GF="" PT="DNI" FE="Reason"/>
                <annoSet ID="1700119"/>
                <annoSet ID="1700123"/>
                <annoSet ID="1700181"/>
            </pattern>
            <pattern total="1">
                <valenceUnit GF="Dep" PT="PP[as]" FE="Reason"/>
                <annoSet ID="1700179"/>
            </pattern>
        </FERealization>
        <FEGroupRealization total="8">
            <FE name="Communicator"/>
            <FE name="Evaluee"/>
            <FE name="Reason"/>
            <pattern total="2">
                <valenceUnit GF="" PT="CNI" FE="Communicator"/>
                <valenceUnit GF="Obj" PT="NP" FE="Evaluee"/>
                <valenceUnit GF="Dep" PT="PPing[for]" FE="Reason"/>
                <annoSet ID="1700093"/>
                <annoSet ID="1700095"/>
            </pattern>
            <pattern total="1">
                <valenceUnit GF="Ext" PT="NP" FE="Communicator"/>
                <valenceUnit GF="" PT="2nd" FE="Evaluee"/>
                <valenceUnit GF="Obj" PT="NP" FE="Reason"/>
                <annoSet ID="1700187"/>
            </pattern>
            <pattern total="1">
                <valenceUnit GF="Ext" PT="NP" FE="Communicator"/>
                <valenceUnit GF="Obj" PT="NP" FE="Evaluee"/>
                <valenceUnit GF="" PT="DNI" FE="Reason"/>
                <annoSet ID="1700119"/>
            </pattern>
            <pattern total="1">
                <valenceUnit GF="Ext" PT="NP" FE="Communicator"/>
                <valenceUnit GF="Obj" PT="NP" FE="Evaluee"/>
                <valenceUnit GF="Dep" PT="PP[as]" FE="Reason"/>
                <annoSet ID="1700179"/>
            </pattern>
            <pattern total="1">
                <valenceUnit GF="Ext" PT="NP" FE="Communicator"/>
                <valenceUnit GF="Obj" PT="NP" FE="Evaluee"/>
                <valenceUnit GF="Dep" PT="PPing[for]" FE="Reason"/>
                <annoSet ID="1700101"/>
            </pattern>
            <pattern total="2">
                <valenceUnit GF="Ext" PT="NP" FE="Communicator"/>
                <valenceUnit GF="Dep" PT="Sfin" FE="Evaluee"/>
                <valenceUnit GF="" PT="DNI" FE="Reason"/>
                <annoSet ID="1700123"/>
                <annoSet ID="1700181"/>
            </pattern>
        </FEGroupRealization>
    </valences>
    <subCorpus name="V-coordpass"/>
    <subCorpus name="V-intrans-simple">
        <sentence sentNo="0" aPos="100418208" ID="1124493">
            <text>And damn him for daring to pry into my affairs and for subtly mocking my singular state ! </text>
            <annotationSet cDate="01/08/2003 03:25:28 PST Wed" status="UNANN" ID="1700092">
                <layer rank="1" name="BNC">
                    <label end="2" start="0" name="CJC"/>
                    <label end="7" start="4" name="VVB"/>
                    <label end="11" start="9" name="PNP"/>
                    <label end="15" start="13" name="PRP"/>
                    <label end="22" start="17" name="VVG"/>
                    <label end="25" start="24" name="TO0"/>
                    <label end="29" start="27" name="VVI"/>
                    <label end="34" start="31" name="PRP"/>
                    <label end="37" start="36" name="DPS"/>
                    <label end="45" start="39" name="NN2"/>
                    <label end="49" start="47" name="CJC"/>
                    <label end="53" start="51" name="PRP"/>
                    <label end="60" start="55" name="AV0"/>
                    <label end="68" start="62" name="VVG"/>
                    <label end="71" start="70" name="DPS"/>
                    <label end="80" start="73" name="AJ0"/>
                    <label end="86" start="82" name="NN1"/>
                    <label end="88" start="88" name="PUN"/>
                </layer>
            </annotationSet>
            <annotationSet cDate="01/08/2003 03:25:28 PST Wed" status="MANUAL" ID="1700093">
                <layer rank="1" name="FE">
                    <label cBy="103" feID="1777" end="11" start="9" name="Evaluee"/>
                    <label cBy="103" feID="1781" end="86" start="13" name="Reason"/>
                    <label cBy="618" feID="1771" itype="CNI" name="Communicator"/>
                </layer>
                <layer rank="1" name="GF">
                    <label end="11" start="9" name="Obj"/>
                    <label end="86" start="13" name="Dep"/>
                </layer>
                <layer rank="1" name="PT">
                    <label end="11" start="9" name="NP"/>
                    <label end="86" start="13" name="PPing"/>
                </layer>
                <layer rank="1" name="Sent">
                    <label end="0" start="0" name="Idiom"/>
                </layer>
                <layer rank="1" name="Other"/>
                <layer rank="1" name="Target">
                    <label cBy="103" end="7" start="4" name="Target"/>
                </layer>
                <layer rank="1" name="Verb"/>
            </annotationSet>
        </sentence>
        <sentence sentNo="0" aPos="101368963" ID="1124494">
            <text>I do n't handle stolen property , and damn you for suggesting I do ! </text>
            <annotationSet cDate="01/08/2003 03:25:28 PST Wed" status="UNANN" ID="1700094">
                <layer rank="1" name="BNC">
                    <label end="0" start="0" name="PNP"/>
                    <label end="3" start="2" name="VDB"/>
                    <label end="7" start="5" name="XX0"/>
                    <label end="14" start="9" name="VVI"/>
                    <label end="21" start="16" name="AJ0"/>
                    <label end="30" start="23" name="NN1"/>
                    <label end="32" start="32" name="PUN"/>
                    <label end="36" start="34" name="CJC"/>
                    <label end="41" start="38" name="VVI"/>
                    <label end="45" start="43" name="PNP"/>
                    <label end="49" start="47" name="PRP"/>
                    <label end="60" start="51" name="VVG"/>
                    <label end="62" start="62" name="PNP"/>
                    <label end="65" start="64" name="VDB"/>
                    <label end="67" start="67" name="PUN"/>
                </layer>
            </annotationSet>
            <annotationSet cDate="01/08/2003 03:25:28 PST Wed" status="MANUAL" ID="1700095">
                <layer rank="1" name="FE">
                    <label cBy="103" feID="1777" end="45" start="43" name="Evaluee"/>
                    <label cBy="103" feID="1781" end="65" start="47" name="Reason"/>
                    <label cBy="618" feID="1771" itype="CNI" name="Communicator"/>
                </layer>
                <layer rank="1" name="GF">
                    <label end="45" start="43" name="Obj"/>
                    <label end="65" start="47" name="Dep"/>
                </layer>
                <layer rank="1" name="PT">
                    <label end="45" start="43" name="NP"/>
                    <label end="65" start="47" name="PPing"/>
                </layer>
                <layer rank="1" name="Sent">
                    <label end="0" start="0" name="Idiom"/>
                </layer>
                <layer rank="1" name="Other"/>
                <layer rank="1" name="Target">
                    <label cBy="103" end="41" start="38" name="Target"/>
                </layer>
                <layer rank="1" name="Verb"/>
            </annotationSet>
        </sentence>
    </subCorpus>
    <subCorpus name="V-np-pingother">
        <sentence sentNo="0" aPos="24925982" ID="1124497">
            <text>We are certainly not going to damn a feature such as the Smooth Tube for being gimmicky just because it is non-traditional . </text>
            <annotationSet cDate="01/08/2003 03:25:29 PST Wed" status="UNANN" ID="1700100">
                <layer rank="1" name="BNC">
                    <label end="1" start="0" name="PNP"/>
                    <label end="5" start="3" name="VBB"/>
                    <label end="15" start="7" name="AV0"/>
                    <label end="19" start="17" name="XX0"/>
                    <label end="25" start="21" name="VVG"/>
                    <label end="28" start="27" name="TO0"/>
                    <label end="33" start="30" name="VVI"/>
                    <label end="35" start="35" name="AT0"/>
                    <label end="43" start="37" name="NN1"/>
                    <label end="48" start="45" name="PRP"/>
                    <label end="51" start="50" name="PRP"/>
                    <label end="55" start="53" name="AT0"/>
                    <label end="62" start="57" name="AJ0"/>
                    <label end="67" start="64" name="NN1-NP0"/>
                    <label end="71" start="69" name="PRP"/>
                    <label end="77" start="73" name="VBG"/>
                    <label end="86" start="79" name="AJ0"/>
                    <label end="91" start="88" name="AJ0-AV0"/>
                    <label end="99" start="93" name="CJS"/>
                    <label end="102" start="101" name="PNP"/>
                    <label end="105" start="104" name="VBZ"/>
                    <label end="121" start="107" name="AJ0"/>
                    <label end="123" start="123" name="PUN"/>
                </layer>
            </annotationSet>
            <annotationSet cDate="01/08/2003 03:25:29 PST Wed" status="MANUAL" ID="1700101">
                <layer rank="1" name="FE">
                    <label cBy="103" feID="1771" end="1" start="0" name="Communicator"/>
                    <label cBy="103" feID="1777" end="67" start="35" name="Evaluee"/>
                    <label cBy="103" feID="1781" end="86" start="69" name="Reason"/>
                </layer>
                <layer rank="1" name="GF">
                    <label end="1" start="0" name="Ext"/>
                    <label end="67" start="35" name="Obj"/>
                    <label end="86" start="69" name="Dep"/>
                </layer>
                <layer rank="1" name="PT">
                    <label end="1" start="0" name="NP"/>
                    <label end="67" start="35" name="NP"/>
                    <label end="86" start="69" name="PPing"/>
                </layer>
                <layer rank="1" name="Sent"/>
                <layer rank="1" name="Other"/>
                <layer rank="1" name="Target">
                    <label cBy="103" end="33" start="30" name="Target"/>
                </layer>
                <layer rank="1" name="Verb"/>
            </annotationSet>
        </sentence>
    </subCorpus>
    <subCorpus name="V-np-pwhfor">
        <sentence sentNo="0" aPos="1950002" ID="1124506">
            <text>Let puritans and pessimists damn , disapprove or dismiss these appetites ; that is their loss . </text>
            <annotationSet cDate="01/08/2003 03:25:30 PST Wed" status="UNANN" ID="1700118">
                <layer rank="1" name="BNC">
                    <label end="2" start="0" name="VVB"/>
                    <label end="11" start="4" name="NN2"/>
                    <label end="15" start="13" name="CJC"/>
                    <label end="26" start="17" name="NN2"/>
                    <label end="31" start="28" name="VVB"/>
                    <label end="33" start="33" name="PUN"/>
                    <label end="44" start="35" name="VVB"/>
                    <label end="47" start="46" name="CJC"/>
                    <label end="55" start="49" name="VVB"/>
                    <label end="61" start="57" name="DT0"/>
                    <label end="71" start="63" name="NN2"/>
                    <label end="73" start="73" name="PUN"/>
                    <label end="78" start="75" name="DT0"/>
                    <label end="81" start="80" name="VBZ"/>
                    <label end="87" start="83" name="DPS"/>
                    <label end="92" start="89" name="NN1"/>
                    <label end="94" start="94" name="PUN"/>
                </layer>
            </annotationSet>
            <annotationSet cDate="01/08/2003 03:25:30 PST Wed" status="MANUAL" ID="1700119">
                <layer rank="1" name="FE">
                    <label cBy="103" feID="1771" end="26" start="4" name="Communicator"/>
                    <label cBy="103" feID="1777" end="71" start="57" name="Evaluee"/>
                    <label cBy="153" feID="1781" itype="DNI" name="Reason"/>
                </layer>
                <layer rank="1" name="GF">
                    <label end="26" start="4" name="Ext"/>
                    <label end="71" start="57" name="Obj"/>
                </layer>
                <layer rank="1" name="PT">
                    <label end="26" start="4" name="NP"/>
                    <label end="71" start="57" name="NP"/>
                </layer>
                <layer rank="1" name="Sent"/>
                <layer rank="1" name="Other"/>
                <layer rank="1" name="Target">
                    <label cBy="103" end="31" start="28" name="Target"/>
                </layer>
                <layer rank="1" name="Verb"/>
            </annotationSet>
        </sentence>
        <sentence sentNo="0" aPos="33345568" ID="1124508">
            <text>` God damn that blowhorn , &quot; she heard her father mutter . </text>
            <annotationSet cDate="01/08/2003 03:25:30 PST Wed" status="UNANN" ID="1700122">
                <layer rank="1" name="BNC">
                    <label end="0" start="0" name="PUQ"/>
                    <label end="4" start="2" name="NP0"/>
                    <label end="9" start="6" name="VVB"/>
                    <label end="14" start="11" name="CJT-DT0"/>
                    <label end="23" start="16" name="NN1"/>
                    <label end="25" start="25" name="PUN"/>
                    <label end="27" start="27" name="PUQ"/>
                    <label end="31" start="29" name="PNP"/>
                    <label end="37" start="33" name="VVD"/>
                    <label end="41" start="39" name="DPS"/>
                    <label end="48" start="43" name="NN1"/>
                    <label end="55" start="50" name="NN1"/>
                    <label end="57" start="57" name="PUN"/>
                </layer>
            </annotationSet>
            <annotationSet cDate="01/08/2003 03:25:30 PST Wed" status="MANUAL" ID="1700123">
                <layer rank="1" name="FE">
                    <label cBy="103" feID="1771" end="4" start="2" name="Communicator"/>
                    <label cBy="103" feID="1777" end="23" start="11" name="Evaluee"/>
                    <label cBy="153" feID="1781" itype="DNI" name="Reason"/>
                </layer>
                <layer rank="1" name="GF">
                    <label end="4" start="2" name="Ext"/>
                    <label end="23" start="11" name="Dep"/>
                </layer>
                <layer rank="1" name="PT">
                    <label end="4" start="2" name="NP"/>
                    <label end="23" start="11" name="Sfin"/>
                </layer>
                <layer rank="1" name="Sent">
                    <label end="0" start="0" name="Idiom"/>
                </layer>
                <layer rank="1" name="Other"/>
                <layer rank="1" name="Target">
                    <label cBy="103" end="9" start="6" name="Target"/>
                </layer>
                <layer rank="1" name="Verb"/>
            </annotationSet>
        </sentence>
    </subCorpus>
    <subCorpus name="V-pingfor"/>
    <subCorpus name="V-ppother"/>
    <subCorpus name="V-pwhfor"/>
    <subCorpus name="V-surepass">
        <sentence sentNo="0" aPos="77119170" ID="1124536">
            <text>` Simply that you would damn it as a diabolical liberty and banish it , &quot; Merrill finished quickly , sharply aware of a sudden spark which , for no apparent reason , flared between them . </text>
            <annotationSet cDate="01/08/2003 03:25:33 PST Wed" status="UNANN" ID="1700178">
                <layer rank="1" name="BNC">
                    <label end="0" start="0" name="PUQ"/>
                    <label end="7" start="2" name="AV0"/>
                    <label end="12" start="9" name="CJT"/>
                    <label end="16" start="14" name="PNP"/>
                    <label end="22" start="18" name="VM0"/>
                    <label end="27" start="24" name="VVI"/>
                    <label end="30" start="29" name="PNP"/>
                    <label end="33" start="32" name="CJS-PRP"/>
                    <label end="35" start="35" name="AT0"/>
                    <label end="46" start="37" name="AJ0"/>
                    <label end="54" start="48" name="NN1"/>
                    <label end="58" start="56" name="CJC"/>
                    <label end="65" start="60" name="VVB"/>
                    <label end="68" start="67" name="PNP"/>
                    <label end="70" start="70" name="PUN"/>
                    <label end="72" start="72" name="PUQ"/>
                    <label end="80" start="74" name="NP0"/>
                    <label end="89" start="82" name="VVD"/>
                    <label end="97" start="91" name="AV0"/>
                    <label end="99" start="99" name="PUN"/>
                    <label end="107" start="101" name="AV0"/>
                    <label end="113" start="109" name="AJ0"/>
                    <label end="116" start="115" name="PRF"/>
                    <label end="118" start="118" name="AT0"/>
                    <label end="125" start="120" name="AJ0"/>
                    <label end="131" start="127" name="NN1"/>
                    <label end="137" start="133" name="DTQ"/>
                    <label end="139" start="139" name="PUN"/>
                    <label end="143" start="141" name="PRP"/>
                    <label end="146" start="145" name="AT0"/>
                    <label end="155" start="148" name="AJ0"/>
                    <label end="162" start="157" name="NN1"/>
                    <label end="164" start="164" name="PUN"/>
                    <label end="171" start="166" name="VVD-VVN"/>
                    <label end="179" start="173" name="PRP"/>
                    <label end="184" start="181" name="PNP"/>
                    <label end="186" start="186" name="PUN"/>
                </layer>
            </annotationSet>
            <annotationSet cDate="01/08/2003 03:25:33 PST Wed" status="MANUAL" ID="1700179">
                <layer rank="1" name="FE">
                    <label cBy="103" feID="1771" end="16" start="14" name="Communicator"/>
                    <label cBy="103" feID="1777" end="30" start="29" name="Evaluee"/>
                    <label cBy="103" feID="1781" end="54" start="32" name="Reason"/>
                </layer>
                <layer rank="1" name="GF">
                    <label end="16" start="14" name="Ext"/>
                    <label end="30" start="29" name="Obj"/>
                    <label end="54" start="32" name="Dep"/>
                </layer>
                <layer rank="1" name="PT">
                    <label end="16" start="14" name="NP"/>
                    <label end="30" start="29" name="NP"/>
                    <label end="54" start="32" name="PP"/>
                </layer>
                <layer rank="1" name="Sent"/>
                <layer rank="1" name="Other"/>
                <layer rank="1" name="Target">
                    <label cBy="103" end="27" start="24" name="Target"/>
                </layer>
                <layer rank="1" name="Verb"/>
            </annotationSet>
        </sentence>
        <sentence sentNo="0" aPos="25960946" ID="1124537">
            <text>They readily damn the ` Love Is Hell &quot; LP nowadays , and reckon ` Strange Free World &quot; is their first record . </text>
            <annotationSet cDate="01/08/2003 03:25:33 PST Wed" status="UNANN" ID="1700180">
                <layer rank="1" name="BNC">
                    <label end="3" start="0" name="PNP"/>
                    <label end="11" start="5" name="AV0"/>
                    <label end="16" start="13" name="VVB"/>
                    <label end="20" start="18" name="AT0"/>
                    <label end="22" start="22" name="PUQ"/>
                    <label end="27" start="24" name="NN1"/>
                    <label end="30" start="29" name="VBZ"/>
                    <label end="35" start="32" name="NN1"/>
                    <label end="37" start="37" name="PUQ"/>
                    <label end="40" start="39" name="NN1"/>
                    <label end="49" start="42" name="AV0"/>
                    <label end="51" start="51" name="PUN"/>
                    <label end="55" start="53" name="CJC"/>
                    <label end="62" start="57" name="VVB"/>
                    <label end="64" start="64" name="PUQ"/>
                    <label end="72" start="66" name="AJ0"/>
                    <label end="77" start="74" name="AJ0"/>
                    <label end="83" start="79" name="NN1"/>
                    <label end="85" start="85" name="PUQ"/>
                    <label end="88" start="87" name="VBZ"/>
                    <label end="94" start="90" name="DPS"/>
                    <label end="100" start="96" name="ORD"/>
                    <label end="107" start="102" name="NN1"/>
                    <label end="109" start="109" name="PUN"/>
                </layer>
            </annotationSet>
            <annotationSet cDate="01/08/2003 03:25:33 PST Wed" status="MANUAL" ID="1700181">
                <layer rank="1" name="FE">
                    <label cBy="103" feID="1771" end="3" start="0" name="Communicator"/>
                    <label cBy="103" feID="1777" end="40" start="18" name="Evaluee"/>
                    <label cBy="153" feID="1781" itype="DNI" name="Reason"/>
                </layer>
                <layer rank="1" name="GF">
                    <label end="3" start="0" name="Ext"/>
                    <label end="40" start="18" name="Dep"/>
                </layer>
                <layer rank="1" name="PT">
                    <label end="3" start="0" name="NP"/>
                    <label end="40" start="18" name="Sfin"/>
                </layer>
                <layer rank="1" name="Sent"/>
                <layer rank="1" name="Other"/>
                <layer rank="1" name="Target">
                    <label cBy="103" end="16" start="13" name="Target"/>
                </layer>
                <layer rank="1" name="Verb"/>
            </annotationSet>
        </sentence>
        <sentence sentNo="0" aPos="9248444" ID="1124540">
            <text>Future generations of composers will damn our spinelessness if we do not do something about this proposal , and they will be right . </text>
            <annotationSet cDate="01/08/2003 03:25:34 PST Wed" status="UNANN" ID="1700186">
                <layer rank="1" name="BNC">
                    <label end="5" start="0" name="AJ0"/>
                    <label end="17" start="7" name="NN2"/>
                    <label end="20" start="19" name="PRF"/>
                    <label end="30" start="22" name="NN2"/>
                    <label end="35" start="32" name="VM0"/>
                    <label end="40" start="37" name="VVI"/>
                    <label end="44" start="42" name="DPS"/>
                    <label end="58" start="46" name="NN1"/>
                    <label end="61" start="60" name="CJS"/>
                    <label end="64" start="63" name="PNP"/>
                    <label end="67" start="66" name="VDB"/>
                    <label end="71" start="69" name="XX0"/>
                    <label end="74" start="73" name="VDI"/>
                    <label end="84" start="76" name="PNI"/>
                    <label end="90" start="86" name="PRP"/>
                    <label end="95" start="92" name="DT0"/>
                    <label end="104" start="97" name="NN1"/>
                    <label end="106" start="106" name="PUN"/>
                    <label end="110" start="108" name="CJC"/>
                    <label end="115" start="112" name="PNP"/>
                    <label end="120" start="117" name="VM0"/>
                    <label end="123" start="122" name="VBI"/>
                    <label end="129" start="125" name="AJ0"/>
                    <label end="131" start="131" name="PUN"/>
                </layer>
            </annotationSet>
            <annotationSet cDate="01/08/2003 03:25:34 PST Wed" status="MANUAL" ID="1700187">
                <layer rank="1" name="FE">
                    <label cBy="103" feID="1771" end="30" start="0" name="Communicator"/>
                    <label cBy="103" feID="1781" end="58" start="42" name="Reason"/>
                </layer>
                <layer rank="1" name="GF">
                    <label end="30" start="0" name="Ext"/>
                    <label end="58" start="42" name="Obj"/>
                </layer>
                <layer rank="1" name="PT">
                    <label end="30" start="0" name="NP"/>
                    <label end="58" start="42" name="NP"/>
                </layer>
                <layer rank="1" name="Sent"/>
                <layer rank="1" name="Other"/>
                <layer rank="1" name="Target">
                    <label cBy="103" end="40" start="37" name="Target"/>
                </layer>
                <layer rank="1" name="Verb"/>
                <layer rank="2" name="FE">
                    <label cBy="618" feID="1777" end="44" start="42" name="Evaluee"/>
                </layer>
            </annotationSet>
        </sentence>
    </subCorpus>
    <subCorpus name="V-trans-simple"/>
</lexUnit>