<?xml version="1.0" encoding="UTF-8" standalone="yes"?>
<?xml-stylesheet type="text/xsl" href="lexUnit.xsl"?>
<lexUnit status="Finished_Initial" POS="A" name="somnolent.a" ID="7307" frame="Biological_urge" frameID="394" totalAnnotated="6" xsi:schemaLocation="../schema/lexUnit.xsd" xmlns="http://framenet.icsi.berkeley.edu" xmlns:xsi="http://www.w3.org/2001/XMLSchema-instance">
    <header>
        <frame>
            <FE fgColor="FFFFFF" bgColor="FF00FF" type="Peripheral" abbrev="Deg" name="Degree"/>
            <FE fgColor="FFFFFF" bgColor="006400" type="Peripheral" abbrev="Dur" name="Duration"/>
            <FE fgColor="FFFFFF" bgColor="FF0000" type="Core" abbrev="Exp" name="Experiencer"/>
            <FE fgColor="FFFFFF" bgColor="0000FF" type="Core" abbrev="Expressor" name="Expressor"/>
            <FE fgColor="FFFFFF" bgColor="9400D3" type="Peripheral" abbrev="Par" name="Parameter"/>
            <FE fgColor="FFFFFF" bgColor="008000" type="Peripheral" abbrev="Place" name="Place"/>
            <FE fgColor="FFFFFF" bgColor="A52A2A" type="Extra-Thematic" abbrev="Rea" name="Reason"/>
            <FE fgColor="FFFFFF" bgColor="00BFFF" type="Core" abbrev="Stat" name="State"/>
            <FE fgColor="FFFFFF" bgColor="FFA500" type="Peripheral" abbrev="Time" name="Time"/>
        </frame>
    </header>
    <definition>COD: sleepy; drowsy. </definition>
    <lexeme POS="A" name="somnolent"/>
    <valences>
        <FERealization total="4">
            <FE name="Experiencer"/>
            <pattern total="3">
                <valenceUnit GF="Head" PT="N" FE="Experiencer"/>
                <annoSet ID="1688489"/>
                <annoSet ID="1688495"/>
                <annoSet ID="1688505"/>
            </pattern>
            <pattern total="1">
                <valenceUnit GF="Ext" PT="NP" FE="Experiencer"/>
                <annoSet ID="1688515"/>
            </pattern>
        </FERealization>
        <FERealization total="2">
            <FE name="Expressor"/>
            <pattern total="1">
                <valenceUnit GF="Head" PT="N" FE="Expressor"/>
                <annoSet ID="1688511"/>
            </pattern>
            <pattern total="1">
                <valenceUnit GF="Ext" PT="NP" FE="Expressor"/>
                <annoSet ID="1688493"/>
            </pattern>
        </FERealization>
        <FERealization total="1">
            <FE name="Time"/>
            <pattern total="1">
                <valenceUnit GF="Dep" PT="Sub" FE="Time"/>
                <annoSet ID="1688515"/>
            </pattern>
        </FERealization>
        <FEGroupRealization total="3">
            <FE name="Experiencer"/>
            <pattern total="3">
                <valenceUnit GF="Head" PT="N" FE="Experiencer"/>
                <annoSet ID="1688489"/>
                <annoSet ID="1688495"/>
                <annoSet ID="1688505"/>
            </pattern>
        </FEGroupRealization>
        <FEGroupRealization total="1">
            <FE name="Experiencer"/>
            <FE name="Time"/>
            <pattern total="1">
                <valenceUnit GF="Ext" PT="NP" FE="Experiencer"/>
                <valenceUnit GF="Dep" PT="Sub" FE="Time"/>
                <annoSet ID="1688515"/>
            </pattern>
        </FEGroupRealization>
        <FEGroupRealization total="2">
            <FE name="Expressor"/>
            <pattern total="1">
                <valenceUnit GF="Head" PT="N" FE="Expressor"/>
                <annoSet ID="1688511"/>
            </pattern>
            <pattern total="1">
                <valenceUnit GF="Ext" PT="NP" FE="Expressor"/>
                <annoSet ID="1688493"/>
            </pattern>
        </FEGroupRealization>
    </valences>
    <subCorpus name="A-001-all">
        <sentence sentNo="0" aPos="30030093" ID="1118677">
            <text>Like his compatriot Nelson Piquet , Emerson in the cockpit is a somnolent cat . </text>
            <annotationSet cDate="01/08/2003 03:09:59 PST Wed" status="UNANN" ID="1688488">
                <layer rank="1" name="BNC">
                    <label end="3" start="0" name="PRP"/>
                    <label end="7" start="5" name="DPS"/>
                    <label end="18" start="9" name="NN1"/>
                    <label end="25" start="20" name="NP0"/>
                    <label end="32" start="27" name="NP0"/>
                    <label end="34" start="34" name="PUN"/>
                    <label end="42" start="36" name="NP0"/>
                    <label end="45" start="44" name="PRP"/>
                    <label end="49" start="47" name="AT0"/>
                    <label end="57" start="51" name="NN1"/>
                    <label end="60" start="59" name="VBZ"/>
                    <label end="62" start="62" name="AT0"/>
                    <label end="72" start="64" name="AJ0"/>
                    <label end="76" start="74" name="NN1"/>
                    <label end="78" start="78" name="PUN"/>
                </layer>
            </annotationSet>
            <annotationSet cDate="01/08/2003 03:09:59 PST Wed" status="MANUAL" ID="1688489">
                <layer rank="1" name="FE">
                    <label cBy="865" feID="3520" end="76" start="74" name="Experiencer"/>
                </layer>
                <layer rank="1" name="GF">
                    <label end="76" start="74" name="Head"/>
                </layer>
                <layer rank="1" name="PT">
                    <label end="76" start="74" name="N"/>
                </layer>
                <layer rank="1" name="Sent"/>
                <layer rank="1" name="Other"/>
                <layer rank="1" name="Target">
                    <label cBy="103" end="72" start="64" name="Target"/>
                </layer>
                <layer rank="1" name="Adj"/>
            </annotationSet>
        </sentence>
        <sentence sentNo="0" aPos="36765982" ID="1118679">
            <text>Sometimes the tunes are ethereal and somnolent like Brian Eno after a whole bottle of Actifed . </text>
            <annotationSet cDate="01/08/2003 03:09:59 PST Wed" status="UNANN" ID="1688492">
                <layer rank="1" name="BNC">
                    <label end="8" start="0" name="AV0"/>
                    <label end="12" start="10" name="AT0"/>
                    <label end="18" start="14" name="NN2"/>
                    <label end="22" start="20" name="VBB"/>
                    <label end="31" start="24" name="AJ0"/>
                    <label end="35" start="33" name="CJC"/>
                    <label end="45" start="37" name="AJ0"/>
                    <label end="50" start="47" name="PRP"/>
                    <label end="56" start="52" name="NP0"/>
                    <label end="60" start="58" name="NN1-NP0"/>
                    <label end="66" start="62" name="PRP"/>
                    <label end="68" start="68" name="AT0"/>
                    <label end="74" start="70" name="AJ0"/>
                    <label end="81" start="76" name="NN1"/>
                    <label end="84" start="83" name="PRF"/>
                    <label end="92" start="86" name="AJ0"/>
                    <label end="94" start="94" name="PUN"/>
                </layer>
            </annotationSet>
            <annotationSet cDate="01/08/2003 03:09:59 PST Wed" status="MANUAL" ID="1688493">
                <layer rank="1" name="FE">
                    <label cBy="865" feID="3526" end="18" start="10" name="Expressor"/>
                </layer>
                <layer rank="1" name="GF">
                    <label end="18" start="10" name="Ext"/>
                </layer>
                <layer rank="1" name="PT">
                    <label end="18" start="10" name="NP"/>
                </layer>
                <layer rank="1" name="Sent"/>
                <layer rank="1" name="Other"/>
                <layer rank="1" name="Target">
                    <label cBy="103" end="45" start="37" name="Target"/>
                </layer>
                <layer rank="1" name="Adj">
                    <label end="22" start="20" name="Cop"/>
                </layer>
            </annotationSet>
        </sentence>
        <sentence sentNo="0" aPos="37645276" ID="1118680">
            <text>After Bell was dismissed in 1988 , the society 's once somnolent board hired a new director and began to change the institution 's orientation toward exhibitions and ` museum education &quot; . </text>
            <annotationSet cDate="01/08/2003 03:09:59 PST Wed" status="UNANN" ID="1688494">
                <layer rank="1" name="BNC">
                    <label end="4" start="0" name="CJS-PRP"/>
                    <label end="9" start="6" name="NP0"/>
                    <label end="13" start="11" name="VBD"/>
                    <label end="23" start="15" name="VVN"/>
                    <label end="26" start="25" name="PRP"/>
                    <label end="31" start="28" name="CRD"/>
                    <label end="33" start="33" name="PUN"/>
                    <label end="37" start="35" name="AT0"/>
                    <label end="45" start="39" name="NN0"/>
                    <label end="48" start="47" name="POS"/>
                    <label end="53" start="50" name="AV0"/>
                    <label end="63" start="55" name="AJ0"/>
                    <label end="69" start="65" name="NN1"/>
                    <label end="75" start="71" name="VVD"/>
                    <label end="77" start="77" name="AT0"/>
                    <label end="81" start="79" name="AJ0"/>
                    <label end="90" start="83" name="NN1"/>
                    <label end="94" start="92" name="CJC"/>
                    <label end="100" start="96" name="VVD"/>
                    <label end="103" start="102" name="TO0"/>
                    <label end="110" start="105" name="VVI"/>
                    <label end="114" start="112" name="AT0"/>
                    <label end="126" start="116" name="NN1"/>
                    <label end="129" start="128" name="POS"/>
                    <label end="141" start="131" name="NN1"/>
                    <label end="148" start="143" name="PRP"/>
                    <label end="160" start="150" name="NN2"/>
                    <label end="164" start="162" name="CJC"/>
                    <label end="166" start="166" name="PUQ"/>
                    <label end="173" start="168" name="NN1"/>
                    <label end="183" start="175" name="NN1"/>
                    <label end="185" start="185" name="PUQ"/>
                    <label end="187" start="187" name="PUN"/>
                </layer>
            </annotationSet>
            <annotationSet cDate="01/08/2003 03:09:59 PST Wed" status="MANUAL" ID="1688495">
                <layer rank="1" name="FE">
                    <label cBy="865" feID="3520" end="69" start="65" name="Experiencer"/>
                </layer>
                <layer rank="1" name="GF">
                    <label end="69" start="65" name="Head"/>
                </layer>
                <layer rank="1" name="PT">
                    <label end="69" start="65" name="N"/>
                </layer>
                <layer rank="1" name="Sent"/>
                <layer rank="1" name="Other"/>
                <layer rank="1" name="Target">
                    <label cBy="103" end="63" start="55" name="Target"/>
                </layer>
                <layer rank="1" name="Adj"/>
            </annotationSet>
        </sentence>
        <sentence sentNo="0" aPos="56034184" ID="1118685">
            <text>I ca n't bear somnolent groups of people . &quot; </text>
            <annotationSet cDate="01/08/2003 03:10:00 PST Wed" status="UNANN" ID="1688504">
                <layer rank="1" name="BNC">
                    <label end="0" start="0" name="PNP"/>
                    <label end="3" start="2" name="VM0"/>
                    <label end="7" start="5" name="XX0"/>
                    <label end="12" start="9" name="VVI"/>
                    <label end="22" start="14" name="AJ0"/>
                    <label end="29" start="24" name="NN2"/>
                    <label end="32" start="31" name="PRF"/>
                    <label end="39" start="34" name="NN0"/>
                    <label end="41" start="41" name="PUN"/>
                    <label end="43" start="43" name="PUQ"/>
                </layer>
            </annotationSet>
            <annotationSet cDate="01/08/2003 03:10:00 PST Wed" status="MANUAL" ID="1688505">
                <layer rank="1" name="FE">
                    <label cBy="865" feID="3520" end="39" start="24" name="Experiencer"/>
                </layer>
                <layer rank="1" name="GF">
                    <label end="39" start="24" name="Head"/>
                </layer>
                <layer rank="1" name="PT">
                    <label end="39" start="24" name="N"/>
                </layer>
                <layer rank="1" name="Sent"/>
                <layer rank="1" name="Other"/>
                <layer rank="1" name="Target">
                    <label cBy="103" end="22" start="14" name="Target"/>
                </layer>
                <layer rank="1" name="Adj"/>
            </annotationSet>
        </sentence>
        <sentence sentNo="0" aPos="77045403" ID="1118688">
            <text>Lazily , she stretched and smiled , letting her somnolent gaze drift over the procession of reeds and gnarled trees that dipped their branches low into the water . </text>
            <annotationSet cDate="01/08/2003 03:10:00 PST Wed" status="UNANN" ID="1688510">
                <layer rank="1" name="BNC">
                    <label end="5" start="0" name="AV0"/>
                    <label end="7" start="7" name="PUN"/>
                    <label end="11" start="9" name="PNP"/>
                    <label end="21" start="13" name="VVD"/>
                    <label end="25" start="23" name="CJC"/>
                    <label end="32" start="27" name="VVD"/>
                    <label end="34" start="34" name="PUN"/>
                    <label end="42" start="36" name="VVG"/>
                    <label end="46" start="44" name="DPS"/>
                    <label end="56" start="48" name="AJ0"/>
                    <label end="61" start="58" name="NN1"/>
                    <label end="67" start="63" name="NN1-VVB"/>
                    <label end="72" start="69" name="AVP-PRP"/>
                    <label end="76" start="74" name="AT0"/>
                    <label end="87" start="78" name="NN1"/>
                    <label end="90" start="89" name="PRF"/>
                    <label end="96" start="92" name="NN2"/>
                    <label end="100" start="98" name="CJC"/>
                    <label end="108" start="102" name="AJ0-VVD"/>
                    <label end="114" start="110" name="NN2"/>
                    <label end="119" start="116" name="CJT"/>
                    <label end="126" start="121" name="VVD"/>
                    <label end="132" start="128" name="DPS"/>
                    <label end="141" start="134" name="NN2"/>
                    <label end="145" start="143" name="AJ0-AV0"/>
                    <label end="150" start="147" name="PRP"/>
                    <label end="154" start="152" name="AT0"/>
                    <label end="160" start="156" name="NN1"/>
                    <label end="162" start="162" name="PUN"/>
                </layer>
            </annotationSet>
            <annotationSet cDate="01/08/2003 03:10:00 PST Wed" status="MANUAL" ID="1688511">
                <layer rank="1" name="FE">
                    <label cBy="865" feID="3526" end="61" start="58" name="Expressor"/>
                </layer>
                <layer rank="1" name="GF">
                    <label end="61" start="58" name="Head"/>
                </layer>
                <layer rank="1" name="PT">
                    <label end="61" start="58" name="N"/>
                </layer>
                <layer rank="1" name="Sent"/>
                <layer rank="1" name="Other"/>
                <layer rank="1" name="Target">
                    <label cBy="103" end="56" start="48" name="Target"/>
                </layer>
                <layer rank="1" name="Adj"/>
            </annotationSet>
        </sentence>
        <sentence sentNo="0" aPos="88864318" ID="1118690">
            <text>In the heat of the afternoon , both armies lay quiet , somnolent after the long hours of nervous exertion and the effects of the warmth and the food . </text>
            <annotationSet cDate="01/08/2003 03:10:00 PST Wed" status="UNANN" ID="1688514">
                <layer rank="1" name="BNC">
                    <label end="1" start="0" name="PRP"/>
                    <label end="5" start="3" name="AT0"/>
                    <label end="10" start="7" name="NN1"/>
                    <label end="13" start="12" name="PRF"/>
                    <label end="17" start="15" name="AT0"/>
                    <label end="27" start="19" name="NN1"/>
                    <label end="29" start="29" name="PUN"/>
                    <label end="34" start="31" name="DT0"/>
                    <label end="41" start="36" name="NN2"/>
                    <label end="45" start="43" name="VVD"/>
                    <label end="51" start="47" name="AJ0"/>
                    <label end="53" start="53" name="PUN"/>
                    <label end="63" start="55" name="AJ0"/>
                    <label end="69" start="65" name="CJS-PRP"/>
                    <label end="73" start="71" name="AT0"/>
                    <label end="78" start="75" name="AJ0"/>
                    <label end="84" start="80" name="NN2"/>
                    <label end="87" start="86" name="PRF"/>
                    <label end="95" start="89" name="AJ0"/>
                    <label end="104" start="97" name="NN1"/>
                    <label end="108" start="106" name="CJC"/>
                    <label end="112" start="110" name="AT0"/>
                    <label end="120" start="114" name="NN2"/>
                    <label end="123" start="122" name="PRF"/>
                    <label end="127" start="125" name="AT0"/>
                    <label end="134" start="129" name="NN1"/>
                    <label end="138" start="136" name="CJC"/>
                    <label end="142" start="140" name="AT0"/>
                    <label end="147" start="144" name="NN1"/>
                    <label end="149" start="149" name="PUN"/>
                </layer>
            </annotationSet>
            <annotationSet cDate="01/08/2003 03:10:00 PST Wed" status="MANUAL" ID="1688515">
                <layer rank="1" name="FE">
                    <label cBy="865" feID="3520" end="41" start="31" name="Experiencer"/>
                    <label cBy="865" feID="3521" end="147" start="65" name="Time"/>
                </layer>
                <layer rank="1" name="GF">
                    <label end="41" start="31" name="Ext"/>
                    <label end="147" start="65" name="Dep"/>
                </layer>
                <layer rank="1" name="PT">
                    <label end="41" start="31" name="NP"/>
                    <label end="147" start="65" name="Sub"/>
                </layer>
                <layer rank="1" name="Sent"/>
                <layer rank="1" name="Other"/>
                <layer rank="1" name="Target">
                    <label cBy="103" end="63" start="55" name="Target"/>
                </layer>
                <layer rank="1" name="Adj"/>
            </annotationSet>
        </sentence>
    </subCorpus>
</lexUnit>