<?xml version="1.0" encoding="UTF-8" standalone="yes"?>
<?xml-stylesheet type="text/xsl" href="lexUnit.xsl"?>
<lexUnit status="Finished_Initial" POS="N" name="amends.n" ID="7337" frame="Reparation" frameID="400" totalAnnotated="14" xsi:schemaLocation="../schema/lexUnit.xsd" xmlns="http://framenet.icsi.berkeley.edu" xmlns:xsi="http://www.w3.org/2001/XMLSchema-instance">
    <header>
        <corpus name="BNC2" ID="111">
            <document description="bncp" ID="421"/>
        </corpus>
        <frame>
            <FE fgColor="FFFFFF" bgColor="0000FF" type="Core" abbrev="Bene" name="Benefiting_action"/>
            <FE fgColor="FFFFFF" bgColor="FF69B4" type="Peripheral" abbrev="Degr" name="Degree"/>
            <FE fgColor="FFFFFF" bgColor="808080" type="Core" abbrev="Gift" name="Gift"/>
            <FE fgColor="FFFFFF" bgColor="9400D3" type="Core" abbrev="Injrd_prty" name="Injured_party"/>
            <FE fgColor="FFFFFF" bgColor="00008B" type="Core" abbrev="Injry" name="Injury"/>
            <FE fgColor="FFFFFF" bgColor="FF00FF" type="Peripheral" abbrev="Mnr" name="Manner"/>
            <FE fgColor="000000" bgColor="FFFF00" type="Peripheral" abbrev="" name="Means"/>
            <FE fgColor="FFFFFF" bgColor="008000" type="Peripheral" abbrev="Place" name="Place"/>
            <FE fgColor="FFFFFF" bgColor="800080" type="Peripheral" abbrev="Purp" name="Purpose"/>
            <FE fgColor="FFFFFF" bgColor="FFA500" type="Peripheral" abbrev="Time" name="Time"/>
            <FE fgColor="FFFFFF" bgColor="FF0000" type="Core" abbrev="Wr" name="Wrongdoer"/>
        </frame>
    </header>
    <definition>FN: an action or actions performed to benefit someone whom one has injured; reparation</definition>
    <lexeme POS="N" name="amends"/>
    <valences>
        <governor type="Sup" lemma="make">
            <annoSet ID="2422377"/>
            <annoSet ID="2422381"/>
            <annoSet ID="2422417"/>
            <annoSet ID="2422429"/>
            <annoSet ID="2422437"/>
            <annoSet ID="2422439"/>
            <annoSet ID="2422445"/>
            <annoSet ID="2422467"/>
            <annoSet ID="2422483"/>
            <annoSet ID="2422507"/>
            <annoSet ID="2422523"/>
            <annoSet ID="2422573"/>
            <annoSet ID="2422607"/>
        </governor>
        <FERealization total="14">
            <FE name="Benefiting_action"/>
            <pattern total="1">
                <valenceUnit GF="Dep" PT="AJP" FE="Benefiting_action"/>
                <annoSet ID="2422437"/>
            </pattern>
            <pattern total="1">
                <valenceUnit GF="" PT="DNI" FE="Benefiting_action"/>
                <annoSet ID="2422507"/>
            </pattern>
            <pattern total="7">
                <valenceUnit GF="" PT="INI" FE="Benefiting_action"/>
                <annoSet ID="2422377"/>
                <annoSet ID="2422381"/>
                <annoSet ID="2422413"/>
                <annoSet ID="2422417"/>
                <annoSet ID="2422445"/>
                <annoSet ID="2422483"/>
                <annoSet ID="2422607"/>
            </pattern>
            <pattern total="4">
                <valenceUnit GF="Dep" PT="PP[by]" FE="Benefiting_action"/>
                <annoSet ID="2422429"/>
                <annoSet ID="2422439"/>
                <annoSet ID="2422523"/>
                <annoSet ID="2422573"/>
            </pattern>
            <pattern total="1">
                <valenceUnit GF="Dep" PT="PP[with]" FE="Benefiting_action"/>
                <annoSet ID="2422467"/>
            </pattern>
        </FERealization>
        <FERealization total="2">
            <FE name="Injured_party"/>
            <pattern total="1">
                <valenceUnit GF="Dep" PT="PP[with]" FE="Injured_party"/>
                <annoSet ID="2422445"/>
            </pattern>
            <pattern total="1">
                <valenceUnit GF="Dep" PT="PP[to]" FE="Injured_party"/>
                <annoSet ID="2422439"/>
            </pattern>
        </FERealization>
        <FERealization total="13">
            <FE name="Injury"/>
            <pattern total="9">
                <valenceUnit GF="" PT="DNI" FE="Injury"/>
                <annoSet ID="2422417"/>
                <annoSet ID="2422429"/>
                <annoSet ID="2422437"/>
                <annoSet ID="2422467"/>
                <annoSet ID="2422483"/>
                <annoSet ID="2422507"/>
                <annoSet ID="2422523"/>
                <annoSet ID="2422573"/>
                <annoSet ID="2422607"/>
            </pattern>
            <pattern total="4">
                <valenceUnit GF="Dep" PT="PP[for]" FE="Injury"/>
                <annoSet ID="2422377"/>
                <annoSet ID="2422381"/>
                <annoSet ID="2422413"/>
                <annoSet ID="2422445"/>
            </pattern>
        </FERealization>
        <FERealization total="1">
            <FE name="Place"/>
            <pattern total="1">
                <valenceUnit GF="Dep" PT="PP[at]" FE="Place"/>
                <annoSet ID="2422417"/>
            </pattern>
        </FERealization>
        <FERealization total="4">
            <FE name="Time"/>
            <pattern total="1">
                <valenceUnit GF="Dep" PT="PP[in]" FE="Time"/>
                <annoSet ID="2422437"/>
            </pattern>
            <pattern total="1">
                <valenceUnit GF="Dep" PT="PP[before]" FE="Time"/>
                <annoSet ID="2422507"/>
            </pattern>
            <pattern total="1">
                <valenceUnit GF="Dep" PT="AJP" FE="Time"/>
                <annoSet ID="2422417"/>
            </pattern>
            <pattern total="1">
                <valenceUnit GF="Dep" PT="AVP" FE="Time"/>
                <annoSet ID="2422467"/>
            </pattern>
        </FERealization>
        <FERealization total="14">
            <FE name="Wrongdoer"/>
            <pattern total="13">
                <valenceUnit GF="Ext" PT="NP" FE="Wrongdoer"/>
                <annoSet ID="2422377"/>
                <annoSet ID="2422381"/>
                <annoSet ID="2422417"/>
                <annoSet ID="2422429"/>
                <annoSet ID="2422437"/>
                <annoSet ID="2422439"/>
                <annoSet ID="2422445"/>
                <annoSet ID="2422467"/>
                <annoSet ID="2422483"/>
                <annoSet ID="2422507"/>
                <annoSet ID="2422523"/>
                <annoSet ID="2422573"/>
                <annoSet ID="2422607"/>
            </pattern>
            <pattern total="1">
                <valenceUnit GF="" PT="CNI" FE="Wrongdoer"/>
                <annoSet ID="2422413"/>
            </pattern>
        </FERealization>
        <FEGroupRealization total="1">
            <FE name="Benefiting_action"/>
            <FE name="Injured_party"/>
            <FE name="Injury"/>
            <FE name="Wrongdoer"/>
            <pattern total="1">
                <valenceUnit GF="" PT="INI" FE="Benefiting_action"/>
                <valenceUnit GF="Dep" PT="PP[with]" FE="Injured_party"/>
                <valenceUnit GF="Dep" PT="PP[for]" FE="Injury"/>
                <valenceUnit GF="Ext" PT="NP" FE="Wrongdoer"/>
                <annoSet ID="2422445"/>
            </pattern>
        </FEGroupRealization>
        <FEGroupRealization total="1">
            <FE name="Benefiting_action"/>
            <FE name="Injured_party"/>
            <FE name="Wrongdoer"/>
            <pattern total="1">
                <valenceUnit GF="Dep" PT="PP[by]" FE="Benefiting_action"/>
                <valenceUnit GF="Dep" PT="PP[to]" FE="Injured_party"/>
                <valenceUnit GF="Ext" PT="NP" FE="Wrongdoer"/>
                <annoSet ID="2422439"/>
            </pattern>
        </FEGroupRealization>
        <FEGroupRealization total="1">
            <FE name="Benefiting_action"/>
            <FE name="Injury"/>
            <FE name="Place"/>
            <FE name="Time"/>
            <FE name="Wrongdoer"/>
            <pattern total="1">
                <valenceUnit GF="" PT="INI" FE="Benefiting_action"/>
                <valenceUnit GF="" PT="DNI" FE="Injury"/>
                <valenceUnit GF="Dep" PT="PP[at]" FE="Place"/>
                <valenceUnit GF="Dep" PT="AJP" FE="Time"/>
                <valenceUnit GF="Ext" PT="NP" FE="Wrongdoer"/>
                <annoSet ID="2422417"/>
            </pattern>
        </FEGroupRealization>
        <FEGroupRealization total="3">
            <FE name="Benefiting_action"/>
            <FE name="Injury"/>
            <FE name="Time"/>
            <FE name="Wrongdoer"/>
            <pattern total="1">
                <valenceUnit GF="Dep" PT="AJP" FE="Benefiting_action"/>
                <valenceUnit GF="" PT="DNI" FE="Injury"/>
                <valenceUnit GF="Dep" PT="PP[in]" FE="Time"/>
                <valenceUnit GF="Ext" PT="NP" FE="Wrongdoer"/>
                <annoSet ID="2422437"/>
            </pattern>
            <pattern total="1">
                <valenceUnit GF="" PT="DNI" FE="Benefiting_action"/>
                <valenceUnit GF="" PT="DNI" FE="Injury"/>
                <valenceUnit GF="Dep" PT="PP[before]" FE="Time"/>
                <valenceUnit GF="Ext" PT="NP" FE="Wrongdoer"/>
                <annoSet ID="2422507"/>
            </pattern>
            <pattern total="1">
                <valenceUnit GF="Dep" PT="PP[with]" FE="Benefiting_action"/>
                <valenceUnit GF="" PT="DNI" FE="Injury"/>
                <valenceUnit GF="Dep" PT="AVP" FE="Time"/>
                <valenceUnit GF="Ext" PT="NP" FE="Wrongdoer"/>
                <annoSet ID="2422467"/>
            </pattern>
        </FEGroupRealization>
        <FEGroupRealization total="8">
            <FE name="Benefiting_action"/>
            <FE name="Injury"/>
            <FE name="Wrongdoer"/>
            <pattern total="2">
                <valenceUnit GF="" PT="INI" FE="Benefiting_action"/>
                <valenceUnit GF="" PT="DNI" FE="Injury"/>
                <valenceUnit GF="Ext" PT="NP" FE="Wrongdoer"/>
                <annoSet ID="2422483"/>
                <annoSet ID="2422607"/>
            </pattern>
            <pattern total="1">
                <valenceUnit GF="" PT="INI" FE="Benefiting_action"/>
                <valenceUnit GF="Dep" PT="PP[for]" FE="Injury"/>
                <valenceUnit GF="" PT="CNI" FE="Wrongdoer"/>
                <annoSet ID="2422413"/>
            </pattern>
            <pattern total="2">
                <valenceUnit GF="" PT="INI" FE="Benefiting_action"/>
                <valenceUnit GF="Dep" PT="PP[for]" FE="Injury"/>
                <valenceUnit GF="Ext" PT="NP" FE="Wrongdoer"/>
                <annoSet ID="2422377"/>
                <annoSet ID="2422381"/>
            </pattern>
            <pattern total="3">
                <valenceUnit GF="Dep" PT="PP[by]" FE="Benefiting_action"/>
                <valenceUnit GF="" PT="DNI" FE="Injury"/>
                <valenceUnit GF="Ext" PT="NP" FE="Wrongdoer"/>
                <annoSet ID="2422429"/>
                <annoSet ID="2422523"/>
                <annoSet ID="2422573"/>
            </pattern>
        </FEGroupRealization>
    </valences>
    <subCorpus name="01-T-PPfor-(1)">
        <sentence corpID="111" docID="421" sentNo="6" paragNo="737" aPos="85615168" ID="1487866">
            <text>He said quietly , ` Sabine , I am trying , clumsily perhaps , to make amends for everything that has happened .</text>
            <annotationSet cDate="06/17/2008 11:42:27 PDT Tue" status="UNANN" ID="2422376">
                <layer rank="1" name="PENN">
                    <label end="1" start="0" name="PP"/>
                    <label end="6" start="3" name="VVD"/>
                    <label end="14" start="8" name="rb"/>
                    <label end="16" start="16" name=","/>
                    <label end="25" start="20" name="NP"/>
                    <label end="27" start="27" name=","/>
                    <label end="29" start="29" name="PP"/>
                    <label end="32" start="31" name="vbp"/>
                    <label end="39" start="34" name="VVG"/>
                    <label end="41" start="41" name=","/>
                    <label end="50" start="43" name="rb"/>
                    <label end="58" start="52" name="rb"/>
                    <label end="60" start="60" name=","/>
                    <label end="63" start="62" name="to"/>
                    <label end="68" start="65" name="VV"/>
                    <label end="75" start="70" name="nn"/>
                    <label end="79" start="77" name="in"/>
                    <label end="90" start="81" name="nn"/>
                    <label end="95" start="92" name="wdt"/>
                    <label end="99" start="97" name="VHZ"/>
                    <label end="108" start="101" name="VVN"/>
                    <label end="110" start="110" name="sent"/>
                </layer>
                <layer rank="1" name="NER"/>
                <layer rank="1" name="WSL"/>
            </annotationSet>
            <annotationSet cDate="06/17/2008 11:42:27 PDT Tue" status="MANUAL" ID="2422377">
                <layer rank="1" name="Target">
                    <label cBy="597" end="75" start="70" name="Target"/>
                </layer>
                <layer rank="1" name="FE">
                    <label cBy="597" feID="3635" end="29" start="29" name="Wrongdoer"/>
                    <label cBy="597" feID="3634" end="108" start="77" name="Injury"/>
                    <label cBy="597" feID="3636" itype="INI" name="Benefiting_action"/>
                </layer>
                <layer rank="1" name="GF">
                    <label end="29" start="29" name="Ext"/>
                    <label end="108" start="77" name="Dep"/>
                </layer>
                <layer rank="1" name="PT">
                    <label end="29" start="29" name="NP"/>
                    <label end="108" start="77" name="PP"/>
                </layer>
                <layer rank="1" name="Other"/>
                <layer rank="1" name="Sent"/>
                <layer rank="1" name="Noun">
                    <label end="68" start="65" name="Supp"/>
                </layer>
            </annotationSet>
        </sentence>
        <sentence corpID="111" docID="421" sentNo="1" paragNo="875" aPos="95566550" ID="1487868">
            <text>A great roar from the 15th green had suggested that Andy Kyle was making amends for his disaster .</text>
            <annotationSet cDate="06/17/2008 11:42:28 PDT Tue" status="UNANN" ID="2422380">
                <layer rank="1" name="PENN">
                    <label end="0" start="0" name="dt"/>
                    <label end="6" start="2" name="jj"/>
                    <label end="11" start="8" name="nn"/>
                    <label end="16" start="13" name="in"/>
                    <label end="20" start="18" name="dt"/>
                    <label end="25" start="22" name="jj"/>
                    <label end="31" start="27" name="nn"/>
                    <label end="35" start="33" name="VHD"/>
                    <label end="45" start="37" name="VVN"/>
                    <label end="50" start="47" name="in"/>
                    <label end="55" start="52" name="NP"/>
                    <label end="60" start="57" name="NP"/>
                    <label end="64" start="62" name="VBD"/>
                    <label end="71" start="66" name="VVG"/>
                    <label end="78" start="73" name="nn"/>
                    <label end="82" start="80" name="in"/>
                    <label end="86" start="84" name="PP$"/>
                    <label end="95" start="88" name="nn"/>
                    <label end="97" start="97" name="sent"/>
                </layer>
                <layer rank="1" name="NER"/>
                <layer rank="1" name="WSL"/>
            </annotationSet>
            <annotationSet cDate="06/17/2008 11:42:28 PDT Tue" status="MANUAL" ID="2422381">
                <layer rank="1" name="Target">
                    <label cBy="597" end="78" start="73" name="Target"/>
                </layer>
                <layer rank="1" name="FE">
                    <label cBy="597" feID="3635" end="60" start="52" name="Wrongdoer"/>
                    <label cBy="597" feID="3634" end="95" start="80" name="Injury"/>
                    <label cBy="597" feID="3636" itype="INI" name="Benefiting_action"/>
                </layer>
                <layer rank="1" name="GF">
                    <label end="60" start="52" name="Ext"/>
                    <label end="95" start="80" name="Dep"/>
                </layer>
                <layer rank="1" name="PT">
                    <label end="60" start="52" name="NP"/>
                    <label end="95" start="80" name="PP"/>
                </layer>
                <layer rank="1" name="Other"/>
                <layer rank="1" name="Sent"/>
                <layer rank="1" name="Noun">
                    <label end="71" start="66" name="Supp"/>
                </layer>
            </annotationSet>
        </sentence>
        <sentence corpID="111" docID="421" sentNo="2" paragNo="917" aPos="85801251" ID="1487884">
            <text>` And if possible try to make amends for the rude way you spoke to Lucy .</text>
            <annotationSet cDate="06/17/2008 11:42:31 PDT Tue" status="UNANN" ID="2422412">
                <layer rank="1" name="PENN">
                    <label end="4" start="2" name="cc"/>
                    <label end="7" start="6" name="in"/>
                    <label end="16" start="9" name="jj"/>
                    <label end="20" start="18" name="nn"/>
                    <label end="23" start="22" name="to"/>
                    <label end="28" start="25" name="VV"/>
                    <label end="35" start="30" name="nn"/>
                    <label end="39" start="37" name="in"/>
                    <label end="43" start="41" name="dt"/>
                    <label end="48" start="45" name="jj"/>
                    <label end="52" start="50" name="nn"/>
                    <label end="56" start="54" name="PP"/>
                    <label end="62" start="58" name="VVD"/>
                    <label end="65" start="64" name="to"/>
                    <label end="70" start="67" name="NP"/>
                    <label end="72" start="72" name="sent"/>
                </layer>
                <layer rank="1" name="NER"/>
                <layer rank="1" name="WSL"/>
            </annotationSet>
            <annotationSet cDate="06/17/2008 11:42:31 PDT Tue" status="MANUAL" ID="2422413">
                <layer rank="1" name="Target">
                    <label cBy="597" end="35" start="30" name="Target"/>
                </layer>
                <layer rank="1" name="FE">
                    <label cBy="597" feID="3634" end="70" start="37" name="Injury"/>
                    <label cBy="597" feID="3636" itype="INI" name="Benefiting_action"/>
                    <label cBy="597" feID="3635" itype="CNI" name="Wrongdoer"/>
                </layer>
                <layer rank="1" name="GF">
                    <label end="70" start="37" name="Dep"/>
                </layer>
                <layer rank="1" name="PT">
                    <label end="70" start="37" name="PP"/>
                </layer>
                <layer rank="1" name="Other"/>
                <layer rank="1" name="Sent"/>
                <layer rank="1" name="Noun"/>
            </annotationSet>
        </sentence>
    </subCorpus>
    <subCorpus name="02-T-PP-(1)">
        <sentence corpID="111" docID="421" sentNo="1" paragNo="15" aPos="84179655" ID="1487886">
            <text>A week later , I am making amends at college , working out at the gym , and seeing people-friends who do not , to my astonishment , resent me .</text>
            <annotationSet cDate="06/17/2008 11:42:31 PDT Tue" status="UNANN" ID="2422416">
                <layer rank="1" name="PENN">
                    <label end="0" start="0" name="dt"/>
                    <label end="5" start="2" name="nn"/>
                    <label end="11" start="7" name="rbr"/>
                    <label end="13" start="13" name=","/>
                    <label end="15" start="15" name="PP"/>
                    <label end="18" start="17" name="vbp"/>
                    <label end="25" start="20" name="VVG"/>
                    <label end="32" start="27" name="nn"/>
                    <label end="35" start="34" name="in"/>
                    <label end="43" start="37" name="nn"/>
                    <label end="45" start="45" name=","/>
                    <label end="53" start="47" name="VVG"/>
                    <label end="57" start="55" name="rp"/>
                    <label end="60" start="59" name="in"/>
                    <label end="64" start="62" name="dt"/>
                    <label end="68" start="66" name="nn"/>
                    <label end="70" start="70" name=","/>
                    <label end="74" start="72" name="cc"/>
                    <label end="81" start="76" name="VVG"/>
                    <label end="96" start="83" name="nns"/>
                    <label end="100" start="98" name="wp"/>
                    <label end="103" start="102" name="VVP"/>
                    <label end="107" start="105" name="rb"/>
                    <label end="109" start="109" name=","/>
                    <label end="112" start="111" name="to"/>
                    <label end="115" start="114" name="PP$"/>
                    <label end="128" start="117" name="nn"/>
                    <label end="130" start="130" name=","/>
                    <label end="137" start="132" name="VV"/>
                    <label end="140" start="139" name="PP"/>
                    <label end="142" start="142" name="sent"/>
                </layer>
                <layer rank="1" name="NER"/>
                <layer rank="1" name="WSL"/>
            </annotationSet>
            <annotationSet cDate="06/17/2008 11:42:31 PDT Tue" status="MANUAL" ID="2422417">
                <layer rank="1" name="Target">
                    <label cBy="597" end="32" start="27" name="Target"/>
                </layer>
                <layer rank="1" name="FE">
                    <label cBy="597" feID="3640" end="11" start="0" name="Time"/>
                    <label cBy="597" feID="3635" end="15" start="15" name="Wrongdoer"/>
                    <label cBy="597" feID="3639" end="43" start="34" name="Place"/>
                    <label cBy="597" feID="3636" itype="INI" name="Benefiting_action"/>
                    <label cBy="597" feID="3634" itype="DNI" name="Injury"/>
                </layer>
                <layer rank="1" name="GF">
                    <label end="11" start="0" name="Dep"/>
                    <label end="15" start="15" name="Ext"/>
                    <label end="43" start="34" name="Dep"/>
                </layer>
                <layer rank="1" name="PT">
                    <label end="11" start="0" name="AJP"/>
                    <label end="15" start="15" name="NP"/>
                    <label end="43" start="34" name="PP"/>
                </layer>
                <layer rank="1" name="Other"/>
                <layer rank="1" name="Sent"/>
                <layer rank="1" name="Noun">
                    <label end="25" start="20" name="Supp"/>
                </layer>
            </annotationSet>
        </sentence>
        <sentence corpID="111" docID="421" sentNo="1" paragNo="4278" aPos="33928165" ID="1487892">
            <text>Gary Blissett squandered the penalty in the 24th minute -- Eric Nixon saving well -- but he made amends by heading Brentford in front on the half-hour .</text>
            <annotationSet cDate="06/17/2008 11:42:32 PDT Tue" status="UNANN" ID="2422428">
                <layer rank="1" name="PENN">
                    <label end="3" start="0" name="NP"/>
                    <label end="12" start="5" name="NP"/>
                    <label end="23" start="14" name="VVN"/>
                    <label end="27" start="25" name="dt"/>
                    <label end="35" start="29" name="nn"/>
                    <label end="38" start="37" name="in"/>
                    <label end="42" start="40" name="dt"/>
                    <label end="47" start="44" name="jj"/>
                    <label end="54" start="49" name="nn"/>
                    <label end="57" start="56" name=":"/>
                    <label end="62" start="59" name="NP"/>
                    <label end="68" start="64" name="NP"/>
                    <label end="75" start="70" name="VVG"/>
                    <label end="80" start="77" name="rb"/>
                    <label end="83" start="82" name=":"/>
                    <label end="87" start="85" name="cc"/>
                    <label end="90" start="89" name="PP"/>
                    <label end="95" start="92" name="VVD"/>
                    <label end="102" start="97" name="nn"/>
                    <label end="105" start="104" name="in"/>
                    <label end="113" start="107" name="VVG"/>
                    <label end="123" start="115" name="NP"/>
                    <label end="126" start="125" name="in"/>
                    <label end="132" start="128" name="nn"/>
                    <label end="135" start="134" name="in"/>
                    <label end="139" start="137" name="dt"/>
                    <label end="149" start="141" name="nn"/>
                    <label end="151" start="151" name="sent"/>
                </layer>
                <layer rank="1" name="NER"/>
                <layer rank="1" name="WSL"/>
            </annotationSet>
            <annotationSet cDate="06/17/2008 11:42:32 PDT Tue" status="MANUAL" ID="2422429">
                <layer rank="1" name="Target">
                    <label cBy="597" end="102" start="97" name="Target"/>
                </layer>
                <layer rank="1" name="FE">
                    <label cBy="597" feID="3635" end="90" start="89" name="Wrongdoer"/>
                    <label cBy="597" feID="3636" end="149" start="104" name="Benefiting_action"/>
                    <label cBy="597" feID="3634" itype="DNI" name="Injury"/>
                </layer>
                <layer rank="1" name="GF">
                    <label end="90" start="89" name="Ext"/>
                    <label end="149" start="104" name="Dep"/>
                </layer>
                <layer rank="1" name="PT">
                    <label end="90" start="89" name="NP"/>
                    <label end="149" start="104" name="PP"/>
                </layer>
                <layer rank="1" name="Other"/>
                <layer rank="1" name="Sent"/>
                <layer rank="1" name="Noun">
                    <label end="95" start="92" name="Supp"/>
                </layer>
            </annotationSet>
        </sentence>
        <sentence corpID="111" docID="421" sentNo="2" paragNo="131" aPos="64480212" ID="1487896">
            <text>The Don made amends in the second innings with a memorable 103 not out and the crowds held a ` bob in &quot; collection to buy their idol a piano .</text>
            <annotationSet cDate="06/17/2008 11:42:33 PDT Tue" status="UNANN" ID="2422436">
                <layer rank="1" name="PENN">
                    <label end="2" start="0" name="dt"/>
                    <label end="6" start="4" name="NP"/>
                    <label end="11" start="8" name="VVD"/>
                    <label end="18" start="13" name="nn"/>
                    <label end="21" start="20" name="in"/>
                    <label end="25" start="23" name="dt"/>
                    <label end="32" start="27" name="jj"/>
                    <label end="40" start="34" name="nn"/>
                    <label end="45" start="42" name="in"/>
                    <label end="47" start="47" name="dt"/>
                    <label end="57" start="49" name="jj"/>
                    <label end="61" start="59" name="cd"/>
                    <label end="65" start="63" name="rb"/>
                    <label end="69" start="67" name="in"/>
                    <label end="73" start="71" name="cc"/>
                    <label end="77" start="75" name="dt"/>
                    <label end="84" start="79" name="nns"/>
                    <label end="89" start="86" name="VVD"/>
                    <label end="91" start="91" name="dt"/>
                    <label end="97" start="95" name="nn"/>
                    <label end="100" start="99" name="in"/>
                    <label end="113" start="104" name="nn"/>
                    <label end="116" start="115" name="to"/>
                    <label end="120" start="118" name="VV"/>
                    <label end="126" start="122" name="PP$"/>
                    <label end="131" start="128" name="nn"/>
                    <label end="133" start="133" name="dt"/>
                    <label end="139" start="135" name="nn"/>
                    <label end="141" start="141" name="sent"/>
                </layer>
                <layer rank="1" name="NER"/>
                <layer rank="1" name="WSL"/>
            </annotationSet>
            <annotationSet cDate="06/17/2008 11:42:33 PDT Tue" status="MANUAL" ID="2422437">
                <layer rank="1" name="Target">
                    <label cBy="597" end="18" start="13" name="Target"/>
                </layer>
                <layer rank="1" name="FE">
                    <label cBy="597" feID="3635" end="6" start="0" name="Wrongdoer"/>
                    <label cBy="597" feID="3640" end="40" start="20" name="Time"/>
                    <label cBy="597" feID="3636" end="69" start="42" name="Benefiting_action"/>
                    <label cBy="597" feID="3634" itype="DNI" name="Injury"/>
                </layer>
                <layer rank="1" name="GF">
                    <label end="6" start="0" name="Ext"/>
                    <label end="40" start="20" name="Dep"/>
                    <label end="69" start="42" name="Dep"/>
                </layer>
                <layer rank="1" name="PT">
                    <label end="6" start="0" name="NP"/>
                    <label end="40" start="20" name="PP"/>
                    <label end="69" start="42" name="AJP"/>
                </layer>
                <layer rank="1" name="Other"/>
                <layer rank="1" name="Sent"/>
                <layer rank="1" name="Noun">
                    <label end="11" start="8" name="Supp"/>
                </layer>
            </annotationSet>
        </sentence>
        <sentence corpID="111" docID="421" sentNo="12" paragNo="23" aPos="14415948" ID="1487897">
            <text>Mummius made some amends to the Greeks by generous dedications in their sanctuaries .</text>
            <annotationSet cDate="06/17/2008 11:42:33 PDT Tue" status="UNANN" ID="2422438">
                <layer rank="1" name="PENN">
                    <label end="6" start="0" name="NP"/>
                    <label end="11" start="8" name="VVD"/>
                    <label end="16" start="13" name="dt"/>
                    <label end="23" start="18" name="nn"/>
                    <label end="26" start="25" name="to"/>
                    <label end="30" start="28" name="dt"/>
                    <label end="37" start="32" name="NPS"/>
                    <label end="40" start="39" name="in"/>
                    <label end="49" start="42" name="jj"/>
                    <label end="61" start="51" name="nns"/>
                    <label end="64" start="63" name="in"/>
                    <label end="70" start="66" name="PP$"/>
                    <label end="82" start="72" name="nns"/>
                    <label end="84" start="84" name="sent"/>
                </layer>
                <layer rank="1" name="NER"/>
                <layer rank="1" name="WSL"/>
            </annotationSet>
            <annotationSet cDate="06/17/2008 11:42:33 PDT Tue" status="MANUAL" ID="2422439">
                <layer rank="1" name="Target">
                    <label cBy="597" end="23" start="18" name="Target"/>
                </layer>
                <layer rank="1" name="FE">
                    <label cBy="597" feID="3635" end="6" start="0" name="Wrongdoer"/>
                    <label cBy="597" feID="3633" end="37" start="25" name="Injured_party"/>
                    <label cBy="597" feID="3636" end="82" start="39" name="Benefiting_action"/>
                </layer>
                <layer rank="1" name="GF">
                    <label end="6" start="0" name="Ext"/>
                    <label end="37" start="25" name="Dep"/>
                    <label end="82" start="39" name="Dep"/>
                </layer>
                <layer rank="1" name="PT">
                    <label end="6" start="0" name="NP"/>
                    <label end="37" start="25" name="PP"/>
                    <label end="82" start="39" name="PP"/>
                </layer>
                <layer rank="1" name="Other"/>
                <layer rank="1" name="Sent"/>
                <layer rank="1" name="Noun">
                    <label end="11" start="8" name="Supp"/>
                </layer>
            </annotationSet>
        </sentence>
        <sentence corpID="111" docID="421" sentNo="2" paragNo="892" aPos="62697647" ID="1487900">
            <text>And in any case , the time had come for her to make amends with Joe for deserting him when he needed her .</text>
            <annotationSet cDate="06/17/2008 11:42:34 PDT Tue" status="UNANN" ID="2422444">
                <layer rank="1" name="PENN">
                    <label end="2" start="0" name="cc"/>
                    <label end="5" start="4" name="in"/>
                    <label end="9" start="7" name="dt"/>
                    <label end="14" start="11" name="nn"/>
                    <label end="16" start="16" name=","/>
                    <label end="20" start="18" name="dt"/>
                    <label end="25" start="22" name="nn"/>
                    <label end="29" start="27" name="VHD"/>
                    <label end="34" start="31" name="VVN"/>
                    <label end="38" start="36" name="in"/>
                    <label end="42" start="40" name="PP"/>
                    <label end="45" start="44" name="to"/>
                    <label end="50" start="47" name="VV"/>
                    <label end="57" start="52" name="nn"/>
                    <label end="62" start="59" name="in"/>
                    <label end="66" start="64" name="NP"/>
                    <label end="70" start="68" name="in"/>
                    <label end="80" start="72" name="VVG"/>
                    <label end="84" start="82" name="PP"/>
                    <label end="89" start="86" name="wrb"/>
                    <label end="92" start="91" name="PP"/>
                    <label end="99" start="94" name="VVD"/>
                    <label end="103" start="101" name="PP"/>
                    <label end="105" start="105" name="sent"/>
                </layer>
                <layer rank="1" name="NER"/>
                <layer rank="1" name="WSL"/>
            </annotationSet>
            <annotationSet cDate="06/17/2008 11:42:34 PDT Tue" status="MANUAL" ID="2422445">
                <layer rank="1" name="Target">
                    <label cBy="597" end="57" start="52" name="Target"/>
                </layer>
                <layer rank="1" name="FE">
                    <label cBy="597" feID="3635" end="42" start="40" name="Wrongdoer"/>
                    <label cBy="597" feID="3633" end="66" start="59" name="Injured_party"/>
                    <label cBy="597" feID="3634" end="103" start="68" name="Injury"/>
                    <label cBy="597" feID="3636" itype="INI" name="Benefiting_action"/>
                </layer>
                <layer rank="1" name="GF">
                    <label end="42" start="40" name="Ext"/>
                    <label end="66" start="59" name="Dep"/>
                    <label end="103" start="68" name="Dep"/>
                </layer>
                <layer rank="1" name="PT">
                    <label end="42" start="40" name="NP"/>
                    <label end="66" start="59" name="PP"/>
                    <label end="103" start="68" name="PP"/>
                </layer>
                <layer rank="1" name="Other"/>
                <layer rank="1" name="Sent"/>
                <layer rank="1" name="Noun">
                    <label end="50" start="47" name="Supp"/>
                </layer>
            </annotationSet>
        </sentence>
    </subCorpus>
    <subCorpus name="03-Wmake-(1)">
        <sentence corpID="111" docID="421" sentNo="3" paragNo="353" aPos="45854905" ID="1487911">
            <text>The Middlesex man soon made amends , however , with a brilliant save , later repeated by Hick , as the runs/time equation narrowed .</text>
            <annotationSet cDate="06/17/2008 11:42:36 PDT Tue" status="UNANN" ID="2422466">
                <layer rank="1" name="PENN">
                    <label end="2" start="0" name="dt"/>
                    <label end="12" start="4" name="NP"/>
                    <label end="16" start="14" name="nn"/>
                    <label end="21" start="18" name="rb"/>
                    <label end="26" start="23" name="VVN"/>
                    <label end="33" start="28" name="nn"/>
                    <label end="35" start="35" name=","/>
                    <label end="43" start="37" name="rb"/>
                    <label end="45" start="45" name=","/>
                    <label end="50" start="47" name="in"/>
                    <label end="52" start="52" name="dt"/>
                    <label end="62" start="54" name="jj"/>
                    <label end="67" start="64" name="VV"/>
                    <label end="69" start="69" name=","/>
                    <label end="75" start="71" name="rb"/>
                    <label end="84" start="77" name="VVN"/>
                    <label end="87" start="86" name="in"/>
                    <label end="92" start="89" name="NP"/>
                    <label end="94" start="94" name=","/>
                    <label end="97" start="96" name="in"/>
                    <label end="101" start="99" name="dt"/>
                    <label end="111" start="103" name="jj"/>
                    <label end="120" start="113" name="nn"/>
                    <label end="129" start="122" name="VVD"/>
                    <label end="131" start="131" name="sent"/>
                </layer>
                <layer rank="1" name="NER"/>
                <layer rank="1" name="WSL"/>
            </annotationSet>
            <annotationSet cDate="06/17/2008 11:42:36 PDT Tue" status="MANUAL" ID="2422467">
                <layer rank="1" name="Target">
                    <label cBy="597" end="33" start="28" name="Target"/>
                </layer>
                <layer rank="1" name="FE">
                    <label cBy="597" feID="3635" end="16" start="0" name="Wrongdoer"/>
                    <label cBy="597" feID="3640" end="21" start="18" name="Time"/>
                    <label cBy="597" feID="3636" end="67" start="47" name="Benefiting_action"/>
                    <label cBy="597" feID="3634" itype="DNI" name="Injury"/>
                </layer>
                <layer rank="1" name="GF">
                    <label end="16" start="0" name="Ext"/>
                    <label end="21" start="18" name="Dep"/>
                    <label end="67" start="47" name="Dep"/>
                </layer>
                <layer rank="1" name="PT">
                    <label end="16" start="0" name="NP"/>
                    <label end="21" start="18" name="AVP"/>
                    <label end="67" start="47" name="PP"/>
                </layer>
                <layer rank="1" name="Other"/>
                <layer rank="1" name="Sent"/>
                <layer rank="1" name="Noun">
                    <label end="26" start="23" name="Supp"/>
                </layer>
            </annotationSet>
        </sentence>
        <sentence corpID="111" docID="421" sentNo="2" paragNo="3748" aPos="87099091" ID="1487919">
            <text>The Government have moved away from their view that everybody should pay the poll tax and are making some amends .</text>
            <annotationSet cDate="06/17/2008 11:42:38 PDT Tue" status="UNANN" ID="2422482">
                <layer rank="1" name="PENN">
                    <label end="2" start="0" name="dt"/>
                    <label end="13" start="4" name="NP"/>
                    <label end="18" start="15" name="VHP"/>
                    <label end="24" start="20" name="VVN"/>
                    <label end="29" start="26" name="rb"/>
                    <label end="34" start="31" name="in"/>
                    <label end="40" start="36" name="PP$"/>
                    <label end="45" start="42" name="nn"/>
                    <label end="50" start="47" name="in"/>
                    <label end="60" start="52" name="nn"/>
                    <label end="67" start="62" name="md"/>
                    <label end="71" start="69" name="VV"/>
                    <label end="75" start="73" name="dt"/>
                    <label end="80" start="77" name="nn"/>
                    <label end="84" start="82" name="nn"/>
                    <label end="88" start="86" name="cc"/>
                    <label end="92" start="90" name="vbp"/>
                    <label end="99" start="94" name="VVG"/>
                    <label end="104" start="101" name="dt"/>
                    <label end="111" start="106" name="nn"/>
                    <label end="113" start="113" name="sent"/>
                </layer>
                <layer rank="1" name="NER"/>
                <layer rank="1" name="WSL"/>
            </annotationSet>
            <annotationSet cDate="06/17/2008 11:42:38 PDT Tue" status="MANUAL" ID="2422483">
                <layer rank="1" name="Target">
                    <label cBy="597" end="111" start="106" name="Target"/>
                </layer>
                <layer rank="1" name="FE">
                    <label cBy="597" feID="3635" end="13" start="0" name="Wrongdoer"/>
                    <label cBy="597" feID="3634" itype="DNI" name="Injury"/>
                    <label cBy="597" feID="3636" itype="INI" name="Benefiting_action"/>
                </layer>
                <layer rank="1" name="GF">
                    <label end="13" start="0" name="Ext"/>
                </layer>
                <layer rank="1" name="PT">
                    <label end="13" start="0" name="NP"/>
                </layer>
                <layer rank="1" name="Other"/>
                <layer rank="1" name="Sent"/>
                <layer rank="1" name="Noun">
                    <label end="99" start="94" name="Supp"/>
                </layer>
            </annotationSet>
        </sentence>
        <sentence corpID="111" docID="421" sentNo="1" paragNo="1465" aPos="16904990" ID="1487931">
            <text>Lynch made amends before long and equalised from close range , but that was all the reward Southwood were to see for their efforts .</text>
            <annotationSet cDate="06/17/2008 11:42:40 PDT Tue" status="UNANN" ID="2422506">
                <layer rank="1" name="PENN">
                    <label end="4" start="0" name="NP"/>
                    <label end="9" start="6" name="VVD"/>
                    <label end="16" start="11" name="nn"/>
                    <label end="23" start="18" name="in"/>
                    <label end="28" start="25" name="jj"/>
                    <label end="32" start="30" name="cc"/>
                    <label end="42" start="34" name="VVN"/>
                    <label end="47" start="44" name="in"/>
                    <label end="53" start="49" name="jj"/>
                    <label end="59" start="55" name="nn"/>
                    <label end="61" start="61" name=","/>
                    <label end="65" start="63" name="cc"/>
                    <label end="70" start="67" name="wdt"/>
                    <label end="74" start="72" name="VBD"/>
                    <label end="78" start="76" name="pdt"/>
                    <label end="82" start="80" name="dt"/>
                    <label end="89" start="84" name="nn"/>
                    <label end="99" start="91" name="NP"/>
                    <label end="104" start="101" name="VBD"/>
                    <label end="107" start="106" name="to"/>
                    <label end="111" start="109" name="VV"/>
                    <label end="115" start="113" name="in"/>
                    <label end="121" start="117" name="PP$"/>
                    <label end="129" start="123" name="nns"/>
                    <label end="131" start="131" name="sent"/>
                </layer>
                <layer rank="1" name="NER"/>
                <layer rank="1" name="WSL"/>
            </annotationSet>
            <annotationSet cDate="06/17/2008 11:42:40 PDT Tue" status="MANUAL" ID="2422507">
                <layer rank="1" name="Target">
                    <label cBy="597" end="16" start="11" name="Target"/>
                </layer>
                <layer rank="1" name="FE">
                    <label cBy="597" feID="3635" end="4" start="0" name="Wrongdoer"/>
                    <label cBy="597" feID="3640" end="28" start="18" name="Time"/>
                    <label cBy="597" feID="3636" itype="DNI" name="Benefiting_action"/>
                    <label cBy="597" feID="3634" itype="DNI" name="Injury"/>
                </layer>
                <layer rank="1" name="GF">
                    <label end="4" start="0" name="Ext"/>
                    <label end="28" start="18" name="Dep"/>
                </layer>
                <layer rank="1" name="PT">
                    <label end="4" start="0" name="NP"/>
                    <label end="28" start="18" name="PP"/>
                </layer>
                <layer rank="1" name="Other"/>
                <layer rank="1" name="Sent"/>
                <layer rank="1" name="Noun">
                    <label end="9" start="6" name="Supp"/>
                </layer>
            </annotationSet>
        </sentence>
        <sentence corpID="111" docID="421" sentNo="1" paragNo="895" aPos="109854550" ID="1487939">
            <text>NORTH Down will put the memory of their Senior Cup final defeat behind them as they try to make amends by winning the Schweppes All Ireland trophy .</text>
            <annotationSet cDate="06/17/2008 11:42:41 PDT Tue" status="UNANN" ID="2422522">
                <layer rank="1" name="PENN">
                    <label end="4" start="0" name="rb"/>
                    <label end="9" start="6" name="NP"/>
                    <label end="14" start="11" name="md"/>
                    <label end="18" start="16" name="VV"/>
                    <label end="22" start="20" name="dt"/>
                    <label end="29" start="24" name="nn"/>
                    <label end="32" start="31" name="in"/>
                    <label end="38" start="34" name="PP$"/>
                    <label end="45" start="40" name="NP"/>
                    <label end="49" start="47" name="NP"/>
                    <label end="55" start="51" name="jj"/>
                    <label end="62" start="57" name="nn"/>
                    <label end="69" start="64" name="in"/>
                    <label end="74" start="71" name="PP"/>
                    <label end="77" start="76" name="in"/>
                    <label end="82" start="79" name="PP"/>
                    <label end="86" start="84" name="VVP"/>
                    <label end="89" start="88" name="to"/>
                    <label end="94" start="91" name="VV"/>
                    <label end="101" start="96" name="nn"/>
                    <label end="104" start="103" name="in"/>
                    <label end="112" start="106" name="VVG"/>
                    <label end="116" start="114" name="dt"/>
                    <label end="126" start="118" name="NP"/>
                    <label end="130" start="128" name="NP"/>
                    <label end="138" start="132" name="NP"/>
                    <label end="145" start="140" name="nn"/>
                    <label end="147" start="147" name="sent"/>
                </layer>
                <layer rank="1" name="NER"/>
                <layer rank="1" name="WSL"/>
            </annotationSet>
            <annotationSet cDate="06/17/2008 11:42:41 PDT Tue" status="MANUAL" ID="2422523">
                <layer rank="1" name="Target">
                    <label cBy="597" end="101" start="96" name="Target"/>
                </layer>
                <layer rank="1" name="FE">
                    <label cBy="597" feID="3635" end="82" start="79" name="Wrongdoer"/>
                    <label cBy="597" feID="3636" end="145" start="103" name="Benefiting_action"/>
                    <label cBy="597" feID="3634" itype="DNI" name="Injury"/>
                </layer>
                <layer rank="1" name="GF">
                    <label end="82" start="79" name="Ext"/>
                    <label end="145" start="103" name="Dep"/>
                </layer>
                <layer rank="1" name="PT">
                    <label end="82" start="79" name="NP"/>
                    <label end="145" start="103" name="PP"/>
                </layer>
                <layer rank="1" name="Other"/>
                <layer rank="1" name="Sent"/>
                <layer rank="1" name="Noun">
                    <label end="94" start="91" name="Supp"/>
                </layer>
            </annotationSet>
        </sentence>
        <sentence corpID="111" docID="421" sentNo="5" paragNo="141" aPos="78111769" ID="1487964">
            <text>Bayezid subsequently made amends by building a mosque in front of his palace and appointed a place for himself therein .</text>
            <annotationSet cDate="06/17/2008 11:42:46 PDT Tue" status="UNANN" ID="2422572">
                <layer rank="1" name="PENN">
                    <label end="6" start="0" name="NP"/>
                    <label end="19" start="8" name="rb"/>
                    <label end="24" start="21" name="VVD"/>
                    <label end="31" start="26" name="nn"/>
                    <label end="34" start="33" name="in"/>
                    <label end="43" start="36" name="VVG"/>
                    <label end="45" start="45" name="dt"/>
                    <label end="52" start="47" name="nn"/>
                    <label end="55" start="54" name="in"/>
                    <label end="61" start="57" name="nn"/>
                    <label end="64" start="63" name="in"/>
                    <label end="68" start="66" name="PP$"/>
                    <label end="75" start="70" name="nn"/>
                    <label end="79" start="77" name="cc"/>
                    <label end="89" start="81" name="VVN"/>
                    <label end="91" start="91" name="dt"/>
                    <label end="97" start="93" name="nn"/>
                    <label end="101" start="99" name="in"/>
                    <label end="109" start="103" name="PP"/>
                    <label end="117" start="111" name="rb"/>
                    <label end="119" start="119" name="sent"/>
                </layer>
                <layer rank="1" name="NER"/>
                <layer rank="1" name="WSL"/>
            </annotationSet>
            <annotationSet cDate="06/17/2008 11:42:46 PDT Tue" status="MANUAL" ID="2422573">
                <layer rank="1" name="Target">
                    <label cBy="597" end="31" start="26" name="Target"/>
                </layer>
                <layer rank="1" name="FE">
                    <label cBy="597" feID="3635" end="6" start="0" name="Wrongdoer"/>
                    <label cBy="597" feID="3636" end="117" start="33" name="Benefiting_action"/>
                    <label cBy="597" feID="3634" itype="DNI" name="Injury"/>
                </layer>
                <layer rank="1" name="GF">
                    <label end="6" start="0" name="Ext"/>
                    <label end="117" start="33" name="Dep"/>
                </layer>
                <layer rank="1" name="PT">
                    <label end="6" start="0" name="NP"/>
                    <label end="117" start="33" name="PP"/>
                </layer>
                <layer rank="1" name="Other"/>
                <layer rank="1" name="Sent"/>
                <layer rank="1" name="Noun">
                    <label end="24" start="21" name="Supp"/>
                </layer>
            </annotationSet>
        </sentence>
    </subCorpus>
    <subCorpus name="04-T-(1)">
        <sentence corpID="111" docID="421" sentNo="2" paragNo="905" aPos="77100903" ID="1487981">
            <text>Nenna was ashamed , but she could n't make amends , not now .</text>
            <annotationSet cDate="06/17/2008 11:42:50 PDT Tue" status="UNANN" ID="2422606">
                <layer rank="1" name="PENN">
                    <label end="4" start="0" name="nn"/>
                    <label end="8" start="6" name="VBD"/>
                    <label end="16" start="10" name="jj"/>
                    <label end="18" start="18" name=","/>
                    <label end="22" start="20" name="cc"/>
                    <label end="26" start="24" name="PP"/>
                    <label end="32" start="28" name="md"/>
                    <label end="36" start="34" name="rb"/>
                    <label end="41" start="38" name="VV"/>
                    <label end="48" start="43" name="nn"/>
                    <label end="50" start="50" name=","/>
                    <label end="54" start="52" name="rb"/>
                    <label end="58" start="56" name="rb"/>
                    <label end="60" start="60" name="sent"/>
                </layer>
                <layer rank="1" name="NER"/>
                <layer rank="1" name="WSL"/>
            </annotationSet>
            <annotationSet cDate="06/17/2008 11:42:50 PDT Tue" status="MANUAL" ID="2422607">
                <layer rank="1" name="Target">
                    <label cBy="597" end="48" start="43" name="Target"/>
                </layer>
                <layer rank="1" name="FE">
                    <label cBy="597" feID="3635" end="26" start="24" name="Wrongdoer"/>
                    <label cBy="597" feID="3634" itype="DNI" name="Injury"/>
                    <label cBy="597" feID="3636" itype="INI" name="Benefiting_action"/>
                </layer>
                <layer rank="1" name="GF">
                    <label end="26" start="24" name="Ext"/>
                </layer>
                <layer rank="1" name="PT">
                    <label end="26" start="24" name="NP"/>
                </layer>
                <layer rank="1" name="Other"/>
                <layer rank="1" name="Sent"/>
                <layer rank="1" name="Noun">
                    <label end="41" start="38" name="Supp"/>
                </layer>
            </annotationSet>
        </sentence>
    </subCorpus>
    <subCorpus name="other-matched-(1)"/>
    <subCorpus name="other-unmatched-(1)"/>
</lexUnit>