<?xml version="1.0" encoding="UTF-8" standalone="yes"?>
<?xml-stylesheet type="text/xsl" href="lexUnit.xsl"?>
<lexUnit status="Finished_Initial" POS="N" name="somnolence.n" ID="7309" frame="Biological_urge" frameID="394" totalAnnotated="4" xsi:schemaLocation="../schema/lexUnit.xsd" xmlns="http://framenet.icsi.berkeley.edu" xmlns:xsi="http://www.w3.org/2001/XMLSchema-instance">
    <header>
        <frame>
            <FE fgColor="FFFFFF" bgColor="FF00FF" type="Peripheral" abbrev="Deg" name="Degree"/>
            <FE fgColor="FFFFFF" bgColor="006400" type="Peripheral" abbrev="Dur" name="Duration"/>
            <FE fgColor="FFFFFF" bgColor="FF0000" type="Core" abbrev="Exp" name="Experiencer"/>
            <FE fgColor="FFFFFF" bgColor="0000FF" type="Core" abbrev="Expressor" name="Expressor"/>
            <FE fgColor="FFFFFF" bgColor="9400D3" type="Peripheral" abbrev="Par" name="Parameter"/>
            <FE fgColor="FFFFFF" bgColor="008000" type="Peripheral" abbrev="Place" name="Place"/>
            <FE fgColor="FFFFFF" bgColor="A52A2A" type="Extra-Thematic" abbrev="Rea" name="Reason"/>
            <FE fgColor="FFFFFF" bgColor="00BFFF" type="Core" abbrev="Stat" name="State"/>
            <FE fgColor="FFFFFF" bgColor="FFA500" type="Peripheral" abbrev="Time" name="Time"/>
        </frame>
    </header>
    <definition>FN: sleepiness</definition>
    <lexeme POS="N" name="somnolence"/>
    <valences>
        <governor type="Gov" lemma="aid">
            <annoSet ID="1688591"/>
        </governor>
        <governor type="Gov" lemma="period">
            <annoSet ID="1688581"/>
        </governor>
        <governor type="Gov" lemma="state">
            <annoSet ID="1688577"/>
            <annoSet ID="1688587"/>
        </governor>
    </valences>
    <subCorpus name="N-001-all">
        <sentence sentNo="0" aPos="13180197" ID="1118721">
            <text>Between Piccadilly and Putney , where he lived in the basement of a decaying Victorian house , he progressed through his usual states of somnolence , sick juddering wakefulness , and increasing worry about Val . </text>
            <annotationSet cDate="01/08/2003 03:10:04 PST Wed" status="UNANN" ID="1688576">
                <layer rank="1" name="BNC">
                    <label end="6" start="0" name="PRP"/>
                    <label end="17" start="8" name="NP0"/>
                    <label end="21" start="19" name="CJC"/>
                    <label end="28" start="23" name="NP0"/>
                    <label end="30" start="30" name="PUN"/>
                    <label end="36" start="32" name="AVQ-CJS"/>
                    <label end="39" start="38" name="PNP"/>
                    <label end="45" start="41" name="VVD"/>
                    <label end="48" start="47" name="PRP"/>
                    <label end="52" start="50" name="AT0"/>
                    <label end="61" start="54" name="NN1"/>
                    <label end="64" start="63" name="PRF"/>
                    <label end="66" start="66" name="AT0"/>
                    <label end="75" start="68" name="AJ0-NN1"/>
                    <label end="85" start="77" name="AJ0"/>
                    <label end="91" start="87" name="NN1"/>
                    <label end="93" start="93" name="PUN"/>
                    <label end="96" start="95" name="PNP"/>
                    <label end="107" start="98" name="VVD"/>
                    <label end="115" start="109" name="PRP"/>
                    <label end="119" start="117" name="DPS"/>
                    <label end="125" start="121" name="AJ0"/>
                    <label end="132" start="127" name="NN2"/>
                    <label end="135" start="134" name="PRF"/>
                    <label end="146" start="137" name="NN1"/>
                    <label end="148" start="148" name="PUN"/>
                    <label end="153" start="150" name="AJ0-NN1"/>
                    <label end="163" start="155" name="AJ0-NN1"/>
                    <label end="175" start="165" name="NN1"/>
                    <label end="177" start="177" name="PUN"/>
                    <label end="181" start="179" name="CJC"/>
                    <label end="192" start="183" name="VVG"/>
                    <label end="198" start="194" name="NN1"/>
                    <label end="204" start="200" name="PRP"/>
                    <label end="208" start="206" name="NP0"/>
                    <label end="210" start="210" name="PUN"/>
                </layer>
            </annotationSet>
            <annotationSet cDate="01/08/2003 03:10:04 PST Wed" status="MANUAL" ID="1688577">
                <layer rank="1" name="FE"/>
                <layer rank="1" name="GF"/>
                <layer rank="1" name="PT"/>
                <layer rank="1" name="Sent"/>
                <layer rank="1" name="Other"/>
                <layer rank="1" name="Target">
                    <label cBy="103" end="146" start="137" name="Target"/>
                </layer>
                <layer rank="1" name="Noun">
                    <label end="132" start="127" name="Gov"/>
                    <label end="146" start="134" name="X"/>
                </layer>
            </annotationSet>
        </sentence>
        <sentence sentNo="0" aPos="49813115" ID="1118723">
            <text>This is consistent with the view that their struggle to stay awake is not necessarily punctuated with periods of somnolence , or microsleeps , but shows a compelling tendency to slip down the arousal continuum . </text>
            <annotationSet cDate="01/08/2003 03:10:04 PST Wed" status="UNANN" ID="1688580">
                <layer rank="1" name="BNC">
                    <label end="3" start="0" name="DT0"/>
                    <label end="6" start="5" name="VBZ"/>
                    <label end="17" start="8" name="AJ0"/>
                    <label end="22" start="19" name="PRP"/>
                    <label end="26" start="24" name="AT0"/>
                    <label end="31" start="28" name="NN1"/>
                    <label end="36" start="33" name="CJT"/>
                    <label end="42" start="38" name="DPS"/>
                    <label end="51" start="44" name="NN1"/>
                    <label end="54" start="53" name="TO0"/>
                    <label end="59" start="56" name="VVI"/>
                    <label end="65" start="61" name="AJ0"/>
                    <label end="68" start="67" name="VBZ"/>
                    <label end="72" start="70" name="XX0"/>
                    <label end="84" start="74" name="AV0"/>
                    <label end="95" start="86" name="VVN"/>
                    <label end="100" start="97" name="PRP"/>
                    <label end="108" start="102" name="NN2"/>
                    <label end="111" start="110" name="PRF"/>
                    <label end="122" start="113" name="NN1"/>
                    <label end="124" start="124" name="PUN"/>
                    <label end="127" start="126" name="CJC"/>
                    <label end="139" start="129" name="NN2-VVZ"/>
                    <label end="141" start="141" name="PUN"/>
                    <label end="145" start="143" name="CJC"/>
                    <label end="151" start="147" name="VVZ"/>
                    <label end="153" start="153" name="AT0"/>
                    <label end="164" start="155" name="AJ0"/>
                    <label end="173" start="166" name="NN1"/>
                    <label end="176" start="175" name="TO0"/>
                    <label end="181" start="178" name="VVI"/>
                    <label end="186" start="183" name="AVP"/>
                    <label end="190" start="188" name="AT0"/>
                    <label end="198" start="192" name="AJ0-NN1"/>
                    <label end="208" start="200" name="NN1"/>
                    <label end="210" start="210" name="PUN"/>
                </layer>
            </annotationSet>
            <annotationSet cDate="01/08/2003 03:10:04 PST Wed" status="MANUAL" ID="1688581">
                <layer rank="1" name="FE"/>
                <layer rank="1" name="GF"/>
                <layer rank="1" name="PT"/>
                <layer rank="1" name="Sent"/>
                <layer rank="1" name="Other"/>
                <layer rank="1" name="Target">
                    <label cBy="103" end="122" start="113" name="Target"/>
                </layer>
                <layer rank="1" name="Noun">
                    <label end="108" start="102" name="Gov"/>
                    <label end="122" start="110" name="X"/>
                </layer>
            </annotationSet>
        </sentence>
        <sentence sentNo="0" aPos="70911991" ID="1118726">
            <text>He was facing the window and seemed to be in a state of dreamy somnolence . </text>
            <annotationSet cDate="01/08/2003 03:10:05 PST Wed" status="UNANN" ID="1688586">
                <layer rank="1" name="BNC">
                    <label end="1" start="0" name="PNP"/>
                    <label end="5" start="3" name="VBD"/>
                    <label end="12" start="7" name="VVG"/>
                    <label end="16" start="14" name="AT0"/>
                    <label end="23" start="18" name="NN1"/>
                    <label end="27" start="25" name="CJC"/>
                    <label end="34" start="29" name="VVD"/>
                    <label end="37" start="36" name="TO0"/>
                    <label end="40" start="39" name="VBI"/>
                    <label end="43" start="42" name="PRP"/>
                    <label end="45" start="45" name="AT0"/>
                    <label end="51" start="47" name="NN1"/>
                    <label end="54" start="53" name="PRF"/>
                    <label end="61" start="56" name="AJ0"/>
                    <label end="72" start="63" name="NN1"/>
                    <label end="74" start="74" name="PUN"/>
                </layer>
            </annotationSet>
            <annotationSet cDate="01/08/2003 03:10:05 PST Wed" status="MANUAL" ID="1688587">
                <layer rank="1" name="FE"/>
                <layer rank="1" name="GF"/>
                <layer rank="1" name="PT"/>
                <layer rank="1" name="Sent"/>
                <layer rank="1" name="Other"/>
                <layer rank="1" name="Target">
                    <label cBy="103" end="72" start="63" name="Target"/>
                </layer>
                <layer rank="1" name="Noun">
                    <label end="51" start="47" name="Gov"/>
                    <label end="72" start="53" name="X"/>
                </layer>
            </annotationSet>
        </sentence>
        <sentence sentNo="0" aPos="105127714" ID="1118728">
            <text>A hot bath , sex , a warm drink and alcohol also figured prominently as aids to somnolence . </text>
            <annotationSet cDate="01/08/2003 03:10:05 PST Wed" status="UNANN" ID="1688590">
                <layer rank="1" name="BNC">
                    <label end="0" start="0" name="AT0"/>
                    <label end="4" start="2" name="AJ0"/>
                    <label end="9" start="6" name="NN1"/>
                    <label end="11" start="11" name="PUN"/>
                    <label end="15" start="13" name="NN1"/>
                    <label end="17" start="17" name="PUN"/>
                    <label end="19" start="19" name="AT0"/>
                    <label end="24" start="21" name="AJ0"/>
                    <label end="30" start="26" name="NN1"/>
                    <label end="34" start="32" name="CJC"/>
                    <label end="42" start="36" name="NN1"/>
                    <label end="47" start="44" name="AV0"/>
                    <label end="55" start="49" name="VVD-VVN"/>
                    <label end="67" start="57" name="AV0"/>
                    <label end="70" start="69" name="AV0"/>
                    <label end="75" start="72" name="VVZ"/>
                    <label end="78" start="77" name="PRP"/>
                    <label end="89" start="80" name="NN1"/>
                    <label end="91" start="91" name="PUN"/>
                </layer>
            </annotationSet>
            <annotationSet cDate="01/08/2003 03:10:05 PST Wed" status="MANUAL" ID="1688591">
                <layer rank="1" name="FE"/>
                <layer rank="1" name="GF"/>
                <layer rank="1" name="PT"/>
                <layer rank="1" name="Sent"/>
                <layer rank="1" name="Other"/>
                <layer rank="1" name="Target">
                    <label cBy="103" end="89" start="80" name="Target"/>
                </layer>
                <layer rank="1" name="Noun">
                    <label end="75" start="72" name="Gov"/>
                    <label end="89" start="77" name="X"/>
                </layer>
            </annotationSet>
        </sentence>
    </subCorpus>
</lexUnit>