<?xml version="1.0" encoding="UTF-8" standalone="yes"?>
<?xml-stylesheet type="text/xsl" href="lexUnit.xsl"?>
<lexUnit status="Created" incorporatedFE="Independent_variable" POS="ADV" name="east.adv" ID="7359" frame="Direction" frameID="215" totalAnnotated="0" xsi:schemaLocation="../schema/lexUnit.xsd" xmlns="http://framenet.icsi.berkeley.edu" xmlns:xsi="http://www.w3.org/2001/XMLSchema-instance">
    <header>
        <frame>
            <FE fgColor="FFFFFF" bgColor="008000" type="Core" abbrev="Bse" name="Base_position"/>
            <FE fgColor="FFFFFF" bgColor="FF69B4" type="Extra-Thematic" abbrev="" name="Degree"/>
            <FE fgColor="FFFFFF" bgColor="9400D3" type="Peripheral" abbrev="Dom" name="Domain"/>
            <FE fgColor="000000" bgColor="FFA500" type="Core" abbrev="Ind" name="Independent_variable"/>
            <FE fgColor="FFFFFF" bgColor="0000FF" type="Core" abbrev="Path" name="Path"/>
        </frame>
    </header>
    <definition>COD: towards the point of the horizon where the sun rises at the equinoxes, on the right-hand side of a person facing north. </definition>
    <lexeme POS="ADV" name="east"/>
    <valences/>
</lexUnit>