<?xml version="1.0" encoding="UTF-8" standalone="yes"?>
<?xml-stylesheet type="text/xsl" href="lexUnit.xsl"?>
<lexUnit status="Finished_Initial" POS="A" name="detestable.a" ID="7325" frame="Praiseworthiness" frameID="399" totalAnnotated="6" xsi:schemaLocation="../schema/lexUnit.xsd" xmlns="http://framenet.icsi.berkeley.edu" xmlns:xsi="http://www.w3.org/2001/XMLSchema-instance">
    <header>
        <frame>
            <FE fgColor="FFFFFF" bgColor="008000" type="Core" abbrev="Beh" name="Behavior"/>
            <FE fgColor="FFFFFF" bgColor="FF00FF" type="Peripheral" abbrev="Deg" name="Degree"/>
            <FE fgColor="FFFFFF" bgColor="800080" type="Core" abbrev="Eval" name="Evaluee"/>
            <FE fgColor="000000" bgColor="7FFF00" type="Peripheral" abbrev="" name="Judge"/>
        </frame>
    </header>
    <definition>COD: deserving intense dislike</definition>
    <lexeme POS="A" name="detestable"/>
    <valences>
        <FERealization total="2">
            <FE name="Behavior"/>
            <pattern total="1">
                <valenceUnit GF="Head" PT="N" FE="Behavior"/>
                <annoSet ID="1691155"/>
            </pattern>
            <pattern total="1">
                <valenceUnit GF="Ext" PT="NP" FE="Behavior"/>
                <annoSet ID="1691133"/>
            </pattern>
        </FERealization>
        <FERealization total="1">
            <FE name="Degree"/>
            <pattern total="1">
                <valenceUnit GF="Dep" PT="AVP" FE="Degree"/>
                <annoSet ID="1691163"/>
            </pattern>
        </FERealization>
        <FERealization total="4">
            <FE name="Evaluee"/>
            <pattern total="2">
                <valenceUnit GF="Ext" PT="NP" FE="Evaluee"/>
                <annoSet ID="1691137"/>
                <annoSet ID="1691163"/>
            </pattern>
            <pattern total="2">
                <valenceUnit GF="Head" PT="N" FE="Evaluee"/>
                <annoSet ID="1691157"/>
                <annoSet ID="1691171"/>
            </pattern>
        </FERealization>
        <FEGroupRealization total="2">
            <FE name="Behavior"/>
            <pattern total="1">
                <valenceUnit GF="Head" PT="N" FE="Behavior"/>
                <annoSet ID="1691155"/>
            </pattern>
            <pattern total="1">
                <valenceUnit GF="Ext" PT="NP" FE="Behavior"/>
                <annoSet ID="1691133"/>
            </pattern>
        </FEGroupRealization>
        <FEGroupRealization total="1">
            <FE name="Degree"/>
            <FE name="Evaluee"/>
            <pattern total="1">
                <valenceUnit GF="Dep" PT="AVP" FE="Degree"/>
                <valenceUnit GF="Ext" PT="NP" FE="Evaluee"/>
                <annoSet ID="1691163"/>
            </pattern>
        </FEGroupRealization>
        <FEGroupRealization total="3">
            <FE name="Evaluee"/>
            <pattern total="2">
                <valenceUnit GF="Head" PT="N" FE="Evaluee"/>
                <annoSet ID="1691157"/>
                <annoSet ID="1691171"/>
            </pattern>
            <pattern total="1">
                <valenceUnit GF="Ext" PT="NP" FE="Evaluee"/>
                <annoSet ID="1691137"/>
            </pattern>
        </FEGroupRealization>
    </valences>
    <subCorpus name="A-001-all">
        <sentence sentNo="0" aPos="3134397" ID="1119999">
            <text>I found the film 's final frenzied violence detestable . </text>
            <annotationSet cDate="01/08/2003 03:13:11 PST Wed" status="UNANN" ID="1691132">
                <layer rank="1" name="BNC">
                    <label end="0" start="0" name="PNP"/>
                    <label end="6" start="2" name="VVD"/>
                    <label end="10" start="8" name="AT0"/>
                    <label end="15" start="12" name="NN1"/>
                    <label end="18" start="17" name="POS"/>
                    <label end="24" start="20" name="AJ0"/>
                    <label end="33" start="26" name="AJ0"/>
                    <label end="42" start="35" name="NN1"/>
                    <label end="53" start="44" name="AJ0"/>
                    <label end="55" start="55" name="PUN"/>
                </layer>
            </annotationSet>
            <annotationSet cDate="01/08/2003 03:13:11 PST Wed" status="MANUAL" ID="1691133">
                <layer rank="1" name="FE">
                    <label cBy="268" feID="3593" end="42" start="8" name="Behavior"/>
                </layer>
                <layer rank="1" name="GF">
                    <label end="42" start="8" name="Ext"/>
                </layer>
                <layer rank="1" name="PT">
                    <label end="42" start="8" name="NP"/>
                </layer>
                <layer rank="1" name="Sent"/>
                <layer rank="1" name="Other"/>
                <layer rank="1" name="Target">
                    <label cBy="103" end="53" start="44" name="Target"/>
                </layer>
                <layer rank="1" name="Adj"/>
            </annotationSet>
        </sentence>
        <sentence sentNo="0" aPos="9209299" ID="1120001">
            <text>Ramsay MacDonald told the House of Commons in 1924 that ` Coalitions are detestable , are dishonest &quot; . </text>
            <annotationSet cDate="01/08/2003 03:13:14 PST Wed" status="UNANN" ID="1691136">
                <layer rank="1" name="BNC">
                    <label end="5" start="0" name="NP0"/>
                    <label end="15" start="7" name="NP0"/>
                    <label end="20" start="17" name="VVD"/>
                    <label end="24" start="22" name="AT0"/>
                    <label end="30" start="26" name="NP0"/>
                    <label end="33" start="32" name="PRF"/>
                    <label end="41" start="35" name="NP0"/>
                    <label end="44" start="43" name="PRP"/>
                    <label end="49" start="46" name="CRD"/>
                    <label end="54" start="51" name="CJT-DT0"/>
                    <label end="56" start="56" name="PUQ"/>
                    <label end="67" start="58" name="NN2"/>
                    <label end="71" start="69" name="VBB"/>
                    <label end="82" start="73" name="AJ0"/>
                    <label end="84" start="84" name="PUN"/>
                    <label end="88" start="86" name="VBB"/>
                    <label end="98" start="90" name="AJ0"/>
                    <label end="100" start="100" name="PUQ"/>
                    <label end="102" start="102" name="PUN"/>
                </layer>
            </annotationSet>
            <annotationSet cDate="01/08/2003 03:13:14 PST Wed" status="MANUAL" ID="1691137">
                <layer rank="1" name="FE">
                    <label cBy="268" feID="3592" end="67" start="58" name="Evaluee"/>
                </layer>
                <layer rank="1" name="GF">
                    <label end="67" start="58" name="Ext"/>
                </layer>
                <layer rank="1" name="PT">
                    <label end="67" start="58" name="NP"/>
                </layer>
                <layer rank="1" name="Sent"/>
                <layer rank="1" name="Other"/>
                <layer rank="1" name="Target">
                    <label cBy="103" end="82" start="73" name="Target"/>
                </layer>
                <layer rank="1" name="Adj">
                    <label end="71" start="69" name="Cop"/>
                </layer>
            </annotationSet>
        </sentence>
        <sentence sentNo="0" aPos="76729608" ID="1120010">
            <text>Perhaps the magic of science would overcome this detestable witchcraft ( or whatever it was that held me in thrall ) . </text>
            <annotationSet cDate="01/08/2003 03:13:15 PST Wed" status="UNANN" ID="1691154">
                <layer rank="1" name="BNC">
                    <label end="6" start="0" name="AV0"/>
                    <label end="10" start="8" name="AT0"/>
                    <label end="16" start="12" name="NN1"/>
                    <label end="19" start="18" name="PRF"/>
                    <label end="27" start="21" name="NN1"/>
                    <label end="33" start="29" name="VM0"/>
                    <label end="42" start="35" name="VVI"/>
                    <label end="47" start="44" name="DT0"/>
                    <label end="58" start="49" name="AJ0"/>
                    <label end="69" start="60" name="NN1"/>
                    <label end="71" start="71" name="PUL"/>
                    <label end="74" start="73" name="CJC"/>
                    <label end="83" start="76" name="DTQ"/>
                    <label end="86" start="85" name="PNP"/>
                    <label end="90" start="88" name="VBD"/>
                    <label end="95" start="92" name="CJT-DT0"/>
                    <label end="100" start="97" name="VVD"/>
                    <label end="103" start="102" name="PNP"/>
                    <label end="106" start="105" name="PRP"/>
                    <label end="113" start="108" name="NN1"/>
                    <label end="115" start="115" name="PUR"/>
                    <label end="117" start="117" name="PUN"/>
                </layer>
            </annotationSet>
            <annotationSet cDate="01/08/2003 03:13:15 PST Wed" status="MANUAL" ID="1691155">
                <layer rank="1" name="FE">
                    <label cBy="268" feID="3593" end="69" start="60" name="Behavior"/>
                </layer>
                <layer rank="1" name="GF">
                    <label end="69" start="60" name="Head"/>
                </layer>
                <layer rank="1" name="PT">
                    <label end="69" start="60" name="N"/>
                </layer>
                <layer rank="1" name="Sent"/>
                <layer rank="1" name="Other"/>
                <layer rank="1" name="Target">
                    <label cBy="103" end="58" start="49" name="Target"/>
                </layer>
                <layer rank="1" name="Adj"/>
            </annotationSet>
        </sentence>
        <sentence sentNo="0" aPos="79743978" ID="1120011">
            <text>She turned , heart pounding , head spinning with the unjustness of his whole attitude , and marched back towards the house , oblivious of everything except her need to get away from that detestable man . </text>
            <annotationSet cDate="01/08/2003 03:13:15 PST Wed" status="UNANN" ID="1691156">
                <layer rank="1" name="BNC">
                    <label end="2" start="0" name="PNP"/>
                    <label end="9" start="4" name="VVD"/>
                    <label end="11" start="11" name="PUN"/>
                    <label end="17" start="13" name="NN1"/>
                    <label end="26" start="19" name="NN1-VVG"/>
                    <label end="28" start="28" name="PUN"/>
                    <label end="33" start="30" name="NN1"/>
                    <label end="42" start="35" name="NN1-VVG"/>
                    <label end="47" start="44" name="PRP"/>
                    <label end="51" start="49" name="AT0"/>
                    <label end="62" start="53" name="NN1"/>
                    <label end="65" start="64" name="PRF"/>
                    <label end="69" start="67" name="DPS"/>
                    <label end="75" start="71" name="AJ0"/>
                    <label end="84" start="77" name="NN1"/>
                    <label end="86" start="86" name="PUN"/>
                    <label end="90" start="88" name="CJC"/>
                    <label end="98" start="92" name="VVD"/>
                    <label end="103" start="100" name="AVP"/>
                    <label end="111" start="105" name="PRP"/>
                    <label end="115" start="113" name="AT0"/>
                    <label end="121" start="117" name="NN1"/>
                    <label end="123" start="123" name="PUN"/>
                    <label end="133" start="125" name="AJ0"/>
                    <label end="136" start="135" name="PRF"/>
                    <label end="147" start="138" name="PNI"/>
                    <label end="154" start="149" name="CJS"/>
                    <label end="158" start="156" name="PNP"/>
                    <label end="163" start="160" name="VVB"/>
                    <label end="166" start="165" name="TO0"/>
                    <label end="170" start="168" name="VVI"/>
                    <label end="175" start="172" name="PRP"/>
                    <label end="180" start="177" name="PRP"/>
                    <label end="185" start="182" name="DT0"/>
                    <label end="196" start="187" name="AJ0"/>
                    <label end="200" start="198" name="NN1"/>
                    <label end="202" start="202" name="PUN"/>
                </layer>
            </annotationSet>
            <annotationSet cDate="01/08/2003 03:13:15 PST Wed" status="MANUAL" ID="1691157">
                <layer rank="1" name="FE">
                    <label cBy="268" feID="3592" end="200" start="198" name="Evaluee"/>
                </layer>
                <layer rank="1" name="GF">
                    <label end="200" start="198" name="Head"/>
                </layer>
                <layer rank="1" name="PT">
                    <label end="200" start="198" name="N"/>
                </layer>
                <layer rank="1" name="Sent"/>
                <layer rank="1" name="Other"/>
                <layer rank="1" name="Target">
                    <label cBy="103" end="196" start="187" name="Target"/>
                </layer>
                <layer rank="1" name="Adj"/>
            </annotationSet>
        </sentence>
        <sentence sentNo="0" aPos="100927607" ID="1120014">
            <text>` Has anyone ever told you how perfectly detestable you are ? &quot; </text>
            <annotationSet cDate="01/08/2003 03:13:15 PST Wed" status="UNANN" ID="1691162">
                <layer rank="1" name="BNC">
                    <label end="0" start="0" name="PUQ"/>
                    <label end="4" start="2" name="VHZ"/>
                    <label end="11" start="6" name="PNI"/>
                    <label end="16" start="13" name="AV0"/>
                    <label end="21" start="18" name="VVN"/>
                    <label end="25" start="23" name="PNP"/>
                    <label end="29" start="27" name="AVQ"/>
                    <label end="39" start="31" name="AV0"/>
                    <label end="50" start="41" name="AJ0"/>
                    <label end="54" start="52" name="PNP"/>
                    <label end="58" start="56" name="VBB"/>
                    <label end="60" start="60" name="PUN"/>
                    <label end="62" start="62" name="PUQ"/>
                </layer>
            </annotationSet>
            <annotationSet cDate="01/08/2003 03:13:15 PST Wed" status="MANUAL" ID="1691163">
                <layer rank="1" name="FE">
                    <label cBy="268" feID="3609" end="39" start="27" name="Degree"/>
                    <label cBy="268" feID="3592" end="54" start="52" name="Evaluee"/>
                </layer>
                <layer rank="1" name="GF">
                    <label end="39" start="27" name="Dep"/>
                    <label end="54" start="52" name="Ext"/>
                </layer>
                <layer rank="1" name="PT">
                    <label end="39" start="27" name="AVP"/>
                    <label end="54" start="52" name="NP"/>
                </layer>
                <layer rank="1" name="Sent"/>
                <layer rank="1" name="Other"/>
                <layer rank="1" name="Target">
                    <label cBy="103" end="50" start="41" name="Target"/>
                </layer>
                <layer rank="1" name="Adj">
                    <label end="58" start="56" name="Cop"/>
                </layer>
            </annotationSet>
        </sentence>
        <sentence sentNo="0" aPos="101653663" ID="1120018">
            <text>After a lifetime of being emotionally devoured by him , she was suddenly discarded in favour of the detestable Damian Flint . </text>
            <annotationSet cDate="01/08/2003 03:13:16 PST Wed" status="UNANN" ID="1691170">
                <layer rank="1" name="BNC">
                    <label end="4" start="0" name="CJS-PRP"/>
                    <label end="6" start="6" name="AT0"/>
                    <label end="15" start="8" name="NN1"/>
                    <label end="18" start="17" name="PRF"/>
                    <label end="24" start="20" name="VBG"/>
                    <label end="36" start="26" name="AV0"/>
                    <label end="45" start="38" name="VVN"/>
                    <label end="48" start="47" name="PRP"/>
                    <label end="52" start="50" name="PNP"/>
                    <label end="54" start="54" name="PUN"/>
                    <label end="58" start="56" name="PNP"/>
                    <label end="62" start="60" name="VBD"/>
                    <label end="71" start="64" name="AV0"/>
                    <label end="81" start="73" name="VVN"/>
                    <label end="84" start="83" name="PRP"/>
                    <label end="91" start="86" name="PRP"/>
                    <label end="94" start="93" name="PRP"/>
                    <label end="98" start="96" name="AT0"/>
                    <label end="109" start="100" name="AJ0"/>
                    <label end="116" start="111" name="NP0"/>
                    <label end="122" start="118" name="NP0"/>
                    <label end="124" start="124" name="PUN"/>
                </layer>
            </annotationSet>
            <annotationSet cDate="01/08/2003 03:13:16 PST Wed" status="MANUAL" ID="1691171">
                <layer rank="1" name="FE">
                    <label cBy="268" feID="3592" end="122" start="111" name="Evaluee"/>
                </layer>
                <layer rank="1" name="GF">
                    <label end="122" start="111" name="Head"/>
                </layer>
                <layer rank="1" name="PT">
                    <label end="122" start="111" name="N"/>
                </layer>
                <layer rank="1" name="Sent"/>
                <layer rank="1" name="Other"/>
                <layer rank="1" name="Target">
                    <label cBy="103" end="109" start="100" name="Target"/>
                </layer>
                <layer rank="1" name="Adj"/>
            </annotationSet>
        </sentence>
    </subCorpus>
</lexUnit>