<?xml version="1.0" encoding="UTF-8" standalone="yes"?>
<?xml-stylesheet type="text/xsl" href="lexUnit.xsl"?>
<lexUnit status="Created" POS="V" name="pardon.v" ID="7336" frame="Forgiveness" frameID="401" totalAnnotated="0" xsi:schemaLocation="../schema/lexUnit.xsd" xmlns="http://framenet.icsi.berkeley.edu" xmlns:xsi="http://www.w3.org/2001/XMLSchema-instance">
    <header>
        <frame>
            <FE fgColor="FFFFFF" bgColor="00008B" type="Core" abbrev="Evaluee" name="Evaluee"/>
            <FE fgColor="FFFFFF" bgColor="FF0000" type="Core" abbrev="Judge" name="Judge"/>
            <FE fgColor="FFFFFF" bgColor="006400" type="Core" abbrev="Offense" name="Offense"/>
        </frame>
    </header>
    <definition>COD: forgive or excuse (a person, error, or offence). </definition>
    <lexeme POS="V" name="pardon"/>
    <valences/>
</lexUnit>