<?xml version="1.0" encoding="UTF-8" standalone="yes"?>
<?xml-stylesheet type="text/xsl" href="lexUnit.xsl"?>
<lexUnit status="Finished_Initial" POS="A" name="blameworthy.a" ID="7317" frame="Praiseworthiness" frameID="399" totalAnnotated="5" xsi:schemaLocation="../schema/lexUnit.xsd" xmlns="http://framenet.icsi.berkeley.edu" xmlns:xsi="http://www.w3.org/2001/XMLSchema-instance">
    <header>
        <frame>
            <FE fgColor="FFFFFF" bgColor="008000" type="Core" abbrev="Beh" name="Behavior"/>
            <FE fgColor="FFFFFF" bgColor="FF00FF" type="Peripheral" abbrev="Deg" name="Degree"/>
            <FE fgColor="FFFFFF" bgColor="800080" type="Core" abbrev="Eval" name="Evaluee"/>
            <FE fgColor="000000" bgColor="7FFF00" type="Peripheral" abbrev="" name="Judge"/>
        </frame>
    </header>
    <definition>FN: deserving reproach or blame</definition>
    <lexeme POS="A" name="blameworthy"/>
    <valences>
        <FERealization total="2">
            <FE name="Behavior"/>
            <pattern total="1">
                <valenceUnit GF="Ext" PT="NP" FE="Behavior"/>
                <annoSet ID="1690335"/>
            </pattern>
            <pattern total="1">
                <valenceUnit GF="Ext" PT="VPing" FE="Behavior"/>
                <annoSet ID="1690321"/>
            </pattern>
        </FERealization>
        <FERealization total="2">
            <FE name="Degree"/>
            <pattern total="2">
                <valenceUnit GF="Dep" PT="AVP" FE="Degree"/>
                <annoSet ID="1690317"/>
                <annoSet ID="1690325"/>
            </pattern>
            <pattern total="1">
                <valenceUnit GF="Dep" PT="PP[on]" FE="Degree"/>
                <annoSet ID="1690317"/>
            </pattern>
        </FERealization>
        <FERealization total="3">
            <FE name="Evaluee"/>
            <pattern total="1">
                <valenceUnit GF="Head" PT="NP" FE="Evaluee"/>
                <annoSet ID="1690317"/>
            </pattern>
            <pattern total="1">
                <valenceUnit GF="Ext" PT="NP" FE="Evaluee"/>
                <annoSet ID="1690325"/>
            </pattern>
            <pattern total="1">
                <valenceUnit GF="Head" PT="N" FE="Evaluee"/>
                <annoSet ID="1690319"/>
            </pattern>
        </FERealization>
        <FEGroupRealization total="2">
            <FE name="Behavior"/>
            <pattern total="1">
                <valenceUnit GF="Ext" PT="NP" FE="Behavior"/>
                <annoSet ID="1690335"/>
            </pattern>
            <pattern total="1">
                <valenceUnit GF="Ext" PT="VPing" FE="Behavior"/>
                <annoSet ID="1690321"/>
            </pattern>
        </FEGroupRealization>
        <FEGroupRealization total="1">
            <FE name="Degree"/>
            <FE name="Degree"/>
            <FE name="Evaluee"/>
            <pattern total="1">
                <valenceUnit GF="Dep" PT="AVP" FE="Degree"/>
                <valenceUnit GF="Dep" PT="PP[on]" FE="Degree"/>
                <valenceUnit GF="Head" PT="NP" FE="Evaluee"/>
                <annoSet ID="1690317"/>
            </pattern>
        </FEGroupRealization>
        <FEGroupRealization total="1">
            <FE name="Degree"/>
            <FE name="Evaluee"/>
            <pattern total="1">
                <valenceUnit GF="Dep" PT="AVP" FE="Degree"/>
                <valenceUnit GF="Ext" PT="NP" FE="Evaluee"/>
                <annoSet ID="1690325"/>
            </pattern>
        </FEGroupRealization>
        <FEGroupRealization total="1">
            <FE name="Evaluee"/>
            <pattern total="1">
                <valenceUnit GF="Head" PT="N" FE="Evaluee"/>
                <annoSet ID="1690319"/>
            </pattern>
        </FEGroupRealization>
    </valences>
    <subCorpus name="A-001-all">
        <sentence sentNo="0" aPos="7250354" ID="1119591">
            <text>Are persons who inflict physical or sexual assault in the domestic context really less blameworthy than their counterparts on the street ? </text>
            <annotationSet cDate="01/08/2003 03:12:08 PST Wed" status="UNANN" ID="1690316">
                <layer rank="1" name="BNC">
                    <label end="2" start="0" name="VBB"/>
                    <label end="10" start="4" name="NN2"/>
                    <label end="14" start="12" name="PNQ"/>
                    <label end="22" start="16" name="VVB"/>
                    <label end="31" start="24" name="AJ0"/>
                    <label end="34" start="33" name="CJC"/>
                    <label end="41" start="36" name="AJ0"/>
                    <label end="49" start="43" name="NN1"/>
                    <label end="52" start="51" name="PRP"/>
                    <label end="56" start="54" name="AT0"/>
                    <label end="65" start="58" name="AJ0"/>
                    <label end="73" start="67" name="NN1"/>
                    <label end="80" start="75" name="AV0"/>
                    <label end="85" start="82" name="AV0"/>
                    <label end="97" start="87" name="AJ0"/>
                    <label end="102" start="99" name="CJS"/>
                    <label end="108" start="104" name="DPS"/>
                    <label end="121" start="110" name="NN2"/>
                    <label end="124" start="123" name="PRP"/>
                    <label end="128" start="126" name="AT0"/>
                    <label end="135" start="130" name="NN1"/>
                    <label end="137" start="137" name="PUN"/>
                </layer>
            </annotationSet>
            <annotationSet cDate="01/08/2003 03:12:09 PST Wed" status="MANUAL" ID="1690317">
                <layer rank="1" name="FE">
                    <label cBy="268" feID="3592" end="73" start="4" name="Evaluee"/>
                    <label cBy="268" feID="3609" end="85" start="82" name="Degree"/>
                    <label cBy="268" feID="3609" end="135" start="99" name="Degree"/>
                </layer>
                <layer rank="1" name="GF">
                    <label end="73" start="4" name="Head"/>
                    <label end="85" start="82" name="Dep"/>
                    <label end="135" start="99" name="Dep"/>
                </layer>
                <layer rank="1" name="PT">
                    <label end="73" start="4" name="NP"/>
                    <label end="85" start="82" name="AVP"/>
                    <label end="135" start="99" name="PP"/>
                </layer>
                <layer rank="1" name="Sent"/>
                <layer rank="1" name="Other"/>
                <layer rank="1" name="Target">
                    <label cBy="103" end="97" start="87" name="Target"/>
                </layer>
                <layer rank="1" name="Adj">
                    <label end="2" start="0" name="Cop"/>
                </layer>
            </annotationSet>
        </sentence>
        <sentence sentNo="0" aPos="7781520" ID="1119592">
            <text>She did not wish to remain outside of her usual , blameworthy self for longer than was necessary . </text>
            <annotationSet cDate="01/08/2003 03:12:09 PST Wed" status="UNANN" ID="1690318">
                <layer rank="1" name="BNC">
                    <label end="2" start="0" name="PNP"/>
                    <label end="6" start="4" name="VDD"/>
                    <label end="10" start="8" name="XX0"/>
                    <label end="15" start="12" name="VVI"/>
                    <label end="18" start="17" name="TO0"/>
                    <label end="25" start="20" name="VVI"/>
                    <label end="33" start="27" name="PRP"/>
                    <label end="36" start="35" name="PRP"/>
                    <label end="40" start="38" name="DPS"/>
                    <label end="46" start="42" name="AJ0"/>
                    <label end="48" start="48" name="PUN"/>
                    <label end="60" start="50" name="AJ0"/>
                    <label end="65" start="62" name="NN1"/>
                    <label end="69" start="67" name="PRP"/>
                    <label end="76" start="71" name="AJC"/>
                    <label end="81" start="78" name="CJS"/>
                    <label end="85" start="83" name="VBD"/>
                    <label end="95" start="87" name="AJ0"/>
                    <label end="97" start="97" name="PUN"/>
                </layer>
            </annotationSet>
            <annotationSet cDate="01/08/2003 03:12:09 PST Wed" status="MANUAL" ID="1690319">
                <layer rank="1" name="FE">
                    <label cBy="268" feID="3592" end="65" start="62" name="Evaluee"/>
                </layer>
                <layer rank="1" name="GF">
                    <label end="65" start="62" name="Head"/>
                </layer>
                <layer rank="1" name="PT">
                    <label end="65" start="62" name="N"/>
                </layer>
                <layer rank="1" name="Sent"/>
                <layer rank="1" name="Other"/>
                <layer rank="1" name="Target">
                    <label cBy="103" end="60" start="50" name="Target"/>
                </layer>
                <layer rank="1" name="Adj"/>
            </annotationSet>
        </sentence>
        <sentence sentNo="0" aPos="10601580" ID="1119593">
            <text>Social Worker : Why is experiencing some pleasure in that situation blameworthy ? </text>
            <annotationSet cDate="01/08/2003 03:12:09 PST Wed" status="UNANN" ID="1690320">
                <layer rank="1" name="BNC">
                    <label end="5" start="0" name="AJ0"/>
                    <label end="12" start="7" name="NN1-NP0"/>
                    <label end="14" start="14" name="PUN"/>
                    <label end="18" start="16" name="AVQ"/>
                    <label end="21" start="20" name="VBZ"/>
                    <label end="34" start="23" name="VVG"/>
                    <label end="39" start="36" name="DT0"/>
                    <label end="48" start="41" name="NN1"/>
                    <label end="51" start="50" name="PRP"/>
                    <label end="56" start="53" name="DT0"/>
                    <label end="66" start="58" name="NN1"/>
                    <label end="78" start="68" name="AJ0"/>
                    <label end="80" start="80" name="PUN"/>
                </layer>
            </annotationSet>
            <annotationSet cDate="01/08/2003 03:12:09 PST Wed" status="MANUAL" ID="1690321">
                <layer rank="1" name="FE">
                    <label cBy="268" feID="3593" end="66" start="23" name="Behavior"/>
                </layer>
                <layer rank="1" name="GF">
                    <label end="66" start="23" name="Ext"/>
                </layer>
                <layer rank="1" name="PT">
                    <label end="66" start="23" name="VPing"/>
                </layer>
                <layer rank="1" name="Sent"/>
                <layer rank="1" name="Other"/>
                <layer rank="1" name="Target">
                    <label cBy="103" end="78" start="68" name="Target"/>
                </layer>
                <layer rank="1" name="Adj">
                    <label end="21" start="20" name="Cop"/>
                </layer>
            </annotationSet>
        </sentence>
        <sentence sentNo="0" aPos="42120008" ID="1119595">
            <text>Richard 's second victim , Clarence , is also taken in by the hypocrite 's feigned concern , but since the real plot against him has been done through intermediaries he may seem less blameworthy . </text>
            <annotationSet cDate="01/08/2003 03:12:09 PST Wed" status="UNANN" ID="1690324">
                <layer rank="1" name="BNC">
                    <label end="6" start="0" name="NP0"/>
                    <label end="9" start="8" name="POS"/>
                    <label end="16" start="11" name="ORD"/>
                    <label end="23" start="18" name="NN1"/>
                    <label end="25" start="25" name="PUN"/>
                    <label end="34" start="27" name="NP0"/>
                    <label end="36" start="36" name="PUN"/>
                    <label end="39" start="38" name="VBZ"/>
                    <label end="44" start="41" name="AV0"/>
                    <label end="50" start="46" name="VVN"/>
                    <label end="53" start="52" name="AVP"/>
                    <label end="56" start="55" name="PRP"/>
                    <label end="60" start="58" name="AT0"/>
                    <label end="70" start="62" name="NN1"/>
                    <label end="73" start="72" name="POS"/>
                    <label end="81" start="75" name="AJ0"/>
                    <label end="89" start="83" name="NN1"/>
                    <label end="91" start="91" name="PUN"/>
                    <label end="95" start="93" name="CJC"/>
                    <label end="101" start="97" name="CJS"/>
                    <label end="105" start="103" name="AT0"/>
                    <label end="110" start="107" name="AJ0"/>
                    <label end="115" start="112" name="NN1"/>
                    <label end="123" start="117" name="PRP"/>
                    <label end="127" start="125" name="PNP"/>
                    <label end="131" start="129" name="VHZ"/>
                    <label end="136" start="133" name="VBN"/>
                    <label end="141" start="138" name="VDN"/>
                    <label end="149" start="143" name="PRP"/>
                    <label end="164" start="151" name="NN2"/>
                    <label end="167" start="166" name="PNP"/>
                    <label end="171" start="169" name="VM0"/>
                    <label end="176" start="173" name="VVI"/>
                    <label end="181" start="178" name="DT0"/>
                    <label end="193" start="183" name="AJ0"/>
                    <label end="195" start="195" name="PUN"/>
                </layer>
            </annotationSet>
            <annotationSet cDate="01/08/2003 03:12:09 PST Wed" status="MANUAL" ID="1690325">
                <layer rank="1" name="FE">
                    <label cBy="268" feID="3609" end="181" start="178" name="Degree"/>
                    <label cBy="268" feID="3592" end="167" start="166" name="Evaluee"/>
                </layer>
                <layer rank="1" name="GF">
                    <label end="181" start="178" name="Dep"/>
                    <label end="167" start="166" name="Ext"/>
                </layer>
                <layer rank="1" name="PT">
                    <label end="181" start="178" name="AVP"/>
                    <label end="167" start="166" name="NP"/>
                </layer>
                <layer rank="1" name="Sent"/>
                <layer rank="1" name="Other"/>
                <layer rank="1" name="Target">
                    <label cBy="103" end="193" start="183" name="Target"/>
                </layer>
                <layer rank="1" name="Adj">
                    <label end="176" start="173" name="Cop"/>
                </layer>
            </annotationSet>
        </sentence>
        <sentence sentNo="0" aPos="93751786" ID="1119600">
            <text>The lack of liability in unlawful act manslaughter for an omission which caused death has been criticised on the grounds that an omission , especially a deliberate one , is blameworthy , and it can cause death . </text>
            <annotationSet cDate="01/08/2003 03:12:10 PST Wed" status="UNANN" ID="1690334">
                <layer rank="1" name="BNC">
                    <label end="2" start="0" name="AT0"/>
                    <label end="7" start="4" name="NN1"/>
                    <label end="10" start="9" name="PRF"/>
                    <label end="20" start="12" name="NN1"/>
                    <label end="23" start="22" name="PRP"/>
                    <label end="32" start="25" name="AJ0"/>
                    <label end="36" start="34" name="NN1"/>
                    <label end="49" start="38" name="NN1"/>
                    <label end="53" start="51" name="PRP"/>
                    <label end="56" start="55" name="AT0"/>
                    <label end="65" start="58" name="NN1"/>
                    <label end="71" start="67" name="DTQ"/>
                    <label end="78" start="73" name="VVD"/>
                    <label end="84" start="80" name="NN1"/>
                    <label end="88" start="86" name="VHZ"/>
                    <label end="93" start="90" name="VBN"/>
                    <label end="104" start="95" name="VVN"/>
                    <label end="107" start="106" name="PRP"/>
                    <label end="111" start="109" name="AT0"/>
                    <label end="119" start="113" name="NN2"/>
                    <label end="124" start="121" name="CJT"/>
                    <label end="127" start="126" name="AT0"/>
                    <label end="136" start="129" name="NN1"/>
                    <label end="138" start="138" name="PUN"/>
                    <label end="149" start="140" name="AV0"/>
                    <label end="151" start="151" name="AT0"/>
                    <label end="162" start="153" name="AJ0"/>
                    <label end="166" start="164" name="PNI"/>
                    <label end="168" start="168" name="PUN"/>
                    <label end="171" start="170" name="VBZ"/>
                    <label end="183" start="173" name="AJ0"/>
                    <label end="185" start="185" name="PUN"/>
                    <label end="189" start="187" name="CJC"/>
                    <label end="192" start="191" name="PNP"/>
                    <label end="196" start="194" name="VM0"/>
                    <label end="202" start="198" name="VVI"/>
                    <label end="208" start="204" name="NN1"/>
                    <label end="210" start="210" name="PUN"/>
                </layer>
            </annotationSet>
            <annotationSet cDate="01/08/2003 03:12:10 PST Wed" status="MANUAL" ID="1690335">
                <layer rank="1" name="FE">
                    <label cBy="268" feID="3593" end="168" start="126" name="Behavior"/>
                </layer>
                <layer rank="1" name="GF">
                    <label end="168" start="126" name="Ext"/>
                </layer>
                <layer rank="1" name="PT">
                    <label end="168" start="126" name="NP"/>
                </layer>
                <layer rank="1" name="Sent"/>
                <layer rank="1" name="Other"/>
                <layer rank="1" name="Target">
                    <label cBy="103" end="183" start="173" name="Target"/>
                </layer>
                <layer rank="1" name="Adj">
                    <label end="171" start="170" name="Cop"/>
                </layer>
            </annotationSet>
        </sentence>
    </subCorpus>
</lexUnit>