<?xml version="1.0" encoding="UTF-8" standalone="yes"?>
<?xml-stylesheet type="text/xsl" href="lexUnit.xsl"?>
<lexUnit status="FN1_Sent" POS="V" name="mention.v" ID="730" frame="Statement" frameID="43" totalAnnotated="20" xsi:schemaLocation="../schema/lexUnit.xsd" xmlns="http://framenet.icsi.berkeley.edu" xmlns:xsi="http://www.w3.org/2001/XMLSchema-instance">
    <header>
        <frame>
            <FE fgColor="FFFFFF" bgColor="006400" type="Extra-Thematic" abbrev="Add" name="Addressee"/>
            <FE fgColor="000000" bgColor="2E8B57" type="Extra-Thematic" abbrev="" name="Containing_event"/>
            <FE fgColor="000000" bgColor="EEE8AA" type="Extra-Thematic" abbrev="Deg" name="Degree"/>
            <FE fgColor="FFFFFF" bgColor="9400D3" type="Extra-Thematic" abbrev="Dep" name="Depictive"/>
            <FE fgColor="FFFFFF" bgColor="00008B" type="Extra-Thematic" abbrev="Epi" name="Epistemic_stance"/>
            <FE fgColor="00008B" bgColor="FFFF00" type="Extra-Thematic" abbrev="Eve" name="Event_description"/>
            <FE fgColor="FFFFFF" bgColor="1E90FF" type="Extra-Thematic" abbrev="" name="Frequency"/>
            <FE fgColor="000000" bgColor="d0d0d0" type="Extra-Thematic" abbrev="Gro" name="Group"/>
            <FE fgColor="FFFFFF" bgColor="7CCD7C" type="Extra-Thematic" abbrev="ICause" name="Internal_cause"/>
            <FE fgColor="FFFFFF" bgColor="2E8B57" type="Extra-Thematic" abbrev="" name="Iteration"/>
            <FE fgColor="FFFFFF" bgColor="FF00FF" type="Peripheral" abbrev="Manr" name="Manner"/>
            <FE fgColor="FFFFFF" bgColor="A52A2A" type="Peripheral" abbrev="Mns" name="Means"/>
            <FE fgColor="FFFFFF" bgColor="808080" type="Core" abbrev="Medium" name="Medium"/>
            <FE fgColor="FFFFFF" bgColor="00BFFF" type="Core" abbrev="Msg" name="Message"/>
            <FE fgColor="FFFFFF" bgColor="9F79EE" type="Extra-Thematic" abbrev="" name="Occasion"/>
            <FE fgColor="FFFFFF" bgColor="90876C" type="Extra-Thematic" abbrev="par" name="Particular_iteration"/>
            <FE fgColor="FFFFFF" bgColor="008000" type="Peripheral" abbrev="Pla" name="Place"/>
            <FE fgColor="FFFFFF" bgColor="FF0000" type="Core" abbrev="Spkr" name="Speaker"/>
            <FE fgColor="FFFFFF" bgColor="FFA500" type="Peripheral" abbrev="Time" name="Time"/>
            <FE fgColor="FFFFFF" bgColor="0000FF" type="Core" abbrev="Top" name="Topic"/>
        </frame>
    </header>
    <definition>COD: refer to briefly. </definition>
    <lexeme POS="V" name="mention"/>
    <valences>
        <FERealization total="5">
            <FE name="Addressee"/>
            <pattern total="5">
                <valenceUnit GF="Dep" PT="PP[to]" FE="Addressee"/>
                <annoSet ID="990018"/>
                <annoSet ID="990212"/>
                <annoSet ID="990218"/>
                <annoSet ID="990232"/>
                <annoSet ID="990240"/>
            </pattern>
        </FERealization>
        <FERealization total="1">
            <FE name="Manner"/>
            <pattern total="1">
                <valenceUnit GF="Dep" PT="PPing[in]" FE="Manner"/>
                <annoSet ID="990152"/>
            </pattern>
        </FERealization>
        <FERealization total="2">
            <FE name="Medium"/>
            <pattern total="2">
                <valenceUnit GF="Dep" PT="PP[in]" FE="Medium"/>
                <annoSet ID="990186"/>
                <annoSet ID="990324"/>
            </pattern>
        </FERealization>
        <FERealization total="20">
            <FE name="Message"/>
            <pattern total="2">
                <valenceUnit GF="Obj" PT="NP" FE="Message"/>
                <annoSet ID="990240"/>
                <annoSet ID="990324"/>
            </pattern>
            <pattern total="3">
                <valenceUnit GF="Dep" PT="QUO" FE="Message"/>
                <annoSet ID="990018"/>
                <annoSet ID="990278"/>
                <annoSet ID="990280"/>
            </pattern>
            <pattern total="11">
                <valenceUnit GF="Dep" PT="Sfin" FE="Message"/>
                <annoSet ID="990152"/>
                <annoSet ID="990186"/>
                <annoSet ID="990218"/>
                <annoSet ID="990232"/>
                <annoSet ID="990312"/>
                <annoSet ID="990316"/>
                <annoSet ID="990374"/>
                <annoSet ID="990378"/>
                <annoSet ID="990388"/>
                <annoSet ID="990392"/>
                <annoSet ID="990404"/>
            </pattern>
            <pattern total="1">
                <valenceUnit GF="Dep" PT="Sinterrog" FE="Message"/>
                <annoSet ID="990212"/>
            </pattern>
            <pattern total="3">
                <valenceUnit GF="Dep" PT="AVP" FE="Message"/>
                <annoSet ID="989974"/>
                <annoSet ID="989978"/>
                <annoSet ID="989992"/>
            </pattern>
        </FERealization>
        <FERealization total="20">
            <FE name="Speaker"/>
            <pattern total="18">
                <valenceUnit GF="Ext" PT="NP" FE="Speaker"/>
                <annoSet ID="989992"/>
                <annoSet ID="990018"/>
                <annoSet ID="990152"/>
                <annoSet ID="990186"/>
                <annoSet ID="990212"/>
                <annoSet ID="990218"/>
                <annoSet ID="990232"/>
                <annoSet ID="990240"/>
                <annoSet ID="990278"/>
                <annoSet ID="990280"/>
                <annoSet ID="990312"/>
                <annoSet ID="990316"/>
                <annoSet ID="990324"/>
                <annoSet ID="990374"/>
                <annoSet ID="990378"/>
                <annoSet ID="990388"/>
                <annoSet ID="990392"/>
                <annoSet ID="990404"/>
            </pattern>
            <pattern total="2">
                <valenceUnit GF="" PT="CNI" FE="Speaker"/>
                <annoSet ID="989974"/>
                <annoSet ID="989978"/>
            </pattern>
        </FERealization>
        <FEGroupRealization total="5">
            <FE name="Addressee"/>
            <FE name="Message"/>
            <FE name="Speaker"/>
            <pattern total="1">
                <valenceUnit GF="Dep" PT="PP[to]" FE="Addressee"/>
                <valenceUnit GF="Obj" PT="NP" FE="Message"/>
                <valenceUnit GF="Ext" PT="NP" FE="Speaker"/>
                <annoSet ID="990240"/>
            </pattern>
            <pattern total="1">
                <valenceUnit GF="Dep" PT="PP[to]" FE="Addressee"/>
                <valenceUnit GF="Dep" PT="QUO" FE="Message"/>
                <valenceUnit GF="Ext" PT="NP" FE="Speaker"/>
                <annoSet ID="990018"/>
            </pattern>
            <pattern total="2">
                <valenceUnit GF="Dep" PT="PP[to]" FE="Addressee"/>
                <valenceUnit GF="Dep" PT="Sfin" FE="Message"/>
                <valenceUnit GF="Ext" PT="NP" FE="Speaker"/>
                <annoSet ID="990218"/>
                <annoSet ID="990232"/>
            </pattern>
            <pattern total="1">
                <valenceUnit GF="Dep" PT="PP[to]" FE="Addressee"/>
                <valenceUnit GF="Dep" PT="Sinterrog" FE="Message"/>
                <valenceUnit GF="Ext" PT="NP" FE="Speaker"/>
                <annoSet ID="990212"/>
            </pattern>
        </FEGroupRealization>
        <FEGroupRealization total="1">
            <FE name="Manner"/>
            <FE name="Message"/>
            <FE name="Speaker"/>
            <pattern total="1">
                <valenceUnit GF="Dep" PT="PPing[in]" FE="Manner"/>
                <valenceUnit GF="Dep" PT="Sfin" FE="Message"/>
                <valenceUnit GF="Ext" PT="NP" FE="Speaker"/>
                <annoSet ID="990152"/>
            </pattern>
        </FEGroupRealization>
        <FEGroupRealization total="2">
            <FE name="Medium"/>
            <FE name="Message"/>
            <FE name="Speaker"/>
            <pattern total="1">
                <valenceUnit GF="Dep" PT="PP[in]" FE="Medium"/>
                <valenceUnit GF="Obj" PT="NP" FE="Message"/>
                <valenceUnit GF="Ext" PT="NP" FE="Speaker"/>
                <annoSet ID="990324"/>
            </pattern>
            <pattern total="1">
                <valenceUnit GF="Dep" PT="PP[in]" FE="Medium"/>
                <valenceUnit GF="Dep" PT="Sfin" FE="Message"/>
                <valenceUnit GF="Ext" PT="NP" FE="Speaker"/>
                <annoSet ID="990186"/>
            </pattern>
        </FEGroupRealization>
        <FEGroupRealization total="12">
            <FE name="Message"/>
            <FE name="Speaker"/>
            <pattern total="2">
                <valenceUnit GF="Dep" PT="AVP" FE="Message"/>
                <valenceUnit GF="" PT="CNI" FE="Speaker"/>
                <annoSet ID="989974"/>
                <annoSet ID="989978"/>
            </pattern>
            <pattern total="1">
                <valenceUnit GF="Dep" PT="AVP" FE="Message"/>
                <valenceUnit GF="Ext" PT="NP" FE="Speaker"/>
                <annoSet ID="989992"/>
            </pattern>
            <pattern total="2">
                <valenceUnit GF="Dep" PT="QUO" FE="Message"/>
                <valenceUnit GF="Ext" PT="NP" FE="Speaker"/>
                <annoSet ID="990278"/>
                <annoSet ID="990280"/>
            </pattern>
            <pattern total="7">
                <valenceUnit GF="Dep" PT="Sfin" FE="Message"/>
                <valenceUnit GF="Ext" PT="NP" FE="Speaker"/>
                <annoSet ID="990312"/>
                <annoSet ID="990316"/>
                <annoSet ID="990374"/>
                <annoSet ID="990378"/>
                <annoSet ID="990388"/>
                <annoSet ID="990392"/>
                <annoSet ID="990404"/>
            </pattern>
        </FEGroupRealization>
    </valences>
    <subCorpus name="V-coordpass"/>
    <subCorpus name="V-intrans-other">
        <sentence sentNo="0" aPos="117346521" ID="765327">
            <text>As mentioned earlier , there is some connection between temperament and factors such as build , colour , breed etc . </text>
            <annotationSet cDate="01/07/2003 01:40:44 PST Tue" status="UNANN" ID="989973">
                <layer rank="1" name="BNC">
                    <label end="1" start="0" name="CJS"/>
                    <label end="11" start="3" name="VVN"/>
                    <label end="19" start="13" name="AV0"/>
                    <label end="21" start="21" name="PUN"/>
                    <label end="27" start="23" name="EX0"/>
                    <label end="30" start="29" name="VBZ"/>
                    <label end="35" start="32" name="DT0"/>
                    <label end="46" start="37" name="NN1"/>
                    <label end="54" start="48" name="PRP"/>
                    <label end="66" start="56" name="NN1"/>
                    <label end="70" start="68" name="CJC"/>
                    <label end="78" start="72" name="NN2"/>
                    <label end="83" start="80" name="PRP"/>
                    <label end="86" start="85" name="PRP"/>
                    <label end="92" start="88" name="NN1"/>
                    <label end="94" start="94" name="PUN"/>
                    <label end="101" start="96" name="NN1"/>
                    <label end="103" start="103" name="PUN"/>
                    <label end="109" start="105" name="NN1-VVB"/>
                    <label end="113" start="111" name="AV0"/>
                    <label end="115" start="115" name="PUN"/>
                </layer>
            </annotationSet>
            <annotationSet cDate="01/07/2003 01:40:44 PST Tue" status="MANUAL" ID="989974">
                <layer rank="1" name="FE">
                    <label cBy="103" feID="185" end="1" start="0" name="Message"/>
                    <label cBy="103" feID="183" itype="CNI" name="Speaker"/>
                </layer>
                <layer rank="1" name="GF">
                    <label end="1" start="0" name="Dep"/>
                </layer>
                <layer rank="1" name="PT">
                    <label end="1" start="0" name="AVP"/>
                </layer>
                <layer rank="1" name="Sent">
                    <label end="0" start="0" name="sense1"/>
                </layer>
                <layer rank="1" name="Other"/>
                <layer rank="1" name="Target">
                    <label cBy="103" end="11" start="3" name="Target"/>
                </layer>
                <layer rank="1" name="Verb"/>
            </annotationSet>
        </sentence>
    </subCorpus>
    <subCorpus name="V-intrans-simple">
        <sentence sentNo="0" aPos="1191764" ID="765329">
            <text>As already mentioned , choosing patio doors that suit your house is one of the most important points to consider . </text>
            <annotationSet cDate="01/07/2003 01:40:46 PST Tue" status="UNANN" ID="989977">
                <layer rank="1" name="BNC">
                    <label end="1" start="0" name="CJS"/>
                    <label end="9" start="3" name="AV0"/>
                    <label end="19" start="11" name="VVN"/>
                    <label end="21" start="21" name="PUN"/>
                    <label end="30" start="23" name="VVG"/>
                    <label end="36" start="32" name="NN1"/>
                    <label end="42" start="38" name="NN2"/>
                    <label end="47" start="44" name="CJT"/>
                    <label end="52" start="49" name="VVB"/>
                    <label end="57" start="54" name="DPS"/>
                    <label end="63" start="59" name="NN1"/>
                    <label end="66" start="65" name="VBZ"/>
                    <label end="70" start="68" name="CRD"/>
                    <label end="73" start="72" name="PRF"/>
                    <label end="77" start="75" name="AT0"/>
                    <label end="82" start="79" name="AV0"/>
                    <label end="92" start="84" name="AJ0"/>
                    <label end="99" start="94" name="NN2"/>
                    <label end="102" start="101" name="TO0"/>
                    <label end="111" start="104" name="VVI"/>
                    <label end="113" start="113" name="PUN"/>
                </layer>
            </annotationSet>
            <annotationSet cDate="01/07/2003 01:40:46 PST Tue" status="MANUAL" ID="989978">
                <layer rank="1" name="FE">
                    <label cBy="103" feID="185" end="1" start="0" name="Message"/>
                    <label cBy="103" feID="183" itype="CNI" name="Speaker"/>
                </layer>
                <layer rank="1" name="GF">
                    <label end="1" start="0" name="Dep"/>
                </layer>
                <layer rank="1" name="PT">
                    <label end="1" start="0" name="AVP"/>
                </layer>
                <layer rank="1" name="Sent">
                    <label end="0" start="0" name="sense1"/>
                </layer>
                <layer rank="1" name="Other"/>
                <layer rank="1" name="Target">
                    <label cBy="103" end="19" start="11" name="Target"/>
                </layer>
                <layer rank="1" name="Verb"/>
            </annotationSet>
        </sentence>
        <sentence sentNo="0" aPos="54472534" ID="765336">
            <text>The problem of induction can not be regarded as a decisive refutation because , as I have previously mentioned , most other philosophies of science suffer from a similar difficulty . </text>
            <annotationSet cDate="01/07/2003 01:40:47 PST Tue" status="UNANN" ID="989991">
                <layer rank="1" name="BNC">
                    <label end="2" start="0" name="AT0"/>
                    <label end="10" start="4" name="NN1"/>
                    <label end="13" start="12" name="PRF"/>
                    <label end="23" start="15" name="NN1"/>
                    <label end="27" start="25" name="VM0"/>
                    <label end="31" start="29" name="XX0"/>
                    <label end="34" start="33" name="VBI"/>
                    <label end="43" start="36" name="VVN"/>
                    <label end="46" start="45" name="PRP"/>
                    <label end="48" start="48" name="AT0"/>
                    <label end="57" start="50" name="AJ0"/>
                    <label end="68" start="59" name="NN1"/>
                    <label end="76" start="70" name="CJS"/>
                    <label end="78" start="78" name="PUN"/>
                    <label end="81" start="80" name="CJS"/>
                    <label end="83" start="83" name="PNP"/>
                    <label end="88" start="85" name="VHB"/>
                    <label end="99" start="90" name="AV0"/>
                    <label end="109" start="101" name="VVN"/>
                    <label end="111" start="111" name="PUN"/>
                    <label end="116" start="113" name="AV0"/>
                    <label end="122" start="118" name="AJ0"/>
                    <label end="135" start="124" name="NN2"/>
                    <label end="138" start="137" name="PRF"/>
                    <label end="146" start="140" name="NN1"/>
                    <label end="153" start="148" name="VVB"/>
                    <label end="158" start="155" name="PRP"/>
                    <label end="160" start="160" name="AT0"/>
                    <label end="168" start="162" name="AJ0"/>
                    <label end="179" start="170" name="NN1"/>
                    <label end="181" start="181" name="PUN"/>
                </layer>
            </annotationSet>
            <annotationSet cDate="01/07/2003 01:40:47 PST Tue" status="MANUAL" ID="989992">
                <layer rank="1" name="FE">
                    <label cBy="103" feID="185" end="81" start="80" name="Message"/>
                    <label cBy="103" feID="183" end="83" start="83" name="Speaker"/>
                </layer>
                <layer rank="1" name="GF">
                    <label end="81" start="80" name="Dep"/>
                    <label end="83" start="83" name="Ext"/>
                </layer>
                <layer rank="1" name="PT">
                    <label end="81" start="80" name="AVP"/>
                    <label end="83" start="83" name="NP"/>
                </layer>
                <layer rank="1" name="Sent">
                    <label end="0" start="0" name="sense1"/>
                </layer>
                <layer rank="1" name="Other"/>
                <layer rank="1" name="Target">
                    <label cBy="103" end="109" start="101" name="Target"/>
                </layer>
                <layer rank="1" name="Verb"/>
            </annotationSet>
        </sentence>
    </subCorpus>
    <subCorpus name="V-invertquote">
        <sentence sentNo="0" aPos="74481421" ID="765349">
            <text>` I 've got a big stick , &quot; mentioned Punch confidingly to his audience , as Judy appeared with her baby . </text>
            <annotationSet cDate="01/07/2003 01:40:49 PST Tue" status="UNANN" ID="990017">
                <layer rank="1" name="BNC">
                    <label end="0" start="0" name="PUQ"/>
                    <label end="2" start="2" name="PNP"/>
                    <label end="6" start="4" name="VHB"/>
                    <label end="10" start="8" name="VVN"/>
                    <label end="12" start="12" name="AT0"/>
                    <label end="16" start="14" name="AJ0"/>
                    <label end="22" start="18" name="NN1"/>
                    <label end="24" start="24" name="PUN"/>
                    <label end="26" start="26" name="PUQ"/>
                    <label end="36" start="28" name="VVD"/>
                    <label end="42" start="38" name="NN1-NP0"/>
                    <label end="54" start="44" name="AV0"/>
                    <label end="57" start="56" name="PRP"/>
                    <label end="61" start="59" name="DPS"/>
                    <label end="70" start="63" name="NN0"/>
                    <label end="72" start="72" name="PUN"/>
                    <label end="75" start="74" name="CJS"/>
                    <label end="80" start="77" name="NP0"/>
                    <label end="89" start="82" name="VVD-VVN"/>
                    <label end="94" start="91" name="PRP"/>
                    <label end="98" start="96" name="DPS"/>
                    <label end="103" start="100" name="NN1"/>
                    <label end="105" start="105" name="PUN"/>
                </layer>
            </annotationSet>
            <annotationSet cDate="01/07/2003 01:40:49 PST Tue" status="MANUAL" ID="990018">
                <layer rank="1" name="FE">
                    <label cBy="103" feID="185" end="26" start="0" name="Message"/>
                    <label cBy="103" feID="183" end="42" start="38" name="Speaker"/>
                    <label cBy="103" feID="184" end="70" start="56" name="Addressee"/>
                </layer>
                <layer rank="1" name="GF">
                    <label end="26" start="0" name="Dep"/>
                    <label end="42" start="38" name="Ext"/>
                    <label end="70" start="56" name="Dep"/>
                </layer>
                <layer rank="1" name="PT">
                    <label end="26" start="0" name="QUO"/>
                    <label end="42" start="38" name="NP"/>
                    <label end="70" start="56" name="PP"/>
                </layer>
                <layer rank="1" name="Sent">
                    <label end="0" start="0" name="sense1"/>
                </layer>
                <layer rank="1" name="Other"/>
                <layer rank="1" name="Target">
                    <label cBy="103" end="36" start="28" name="Target"/>
                </layer>
                <layer rank="1" name="Verb"/>
            </annotationSet>
        </sentence>
    </subCorpus>
    <subCorpus name="V-np-pother"/>
    <subCorpus name="V-np-ppother"/>
    <subCorpus name="V-np-ppto"/>
    <subCorpus name="V-pother">
        <sentence sentNo="0" aPos="75112594" ID="765416">
            <text>` He mentioned in passing that you had a lot of female visitors , that 's all . </text>
            <annotationSet cDate="01/07/2003 01:40:57 PST Tue" status="UNANN" ID="990151">
                <layer rank="1" name="BNC">
                    <label end="0" start="0" name="PUQ"/>
                    <label end="3" start="2" name="PNP"/>
                    <label end="13" start="5" name="VVD"/>
                    <label end="16" start="15" name="PRP"/>
                    <label end="24" start="18" name="VVG"/>
                    <label end="29" start="26" name="CJT"/>
                    <label end="33" start="31" name="PNP"/>
                    <label end="37" start="35" name="VHD"/>
                    <label end="39" start="39" name="AT0"/>
                    <label end="43" start="41" name="NN1"/>
                    <label end="46" start="45" name="PRF"/>
                    <label end="53" start="48" name="AJ0"/>
                    <label end="62" start="55" name="NN2"/>
                    <label end="64" start="64" name="PUN"/>
                    <label end="69" start="66" name="CJT-DT0"/>
                    <label end="72" start="71" name="VBZ"/>
                    <label end="76" start="74" name="AV0"/>
                    <label end="78" start="78" name="PUN"/>
                </layer>
            </annotationSet>
            <annotationSet cDate="01/07/2003 01:40:57 PST Tue" status="MANUAL" ID="990152">
                <layer rank="1" name="FE">
                    <label cBy="103" feID="183" end="3" start="2" name="Speaker"/>
                    <label cBy="103" feID="1241" end="24" start="15" name="Manner"/>
                    <label cBy="103" feID="185" end="62" start="26" name="Message"/>
                </layer>
                <layer rank="1" name="GF">
                    <label end="3" start="2" name="Ext"/>
                    <label end="24" start="15" name="Dep"/>
                    <label end="62" start="26" name="Dep"/>
                </layer>
                <layer rank="1" name="PT">
                    <label end="3" start="2" name="NP"/>
                    <label end="24" start="15" name="PPing"/>
                    <label end="62" start="26" name="Sfin"/>
                </layer>
                <layer rank="1" name="Sent">
                    <label end="0" start="0" name="sense1"/>
                </layer>
                <layer rank="1" name="Other"/>
                <layer rank="1" name="Target">
                    <label cBy="103" end="13" start="5" name="Target"/>
                </layer>
                <layer rank="1" name="Verb"/>
            </annotationSet>
        </sentence>
    </subCorpus>
    <subCorpus name="V-ppother">
        <sentence sentNo="0" aPos="2680602" ID="765433">
            <text>I mentioned in my last letter to Fiona that Lord Lovat had been badly wounded during an attack on the enemy positions on the evening of 12th June . </text>
            <annotationSet cDate="01/07/2003 01:41:01 PST Tue" status="UNANN" ID="990185">
                <layer rank="1" name="BNC">
                    <label end="0" start="0" name="PNP"/>
                    <label end="10" start="2" name="VVD"/>
                    <label end="13" start="12" name="PRP"/>
                    <label end="16" start="15" name="DPS"/>
                    <label end="21" start="18" name="ORD"/>
                    <label end="28" start="23" name="NN1"/>
                    <label end="31" start="30" name="PRP"/>
                    <label end="37" start="33" name="NN1-NP0"/>
                    <label end="42" start="39" name="CJT"/>
                    <label end="47" start="44" name="NP0"/>
                    <label end="53" start="49" name="NP0"/>
                    <label end="57" start="55" name="VHD"/>
                    <label end="62" start="59" name="VBN"/>
                    <label end="68" start="64" name="AV0"/>
                    <label end="76" start="70" name="VVD-VVN"/>
                    <label end="83" start="78" name="PRP"/>
                    <label end="86" start="85" name="AT0"/>
                    <label end="93" start="88" name="NN1"/>
                    <label end="96" start="95" name="PRP"/>
                    <label end="100" start="98" name="AT0"/>
                    <label end="106" start="102" name="NN0"/>
                    <label end="116" start="108" name="NN2-VVZ"/>
                    <label end="119" start="118" name="PRP"/>
                    <label end="123" start="121" name="AT0"/>
                    <label end="131" start="125" name="NN1"/>
                    <label end="134" start="133" name="PRF"/>
                    <label end="139" start="136" name="ORD"/>
                    <label end="144" start="141" name="NP0"/>
                    <label end="146" start="146" name="PUN"/>
                </layer>
            </annotationSet>
            <annotationSet cDate="01/07/2003 01:41:01 PST Tue" status="MANUAL" ID="990186">
                <layer rank="1" name="FE">
                    <label cBy="103" feID="183" end="0" start="0" name="Speaker"/>
                    <label cBy="103" feID="1520" end="37" start="12" name="Medium"/>
                    <label cBy="103" feID="185" end="144" start="39" name="Message"/>
                </layer>
                <layer rank="1" name="GF">
                    <label end="0" start="0" name="Ext"/>
                    <label end="37" start="12" name="Dep"/>
                    <label end="144" start="39" name="Dep"/>
                </layer>
                <layer rank="1" name="PT">
                    <label end="0" start="0" name="NP"/>
                    <label end="37" start="12" name="PP"/>
                    <label end="144" start="39" name="Sfin"/>
                </layer>
                <layer rank="1" name="Sent">
                    <label end="0" start="0" name="sense1"/>
                </layer>
                <layer rank="1" name="Other"/>
                <layer rank="1" name="Target">
                    <label cBy="103" end="10" start="2" name="Target"/>
                </layer>
                <layer rank="1" name="Verb"/>
            </annotationSet>
        </sentence>
    </subCorpus>
    <subCorpus name="V-ppto">
        <sentence sentNo="0" aPos="76509181" ID="765446">
            <text>At the same time Linkworth mentioned to everyone how he was making money from his little shop . </text>
            <annotationSet cDate="01/07/2003 01:41:02 PST Tue" status="UNANN" ID="990211">
                <layer rank="1" name="BNC">
                    <label end="1" start="0" name="PRP"/>
                    <label end="5" start="3" name="AT0"/>
                    <label end="10" start="7" name="DT0"/>
                    <label end="15" start="12" name="NN1"/>
                    <label end="25" start="17" name="NP0"/>
                    <label end="35" start="27" name="VVD"/>
                    <label end="38" start="37" name="PRP"/>
                    <label end="47" start="40" name="PNI"/>
                    <label end="51" start="49" name="AVQ"/>
                    <label end="54" start="53" name="PNP"/>
                    <label end="58" start="56" name="VBD"/>
                    <label end="65" start="60" name="VVG"/>
                    <label end="71" start="67" name="NN1"/>
                    <label end="76" start="73" name="PRP"/>
                    <label end="80" start="78" name="DPS"/>
                    <label end="87" start="82" name="AJ0"/>
                    <label end="92" start="89" name="NN1"/>
                    <label end="94" start="94" name="PUN"/>
                </layer>
            </annotationSet>
            <annotationSet cDate="01/07/2003 01:41:02 PST Tue" status="MANUAL" ID="990212">
                <layer rank="1" name="FE">
                    <label cBy="103" feID="183" end="25" start="17" name="Speaker"/>
                    <label cBy="103" feID="184" end="47" start="37" name="Addressee"/>
                    <label cBy="103" feID="185" end="92" start="49" name="Message"/>
                </layer>
                <layer rank="1" name="GF">
                    <label end="25" start="17" name="Ext"/>
                    <label end="47" start="37" name="Dep"/>
                    <label end="92" start="49" name="Dep"/>
                </layer>
                <layer rank="1" name="PT">
                    <label end="25" start="17" name="NP"/>
                    <label end="47" start="37" name="PP"/>
                    <label end="92" start="49" name="Sinterrog"/>
                </layer>
                <layer rank="1" name="Sent">
                    <label end="0" start="0" name="sense1"/>
                </layer>
                <layer rank="1" name="Other"/>
                <layer rank="1" name="Target">
                    <label cBy="103" end="35" start="27" name="Target"/>
                </layer>
                <layer rank="1" name="Verb"/>
            </annotationSet>
        </sentence>
        <sentence sentNo="0" aPos="25067825" ID="765449">
            <text>I mentioned to Kirk that I had no intention of asking him about that part of the tour . </text>
            <annotationSet cDate="01/07/2003 01:41:03 PST Tue" status="UNANN" ID="990217">
                <layer rank="1" name="BNC">
                    <label end="0" start="0" name="PNP"/>
                    <label end="10" start="2" name="VVD"/>
                    <label end="13" start="12" name="PRP"/>
                    <label end="18" start="15" name="NP0"/>
                    <label end="23" start="20" name="CJT"/>
                    <label end="25" start="25" name="PNP"/>
                    <label end="29" start="27" name="VHD"/>
                    <label end="32" start="31" name="AT0"/>
                    <label end="42" start="34" name="NN1"/>
                    <label end="45" start="44" name="PRF"/>
                    <label end="52" start="47" name="VVG"/>
                    <label end="56" start="54" name="PNP"/>
                    <label end="62" start="58" name="PRP"/>
                    <label end="67" start="64" name="DT0"/>
                    <label end="72" start="69" name="NN1"/>
                    <label end="75" start="74" name="PRF"/>
                    <label end="79" start="77" name="AT0"/>
                    <label end="84" start="81" name="NN1"/>
                    <label end="86" start="86" name="PUN"/>
                </layer>
            </annotationSet>
            <annotationSet cDate="01/07/2003 01:41:03 PST Tue" status="MANUAL" ID="990218">
                <layer rank="1" name="FE">
                    <label cBy="103" feID="183" end="0" start="0" name="Speaker"/>
                    <label cBy="103" feID="184" end="18" start="12" name="Addressee"/>
                    <label cBy="103" feID="185" end="84" start="20" name="Message"/>
                </layer>
                <layer rank="1" name="GF">
                    <label end="0" start="0" name="Ext"/>
                    <label end="18" start="12" name="Dep"/>
                    <label end="84" start="20" name="Dep"/>
                </layer>
                <layer rank="1" name="PT">
                    <label end="0" start="0" name="NP"/>
                    <label end="18" start="12" name="PP"/>
                    <label end="84" start="20" name="Sfin"/>
                </layer>
                <layer rank="1" name="Sent">
                    <label end="0" start="0" name="sense1"/>
                </layer>
                <layer rank="1" name="Other"/>
                <layer rank="1" name="Target">
                    <label cBy="103" end="10" start="2" name="Target"/>
                </layer>
                <layer rank="1" name="Verb"/>
            </annotationSet>
        </sentence>
        <sentence sentNo="0" aPos="20836082" ID="765456">
            <text>Working as a pageboy in a club in St James 's in the 1930s , he mentioned to a member that he was looking for a better-paid job . </text>
            <annotationSet cDate="01/07/2003 01:41:04 PST Tue" status="UNANN" ID="990231">
                <layer rank="1" name="BNC">
                    <label end="6" start="0" name="VVG"/>
                    <label end="9" start="8" name="PRP"/>
                    <label end="11" start="11" name="AT0"/>
                    <label end="19" start="13" name="NN1"/>
                    <label end="22" start="21" name="PRP"/>
                    <label end="24" start="24" name="AT0"/>
                    <label end="29" start="26" name="NN0"/>
                    <label end="32" start="31" name="PRP"/>
                    <label end="35" start="34" name="NP0"/>
                    <label end="41" start="37" name="NP0"/>
                    <label end="44" start="43" name="POS"/>
                    <label end="47" start="46" name="PRP"/>
                    <label end="51" start="49" name="AT0"/>
                    <label end="57" start="53" name="CRD"/>
                    <label end="59" start="59" name="PUN"/>
                    <label end="62" start="61" name="PNP"/>
                    <label end="72" start="64" name="VVD"/>
                    <label end="75" start="74" name="PRP"/>
                    <label end="77" start="77" name="AT0"/>
                    <label end="84" start="79" name="NN1"/>
                    <label end="89" start="86" name="CJT"/>
                    <label end="92" start="91" name="PNP"/>
                    <label end="96" start="94" name="VBD"/>
                    <label end="104" start="98" name="VVG"/>
                    <label end="108" start="106" name="PRP"/>
                    <label end="110" start="110" name="AT0"/>
                    <label end="122" start="112" name="AJC"/>
                    <label end="126" start="124" name="NN1"/>
                    <label end="128" start="128" name="PUN"/>
                </layer>
            </annotationSet>
            <annotationSet cDate="01/07/2003 01:41:04 PST Tue" status="MANUAL" ID="990232">
                <layer rank="1" name="FE">
                    <label cBy="103" feID="183" end="62" start="61" name="Speaker"/>
                    <label cBy="103" feID="184" end="84" start="74" name="Addressee"/>
                    <label cBy="103" feID="185" end="126" start="86" name="Message"/>
                </layer>
                <layer rank="1" name="GF">
                    <label end="62" start="61" name="Ext"/>
                    <label end="84" start="74" name="Dep"/>
                    <label end="126" start="86" name="Dep"/>
                </layer>
                <layer rank="1" name="PT">
                    <label end="62" start="61" name="NP"/>
                    <label end="84" start="74" name="PP"/>
                    <label end="126" start="86" name="Sfin"/>
                </layer>
                <layer rank="1" name="Sent">
                    <label end="0" start="0" name="sense1"/>
                </layer>
                <layer rank="1" name="Other"/>
                <layer rank="1" name="Target">
                    <label cBy="103" end="72" start="64" name="Target"/>
                </layer>
                <layer rank="1" name="Verb"/>
            </annotationSet>
        </sentence>
        <sentence sentNo="0" aPos="31314319" ID="765460">
            <text>` I suppose , &quot; he asked without any real hope , ` she did n't mention to you anything about anonymous letters ? &quot; </text>
            <annotationSet cDate="01/07/2003 01:41:04 PST Tue" status="UNANN" ID="990239">
                <layer rank="1" name="BNC">
                    <label end="0" start="0" name="PUQ"/>
                    <label end="2" start="2" name="PNP"/>
                    <label end="10" start="4" name="VVB"/>
                    <label end="12" start="12" name="PUN"/>
                    <label end="14" start="14" name="PUQ"/>
                    <label end="17" start="16" name="PNP"/>
                    <label end="23" start="19" name="VVD"/>
                    <label end="31" start="25" name="PRP"/>
                    <label end="35" start="33" name="DT0"/>
                    <label end="40" start="37" name="AJ0"/>
                    <label end="45" start="42" name="NN1"/>
                    <label end="47" start="47" name="PUN"/>
                    <label end="49" start="49" name="PUQ"/>
                    <label end="53" start="51" name="PNP"/>
                    <label end="57" start="55" name="VDD"/>
                    <label end="61" start="59" name="XX0"/>
                    <label end="69" start="63" name="VVI"/>
                    <label end="72" start="71" name="PRP"/>
                    <label end="76" start="74" name="PNP"/>
                    <label end="85" start="78" name="PNI"/>
                    <label end="91" start="87" name="AV0"/>
                    <label end="101" start="93" name="AJ0"/>
                    <label end="109" start="103" name="NN2"/>
                    <label end="111" start="111" name="PUN"/>
                    <label end="113" start="113" name="PUQ"/>
                </layer>
            </annotationSet>
            <annotationSet cDate="01/07/2003 01:41:04 PST Tue" status="MANUAL" ID="990240">
                <layer rank="1" name="FE">
                    <label cBy="103" feID="183" end="53" start="51" name="Speaker"/>
                    <label cBy="103" feID="184" end="76" start="71" name="Addressee"/>
                    <label cBy="361" feID="185" end="111" start="78" name="Message"/>
                </layer>
                <layer rank="1" name="GF">
                    <label end="53" start="51" name="Ext"/>
                    <label end="76" start="71" name="Dep"/>
                    <label end="111" start="78" name="Obj"/>
                </layer>
                <layer rank="1" name="PT">
                    <label end="53" start="51" name="NP"/>
                    <label end="76" start="71" name="PP"/>
                    <label end="111" start="78" name="NP"/>
                </layer>
                <layer rank="1" name="Sent">
                    <label end="0" start="0" name="sense1"/>
                </layer>
                <layer rank="1" name="Other"/>
                <layer rank="1" name="Target">
                    <label cBy="103" end="69" start="63" name="Target"/>
                </layer>
                <layer rank="1" name="Verb"/>
            </annotationSet>
        </sentence>
    </subCorpus>
    <subCorpus name="V-quote">
        <sentence sentNo="0" aPos="76209639" ID="765479">
            <text>` Anyway , we should be getting back upstairs , as you still have to change , &quot; Nicky mentioned . </text>
            <annotationSet cDate="01/07/2003 01:41:06 PST Tue" status="UNANN" ID="990277">
                <layer rank="1" name="BNC">
                    <label end="0" start="0" name="PUQ"/>
                    <label end="7" start="2" name="AV0"/>
                    <label end="9" start="9" name="PUN"/>
                    <label end="12" start="11" name="PNP"/>
                    <label end="19" start="14" name="VM0"/>
                    <label end="22" start="21" name="VBI"/>
                    <label end="30" start="24" name="VVG"/>
                    <label end="35" start="32" name="AVP"/>
                    <label end="44" start="37" name="AV0"/>
                    <label end="46" start="46" name="PUN"/>
                    <label end="49" start="48" name="CJS"/>
                    <label end="53" start="51" name="PNP"/>
                    <label end="59" start="55" name="AV0"/>
                    <label end="64" start="61" name="VHB"/>
                    <label end="67" start="66" name="TO0"/>
                    <label end="74" start="69" name="VVI"/>
                    <label end="76" start="76" name="PUN"/>
                    <label end="78" start="78" name="PUQ"/>
                    <label end="84" start="80" name="NP0"/>
                    <label end="94" start="86" name="VVD"/>
                    <label end="96" start="96" name="PUN"/>
                </layer>
            </annotationSet>
            <annotationSet cDate="01/07/2003 01:41:06 PST Tue" status="MANUAL" ID="990278">
                <layer rank="1" name="FE">
                    <label cBy="103" feID="185" end="78" start="0" name="Message"/>
                    <label cBy="103" feID="183" end="84" start="80" name="Speaker"/>
                </layer>
                <layer rank="1" name="GF">
                    <label end="78" start="0" name="Dep"/>
                    <label end="84" start="80" name="Ext"/>
                </layer>
                <layer rank="1" name="PT">
                    <label end="78" start="0" name="QUO"/>
                    <label end="84" start="80" name="NP"/>
                </layer>
                <layer rank="1" name="Sent">
                    <label end="0" start="0" name="sense1"/>
                </layer>
                <layer rank="1" name="Other"/>
                <layer rank="1" name="Target">
                    <label cBy="103" end="94" start="86" name="Target"/>
                </layer>
                <layer rank="1" name="Verb"/>
            </annotationSet>
        </sentence>
        <sentence sentNo="0" aPos="87325489" ID="765480">
            <text>` The wine here is also very good , &quot; he mentioned . </text>
            <annotationSet cDate="01/07/2003 01:41:06 PST Tue" status="UNANN" ID="990279">
                <layer rank="1" name="BNC">
                    <label end="0" start="0" name="PUQ"/>
                    <label end="4" start="2" name="AT0"/>
                    <label end="9" start="6" name="NN1"/>
                    <label end="14" start="11" name="AV0"/>
                    <label end="17" start="16" name="VBZ"/>
                    <label end="22" start="19" name="AV0"/>
                    <label end="27" start="24" name="AV0"/>
                    <label end="32" start="29" name="AJ0"/>
                    <label end="34" start="34" name="PUN"/>
                    <label end="36" start="36" name="PUQ"/>
                    <label end="39" start="38" name="PNP"/>
                    <label end="49" start="41" name="VVD"/>
                    <label end="51" start="51" name="PUN"/>
                </layer>
            </annotationSet>
            <annotationSet cDate="01/07/2003 01:41:07 PST Tue" status="MANUAL" ID="990280">
                <layer rank="1" name="FE">
                    <label cBy="103" feID="185" end="36" start="0" name="Message"/>
                    <label cBy="103" feID="183" end="39" start="38" name="Speaker"/>
                </layer>
                <layer rank="1" name="GF">
                    <label end="36" start="0" name="Dep"/>
                    <label end="39" start="38" name="Ext"/>
                </layer>
                <layer rank="1" name="PT">
                    <label end="36" start="0" name="QUO"/>
                    <label end="39" start="38" name="NP"/>
                </layer>
                <layer rank="1" name="Sent">
                    <label end="0" start="0" name="sense1"/>
                </layer>
                <layer rank="1" name="Other"/>
                <layer rank="1" name="Target">
                    <label cBy="103" end="49" start="41" name="Target"/>
                </layer>
                <layer rank="1" name="Verb"/>
            </annotationSet>
        </sentence>
    </subCorpus>
    <subCorpus name="V-sfin">
        <sentence sentNo="0" aPos="15180742" ID="765496">
            <text>I mentioned I was doing a bit of surfing myself . </text>
            <annotationSet cDate="01/07/2003 01:41:08 PST Tue" status="UNANN" ID="990311">
                <layer rank="1" name="BNC">
                    <label end="0" start="0" name="PNP"/>
                    <label end="10" start="2" name="VVD"/>
                    <label end="12" start="12" name="PNP"/>
                    <label end="16" start="14" name="VBD"/>
                    <label end="22" start="18" name="VDG"/>
                    <label end="24" start="24" name="AT0"/>
                    <label end="28" start="26" name="NN1"/>
                    <label end="31" start="30" name="PRF"/>
                    <label end="39" start="33" name="VVG"/>
                    <label end="46" start="41" name="PNX"/>
                    <label end="48" start="48" name="PUN"/>
                </layer>
            </annotationSet>
            <annotationSet cDate="01/07/2003 01:41:08 PST Tue" status="MANUAL" ID="990312">
                <layer rank="1" name="FE">
                    <label cBy="103" feID="183" end="0" start="0" name="Speaker"/>
                    <label cBy="103" feID="185" end="46" start="12" name="Message"/>
                </layer>
                <layer rank="1" name="GF">
                    <label end="0" start="0" name="Ext"/>
                    <label end="46" start="12" name="Dep"/>
                </layer>
                <layer rank="1" name="PT">
                    <label end="0" start="0" name="NP"/>
                    <label end="46" start="12" name="Sfin"/>
                </layer>
                <layer rank="1" name="Sent">
                    <label end="0" start="0" name="sense1"/>
                </layer>
                <layer rank="1" name="Other"/>
                <layer rank="1" name="Target">
                    <label cBy="103" end="10" start="2" name="Target"/>
                </layer>
                <layer rank="1" name="Verb"/>
            </annotationSet>
        </sentence>
        <sentence sentNo="0" aPos="59336589" ID="765498">
            <text>Stephen had not mentioned he was coming to Barbados . </text>
            <annotationSet cDate="01/07/2003 01:41:09 PST Tue" status="UNANN" ID="990315">
                <layer rank="1" name="BNC">
                    <label end="6" start="0" name="NP0"/>
                    <label end="10" start="8" name="VHD"/>
                    <label end="14" start="12" name="XX0"/>
                    <label end="24" start="16" name="VVN"/>
                    <label end="27" start="26" name="PNP"/>
                    <label end="31" start="29" name="VBD"/>
                    <label end="38" start="33" name="VVG"/>
                    <label end="41" start="40" name="PRP"/>
                    <label end="50" start="43" name="NP0"/>
                    <label end="52" start="52" name="PUN"/>
                </layer>
            </annotationSet>
            <annotationSet cDate="01/07/2003 01:41:09 PST Tue" status="MANUAL" ID="990316">
                <layer rank="1" name="FE">
                    <label cBy="103" feID="183" end="6" start="0" name="Speaker"/>
                    <label cBy="103" feID="185" end="50" start="26" name="Message"/>
                </layer>
                <layer rank="1" name="GF">
                    <label end="6" start="0" name="Ext"/>
                    <label end="50" start="26" name="Dep"/>
                </layer>
                <layer rank="1" name="PT">
                    <label end="6" start="0" name="NP"/>
                    <label end="50" start="26" name="Sfin"/>
                </layer>
                <layer rank="1" name="Sent">
                    <label end="0" start="0" name="sense1"/>
                </layer>
                <layer rank="1" name="Other"/>
                <layer rank="1" name="Target">
                    <label cBy="103" end="24" start="16" name="Target"/>
                </layer>
                <layer rank="1" name="Verb"/>
            </annotationSet>
        </sentence>
        <sentence sentNo="0" aPos="553759" ID="765502">
            <text>In a duty report to my chief constable I mentioned I had written to Police Review . </text>
            <annotationSet cDate="01/07/2003 01:41:09 PST Tue" status="UNANN" ID="990323">
                <layer rank="1" name="BNC">
                    <label end="1" start="0" name="PRP"/>
                    <label end="3" start="3" name="AT0"/>
                    <label end="8" start="5" name="NN1"/>
                    <label end="15" start="10" name="NN1-VVB"/>
                    <label end="18" start="17" name="PRP"/>
                    <label end="21" start="20" name="DPS"/>
                    <label end="27" start="23" name="AJ0"/>
                    <label end="37" start="29" name="NN1"/>
                    <label end="39" start="39" name="PNP"/>
                    <label end="49" start="41" name="VVD"/>
                    <label end="51" start="51" name="PNP"/>
                    <label end="55" start="53" name="VHD"/>
                    <label end="63" start="57" name="VVN"/>
                    <label end="66" start="65" name="PRP"/>
                    <label end="73" start="68" name="NP0"/>
                    <label end="80" start="75" name="NP0"/>
                    <label end="82" start="82" name="PUN"/>
                </layer>
            </annotationSet>
            <annotationSet cDate="01/07/2003 01:41:09 PST Tue" status="MANUAL" ID="990324">
                <layer rank="1" name="FE">
                    <label cBy="103" feID="1520" end="37" start="0" name="Medium"/>
                    <label cBy="103" feID="183" end="39" start="39" name="Speaker"/>
                    <label cBy="103" feID="185" end="80" start="51" name="Message"/>
                </layer>
                <layer rank="1" name="GF">
                    <label end="37" start="0" name="Dep"/>
                    <label end="39" start="39" name="Ext"/>
                    <label end="80" start="51" name="Obj"/>
                </layer>
                <layer rank="1" name="PT">
                    <label end="37" start="0" name="PP"/>
                    <label end="39" start="39" name="NP"/>
                    <label end="80" start="51" name="NP"/>
                </layer>
                <layer rank="1" name="Sent">
                    <label end="0" start="0" name="sense1"/>
                </layer>
                <layer rank="1" name="Other"/>
                <layer rank="1" name="Target">
                    <label cBy="103" end="49" start="41" name="Target"/>
                </layer>
                <layer rank="1" name="Verb"/>
            </annotationSet>
        </sentence>
    </subCorpus>
    <subCorpus name="V-surepass"/>
    <subCorpus name="V-that-sfin">
        <sentence sentNo="0" aPos="33981078" ID="765527">
            <text>Sue just happened to mention that she had been to an orphanage in Brasov and Christine realised it was the same one that Christine Morey had written about . </text>
            <annotationSet cDate="01/07/2003 01:41:14 PST Tue" status="UNANN" ID="990373">
                <layer rank="1" name="BNC">
                    <label end="2" start="0" name="NP0"/>
                    <label end="7" start="4" name="AV0"/>
                    <label end="16" start="9" name="VVD-VVN"/>
                    <label end="19" start="18" name="TO0"/>
                    <label end="27" start="21" name="VVI"/>
                    <label end="32" start="29" name="CJT"/>
                    <label end="36" start="34" name="PNP"/>
                    <label end="40" start="38" name="VHD"/>
                    <label end="45" start="42" name="VBN"/>
                    <label end="48" start="47" name="PRP"/>
                    <label end="51" start="50" name="AT0"/>
                    <label end="61" start="53" name="NN1"/>
                    <label end="64" start="63" name="PRP"/>
                    <label end="71" start="66" name="NP0"/>
                    <label end="75" start="73" name="CJC"/>
                    <label end="85" start="77" name="NP0"/>
                    <label end="94" start="87" name="VVD"/>
                    <label end="97" start="96" name="PNP"/>
                    <label end="101" start="99" name="VBD"/>
                    <label end="105" start="103" name="AT0"/>
                    <label end="110" start="107" name="DT0"/>
                    <label end="114" start="112" name="PNI"/>
                    <label end="119" start="116" name="CJT"/>
                    <label end="129" start="121" name="NP0"/>
                    <label end="135" start="131" name="NP0"/>
                    <label end="139" start="137" name="VHD"/>
                    <label end="147" start="141" name="VVN"/>
                    <label end="153" start="149" name="AVP-PRP"/>
                    <label end="155" start="155" name="PUN"/>
                </layer>
            </annotationSet>
            <annotationSet cDate="01/07/2003 01:41:14 PST Tue" status="MANUAL" ID="990374">
                <layer rank="1" name="FE">
                    <label cBy="103" feID="183" end="2" start="0" name="Speaker"/>
                    <label cBy="103" feID="185" end="71" start="29" name="Message"/>
                </layer>
                <layer rank="1" name="GF">
                    <label end="2" start="0" name="Ext"/>
                    <label end="71" start="29" name="Dep"/>
                </layer>
                <layer rank="1" name="PT">
                    <label end="2" start="0" name="NP"/>
                    <label end="71" start="29" name="Sfin"/>
                </layer>
                <layer rank="1" name="Sent">
                    <label end="0" start="0" name="sense1"/>
                </layer>
                <layer rank="1" name="Other"/>
                <layer rank="1" name="Target">
                    <label cBy="103" end="27" start="21" name="Target"/>
                </layer>
                <layer rank="1" name="Verb"/>
            </annotationSet>
        </sentence>
        <sentence sentNo="0" aPos="40026429" ID="765529">
            <text>At the next meeting , Mr E almost casually mentioned that he had been trying out one or two of last week 's ideas and that Dave seemed quite responsive to him this week . </text>
            <annotationSet cDate="01/07/2003 01:41:15 PST Tue" status="UNANN" ID="990377">
                <layer rank="1" name="BNC">
                    <label end="1" start="0" name="PRP"/>
                    <label end="5" start="3" name="AT0"/>
                    <label end="10" start="7" name="ORD"/>
                    <label end="18" start="12" name="NN1"/>
                    <label end="20" start="20" name="PUN"/>
                    <label end="23" start="22" name="NP0"/>
                    <label end="25" start="25" name="NP0"/>
                    <label end="32" start="27" name="AV0"/>
                    <label end="41" start="34" name="AV0"/>
                    <label end="51" start="43" name="VVD-VVN"/>
                    <label end="56" start="53" name="CJT"/>
                    <label end="59" start="58" name="PNP"/>
                    <label end="63" start="61" name="VHD"/>
                    <label end="68" start="65" name="VBN"/>
                    <label end="75" start="70" name="VVG"/>
                    <label end="79" start="77" name="AVP"/>
                    <label end="83" start="81" name="CRD"/>
                    <label end="86" start="85" name="CJC"/>
                    <label end="90" start="88" name="CRD"/>
                    <label end="93" start="92" name="PRF"/>
                    <label end="98" start="95" name="ORD"/>
                    <label end="103" start="100" name="NN1"/>
                    <label end="106" start="105" name="POS"/>
                    <label end="112" start="108" name="NN2"/>
                    <label end="116" start="114" name="CJC"/>
                    <label end="121" start="118" name="CJT"/>
                    <label end="126" start="123" name="NP0"/>
                    <label end="133" start="128" name="VVD"/>
                    <label end="139" start="135" name="AV0"/>
                    <label end="150" start="141" name="AJ0"/>
                    <label end="153" start="152" name="PRP"/>
                    <label end="157" start="155" name="PNP"/>
                    <label end="162" start="159" name="DT0"/>
                    <label end="167" start="164" name="NN1"/>
                    <label end="169" start="169" name="PUN"/>
                </layer>
            </annotationSet>
            <annotationSet cDate="01/07/2003 01:41:15 PST Tue" status="MANUAL" ID="990378">
                <layer rank="1" name="FE">
                    <label cBy="103" feID="183" end="25" start="22" name="Speaker"/>
                    <label cBy="103" feID="185" end="167" start="53" name="Message"/>
                </layer>
                <layer rank="1" name="GF">
                    <label end="25" start="22" name="Ext"/>
                    <label end="167" start="53" name="Dep"/>
                </layer>
                <layer rank="1" name="PT">
                    <label end="25" start="22" name="NP"/>
                    <label end="167" start="53" name="Sfin"/>
                </layer>
                <layer rank="1" name="Sent">
                    <label end="0" start="0" name="sense1"/>
                </layer>
                <layer rank="1" name="Other"/>
                <layer rank="1" name="Target">
                    <label cBy="103" end="51" start="43" name="Target"/>
                </layer>
                <layer rank="1" name="Verb"/>
            </annotationSet>
        </sentence>
        <sentence sentNo="0" aPos="76735087" ID="765534">
            <text>` In that connection , I might mention that Jesus Christ was evidently pretty au fait with micro-technology . </text>
            <annotationSet cDate="01/07/2003 01:41:15 PST Tue" status="UNANN" ID="990387">
                <layer rank="1" name="BNC">
                    <label end="0" start="0" name="PUQ"/>
                    <label end="3" start="2" name="PRP"/>
                    <label end="8" start="5" name="DT0"/>
                    <label end="19" start="10" name="NN1"/>
                    <label end="21" start="21" name="PUN"/>
                    <label end="23" start="23" name="PNP"/>
                    <label end="29" start="25" name="VM0"/>
                    <label end="37" start="31" name="VVI"/>
                    <label end="42" start="39" name="CJT"/>
                    <label end="48" start="44" name="NP0"/>
                    <label end="55" start="50" name="NP0"/>
                    <label end="59" start="57" name="VBD"/>
                    <label end="69" start="61" name="AV0"/>
                    <label end="76" start="71" name="AV0"/>
                    <label end="79" start="78" name="AJ0"/>
                    <label end="84" start="81" name="AJ0"/>
                    <label end="89" start="86" name="PRP"/>
                    <label end="106" start="91" name="NN1"/>
                    <label end="108" start="108" name="PUN"/>
                </layer>
            </annotationSet>
            <annotationSet cDate="01/07/2003 01:41:15 PST Tue" status="MANUAL" ID="990388">
                <layer rank="1" name="FE">
                    <label cBy="103" feID="183" end="23" start="23" name="Speaker"/>
                    <label cBy="103" feID="185" end="106" start="39" name="Message"/>
                </layer>
                <layer rank="1" name="GF">
                    <label end="23" start="23" name="Ext"/>
                    <label end="106" start="39" name="Dep"/>
                </layer>
                <layer rank="1" name="PT">
                    <label end="23" start="23" name="NP"/>
                    <label end="106" start="39" name="Sfin"/>
                </layer>
                <layer rank="1" name="Sent">
                    <label end="0" start="0" name="sense1"/>
                </layer>
                <layer rank="1" name="Other"/>
                <layer rank="1" name="Target">
                    <label cBy="103" end="37" start="31" name="Target"/>
                </layer>
                <layer rank="1" name="Verb"/>
            </annotationSet>
        </sentence>
        <sentence sentNo="0" aPos="78491359" ID="765536">
            <text>Later on when one boy inadvertently mentioned that ` amines smell of fish &quot; everyone in hearing distance grabbed the nearest available paper bag . </text>
            <annotationSet cDate="01/07/2003 01:41:16 PST Tue" status="UNANN" ID="990391">
                <layer rank="1" name="BNC">
                    <label end="4" start="0" name="AV0"/>
                    <label end="7" start="6" name="AVP"/>
                    <label end="12" start="9" name="AVQ-CJS"/>
                    <label end="16" start="14" name="CRD"/>
                    <label end="20" start="18" name="NN1"/>
                    <label end="34" start="22" name="AV0"/>
                    <label end="44" start="36" name="VVD-VVN"/>
                    <label end="49" start="46" name="CJT"/>
                    <label end="51" start="51" name="PUQ"/>
                    <label end="58" start="53" name="NN2-VVZ"/>
                    <label end="64" start="60" name="NN1"/>
                    <label end="67" start="66" name="PRF"/>
                    <label end="72" start="69" name="NN0"/>
                    <label end="74" start="74" name="PUQ"/>
                    <label end="83" start="76" name="PNI"/>
                    <label end="86" start="85" name="PRP"/>
                    <label end="94" start="88" name="NN1-VVG"/>
                    <label end="103" start="96" name="NN1"/>
                    <label end="111" start="105" name="VVD"/>
                    <label end="115" start="113" name="AT0"/>
                    <label end="123" start="117" name="AJS"/>
                    <label end="133" start="125" name="AJ0"/>
                    <label end="139" start="135" name="NN1"/>
                    <label end="143" start="141" name="NN1"/>
                    <label end="145" start="145" name="PUN"/>
                </layer>
            </annotationSet>
            <annotationSet cDate="01/07/2003 01:41:16 PST Tue" status="MANUAL" ID="990392">
                <layer rank="1" name="FE">
                    <label cBy="103" feID="183" end="20" start="14" name="Speaker"/>
                    <label cBy="103" feID="185" end="74" start="46" name="Message"/>
                </layer>
                <layer rank="1" name="GF">
                    <label end="20" start="14" name="Ext"/>
                    <label end="74" start="46" name="Dep"/>
                </layer>
                <layer rank="1" name="PT">
                    <label end="20" start="14" name="NP"/>
                    <label end="74" start="46" name="Sfin"/>
                </layer>
                <layer rank="1" name="Sent">
                    <label end="0" start="0" name="sense1"/>
                </layer>
                <layer rank="1" name="Other"/>
                <layer rank="1" name="Target">
                    <label cBy="103" end="44" start="36" name="Target"/>
                </layer>
                <layer rank="1" name="Verb"/>
            </annotationSet>
        </sentence>
        <sentence sentNo="0" aPos="116433990" ID="765542">
            <text>You mentioned that there is follow up testing taking place . </text>
            <annotationSet cDate="01/07/2003 01:41:16 PST Tue" status="UNANN" ID="990403">
                <layer rank="1" name="BNC">
                    <label end="2" start="0" name="PNP"/>
                    <label end="12" start="4" name="VVD"/>
                    <label end="17" start="14" name="CJT"/>
                    <label end="23" start="19" name="EX0"/>
                    <label end="26" start="25" name="VBZ"/>
                    <label end="33" start="28" name="VVB"/>
                    <label end="36" start="35" name="AVP"/>
                    <label end="44" start="38" name="NN1-VVG"/>
                    <label end="51" start="46" name="AJ0-VVG"/>
                    <label end="57" start="53" name="NN1"/>
                    <label end="59" start="59" name="PUN"/>
                </layer>
            </annotationSet>
            <annotationSet cDate="01/07/2003 01:41:16 PST Tue" status="MANUAL" ID="990404">
                <layer rank="1" name="FE">
                    <label cBy="103" feID="183" end="2" start="0" name="Speaker"/>
                    <label cBy="103" feID="185" end="57" start="14" name="Message"/>
                </layer>
                <layer rank="1" name="GF">
                    <label end="2" start="0" name="Ext"/>
                    <label end="57" start="14" name="Dep"/>
                </layer>
                <layer rank="1" name="PT">
                    <label end="2" start="0" name="NP"/>
                    <label end="57" start="14" name="Sfin"/>
                </layer>
                <layer rank="1" name="Sent">
                    <label end="0" start="0" name="sense1"/>
                </layer>
                <layer rank="1" name="Other"/>
                <layer rank="1" name="Target">
                    <label cBy="103" end="12" start="4" name="Target"/>
                </layer>
                <layer rank="1" name="Verb"/>
            </annotationSet>
        </sentence>
    </subCorpus>
    <subCorpus name="V-trans-other"/>
    <subCorpus name="V-trans-simple"/>
    <subCorpus name="V-vping"/>
</lexUnit>