<?xml version="1.0" encoding="UTF-8" standalone="yes"?>
<?xml-stylesheet type="text/xsl" href="lexUnit.xsl"?>
<lexUnit status="Finished_Initial" POS="N" name="denouncement.n" ID="7395" frame="Judgment_communication" frameID="219" totalAnnotated="7" xsi:schemaLocation="../schema/lexUnit.xsd" xmlns="http://framenet.icsi.berkeley.edu" xmlns:xsi="http://www.w3.org/2001/XMLSchema-instance">
    <header>
        <corpus name="AP" ID="113">
            <document description="apwsE950919.0183" ID="8053"/>
            <document description="apwsE950501.0101" ID="8054"/>
            <document description="apwsE950509.0567" ID="8055"/>
            <document description="apwsE950920.0572" ID="8060"/>
        </corpus>
        <frame>
            <FE fgColor="FFFFFF" bgColor="008000" type="Peripheral" abbrev="Add" name="Addressee"/>
            <FE fgColor="FFFFFF" bgColor="FF0000" type="Core" abbrev="Com" name="Communicator"/>
            <FE fgColor="FFFFFF" bgColor="FF69B4" type="Extra-Thematic" abbrev="Degr" name="Degree"/>
            <FE fgColor="FFFFFF" bgColor="9400D3" type="Extra-Thematic" abbrev="Depictt" name="Depictive"/>
            <FE fgColor="FFFFFF" bgColor="0000FF" type="Core" abbrev="Eval" name="Evaluee"/>
            <FE fgColor="FFFFFF" bgColor="A52A2A" type="Core" abbrev="Exr" name="Expressor"/>
            <FE fgColor="FFFFFF" bgColor="7CCD73" type="Extra-Thematic" abbrev="" name="Extent_of_acclaim"/>
            <FE fgColor="000000" bgColor="FFA500" type="Extra-Thematic" abbrev="Fre" name="Frequency"/>
            <FE fgColor="FFFFFF" bgColor="006400" type="Extra-Thematic" abbrev="" name="Grounds"/>
            <FE fgColor="FFFFFF" bgColor="9F79EE" type="Extra-Thematic" abbrev="IC" name="Internal_cause"/>
            <FE fgColor="FFFFFF" bgColor="FF00FF" type="Peripheral" abbrev="Manr" name="Manner"/>
            <FE fgColor="FFFFFF" bgColor="00BFFF" type="Peripheral" abbrev="Mns" name="Means"/>
            <FE fgColor="000000" bgColor="FFFF00" type="Core" abbrev="Medium" name="Medium"/>
            <FE fgColor="FFFFFF" bgColor="008000" type="Peripheral" abbrev="Place" name="Place"/>
            <FE fgColor="FFFFFF" bgColor="00008B" type="Core" abbrev="Reas" name="Reason"/>
            <FE fgColor="FFFFFF" bgColor="808080" type="Extra-Thematic" abbrev="Result" name="Result"/>
            <FE fgColor="FFFFFF" bgColor="1E90FF" type="Extra-Thematic" abbrev="Role" name="Role"/>
            <FE fgColor="FFFFFF" bgColor="FFA500" type="Peripheral" abbrev="Time" name="Time"/>
            <FE fgColor="FFFFFF" bgColor="800080" type="Core" abbrev="Top" name="Topic"/>
        </frame>
    </header>
    <definition>FN: the public declaration of something or someone as wrong.</definition>
    <lexeme POS="N" name="denouncement"/>
    <semType name="Negative_judgment" ID="14"/>
    <valences>
        <FERealization total="7">
            <FE name="Communicator"/>
            <pattern total="1">
                <valenceUnit GF="Dep" PT="AJP" FE="Communicator"/>
                <annoSet ID="2056384"/>
            </pattern>
            <pattern total="2">
                <valenceUnit GF="" PT="CNI" FE="Communicator"/>
                <annoSet ID="1700939"/>
                <annoSet ID="1700941"/>
            </pattern>
            <pattern total="1">
                <valenceUnit GF="Dep" PT="PP[from]" FE="Communicator"/>
                <annoSet ID="2056368"/>
            </pattern>
            <pattern total="3">
                <valenceUnit GF="Gen" PT="Poss" FE="Communicator"/>
                <annoSet ID="1700937"/>
                <annoSet ID="2056370"/>
                <annoSet ID="2056374"/>
            </pattern>
        </FERealization>
        <FERealization total="3">
            <FE name="Evaluee"/>
            <pattern total="3">
                <valenceUnit GF="Dep" PT="PP[of]" FE="Evaluee"/>
                <annoSet ID="1700937"/>
                <annoSet ID="1700939"/>
                <annoSet ID="1700941"/>
            </pattern>
        </FERealization>
        <FERealization total="3">
            <FE name="Manner"/>
            <pattern total="3">
                <valenceUnit GF="Dep" PT="AJP" FE="Manner"/>
                <annoSet ID="1700939"/>
                <annoSet ID="2056368"/>
                <annoSet ID="2056374"/>
            </pattern>
        </FERealization>
        <FERealization total="2">
            <FE name="Topic"/>
            <pattern total="1">
                <valenceUnit GF="Dep" PT="VPing" FE="Topic"/>
                <annoSet ID="2056384"/>
            </pattern>
            <pattern total="1">
                <valenceUnit GF="Dep" PT="PP[of]" FE="Topic"/>
                <annoSet ID="2056370"/>
            </pattern>
        </FERealization>
        <FEGroupRealization total="2">
            <FE name="Communicator"/>
            <FE name="Evaluee"/>
            <pattern total="1">
                <valenceUnit GF="" PT="CNI" FE="Communicator"/>
                <valenceUnit GF="Dep" PT="PP[of]" FE="Evaluee"/>
                <annoSet ID="1700941"/>
            </pattern>
            <pattern total="1">
                <valenceUnit GF="Gen" PT="Poss" FE="Communicator"/>
                <valenceUnit GF="Dep" PT="PP[of]" FE="Evaluee"/>
                <annoSet ID="1700937"/>
            </pattern>
        </FEGroupRealization>
        <FEGroupRealization total="1">
            <FE name="Communicator"/>
            <FE name="Evaluee"/>
            <FE name="Manner"/>
            <pattern total="1">
                <valenceUnit GF="" PT="CNI" FE="Communicator"/>
                <valenceUnit GF="Dep" PT="PP[of]" FE="Evaluee"/>
                <valenceUnit GF="Dep" PT="AJP" FE="Manner"/>
                <annoSet ID="1700939"/>
            </pattern>
        </FEGroupRealization>
        <FEGroupRealization total="2">
            <FE name="Communicator"/>
            <FE name="Manner"/>
            <pattern total="1">
                <valenceUnit GF="Dep" PT="PP[from]" FE="Communicator"/>
                <valenceUnit GF="Dep" PT="AJP" FE="Manner"/>
                <annoSet ID="2056368"/>
            </pattern>
            <pattern total="1">
                <valenceUnit GF="Gen" PT="Poss" FE="Communicator"/>
                <valenceUnit GF="Dep" PT="AJP" FE="Manner"/>
                <annoSet ID="2056374"/>
            </pattern>
        </FEGroupRealization>
        <FEGroupRealization total="2">
            <FE name="Communicator"/>
            <FE name="Topic"/>
            <pattern total="1">
                <valenceUnit GF="Dep" PT="AJP" FE="Communicator"/>
                <valenceUnit GF="Dep" PT="VPing" FE="Topic"/>
                <annoSet ID="2056384"/>
            </pattern>
            <pattern total="1">
                <valenceUnit GF="Gen" PT="Poss" FE="Communicator"/>
                <valenceUnit GF="Dep" PT="PP[of]" FE="Topic"/>
                <annoSet ID="2056370"/>
            </pattern>
        </FEGroupRealization>
    </valences>
    <subCorpus name="N-ppof">
        <sentence sentNo="0" aPos="19656610" ID="1124915">
            <text>The committee 's report did not strongly support either the UN 's denouncement of the scheme , nor Israel 's arguments for it . </text>
            <annotationSet cDate="01/08/2003 03:26:38 PST Wed" status="UNANN" ID="1700936">
                <layer rank="1" name="BNC">
                    <label end="2" start="0" name="AT0"/>
                    <label end="12" start="4" name="NN0"/>
                    <label end="15" start="14" name="POS"/>
                    <label end="22" start="17" name="NN1"/>
                    <label end="26" start="24" name="VDD"/>
                    <label end="30" start="28" name="XX0"/>
                    <label end="39" start="32" name="AV0"/>
                    <label end="47" start="41" name="VVI"/>
                    <label end="54" start="49" name="DT0"/>
                    <label end="58" start="56" name="AT0"/>
                    <label end="61" start="60" name="NP0"/>
                    <label end="64" start="63" name="POS"/>
                    <label end="77" start="66" name="NN1"/>
                    <label end="80" start="79" name="PRF"/>
                    <label end="84" start="82" name="AT0"/>
                    <label end="91" start="86" name="NN1"/>
                    <label end="93" start="93" name="PUN"/>
                    <label end="97" start="95" name="CJC"/>
                    <label end="104" start="99" name="NP0"/>
                    <label end="107" start="106" name="POS"/>
                    <label end="117" start="109" name="NN2"/>
                    <label end="121" start="119" name="PRP"/>
                    <label end="124" start="123" name="PNP"/>
                    <label end="126" start="126" name="PUN"/>
                </layer>
            </annotationSet>
            <annotationSet cDate="01/08/2003 03:26:38 PST Wed" status="MANUAL" ID="1700937">
                <layer rank="1" name="FE">
                    <label cBy="103" feID="1771" end="64" start="60" name="Communicator"/>
                    <label cBy="103" feID="1777" end="91" start="79" name="Evaluee"/>
                </layer>
                <layer rank="1" name="GF">
                    <label end="64" start="60" name="Gen"/>
                    <label end="91" start="79" name="Dep"/>
                </layer>
                <layer rank="1" name="PT">
                    <label end="64" start="60" name="Poss"/>
                    <label end="91" start="79" name="PP"/>
                </layer>
                <layer rank="1" name="Sent">
                    <label end="0" start="0" name="sense1"/>
                </layer>
                <layer rank="1" name="Other"/>
                <layer rank="1" name="Target">
                    <label cBy="103" end="77" start="66" name="Target"/>
                </layer>
                <layer rank="1" name="Noun"/>
            </annotationSet>
        </sentence>
        <sentence sentNo="0" aPos="42078968" ID="1124916">
            <text>Essentially the Wolfenden recommendations and their legislative enactment were a public denouncement of prostitution and an affirmation of the importance of ` normal &quot; sexual relationships ( monogamous and within the family ) . </text>
            <annotationSet cDate="01/08/2003 03:26:38 PST Wed" status="UNANN" ID="1700938">
                <layer rank="1" name="BNC">
                    <label end="10" start="0" name="AV0"/>
                    <label end="14" start="12" name="AT0"/>
                    <label end="24" start="16" name="NN1"/>
                    <label end="40" start="26" name="NN2"/>
                    <label end="44" start="42" name="CJC"/>
                    <label end="50" start="46" name="DPS"/>
                    <label end="62" start="52" name="AJ0"/>
                    <label end="72" start="64" name="NN1"/>
                    <label end="77" start="74" name="VBD"/>
                    <label end="79" start="79" name="AT0"/>
                    <label end="86" start="81" name="AJ0"/>
                    <label end="99" start="88" name="NN1"/>
                    <label end="102" start="101" name="PRF"/>
                    <label end="115" start="104" name="NN1"/>
                    <label end="119" start="117" name="CJC"/>
                    <label end="122" start="121" name="AT0"/>
                    <label end="134" start="124" name="NN1"/>
                    <label end="137" start="136" name="PRF"/>
                    <label end="141" start="139" name="AT0"/>
                    <label end="152" start="143" name="NN1"/>
                    <label end="155" start="154" name="PRF"/>
                    <label end="157" start="157" name="PUQ"/>
                    <label end="164" start="159" name="AJ0"/>
                    <label end="166" start="166" name="PUQ"/>
                    <label end="173" start="168" name="AJ0"/>
                    <label end="187" start="175" name="NN2"/>
                    <label end="189" start="189" name="PUL"/>
                    <label end="200" start="191" name="AJ0"/>
                    <label end="204" start="202" name="CJC"/>
                    <label end="211" start="206" name="PRP"/>
                    <label end="215" start="213" name="AT0"/>
                    <label end="222" start="217" name="NN0"/>
                    <label end="224" start="224" name="PUR"/>
                    <label end="226" start="226" name="PUN"/>
                </layer>
            </annotationSet>
            <annotationSet cDate="01/08/2003 03:26:38 PST Wed" status="MANUAL" ID="1700939">
                <layer rank="1" name="FE">
                    <label cBy="103" feID="1779" end="86" start="81" name="Manner"/>
                    <label cBy="103" feID="1777" end="115" start="101" name="Evaluee"/>
                    <label cBy="103" feID="1771" itype="CNI" name="Communicator"/>
                </layer>
                <layer rank="1" name="GF">
                    <label end="86" start="81" name="Dep"/>
                    <label end="115" start="101" name="Dep"/>
                </layer>
                <layer rank="1" name="PT">
                    <label end="86" start="81" name="AJP"/>
                    <label end="115" start="101" name="PP"/>
                </layer>
                <layer rank="1" name="Sent">
                    <label end="0" start="0" name="sense1"/>
                </layer>
                <layer rank="1" name="Other"/>
                <layer rank="1" name="Target">
                    <label cBy="103" end="99" start="88" name="Target"/>
                </layer>
                <layer rank="1" name="Noun"/>
            </annotationSet>
        </sentence>
        <sentence sentNo="0" aPos="70856636" ID="1124917">
            <text>Do you know the Denouncement of Atavenom sequence ? &quot; </text>
            <annotationSet cDate="01/08/2003 03:26:38 PST Wed" status="UNANN" ID="1700940">
                <layer rank="1" name="BNC">
                    <label end="1" start="0" name="VDB"/>
                    <label end="5" start="3" name="PNP"/>
                    <label end="10" start="7" name="VVI"/>
                    <label end="14" start="12" name="AT0"/>
                    <label end="27" start="16" name="NN1"/>
                    <label end="30" start="29" name="PRF"/>
                    <label end="39" start="32" name="NN1-NP0"/>
                    <label end="48" start="41" name="NN1"/>
                    <label end="50" start="50" name="PUN"/>
                    <label end="52" start="52" name="PUQ"/>
                </layer>
            </annotationSet>
            <annotationSet cDate="01/08/2003 03:26:38 PST Wed" status="MANUAL" ID="1700941">
                <layer rank="1" name="FE">
                    <label cBy="103" feID="1777" end="39" start="29" name="Evaluee"/>
                    <label cBy="103" feID="1771" itype="CNI" name="Communicator"/>
                </layer>
                <layer rank="1" name="GF">
                    <label end="39" start="29" name="Dep"/>
                </layer>
                <layer rank="1" name="PT">
                    <label end="39" start="29" name="PP"/>
                </layer>
                <layer rank="1" name="Sent">
                    <label end="0" start="0" name="sense1"/>
                </layer>
                <layer rank="1" name="Other"/>
                <layer rank="1" name="Target">
                    <label cBy="103" end="27" start="16" name="Target"/>
                </layer>
                <layer rank="1" name="Noun"/>
            </annotationSet>
        </sentence>
    </subCorpus>
    <subCorpus name="01-T-(1)">
        <sentence corpID="113" docID="8053" sentNo="1" paragNo="8" aPos="91744215" ID="1304103">
            <text>`` NATO can only be stopped by a strict denouncement from the nuclear powers , in particular from Russia and China , '' he said .</text>
            <annotationSet cDate="01/15/2005 01:00:51 PST Sat" status="UNANN" ID="2056367">
                <layer rank="1" name="PENN">
                    <label end="1" start="0" name="``"/>
                    <label end="6" start="3" name="NP"/>
                    <label end="10" start="8" name="md"/>
                    <label end="15" start="12" name="rb"/>
                    <label end="18" start="17" name="vb"/>
                    <label end="26" start="20" name="VVN"/>
                    <label end="29" start="28" name="in"/>
                    <label end="31" start="31" name="dt"/>
                    <label end="38" start="33" name="jj"/>
                    <label end="51" start="40" name="nn"/>
                    <label end="56" start="53" name="in"/>
                    <label end="60" start="58" name="dt"/>
                    <label end="68" start="62" name="jj"/>
                    <label end="75" start="70" name="nns"/>
                    <label end="77" start="77" name=","/>
                    <label end="80" start="79" name="in"/>
                    <label end="91" start="82" name="jj"/>
                    <label end="96" start="93" name="in"/>
                    <label end="103" start="98" name="NP"/>
                    <label end="107" start="105" name="cc"/>
                    <label end="113" start="109" name="NP"/>
                    <label end="115" start="115" name=","/>
                    <label end="118" start="117" name="''"/>
                    <label end="121" start="120" name="PP"/>
                    <label end="126" start="123" name="VVD"/>
                    <label end="128" start="128" name="sent"/>
                </layer>
            </annotationSet>
            <annotationSet cDate="01/15/2005 01:00:51 PST Sat" status="MANUAL" ID="2056368">
                <layer rank="1" name="Target">
                    <label cBy="395" end="51" start="40" name="Target"/>
                </layer>
                <layer rank="1" name="FE">
                    <label cBy="395" feID="1779" end="38" start="33" name="Manner"/>
                    <label cBy="395" feID="1771" end="113" start="53" name="Communicator"/>
                </layer>
                <layer rank="1" name="GF">
                    <label end="38" start="33" name="Dep"/>
                    <label end="113" start="53" name="Dep"/>
                </layer>
                <layer rank="1" name="PT">
                    <label end="38" start="33" name="AJP"/>
                    <label end="113" start="53" name="PP"/>
                </layer>
                <layer rank="1" name="Other"/>
                <layer rank="1" name="Sent"/>
                <layer rank="1" name="Noun"/>
            </annotationSet>
        </sentence>
        <sentence corpID="113" docID="8054" sentNo="1" paragNo="5" aPos="55730992" ID="1304104">
            <text>`` We renew our denouncement of violence , '' the brotherhood said Monday .</text>
            <annotationSet cDate="01/15/2005 01:00:52 PST Sat" status="UNANN" ID="2056369">
                <layer rank="1" name="PENN">
                    <label end="1" start="0" name="``"/>
                    <label end="4" start="3" name="PP"/>
                    <label end="10" start="6" name="VV"/>
                    <label end="14" start="12" name="PP$"/>
                    <label end="27" start="16" name="nn"/>
                    <label end="30" start="29" name="in"/>
                    <label end="39" start="32" name="nn"/>
                    <label end="41" start="41" name=","/>
                    <label end="44" start="43" name="''"/>
                    <label end="48" start="46" name="dt"/>
                    <label end="60" start="50" name="nn"/>
                    <label end="65" start="62" name="VVD"/>
                    <label end="72" start="67" name="NP"/>
                    <label end="74" start="74" name="sent"/>
                </layer>
            </annotationSet>
            <annotationSet cDate="01/15/2005 01:00:52 PST Sat" status="MANUAL" ID="2056370">
                <layer rank="1" name="Target">
                    <label cBy="395" end="27" start="16" name="Target"/>
                </layer>
                <layer rank="1" name="FE">
                    <label cBy="395" feID="1771" end="14" start="12" name="Communicator"/>
                    <label cBy="395" feID="1774" end="39" start="29" name="Topic"/>
                </layer>
                <layer rank="1" name="GF">
                    <label end="14" start="12" name="Gen"/>
                    <label end="39" start="29" name="Dep"/>
                </layer>
                <layer rank="1" name="PT">
                    <label end="14" start="12" name="Poss"/>
                    <label end="39" start="29" name="PP"/>
                </layer>
                <layer rank="1" name="Other"/>
                <layer rank="1" name="Sent"/>
                <layer rank="1" name="Noun"/>
            </annotationSet>
        </sentence>
        <sentence corpID="113" docID="8055" sentNo="1" paragNo="20" aPos="57803864" ID="1304106">
            <text>Behind the Arabs ' vociferous denouncements is fear of what one scholar terms `` the politics of fait accompli . ''</text>
            <annotationSet cDate="01/15/2005 01:00:53 PST Sat" status="UNANN" ID="2056373">
                <layer rank="1" name="PENN">
                    <label end="5" start="0" name="in"/>
                    <label end="9" start="7" name="dt"/>
                    <label end="15" start="11" name="NPS"/>
                    <label end="17" start="17" name="POS"/>
                    <label end="28" start="19" name="jj"/>
                    <label end="42" start="30" name="nns"/>
                    <label end="45" start="44" name="VBZ"/>
                    <label end="50" start="47" name="nn"/>
                    <label end="53" start="52" name="in"/>
                    <label end="58" start="55" name="wp"/>
                    <label end="62" start="60" name="cd"/>
                    <label end="70" start="64" name="nn"/>
                    <label end="76" start="72" name="nns"/>
                    <label end="79" start="78" name="``"/>
                    <label end="83" start="81" name="dt"/>
                    <label end="92" start="85" name="nns"/>
                    <label end="95" start="94" name="in"/>
                    <label end="100" start="97" name="nn"/>
                    <label end="109" start="102" name="nns"/>
                    <label end="111" start="111" name="sent"/>
                    <label end="114" start="113" name="''"/>
                </layer>
            </annotationSet>
            <annotationSet cDate="01/15/2005 01:00:53 PST Sat" status="MANUAL" ID="2056374">
                <layer rank="1" name="Target">
                    <label cBy="395" end="42" start="30" name="Target"/>
                </layer>
                <layer rank="1" name="FE">
                    <label cBy="395" feID="1771" end="15" start="11" name="Communicator"/>
                    <label cBy="395" feID="1779" end="28" start="19" name="Manner"/>
                </layer>
                <layer rank="1" name="GF">
                    <label end="15" start="11" name="Gen"/>
                    <label end="28" start="19" name="Dep"/>
                </layer>
                <layer rank="1" name="PT">
                    <label end="15" start="11" name="Poss"/>
                    <label end="28" start="19" name="AJP"/>
                </layer>
                <layer rank="1" name="Other"/>
                <layer rank="1" name="Sent"/>
                <layer rank="1" name="Noun"/>
            </annotationSet>
        </sentence>
        <sentence corpID="113" docID="8060" sentNo="1" paragNo="14" aPos="92205726" ID="1304111">
            <text>The state-run media echoed official denouncements blaming Israel for the hijacking , and saying the Israelis had planned it all along .</text>
            <annotationSet cDate="01/15/2005 01:00:56 PST Sat" status="UNANN" ID="2056383">
                <layer rank="1" name="PENN">
                    <label end="2" start="0" name="dt"/>
                    <label end="12" start="4" name="jj"/>
                    <label end="18" start="14" name="nns"/>
                    <label end="25" start="20" name="VVD"/>
                    <label end="34" start="27" name="jj"/>
                    <label end="48" start="36" name="nns"/>
                    <label end="56" start="50" name="VVG"/>
                    <label end="63" start="58" name="NP"/>
                    <label end="67" start="65" name="in"/>
                    <label end="71" start="69" name="dt"/>
                    <label end="81" start="73" name="VVG"/>
                    <label end="83" start="83" name=","/>
                    <label end="87" start="85" name="cc"/>
                    <label end="94" start="89" name="VVG"/>
                    <label end="98" start="96" name="dt"/>
                    <label end="107" start="100" name="NPS"/>
                    <label end="111" start="109" name="VHD"/>
                    <label end="119" start="113" name="VVN"/>
                    <label end="122" start="121" name="PP"/>
                    <label end="126" start="124" name="dt"/>
                    <label end="132" start="128" name="rp"/>
                    <label end="134" start="134" name="sent"/>
                </layer>
            </annotationSet>
            <annotationSet cDate="01/15/2005 01:00:56 PST Sat" status="MANUAL" ID="2056384">
                <layer rank="1" name="Target">
                    <label cBy="395" end="48" start="36" name="Target"/>
                </layer>
                <layer rank="1" name="FE">
                    <label cBy="395" feID="1771" end="34" start="27" name="Communicator"/>
                    <label cBy="395" feID="1774" end="81" start="50" name="Topic"/>
                </layer>
                <layer rank="1" name="GF">
                    <label end="34" start="27" name="Dep"/>
                    <label end="81" start="50" name="Dep"/>
                </layer>
                <layer rank="1" name="PT">
                    <label end="34" start="27" name="AJP"/>
                    <label end="81" start="50" name="VPing"/>
                </layer>
                <layer rank="1" name="Other"/>
                <layer rank="1" name="Sent"/>
                <layer rank="1" name="Noun"/>
            </annotationSet>
        </sentence>
    </subCorpus>
    <subCorpus name="other-matched-(1)"/>
    <subCorpus name="other-unmatched-(1)"/>
</lexUnit>