<?xml version="1.0" encoding="UTF-8" standalone="yes"?>
<?xml-stylesheet type="text/xsl" href="lexUnit.xsl"?>
<lexUnit status="Insufficient_Attestations" POS="N" name="agnomen.n" ID="7454" frame="Being_named" frameID="228" totalAnnotated="0" xsi:schemaLocation="../schema/lexUnit.xsd" xmlns="http://framenet.icsi.berkeley.edu" xmlns:xsi="http://www.w3.org/2001/XMLSchema-instance">
    <header>
        <frame>
            <FE fgColor="FFFFFF" bgColor="9F79EE" type="Core" abbrev="Entity" name="Entity"/>
            <FE fgColor="FFFFFF" bgColor="0000FF" type="Core" abbrev="Name" name="Name"/>
            <FE fgColor="FFFFFF" bgColor="008000" type="Peripheral" abbrev="Name_source" name="Name_source"/>
            <FE fgColor="FFFFFF" bgColor="FF0000" type="Peripheral" abbrev="Spkr" name="Speaker"/>
            <FE fgColor="FFFFFF" bgColor="800080" type="Peripheral" abbrev="Type" name="Type"/>
        </frame>
    </header>
    <definition>FN: an additional cognomen given to a Roman citizen, mostly in recognition of achievement</definition>
    <lexeme POS="N" name="agnomen"/>
    <valences/>
</lexUnit>