<?xml version="1.0" encoding="UTF-8" standalone="yes"?>
<?xml-stylesheet type="text/xsl" href="lexUnit.xsl"?>
<lexUnit status="FN1_Sent" POS="V" name="drop.v" ID="74" frame="Body_movement" frameID="16" totalAnnotated="20" xsi:schemaLocation="../schema/lexUnit.xsd" xmlns="http://framenet.icsi.berkeley.edu" xmlns:xsi="http://www.w3.org/2001/XMLSchema-instance">
    <header>
        <frame>
            <FE fgColor="FFFFFF" bgColor="008000" type="Extra-Thematic" abbrev="Add" name="Addressee"/>
            <FE fgColor="FFFFFF" bgColor="FF0000" type="Core" abbrev="Agt" name="Agent"/>
            <FE fgColor="FFFFFF" bgColor="808080" type="Peripheral" abbrev="Area" name="Area"/>
            <FE fgColor="FFFFFF" bgColor="7CCD73" type="Core" abbrev="BodP" name="Body_part"/>
            <FE fgColor="000000" bgColor="EEE8AA" type="Peripheral" abbrev="" name="Cognate_event"/>
            <FE fgColor="000000" bgColor="d0d0d0" type="Extra-Thematic" abbrev="coo" name="Coordinated_event"/>
            <FE fgColor="FFFFFF" bgColor="FF69B4" type="Peripheral" abbrev="Degr" name="Degree"/>
            <FE fgColor="FFFFFF" bgColor="9400D3" type="Extra-Thematic" abbrev="Depict" name="Depictive"/>
            <FE fgColor="FFFFFF" bgColor="A52A2A" type="Peripheral" abbrev="dur" name="Duration"/>
            <FE fgColor="FFFFFF" bgColor="006400" type="Extra-Thematic" abbrev="Cause" name="External_cause"/>
            <FE fgColor="FFFFFF" bgColor="00BFFF" type="Peripheral" abbrev="Goal" name="Goal"/>
            <FE fgColor="FFFFFF" bgColor="9F79EE" type="Extra-Thematic" abbrev="ICause" name="Internal_cause"/>
            <FE fgColor="FFFFFF" bgColor="FF00FF" type="Peripheral" abbrev="Manr" name="Manner"/>
            <FE fgColor="FFFFFF" bgColor="FFA500" type="Extra-Thematic" abbrev="Msg" name="Message"/>
            <FE fgColor="FFFFFF" bgColor="0000FF" type="Peripheral" abbrev="Path" name="Path"/>
            <FE fgColor="FFFFFF" bgColor="d0d0d0" type="Peripheral" abbrev="pla" name="Place"/>
            <FE fgColor="FFFFFF" bgColor="1E90FF" type="Extra-Thematic" abbrev="" name="Purpose"/>
            <FE fgColor="FFFFFF" bgColor="00008B" type="Extra-Thematic" abbrev="Result" name="Result"/>
            <FE fgColor="000000" bgColor="FFFF00" type="Extra-Thematic" abbrev="ree" name="Re_encoding"/>
            <FE fgColor="FFFFFF" bgColor="A52A2A" type="Peripheral" abbrev="Src" name="Source"/>
            <FE fgColor="000000" bgColor="7FFF00" type="Extra-Thematic" abbrev="" name="Sub-region"/>
            <FE fgColor="FFFFFF" bgColor="FFA500" type="Peripheral" abbrev="Time" name="Time"/>
        </frame>
    </header>
    <definition>FN: to move lower, to cause to sink</definition>
    <lexeme POS="V" name="drop"/>
    <valences>
        <FERealization total="20">
            <FE name="Agent"/>
            <pattern total="20">
                <valenceUnit GF="" PT="2nd" FE="Agent"/>
                <annoSet ID="314329"/>
                <annoSet ID="314331"/>
                <annoSet ID="314333"/>
                <annoSet ID="314337"/>
                <annoSet ID="314339"/>
                <annoSet ID="314343"/>
                <annoSet ID="314355"/>
                <annoSet ID="314365"/>
                <annoSet ID="314389"/>
                <annoSet ID="314391"/>
                <annoSet ID="314393"/>
                <annoSet ID="314399"/>
                <annoSet ID="314401"/>
                <annoSet ID="314423"/>
                <annoSet ID="314429"/>
                <annoSet ID="314433"/>
                <annoSet ID="314447"/>
                <annoSet ID="314453"/>
                <annoSet ID="314457"/>
                <annoSet ID="314555"/>
            </pattern>
            <pattern total="18">
                <valenceUnit GF="Ext" PT="NP" FE="Agent"/>
                <annoSet ID="314329"/>
                <annoSet ID="314331"/>
                <annoSet ID="314337"/>
                <annoSet ID="314339"/>
                <annoSet ID="314343"/>
                <annoSet ID="314355"/>
                <annoSet ID="314365"/>
                <annoSet ID="314389"/>
                <annoSet ID="314391"/>
                <annoSet ID="314393"/>
                <annoSet ID="314399"/>
                <annoSet ID="314401"/>
                <annoSet ID="314423"/>
                <annoSet ID="314429"/>
                <annoSet ID="314433"/>
                <annoSet ID="314447"/>
                <annoSet ID="314453"/>
                <annoSet ID="314457"/>
            </pattern>
        </FERealization>
        <FERealization total="20">
            <FE name="Body_part"/>
            <pattern total="18">
                <valenceUnit GF="Obj" PT="NP" FE="Body_part"/>
                <annoSet ID="314329"/>
                <annoSet ID="314331"/>
                <annoSet ID="314337"/>
                <annoSet ID="314339"/>
                <annoSet ID="314343"/>
                <annoSet ID="314355"/>
                <annoSet ID="314365"/>
                <annoSet ID="314389"/>
                <annoSet ID="314391"/>
                <annoSet ID="314393"/>
                <annoSet ID="314399"/>
                <annoSet ID="314401"/>
                <annoSet ID="314423"/>
                <annoSet ID="314429"/>
                <annoSet ID="314433"/>
                <annoSet ID="314447"/>
                <annoSet ID="314453"/>
                <annoSet ID="314457"/>
            </pattern>
            <pattern total="2">
                <valenceUnit GF="Ext" PT="NP" FE="Body_part"/>
                <annoSet ID="314333"/>
                <annoSet ID="314555"/>
            </pattern>
        </FERealization>
        <FERealization total="1">
            <FE name="Depictive"/>
            <pattern total="1">
                <valenceUnit GF="Dep" PT="Sabs" FE="Depictive"/>
                <annoSet ID="314399"/>
            </pattern>
            <pattern total="1">
                <valenceUnit GF="Dep" PT="VPing" FE="Depictive"/>
                <annoSet ID="314399"/>
            </pattern>
        </FERealization>
        <FERealization total="1">
            <FE name="Duration"/>
            <pattern total="1">
                <valenceUnit GF="Dep" PT="AVP" FE="Duration"/>
                <annoSet ID="314457"/>
            </pattern>
        </FERealization>
        <FERealization total="5">
            <FE name="Goal"/>
            <pattern total="2">
                <valenceUnit GF="Dep" PT="PP[into]" FE="Goal"/>
                <annoSet ID="314433"/>
                <annoSet ID="314457"/>
            </pattern>
            <pattern total="1">
                <valenceUnit GF="Dep" PT="PP[on]" FE="Goal"/>
                <annoSet ID="314423"/>
            </pattern>
            <pattern total="2">
                <valenceUnit GF="Dep" PT="PP[to]" FE="Goal"/>
                <annoSet ID="314391"/>
                <annoSet ID="314401"/>
            </pattern>
        </FERealization>
        <FERealization total="3">
            <FE name="Internal_cause"/>
            <pattern total="2">
                <valenceUnit GF="Dep" PT="AJP" FE="Internal_cause"/>
                <annoSet ID="314329"/>
                <annoSet ID="314365"/>
            </pattern>
            <pattern total="1">
                <valenceUnit GF="Dep" PT="VPing" FE="Internal_cause"/>
                <annoSet ID="314355"/>
            </pattern>
        </FERealization>
        <FERealization total="1">
            <FE name="Manner"/>
            <pattern total="1">
                <valenceUnit GF="Dep" PT="AVP" FE="Manner"/>
                <annoSet ID="314447"/>
            </pattern>
        </FERealization>
        <FERealization total="2">
            <FE name="Path"/>
            <pattern total="1">
                <valenceUnit GF="Dep" PT="PP[to]" FE="Path"/>
                <annoSet ID="314365"/>
            </pattern>
            <pattern total="1">
                <valenceUnit GF="Dep" PT="AVP" FE="Path"/>
                <annoSet ID="314453"/>
            </pattern>
        </FERealization>
        <FERealization total="1">
            <FE name="Purpose"/>
            <pattern total="1">
                <valenceUnit GF="Dep" PT="VPto" FE="Purpose"/>
                <annoSet ID="314453"/>
            </pattern>
        </FERealization>
        <FERealization total="1">
            <FE name="Result"/>
            <pattern total="1">
                <valenceUnit GF="Dep" PT="AJP" FE="Result"/>
                <annoSet ID="314555"/>
            </pattern>
        </FERealization>
        <FERealization total="2">
            <FE name="Source"/>
            <pattern total="2">
                <valenceUnit GF="Dep" PT="PP[from]" FE="Source"/>
                <annoSet ID="314333"/>
                <annoSet ID="314393"/>
            </pattern>
        </FERealization>
        <FERealization total="3">
            <FE name="Time"/>
            <pattern total="1">
                <valenceUnit GF="Dep" PT="PPing[before]" FE="Time"/>
                <annoSet ID="314447"/>
            </pattern>
            <pattern total="1">
                <valenceUnit GF="Dep" PT="PP[as]" FE="Time"/>
                <annoSet ID="314339"/>
            </pattern>
            <pattern total="1">
                <valenceUnit GF="Dep" PT="AVP" FE="Time"/>
                <annoSet ID="314333"/>
            </pattern>
        </FERealization>
        <FEGroupRealization total="5">
            <FE name="Agent"/>
            <FE name="Agent"/>
            <FE name="Body_part"/>
            <pattern total="5">
                <valenceUnit GF="" PT="2nd" FE="Agent"/>
                <valenceUnit GF="Ext" PT="NP" FE="Agent"/>
                <valenceUnit GF="Obj" PT="NP" FE="Body_part"/>
                <annoSet ID="314331"/>
                <annoSet ID="314337"/>
                <annoSet ID="314343"/>
                <annoSet ID="314389"/>
                <annoSet ID="314429"/>
            </pattern>
        </FEGroupRealization>
        <FEGroupRealization total="1">
            <FE name="Agent"/>
            <FE name="Agent"/>
            <FE name="Body_part"/>
            <FE name="Depictive"/>
            <FE name="Depictive"/>
            <pattern total="1">
                <valenceUnit GF="" PT="2nd" FE="Agent"/>
                <valenceUnit GF="Ext" PT="NP" FE="Agent"/>
                <valenceUnit GF="Obj" PT="NP" FE="Body_part"/>
                <valenceUnit GF="Dep" PT="Sabs" FE="Depictive"/>
                <valenceUnit GF="Dep" PT="VPing" FE="Depictive"/>
                <annoSet ID="314399"/>
            </pattern>
        </FEGroupRealization>
        <FEGroupRealization total="1">
            <FE name="Agent"/>
            <FE name="Agent"/>
            <FE name="Body_part"/>
            <FE name="Duration"/>
            <FE name="Goal"/>
            <pattern total="1">
                <valenceUnit GF="" PT="2nd" FE="Agent"/>
                <valenceUnit GF="Ext" PT="NP" FE="Agent"/>
                <valenceUnit GF="Obj" PT="NP" FE="Body_part"/>
                <valenceUnit GF="Dep" PT="AVP" FE="Duration"/>
                <valenceUnit GF="Dep" PT="PP[into]" FE="Goal"/>
                <annoSet ID="314457"/>
            </pattern>
        </FEGroupRealization>
        <FEGroupRealization total="4">
            <FE name="Agent"/>
            <FE name="Agent"/>
            <FE name="Body_part"/>
            <FE name="Goal"/>
            <pattern total="1">
                <valenceUnit GF="" PT="2nd" FE="Agent"/>
                <valenceUnit GF="Ext" PT="NP" FE="Agent"/>
                <valenceUnit GF="Obj" PT="NP" FE="Body_part"/>
                <valenceUnit GF="Dep" PT="PP[into]" FE="Goal"/>
                <annoSet ID="314433"/>
            </pattern>
            <pattern total="1">
                <valenceUnit GF="" PT="2nd" FE="Agent"/>
                <valenceUnit GF="Ext" PT="NP" FE="Agent"/>
                <valenceUnit GF="Obj" PT="NP" FE="Body_part"/>
                <valenceUnit GF="Dep" PT="PP[on]" FE="Goal"/>
                <annoSet ID="314423"/>
            </pattern>
            <pattern total="2">
                <valenceUnit GF="" PT="2nd" FE="Agent"/>
                <valenceUnit GF="Ext" PT="NP" FE="Agent"/>
                <valenceUnit GF="Obj" PT="NP" FE="Body_part"/>
                <valenceUnit GF="Dep" PT="PP[to]" FE="Goal"/>
                <annoSet ID="314391"/>
                <annoSet ID="314401"/>
            </pattern>
        </FEGroupRealization>
        <FEGroupRealization total="2">
            <FE name="Agent"/>
            <FE name="Agent"/>
            <FE name="Body_part"/>
            <FE name="Internal_cause"/>
            <pattern total="1">
                <valenceUnit GF="" PT="2nd" FE="Agent"/>
                <valenceUnit GF="Ext" PT="NP" FE="Agent"/>
                <valenceUnit GF="Obj" PT="NP" FE="Body_part"/>
                <valenceUnit GF="Dep" PT="AJP" FE="Internal_cause"/>
                <annoSet ID="314329"/>
            </pattern>
            <pattern total="1">
                <valenceUnit GF="" PT="2nd" FE="Agent"/>
                <valenceUnit GF="Ext" PT="NP" FE="Agent"/>
                <valenceUnit GF="Obj" PT="NP" FE="Body_part"/>
                <valenceUnit GF="Dep" PT="VPing" FE="Internal_cause"/>
                <annoSet ID="314355"/>
            </pattern>
        </FEGroupRealization>
        <FEGroupRealization total="1">
            <FE name="Agent"/>
            <FE name="Agent"/>
            <FE name="Body_part"/>
            <FE name="Internal_cause"/>
            <FE name="Path"/>
            <pattern total="1">
                <valenceUnit GF="" PT="2nd" FE="Agent"/>
                <valenceUnit GF="Ext" PT="NP" FE="Agent"/>
                <valenceUnit GF="Obj" PT="NP" FE="Body_part"/>
                <valenceUnit GF="Dep" PT="AJP" FE="Internal_cause"/>
                <valenceUnit GF="Dep" PT="PP[to]" FE="Path"/>
                <annoSet ID="314365"/>
            </pattern>
        </FEGroupRealization>
        <FEGroupRealization total="1">
            <FE name="Agent"/>
            <FE name="Agent"/>
            <FE name="Body_part"/>
            <FE name="Manner"/>
            <FE name="Time"/>
            <pattern total="1">
                <valenceUnit GF="" PT="2nd" FE="Agent"/>
                <valenceUnit GF="Ext" PT="NP" FE="Agent"/>
                <valenceUnit GF="Obj" PT="NP" FE="Body_part"/>
                <valenceUnit GF="Dep" PT="AVP" FE="Manner"/>
                <valenceUnit GF="Dep" PT="PPing[before]" FE="Time"/>
                <annoSet ID="314447"/>
            </pattern>
        </FEGroupRealization>
        <FEGroupRealization total="1">
            <FE name="Agent"/>
            <FE name="Agent"/>
            <FE name="Body_part"/>
            <FE name="Path"/>
            <FE name="Purpose"/>
            <pattern total="1">
                <valenceUnit GF="" PT="2nd" FE="Agent"/>
                <valenceUnit GF="Ext" PT="NP" FE="Agent"/>
                <valenceUnit GF="Obj" PT="NP" FE="Body_part"/>
                <valenceUnit GF="Dep" PT="AVP" FE="Path"/>
                <valenceUnit GF="Dep" PT="VPto" FE="Purpose"/>
                <annoSet ID="314453"/>
            </pattern>
        </FEGroupRealization>
        <FEGroupRealization total="1">
            <FE name="Agent"/>
            <FE name="Agent"/>
            <FE name="Body_part"/>
            <FE name="Source"/>
            <pattern total="1">
                <valenceUnit GF="" PT="2nd" FE="Agent"/>
                <valenceUnit GF="Ext" PT="NP" FE="Agent"/>
                <valenceUnit GF="Obj" PT="NP" FE="Body_part"/>
                <valenceUnit GF="Dep" PT="PP[from]" FE="Source"/>
                <annoSet ID="314393"/>
            </pattern>
        </FEGroupRealization>
        <FEGroupRealization total="1">
            <FE name="Agent"/>
            <FE name="Agent"/>
            <FE name="Body_part"/>
            <FE name="Time"/>
            <pattern total="1">
                <valenceUnit GF="" PT="2nd" FE="Agent"/>
                <valenceUnit GF="Ext" PT="NP" FE="Agent"/>
                <valenceUnit GF="Obj" PT="NP" FE="Body_part"/>
                <valenceUnit GF="Dep" PT="PP[as]" FE="Time"/>
                <annoSet ID="314339"/>
            </pattern>
        </FEGroupRealization>
        <FEGroupRealization total="1">
            <FE name="Agent"/>
            <FE name="Body_part"/>
            <FE name="Result"/>
            <pattern total="1">
                <valenceUnit GF="" PT="2nd" FE="Agent"/>
                <valenceUnit GF="Ext" PT="NP" FE="Body_part"/>
                <valenceUnit GF="Dep" PT="AJP" FE="Result"/>
                <annoSet ID="314555"/>
            </pattern>
        </FEGroupRealization>
        <FEGroupRealization total="1">
            <FE name="Agent"/>
            <FE name="Body_part"/>
            <FE name="Source"/>
            <FE name="Time"/>
            <pattern total="1">
                <valenceUnit GF="" PT="2nd" FE="Agent"/>
                <valenceUnit GF="Ext" PT="NP" FE="Body_part"/>
                <valenceUnit GF="Dep" PT="PP[from]" FE="Source"/>
                <valenceUnit GF="Dep" PT="AVP" FE="Time"/>
                <annoSet ID="314333"/>
            </pattern>
        </FEGroupRealization>
    </valences>
    <subCorpus name="V-429-rcoll-arms">
        <sentence sentNo="0" aPos="7632602" ID="335716">
            <text>Mortified , he dropped his arms in a gesture of defeat , and the ruined peonies fell like garden rubbish around his feet . </text>
            <annotationSet cDate="01/06/2003 11:48:16 PST Mon" status="UNANN" ID="314328">
                <layer rank="1" name="BNC">
                    <label end="8" start="0" name="NP0"/>
                    <label end="10" start="10" name="PUN"/>
                    <label end="13" start="12" name="PNP"/>
                    <label end="21" start="15" name="VVD"/>
                    <label end="25" start="23" name="DPS"/>
                    <label end="30" start="27" name="NN2"/>
                    <label end="33" start="32" name="PRP"/>
                    <label end="35" start="35" name="AT0"/>
                    <label end="43" start="37" name="NN1"/>
                    <label end="46" start="45" name="PRF"/>
                    <label end="53" start="48" name="NN1"/>
                    <label end="55" start="55" name="PUN"/>
                    <label end="59" start="57" name="CJC"/>
                    <label end="63" start="61" name="AT0"/>
                    <label end="70" start="65" name="AJ0"/>
                    <label end="78" start="72" name="NN2"/>
                    <label end="83" start="80" name="VVD"/>
                    <label end="88" start="85" name="PRP"/>
                    <label end="95" start="90" name="NN1"/>
                    <label end="103" start="97" name="NN1"/>
                    <label end="110" start="105" name="PRP"/>
                    <label end="114" start="112" name="DPS"/>
                    <label end="119" start="116" name="NN2"/>
                    <label end="121" start="121" name="PUN"/>
                </layer>
            </annotationSet>
            <annotationSet cDate="01/06/2003 11:48:16 PST Mon" status="MANUAL" ID="314329">
                <layer rank="1" name="FE">
                    <label cBy="103" feID="68" end="13" start="12" name="Agent"/>
                    <label cBy="103" feID="69" end="30" start="23" name="Body_part"/>
                    <label cBy="277" feID="70" end="8" start="0" name="Internal_cause"/>
                </layer>
                <layer rank="1" name="GF">
                    <label end="13" start="12" name="Ext"/>
                    <label end="30" start="23" name="Obj"/>
                    <label end="8" start="0" name="Dep"/>
                </layer>
                <layer rank="1" name="PT">
                    <label end="13" start="12" name="NP"/>
                    <label end="30" start="23" name="NP"/>
                    <label end="8" start="0" name="AJP"/>
                </layer>
                <layer rank="1" name="Sent">
                    <label end="0" start="0" name="sense1"/>
                </layer>
                <layer rank="1" name="Other"/>
                <layer rank="1" name="Target">
                    <label cBy="103" end="21" start="15" name="Target"/>
                </layer>
                <layer rank="1" name="Verb"/>
                <layer rank="2" name="FE">
                    <label cBy="277" feID="68" end="25" start="23" name="Agent"/>
                </layer>
            </annotationSet>
        </sentence>
        <sentence sentNo="0" aPos="59721476" ID="335717">
            <text>Nicola dropped her arms and the shirt cuffs fell over her knuckles ; it was a full size too big . </text>
            <annotationSet cDate="01/06/2003 11:48:16 PST Mon" status="UNANN" ID="314330">
                <layer rank="1" name="BNC">
                    <label end="5" start="0" name="NN1-NP0"/>
                    <label end="13" start="7" name="VVD"/>
                    <label end="17" start="15" name="DPS"/>
                    <label end="22" start="19" name="NN2"/>
                    <label end="26" start="24" name="CJC"/>
                    <label end="30" start="28" name="AT0"/>
                    <label end="36" start="32" name="NN1"/>
                    <label end="42" start="38" name="NN2"/>
                    <label end="47" start="44" name="VVD"/>
                    <label end="52" start="49" name="AVP-PRP"/>
                    <label end="56" start="54" name="DPS"/>
                    <label end="65" start="58" name="NN2"/>
                    <label end="67" start="67" name="PUN"/>
                    <label end="70" start="69" name="PNP"/>
                    <label end="74" start="72" name="VBD"/>
                    <label end="76" start="76" name="AT0"/>
                    <label end="81" start="78" name="AJ0"/>
                    <label end="86" start="83" name="NN1"/>
                    <label end="90" start="88" name="AV0"/>
                    <label end="94" start="92" name="AJ0"/>
                    <label end="96" start="96" name="PUN"/>
                </layer>
            </annotationSet>
            <annotationSet cDate="01/06/2003 11:48:16 PST Mon" status="MANUAL" ID="314331">
                <layer rank="1" name="FE">
                    <label cBy="103" feID="68" end="5" start="0" name="Agent"/>
                    <label cBy="103" feID="69" end="22" start="15" name="Body_part"/>
                </layer>
                <layer rank="1" name="GF">
                    <label end="5" start="0" name="Ext"/>
                    <label end="22" start="15" name="Obj"/>
                </layer>
                <layer rank="1" name="PT">
                    <label end="5" start="0" name="NP"/>
                    <label end="22" start="15" name="NP"/>
                </layer>
                <layer rank="1" name="Sent">
                    <label end="0" start="0" name="sense1"/>
                </layer>
                <layer rank="1" name="Other"/>
                <layer rank="1" name="Target">
                    <label cBy="103" end="13" start="7" name="Target"/>
                </layer>
                <layer rank="1" name="Verb"/>
                <layer rank="2" name="FE">
                    <label cBy="277" feID="68" end="17" start="15" name="Agent"/>
                </layer>
            </annotationSet>
        </sentence>
        <sentence sentNo="0" aPos="79777830" ID="335718">
            <text>And then his hands dropped from her arms and he turned and went into his bedroom . </text>
            <annotationSet cDate="01/06/2003 11:48:16 PST Mon" status="UNANN" ID="314332">
                <layer rank="1" name="BNC">
                    <label end="2" start="0" name="CJC"/>
                    <label end="7" start="4" name="AV0"/>
                    <label end="11" start="9" name="DPS"/>
                    <label end="17" start="13" name="NN2"/>
                    <label end="25" start="19" name="VVD-VVN"/>
                    <label end="30" start="27" name="PRP"/>
                    <label end="34" start="32" name="DPS"/>
                    <label end="39" start="36" name="NN2"/>
                    <label end="43" start="41" name="CJC"/>
                    <label end="46" start="45" name="PNP"/>
                    <label end="53" start="48" name="VVD"/>
                    <label end="57" start="55" name="CJC"/>
                    <label end="62" start="59" name="VVD"/>
                    <label end="67" start="64" name="PRP"/>
                    <label end="71" start="69" name="DPS"/>
                    <label end="79" start="73" name="NN1"/>
                    <label end="81" start="81" name="PUN"/>
                </layer>
            </annotationSet>
            <annotationSet cDate="01/06/2003 11:48:17 PST Mon" status="MANUAL" ID="314333">
                <layer rank="1" name="FE">
                    <label cBy="103" feID="69" end="17" start="9" name="Body_part"/>
                    <label cBy="103" feID="73" end="39" start="27" name="Source"/>
                    <label cBy="277" feID="2098" end="7" start="4" name="Time"/>
                </layer>
                <layer rank="1" name="GF">
                    <label end="17" start="9" name="Ext"/>
                    <label end="39" start="27" name="Dep"/>
                    <label end="7" start="4" name="Dep"/>
                </layer>
                <layer rank="1" name="PT">
                    <label end="17" start="9" name="NP"/>
                    <label end="39" start="27" name="PP"/>
                    <label end="7" start="4" name="AVP"/>
                </layer>
                <layer rank="1" name="Sent">
                    <label end="0" start="0" name="sense2"/>
                </layer>
                <layer rank="1" name="Other"/>
                <layer rank="1" name="Target">
                    <label cBy="103" end="25" start="19" name="Target"/>
                </layer>
                <layer rank="1" name="Verb"/>
                <layer rank="2" name="FE">
                    <label cBy="277" feID="68" end="11" start="9" name="Agent"/>
                </layer>
            </annotationSet>
        </sentence>
        <sentence sentNo="0" aPos="101348309" ID="335720">
            <text>Paige dropped her aching arms . </text>
            <annotationSet cDate="01/06/2003 11:48:17 PST Mon" status="UNANN" ID="314336">
                <layer rank="1" name="BNC">
                    <label end="4" start="0" name="NN1-NP0"/>
                    <label end="12" start="6" name="VVD"/>
                    <label end="16" start="14" name="DPS"/>
                    <label end="23" start="18" name="AJ0-VVG"/>
                    <label end="28" start="25" name="NN2"/>
                    <label end="30" start="30" name="PUN"/>
                </layer>
            </annotationSet>
            <annotationSet cDate="01/06/2003 11:48:17 PST Mon" status="MANUAL" ID="314337">
                <layer rank="1" name="FE">
                    <label cBy="103" feID="68" end="4" start="0" name="Agent"/>
                    <label cBy="103" feID="69" end="28" start="14" name="Body_part"/>
                </layer>
                <layer rank="1" name="GF">
                    <label end="4" start="0" name="Ext"/>
                    <label end="28" start="14" name="Obj"/>
                </layer>
                <layer rank="1" name="PT">
                    <label end="4" start="0" name="NP"/>
                    <label end="28" start="14" name="NP"/>
                </layer>
                <layer rank="1" name="Sent">
                    <label end="0" start="0" name="sense1"/>
                </layer>
                <layer rank="1" name="Other"/>
                <layer rank="1" name="Target">
                    <label cBy="103" end="12" start="6" name="Target"/>
                </layer>
                <layer rank="1" name="Verb"/>
                <layer rank="2" name="FE">
                    <label cBy="277" feID="68" end="16" start="14" name="Agent"/>
                </layer>
            </annotationSet>
        </sentence>
    </subCorpus>
    <subCorpus name="V-429-rcoll-eyes">
        <sentence sentNo="0" aPos="4303755" ID="335721">
            <text>He blessed himself and dropped his eyes as the hearse passed . </text>
            <annotationSet cDate="01/06/2003 11:48:17 PST Mon" status="UNANN" ID="314338">
                <layer rank="1" name="BNC">
                    <label end="1" start="0" name="PNP"/>
                    <label end="9" start="3" name="VVD"/>
                    <label end="17" start="11" name="PNX"/>
                    <label end="21" start="19" name="CJC"/>
                    <label end="29" start="23" name="VVD"/>
                    <label end="33" start="31" name="DPS"/>
                    <label end="38" start="35" name="NN2"/>
                    <label end="41" start="40" name="PRP"/>
                    <label end="45" start="43" name="AT0"/>
                    <label end="52" start="47" name="NN1"/>
                    <label end="59" start="54" name="VVD-VVN"/>
                    <label end="61" start="61" name="PUN"/>
                </layer>
            </annotationSet>
            <annotationSet cDate="01/06/2003 11:48:17 PST Mon" status="MANUAL" ID="314339">
                <layer rank="1" name="FE">
                    <label cBy="103" feID="68" end="1" start="0" name="Agent"/>
                    <label cBy="103" feID="69" end="38" start="31" name="Body_part"/>
                    <label cBy="277" feID="2098" end="59" start="40" name="Time"/>
                </layer>
                <layer rank="1" name="GF">
                    <label end="1" start="0" name="Ext"/>
                    <label end="38" start="31" name="Obj"/>
                    <label end="59" start="40" name="Dep"/>
                </layer>
                <layer rank="1" name="PT">
                    <label end="1" start="0" name="NP"/>
                    <label end="38" start="31" name="NP"/>
                    <label end="59" start="40" name="PP"/>
                </layer>
                <layer rank="1" name="Sent">
                    <label end="0" start="0" name="sense1"/>
                </layer>
                <layer rank="1" name="Other"/>
                <layer rank="1" name="Target">
                    <label cBy="103" end="29" start="23" name="Target"/>
                </layer>
                <layer rank="1" name="Verb"/>
                <layer rank="2" name="FE">
                    <label cBy="277" feID="68" end="33" start="31" name="Agent"/>
                </layer>
            </annotationSet>
        </sentence>
        <sentence sentNo="0" aPos="23633272" ID="335723">
            <text>Pinder dropped his eyes , then raised them again appealingly . </text>
            <annotationSet cDate="01/06/2003 11:48:17 PST Mon" status="UNANN" ID="314342">
                <layer rank="1" name="BNC">
                    <label end="5" start="0" name="NN1-NP0"/>
                    <label end="13" start="7" name="VVD"/>
                    <label end="17" start="15" name="DPS"/>
                    <label end="22" start="19" name="NN2"/>
                    <label end="24" start="24" name="PUN"/>
                    <label end="29" start="26" name="AV0"/>
                    <label end="36" start="31" name="VVD-VVN"/>
                    <label end="41" start="38" name="PNP"/>
                    <label end="47" start="43" name="AV0"/>
                    <label end="59" start="49" name="AV0"/>
                    <label end="61" start="61" name="PUN"/>
                </layer>
            </annotationSet>
            <annotationSet cDate="01/06/2003 11:48:17 PST Mon" status="MANUAL" ID="314343">
                <layer rank="1" name="FE">
                    <label cBy="103" feID="68" end="5" start="0" name="Agent"/>
                    <label cBy="103" feID="69" end="22" start="15" name="Body_part"/>
                </layer>
                <layer rank="1" name="GF">
                    <label end="5" start="0" name="Ext"/>
                    <label end="22" start="15" name="Obj"/>
                </layer>
                <layer rank="1" name="PT">
                    <label end="5" start="0" name="NP"/>
                    <label end="22" start="15" name="NP"/>
                </layer>
                <layer rank="1" name="Sent">
                    <label end="0" start="0" name="sense1"/>
                </layer>
                <layer rank="1" name="Other"/>
                <layer rank="1" name="Target">
                    <label cBy="103" end="13" start="7" name="Target"/>
                </layer>
                <layer rank="1" name="Verb"/>
                <layer rank="2" name="FE">
                    <label cBy="277" feID="68" end="17" start="15" name="Agent"/>
                </layer>
            </annotationSet>
        </sentence>
        <sentence sentNo="0" aPos="52852786" ID="335729">
            <text>Claudia dropped her eyes , not wishing him to read her thoughts . </text>
            <annotationSet cDate="01/06/2003 11:48:18 PST Mon" status="UNANN" ID="314354">
                <layer rank="1" name="BNC">
                    <label end="6" start="0" name="NN1-NP0"/>
                    <label end="14" start="8" name="VVD"/>
                    <label end="18" start="16" name="DPS"/>
                    <label end="23" start="20" name="NN2"/>
                    <label end="25" start="25" name="PUN"/>
                    <label end="29" start="27" name="XX0"/>
                    <label end="37" start="31" name="VVG"/>
                    <label end="41" start="39" name="PNP"/>
                    <label end="44" start="43" name="TO0"/>
                    <label end="49" start="46" name="VVI"/>
                    <label end="53" start="51" name="DPS"/>
                    <label end="62" start="55" name="NN2"/>
                    <label end="64" start="64" name="PUN"/>
                </layer>
            </annotationSet>
            <annotationSet cDate="01/06/2003 11:48:18 PST Mon" status="MANUAL" ID="314355">
                <layer rank="1" name="FE">
                    <label cBy="103" feID="68" end="6" start="0" name="Agent"/>
                    <label cBy="103" feID="69" end="23" start="16" name="Body_part"/>
                    <label cBy="277" feID="70" end="62" start="27" name="Internal_cause"/>
                </layer>
                <layer rank="1" name="GF">
                    <label end="6" start="0" name="Ext"/>
                    <label end="23" start="16" name="Obj"/>
                    <label end="62" start="27" name="Dep"/>
                </layer>
                <layer rank="1" name="PT">
                    <label end="6" start="0" name="NP"/>
                    <label end="23" start="16" name="NP"/>
                    <label end="62" start="27" name="VPing"/>
                </layer>
                <layer rank="1" name="Sent">
                    <label end="0" start="0" name="sense1"/>
                </layer>
                <layer rank="1" name="Other"/>
                <layer rank="1" name="Target">
                    <label cBy="103" end="14" start="8" name="Target"/>
                </layer>
                <layer rank="1" name="Verb"/>
                <layer rank="2" name="FE">
                    <label cBy="277" feID="68" end="18" start="16" name="Agent"/>
                </layer>
            </annotationSet>
        </sentence>
        <sentence sentNo="0" aPos="77179319" ID="335734">
            <text>She dropped her eyes to the mug , unable to face his withering scorn . </text>
            <annotationSet cDate="01/06/2003 11:48:18 PST Mon" status="UNANN" ID="314364">
                <layer rank="1" name="BNC">
                    <label end="2" start="0" name="PNP"/>
                    <label end="10" start="4" name="VVD"/>
                    <label end="14" start="12" name="DPS"/>
                    <label end="19" start="16" name="NN2"/>
                    <label end="22" start="21" name="PRP"/>
                    <label end="26" start="24" name="AT0"/>
                    <label end="30" start="28" name="NN1"/>
                    <label end="32" start="32" name="PUN"/>
                    <label end="39" start="34" name="AJ0"/>
                    <label end="42" start="41" name="TO0"/>
                    <label end="47" start="44" name="VVI"/>
                    <label end="51" start="49" name="DPS"/>
                    <label end="61" start="53" name="AJ0-NN1"/>
                    <label end="67" start="63" name="NN1"/>
                    <label end="69" start="69" name="PUN"/>
                </layer>
            </annotationSet>
            <annotationSet cDate="01/06/2003 11:48:18 PST Mon" status="MANUAL" ID="314365">
                <layer rank="1" name="FE">
                    <label cBy="103" feID="68" end="2" start="0" name="Agent"/>
                    <label cBy="103" feID="69" end="19" start="12" name="Body_part"/>
                    <label cBy="103" feID="74" end="30" start="21" name="Path"/>
                    <label cBy="277" feID="70" end="67" start="34" name="Internal_cause"/>
                </layer>
                <layer rank="1" name="GF">
                    <label end="2" start="0" name="Ext"/>
                    <label end="19" start="12" name="Obj"/>
                    <label end="30" start="21" name="Dep"/>
                    <label end="67" start="34" name="Dep"/>
                </layer>
                <layer rank="1" name="PT">
                    <label end="2" start="0" name="NP"/>
                    <label end="19" start="12" name="NP"/>
                    <label end="30" start="21" name="PP"/>
                    <label end="67" start="34" name="AJP"/>
                </layer>
                <layer rank="1" name="Sent">
                    <label end="0" start="0" name="sense1"/>
                </layer>
                <layer rank="1" name="Other"/>
                <layer rank="1" name="Target">
                    <label cBy="103" end="10" start="4" name="Target"/>
                </layer>
                <layer rank="1" name="Verb"/>
                <layer rank="2" name="FE">
                    <label cBy="277" feID="68" end="14" start="12" name="Agent"/>
                </layer>
            </annotationSet>
        </sentence>
    </subCorpus>
    <subCorpus name="V-429-rcoll-hands">
        <sentence sentNo="0" aPos="59780524" ID="335746">
            <text>She breathed deeply , dropped her hands and stood with them folded in front of her . </text>
            <annotationSet cDate="01/06/2003 11:48:19 PST Mon" status="UNANN" ID="314388">
                <layer rank="1" name="BNC">
                    <label end="2" start="0" name="PNP"/>
                    <label end="11" start="4" name="VVD"/>
                    <label end="18" start="13" name="AV0"/>
                    <label end="20" start="20" name="PUN"/>
                    <label end="28" start="22" name="VVD-VVN"/>
                    <label end="32" start="30" name="DPS"/>
                    <label end="38" start="34" name="NN2"/>
                    <label end="42" start="40" name="CJC"/>
                    <label end="48" start="44" name="VVD"/>
                    <label end="53" start="50" name="PRP"/>
                    <label end="58" start="55" name="PNP"/>
                    <label end="65" start="60" name="VVD"/>
                    <label end="68" start="67" name="PRP"/>
                    <label end="74" start="70" name="PRP"/>
                    <label end="77" start="76" name="PRP"/>
                    <label end="81" start="79" name="PNP"/>
                    <label end="83" start="83" name="PUN"/>
                </layer>
            </annotationSet>
            <annotationSet cDate="01/06/2003 11:48:19 PST Mon" status="MANUAL" ID="314389">
                <layer rank="1" name="FE">
                    <label cBy="103" feID="68" end="2" start="0" name="Agent"/>
                    <label cBy="103" feID="69" end="38" start="30" name="Body_part"/>
                </layer>
                <layer rank="1" name="GF">
                    <label end="2" start="0" name="Ext"/>
                    <label end="38" start="30" name="Obj"/>
                </layer>
                <layer rank="1" name="PT">
                    <label end="2" start="0" name="NP"/>
                    <label end="38" start="30" name="NP"/>
                </layer>
                <layer rank="1" name="Sent">
                    <label end="0" start="0" name="sense1"/>
                </layer>
                <layer rank="1" name="Other"/>
                <layer rank="1" name="Target">
                    <label cBy="103" end="28" start="22" name="Target"/>
                </layer>
                <layer rank="1" name="Verb"/>
                <layer rank="2" name="FE">
                    <label cBy="277" feID="68" end="32" start="30" name="Agent"/>
                </layer>
            </annotationSet>
        </sentence>
        <sentence sentNo="0" aPos="62575537" ID="335747">
            <text>I stood , swayed , dropped my hands to the steps and crawled up . </text>
            <annotationSet cDate="01/06/2003 11:48:19 PST Mon" status="UNANN" ID="314390">
                <layer rank="1" name="BNC">
                    <label end="0" start="0" name="PNP"/>
                    <label end="6" start="2" name="VVD"/>
                    <label end="8" start="8" name="PUN"/>
                    <label end="15" start="10" name="VVD"/>
                    <label end="17" start="17" name="PUN"/>
                    <label end="25" start="19" name="VVD-VVN"/>
                    <label end="28" start="27" name="DPS"/>
                    <label end="34" start="30" name="NN2"/>
                    <label end="37" start="36" name="PRP"/>
                    <label end="41" start="39" name="AT0"/>
                    <label end="47" start="43" name="NN2"/>
                    <label end="51" start="49" name="CJC"/>
                    <label end="59" start="53" name="VVD"/>
                    <label end="62" start="61" name="AVP"/>
                    <label end="64" start="64" name="PUN"/>
                </layer>
            </annotationSet>
            <annotationSet cDate="01/06/2003 11:48:20 PST Mon" status="MANUAL" ID="314391">
                <layer rank="1" name="FE">
                    <label cBy="103" feID="68" end="0" start="0" name="Agent"/>
                    <label cBy="103" feID="69" end="34" start="27" name="Body_part"/>
                    <label cBy="103" feID="75" end="47" start="36" name="Goal"/>
                </layer>
                <layer rank="1" name="GF">
                    <label end="0" start="0" name="Ext"/>
                    <label end="34" start="27" name="Obj"/>
                    <label end="47" start="36" name="Dep"/>
                </layer>
                <layer rank="1" name="PT">
                    <label end="0" start="0" name="NP"/>
                    <label end="34" start="27" name="NP"/>
                    <label end="47" start="36" name="PP"/>
                </layer>
                <layer rank="1" name="Sent">
                    <label end="0" start="0" name="sense1"/>
                </layer>
                <layer rank="1" name="Other"/>
                <layer rank="1" name="Target">
                    <label cBy="103" end="25" start="19" name="Target"/>
                </layer>
                <layer rank="1" name="Verb"/>
                <layer rank="2" name="FE">
                    <label cBy="277" feID="68" end="28" start="27" name="Agent"/>
                </layer>
            </annotationSet>
        </sentence>
        <sentence sentNo="0" aPos="68789866" ID="335748">
            <text>He dropped his hands from her , shrugging with mock-surrender . </text>
            <annotationSet cDate="01/06/2003 11:48:20 PST Mon" status="UNANN" ID="314392">
                <layer rank="1" name="BNC">
                    <label end="1" start="0" name="PNP"/>
                    <label end="9" start="3" name="VVD"/>
                    <label end="13" start="11" name="DPS"/>
                    <label end="19" start="15" name="NN2"/>
                    <label end="24" start="21" name="PRP"/>
                    <label end="28" start="26" name="PNP"/>
                    <label end="30" start="30" name="PUN"/>
                    <label end="40" start="32" name="VVG"/>
                    <label end="45" start="42" name="PRP"/>
                    <label end="60" start="47" name="NN1"/>
                    <label end="62" start="62" name="PUN"/>
                </layer>
            </annotationSet>
            <annotationSet cDate="01/06/2003 11:48:20 PST Mon" status="MANUAL" ID="314393">
                <layer rank="1" name="FE">
                    <label cBy="103" feID="68" end="1" start="0" name="Agent"/>
                    <label cBy="103" feID="69" end="19" start="11" name="Body_part"/>
                    <label cBy="103" feID="73" end="28" start="21" name="Source"/>
                </layer>
                <layer rank="1" name="GF">
                    <label end="1" start="0" name="Ext"/>
                    <label end="19" start="11" name="Obj"/>
                    <label end="28" start="21" name="Dep"/>
                </layer>
                <layer rank="1" name="PT">
                    <label end="1" start="0" name="NP"/>
                    <label end="19" start="11" name="NP"/>
                    <label end="28" start="21" name="PP"/>
                </layer>
                <layer rank="1" name="Sent">
                    <label end="0" start="0" name="sense1"/>
                </layer>
                <layer rank="1" name="Other"/>
                <layer rank="1" name="Target">
                    <label cBy="103" end="9" start="3" name="Target"/>
                </layer>
                <layer rank="1" name="Verb"/>
                <layer rank="2" name="FE">
                    <label cBy="277" feID="68" end="13" start="11" name="Agent"/>
                </layer>
            </annotationSet>
        </sentence>
        <sentence sentNo="0" aPos="74108575" ID="335751">
            <text>Tom Horrocks dropped his head , hands at his knees , groaning and smiling up at them . </text>
            <annotationSet cDate="01/06/2003 11:48:20 PST Mon" status="UNANN" ID="314398">
                <layer rank="1" name="BNC">
                    <label end="2" start="0" name="NP0"/>
                    <label end="11" start="4" name="NP0"/>
                    <label end="19" start="13" name="VVD"/>
                    <label end="23" start="21" name="DPS"/>
                    <label end="28" start="25" name="NN1"/>
                    <label end="30" start="30" name="PUN"/>
                    <label end="36" start="32" name="NN2"/>
                    <label end="39" start="38" name="PRP"/>
                    <label end="43" start="41" name="DPS"/>
                    <label end="49" start="45" name="NN2"/>
                    <label end="51" start="51" name="PUN"/>
                    <label end="60" start="53" name="VVG"/>
                    <label end="64" start="62" name="CJC"/>
                    <label end="72" start="66" name="VVG"/>
                    <label end="75" start="74" name="AVP"/>
                    <label end="78" start="77" name="PRP"/>
                    <label end="83" start="80" name="PNP"/>
                    <label end="85" start="85" name="PUN"/>
                </layer>
            </annotationSet>
            <annotationSet cDate="01/06/2003 11:48:20 PST Mon" status="MANUAL" ID="314399">
                <layer rank="1" name="FE">
                    <label cBy="103" feID="68" end="11" start="0" name="Agent"/>
                    <label cBy="103" feID="69" end="28" start="21" name="Body_part"/>
                    <label cBy="277" feID="915" end="49" start="32" name="Depictive"/>
                    <label cBy="277" feID="915" end="83" start="53" name="Depictive"/>
                </layer>
                <layer rank="1" name="GF">
                    <label end="11" start="0" name="Ext"/>
                    <label end="28" start="21" name="Obj"/>
                    <label end="49" start="32" name="Dep"/>
                    <label end="83" start="53" name="Dep"/>
                </layer>
                <layer rank="1" name="PT">
                    <label end="11" start="0" name="NP"/>
                    <label end="28" start="21" name="NP"/>
                    <label end="49" start="32" name="Sabs"/>
                    <label end="83" start="53" name="VPing"/>
                </layer>
                <layer rank="1" name="Sent">
                    <label end="0" start="0" name="sense1"/>
                </layer>
                <layer rank="1" name="Other"/>
                <layer rank="1" name="Target">
                    <label cBy="103" end="19" start="13" name="Target"/>
                </layer>
                <layer rank="1" name="Verb"/>
                <layer rank="2" name="FE">
                    <label cBy="277" feID="68" end="23" start="21" name="Agent"/>
                </layer>
            </annotationSet>
        </sentence>
        <sentence sentNo="0" aPos="75734747" ID="335752">
            <text>She dropped her hands to her lap . </text>
            <annotationSet cDate="01/06/2003 11:48:20 PST Mon" status="UNANN" ID="314400">
                <layer rank="1" name="BNC">
                    <label end="2" start="0" name="PNP"/>
                    <label end="10" start="4" name="VVD"/>
                    <label end="14" start="12" name="DPS"/>
                    <label end="20" start="16" name="NN2"/>
                    <label end="23" start="22" name="PRP"/>
                    <label end="27" start="25" name="DPS"/>
                    <label end="31" start="29" name="NN1"/>
                    <label end="33" start="33" name="PUN"/>
                </layer>
            </annotationSet>
            <annotationSet cDate="01/06/2003 11:48:20 PST Mon" status="MANUAL" ID="314401">
                <layer rank="1" name="GF">
                    <label end="2" start="0" name="Ext"/>
                    <label end="20" start="12" name="Obj"/>
                    <label end="31" start="22" name="Dep"/>
                </layer>
                <layer rank="1" name="PT">
                    <label end="2" start="0" name="NP"/>
                    <label end="20" start="12" name="NP"/>
                    <label end="31" start="22" name="PP"/>
                </layer>
                <layer rank="1" name="Sent">
                    <label end="0" start="0" name="sense1"/>
                </layer>
                <layer rank="1" name="Other"/>
                <layer rank="1" name="Target">
                    <label cBy="103" end="10" start="4" name="Target"/>
                </layer>
                <layer rank="1" name="Verb"/>
                <layer rank="1" name="FE">
                    <label cBy="277" feID="68" end="2" start="0" name="Agent"/>
                    <label cBy="277" feID="69" end="20" start="12" name="Body_part"/>
                    <label cBy="277" feID="75" end="31" start="22" name="Goal"/>
                </layer>
                <layer rank="2" name="FE">
                    <label cBy="277" feID="68" end="14" start="12" name="Agent"/>
                </layer>
            </annotationSet>
        </sentence>
    </subCorpus>
    <subCorpus name="V-429-rcoll-head">
        <sentence sentNo="0" aPos="19318032" ID="335763">
            <text>There was certainly something different about this one , she thought dreamily , and dropped her head on his shoulder again . </text>
            <annotationSet cDate="01/06/2003 11:48:21 PST Mon" status="UNANN" ID="314422">
                <layer rank="1" name="BNC">
                    <label end="4" start="0" name="EX0"/>
                    <label end="8" start="6" name="VBD"/>
                    <label end="18" start="10" name="AV0"/>
                    <label end="28" start="20" name="PNI"/>
                    <label end="38" start="30" name="AJ0"/>
                    <label end="44" start="40" name="PRP"/>
                    <label end="49" start="46" name="DT0"/>
                    <label end="53" start="51" name="PNI"/>
                    <label end="55" start="55" name="PUN"/>
                    <label end="59" start="57" name="PNP"/>
                    <label end="67" start="61" name="VVD"/>
                    <label end="76" start="69" name="AV0"/>
                    <label end="78" start="78" name="PUN"/>
                    <label end="82" start="80" name="CJC"/>
                    <label end="90" start="84" name="VVD"/>
                    <label end="94" start="92" name="DPS"/>
                    <label end="99" start="96" name="NN1"/>
                    <label end="102" start="101" name="PRP"/>
                    <label end="106" start="104" name="DPS"/>
                    <label end="115" start="108" name="NN1"/>
                    <label end="121" start="117" name="AV0"/>
                    <label end="123" start="123" name="PUN"/>
                </layer>
            </annotationSet>
            <annotationSet cDate="01/06/2003 11:48:22 PST Mon" status="MANUAL" ID="314423">
                <layer rank="1" name="FE">
                    <label cBy="103" feID="68" end="59" start="57" name="Agent"/>
                    <label cBy="103" feID="69" end="99" start="92" name="Body_part"/>
                    <label cBy="103" feID="75" end="115" start="101" name="Goal"/>
                </layer>
                <layer rank="1" name="GF">
                    <label end="59" start="57" name="Ext"/>
                    <label end="99" start="92" name="Obj"/>
                    <label end="115" start="101" name="Dep"/>
                </layer>
                <layer rank="1" name="PT">
                    <label end="59" start="57" name="NP"/>
                    <label end="99" start="92" name="NP"/>
                    <label end="115" start="101" name="PP"/>
                </layer>
                <layer rank="1" name="Sent">
                    <label end="0" start="0" name="sense1"/>
                </layer>
                <layer rank="1" name="Other"/>
                <layer rank="1" name="Target">
                    <label cBy="103" end="90" start="84" name="Target"/>
                </layer>
                <layer rank="1" name="Verb"/>
                <layer rank="2" name="FE">
                    <label cBy="277" feID="68" end="94" start="92" name="Agent"/>
                </layer>
            </annotationSet>
        </sentence>
        <sentence sentNo="0" aPos="43936206" ID="335766">
            <text>Fred dropped his head and groaned . </text>
            <annotationSet cDate="01/06/2003 11:48:24 PST Mon" status="UNANN" ID="314428">
                <layer rank="1" name="BNC">
                    <label end="3" start="0" name="NP0"/>
                    <label end="11" start="5" name="VVD"/>
                    <label end="15" start="13" name="DPS"/>
                    <label end="20" start="17" name="NN1"/>
                    <label end="24" start="22" name="CJC"/>
                    <label end="32" start="26" name="VVD"/>
                    <label end="34" start="34" name="PUN"/>
                </layer>
            </annotationSet>
            <annotationSet cDate="01/06/2003 11:48:24 PST Mon" status="MANUAL" ID="314429">
                <layer rank="1" name="FE">
                    <label cBy="103" feID="68" end="3" start="0" name="Agent"/>
                    <label cBy="103" feID="69" end="20" start="13" name="Body_part"/>
                </layer>
                <layer rank="1" name="GF">
                    <label end="3" start="0" name="Ext"/>
                    <label end="20" start="13" name="Obj"/>
                </layer>
                <layer rank="1" name="PT">
                    <label end="3" start="0" name="NP"/>
                    <label end="20" start="13" name="NP"/>
                </layer>
                <layer rank="1" name="Sent">
                    <label end="0" start="0" name="sense1"/>
                </layer>
                <layer rank="1" name="Other"/>
                <layer rank="1" name="Target">
                    <label cBy="103" end="11" start="5" name="Target"/>
                </layer>
                <layer rank="1" name="Verb"/>
                <layer rank="2" name="FE">
                    <label cBy="277" feID="68" end="15" start="13" name="Agent"/>
                </layer>
            </annotationSet>
        </sentence>
        <sentence sentNo="0" aPos="59303586" ID="335768">
            <text>He dropped his head into his hands . </text>
            <annotationSet cDate="01/06/2003 11:48:24 PST Mon" status="UNANN" ID="314432">
                <layer rank="1" name="BNC">
                    <label end="1" start="0" name="PNP"/>
                    <label end="9" start="3" name="VVD"/>
                    <label end="13" start="11" name="DPS"/>
                    <label end="18" start="15" name="NN1"/>
                    <label end="23" start="20" name="PRP"/>
                    <label end="27" start="25" name="DPS"/>
                    <label end="33" start="29" name="NN2"/>
                    <label end="35" start="35" name="PUN"/>
                </layer>
            </annotationSet>
            <annotationSet cDate="01/06/2003 11:48:24 PST Mon" status="MANUAL" ID="314433">
                <layer rank="1" name="FE">
                    <label cBy="103" feID="68" end="1" start="0" name="Agent"/>
                    <label cBy="103" feID="69" end="18" start="11" name="Body_part"/>
                    <label cBy="103" feID="75" end="33" start="20" name="Goal"/>
                </layer>
                <layer rank="1" name="GF">
                    <label end="1" start="0" name="Ext"/>
                    <label end="18" start="11" name="Obj"/>
                    <label end="33" start="20" name="Dep"/>
                </layer>
                <layer rank="1" name="PT">
                    <label end="1" start="0" name="NP"/>
                    <label end="18" start="11" name="NP"/>
                    <label end="33" start="20" name="PP"/>
                </layer>
                <layer rank="1" name="Sent">
                    <label end="0" start="0" name="sense1"/>
                </layer>
                <layer rank="1" name="Other"/>
                <layer rank="1" name="Target">
                    <label cBy="103" end="9" start="3" name="Target"/>
                </layer>
                <layer rank="1" name="Verb"/>
                <layer rank="2" name="FE">
                    <label cBy="277" feID="68" end="13" start="11" name="Agent"/>
                </layer>
            </annotationSet>
        </sentence>
        <sentence sentNo="0" aPos="100519499" ID="335775">
            <text>Their eyes met and she dropped her head guiltily before managing to say , ` Do n't worry , Peter . </text>
            <annotationSet cDate="01/06/2003 11:48:25 PST Mon" status="UNANN" ID="314446">
                <layer rank="1" name="BNC">
                    <label end="4" start="0" name="DPS"/>
                    <label end="9" start="6" name="NN2"/>
                    <label end="13" start="11" name="VVD-VVN"/>
                    <label end="17" start="15" name="CJC"/>
                    <label end="21" start="19" name="PNP"/>
                    <label end="29" start="23" name="VVD"/>
                    <label end="33" start="31" name="DPS"/>
                    <label end="38" start="35" name="NN1"/>
                    <label end="47" start="40" name="AV0"/>
                    <label end="54" start="49" name="PRP"/>
                    <label end="63" start="56" name="VVG"/>
                    <label end="66" start="65" name="TO0"/>
                    <label end="70" start="68" name="VVI"/>
                    <label end="72" start="72" name="PUN"/>
                    <label end="74" start="74" name="PUQ"/>
                    <label end="77" start="76" name="VDB"/>
                    <label end="81" start="79" name="XX0"/>
                    <label end="87" start="83" name="VVI"/>
                    <label end="89" start="89" name="PUN"/>
                    <label end="95" start="91" name="NP0"/>
                    <label end="97" start="97" name="PUN"/>
                </layer>
            </annotationSet>
            <annotationSet cDate="01/06/2003 11:48:25 PST Mon" status="MANUAL" ID="314447">
                <layer rank="1" name="FE">
                    <label cBy="103" feID="68" end="21" start="19" name="Agent"/>
                    <label cBy="103" feID="69" end="38" start="31" name="Body_part"/>
                    <label cBy="103" feID="918" end="47" start="40" name="Manner"/>
                    <label cBy="277" feID="2098" end="95" start="49" name="Time"/>
                </layer>
                <layer rank="1" name="GF">
                    <label end="21" start="19" name="Ext"/>
                    <label end="38" start="31" name="Obj"/>
                    <label end="47" start="40" name="Dep"/>
                    <label end="95" start="49" name="Dep"/>
                </layer>
                <layer rank="1" name="PT">
                    <label end="21" start="19" name="NP"/>
                    <label end="38" start="31" name="NP"/>
                    <label end="47" start="40" name="AVP"/>
                    <label end="95" start="49" name="PPing"/>
                </layer>
                <layer rank="1" name="Sent">
                    <label end="0" start="0" name="sense1"/>
                </layer>
                <layer rank="1" name="Other"/>
                <layer rank="1" name="Target">
                    <label cBy="103" end="29" start="23" name="Target"/>
                </layer>
                <layer rank="1" name="Verb"/>
                <layer rank="2" name="FE">
                    <label cBy="277" feID="68" end="33" start="31" name="Agent"/>
                </layer>
            </annotationSet>
        </sentence>
        <sentence sentNo="0" aPos="101024508" ID="335778">
            <text>She dropped her head back to relieve the tension in her neck , and gazed up at the rigging . </text>
            <annotationSet cDate="01/06/2003 11:48:25 PST Mon" status="UNANN" ID="314452">
                <layer rank="1" name="BNC">
                    <label end="2" start="0" name="PNP"/>
                    <label end="10" start="4" name="VVD"/>
                    <label end="14" start="12" name="DPS"/>
                    <label end="19" start="16" name="NN1-VVB"/>
                    <label end="24" start="21" name="AVP"/>
                    <label end="27" start="26" name="TO0"/>
                    <label end="35" start="29" name="VVI"/>
                    <label end="39" start="37" name="AT0"/>
                    <label end="47" start="41" name="NN1"/>
                    <label end="50" start="49" name="PRP"/>
                    <label end="54" start="52" name="DPS"/>
                    <label end="59" start="56" name="NN1"/>
                    <label end="61" start="61" name="PUN"/>
                    <label end="65" start="63" name="CJC"/>
                    <label end="71" start="67" name="VVD"/>
                    <label end="74" start="73" name="AVP"/>
                    <label end="77" start="76" name="PRP"/>
                    <label end="81" start="79" name="AT0"/>
                    <label end="89" start="83" name="NN1"/>
                    <label end="91" start="91" name="PUN"/>
                </layer>
            </annotationSet>
            <annotationSet cDate="01/06/2003 11:48:25 PST Mon" status="MANUAL" ID="314453">
                <layer rank="1" name="FE">
                    <label cBy="103" feID="68" end="2" start="0" name="Agent"/>
                    <label cBy="103" feID="69" end="19" start="12" name="Body_part"/>
                    <label cBy="103" feID="74" end="24" start="21" name="Path"/>
                    <label cBy="277" feID="4509" end="59" start="26" name="Purpose"/>
                </layer>
                <layer rank="1" name="GF">
                    <label end="2" start="0" name="Ext"/>
                    <label end="19" start="12" name="Obj"/>
                    <label end="24" start="21" name="Dep"/>
                    <label end="59" start="26" name="Dep"/>
                </layer>
                <layer rank="1" name="PT">
                    <label end="2" start="0" name="NP"/>
                    <label end="19" start="12" name="NP"/>
                    <label end="24" start="21" name="AVP"/>
                    <label end="59" start="26" name="VPto"/>
                </layer>
                <layer rank="1" name="Sent">
                    <label end="0" start="0" name="sense1"/>
                </layer>
                <layer rank="1" name="Other"/>
                <layer rank="1" name="Target">
                    <label cBy="103" end="10" start="4" name="Target"/>
                </layer>
                <layer rank="1" name="Verb"/>
                <layer rank="2" name="FE">
                    <label cBy="277" feID="68" end="14" start="12" name="Agent"/>
                </layer>
            </annotationSet>
        </sentence>
        <sentence sentNo="0" aPos="106672411" ID="335780">
            <text>Mr Hatton sat down for a moment and dropped his head briefly into his hands . </text>
            <annotationSet cDate="01/06/2003 11:48:25 PST Mon" status="UNANN" ID="314456">
                <layer rank="1" name="BNC">
                    <label end="1" start="0" name="NP0"/>
                    <label end="8" start="3" name="NP0"/>
                    <label end="12" start="10" name="VVD"/>
                    <label end="17" start="14" name="AVP"/>
                    <label end="21" start="19" name="PRP"/>
                    <label end="23" start="23" name="AT0"/>
                    <label end="30" start="25" name="NN1"/>
                    <label end="34" start="32" name="CJC"/>
                    <label end="42" start="36" name="VVD"/>
                    <label end="46" start="44" name="DPS"/>
                    <label end="51" start="48" name="NN1"/>
                    <label end="59" start="53" name="AV0"/>
                    <label end="64" start="61" name="PRP"/>
                    <label end="68" start="66" name="DPS"/>
                    <label end="74" start="70" name="NN2"/>
                    <label end="76" start="76" name="PUN"/>
                </layer>
            </annotationSet>
            <annotationSet cDate="01/06/2003 11:48:25 PST Mon" status="MANUAL" ID="314457">
                <layer rank="1" name="FE">
                    <label cBy="103" feID="68" end="8" start="0" name="Agent"/>
                    <label cBy="103" feID="69" end="51" start="44" name="Body_part"/>
                    <label cBy="103" feID="75" end="74" start="61" name="Goal"/>
                    <label cBy="277" feID="6503" end="59" start="53" name="Duration"/>
                </layer>
                <layer rank="1" name="GF">
                    <label end="8" start="0" name="Ext"/>
                    <label end="51" start="44" name="Obj"/>
                    <label end="74" start="61" name="Dep"/>
                    <label end="59" start="53" name="Dep"/>
                </layer>
                <layer rank="1" name="PT">
                    <label end="8" start="0" name="NP"/>
                    <label end="51" start="44" name="NP"/>
                    <label end="74" start="61" name="PP"/>
                    <label end="59" start="53" name="AVP"/>
                </layer>
                <layer rank="1" name="Sent">
                    <label end="0" start="0" name="sense1"/>
                </layer>
                <layer rank="1" name="Other"/>
                <layer rank="1" name="Target">
                    <label cBy="103" end="42" start="36" name="Target"/>
                </layer>
                <layer rank="1" name="Verb"/>
                <layer rank="2" name="FE">
                    <label cBy="277" feID="68" end="46" start="44" name="Agent"/>
                </layer>
            </annotationSet>
        </sentence>
    </subCorpus>
    <subCorpus name="V-670-pass-by"/>
    <subCorpus name="V-680-pass"/>
    <subCorpus name="V-890-intrans-adverb">
        <sentence sentNo="0" aPos="101432195" ID="335829">
            <text>Her mouth dropped open . </text>
            <annotationSet cDate="01/06/2003 11:48:31 PST Mon" status="UNANN" ID="314554">
                <layer rank="1" name="BNC">
                    <label end="2" start="0" name="DPS"/>
                    <label end="8" start="4" name="NN1"/>
                    <label end="16" start="10" name="VVD-VVN"/>
                    <label end="21" start="18" name="AJ0-AV0"/>
                    <label end="23" start="23" name="PUN"/>
                </layer>
            </annotationSet>
            <annotationSet cDate="01/06/2003 11:48:31 PST Mon" status="MANUAL" ID="314555">
                <layer rank="1" name="FE">
                    <label cBy="103" feID="69" end="8" start="0" name="Body_part"/>
                    <label cBy="103" feID="920" end="21" start="18" name="Result"/>
                </layer>
                <layer rank="1" name="GF">
                    <label end="8" start="0" name="Ext"/>
                    <label end="21" start="18" name="Dep"/>
                </layer>
                <layer rank="1" name="PT">
                    <label end="8" start="0" name="NP"/>
                    <label end="21" start="18" name="AJP"/>
                </layer>
                <layer rank="1" name="Sent">
                    <label end="0" start="0" name="sense2"/>
                </layer>
                <layer rank="1" name="Other"/>
                <layer rank="1" name="Target">
                    <label cBy="103" end="16" start="10" name="Target"/>
                </layer>
                <layer rank="1" name="Verb"/>
                <layer rank="2" name="FE">
                    <label cBy="277" feID="68" end="2" start="0" name="Agent"/>
                </layer>
            </annotationSet>
        </sentence>
    </subCorpus>
    <subCorpus name="V-900-other"/>
</lexUnit>