<?xml version="1.0" encoding="UTF-8" standalone="yes"?>
<?xml-stylesheet type="text/xsl" href="lexUnit.xsl"?>
<lexUnit status="Insufficient_Attestations" POS="N" name="homonym.n" ID="7517" frame="Word_relations" frameID="404" totalAnnotated="0" xsi:schemaLocation="../schema/lexUnit.xsd" xmlns="http://framenet.icsi.berkeley.edu" xmlns:xsi="http://www.w3.org/2001/XMLSchema-instance">
    <header>
        <frame>
            <FE fgColor="FFFFFF" bgColor="FF0000" type="Extra-Thematic" abbrev="cir" name="Circumstances"/>
            <FE fgColor="FFFFFF" bgColor="800080" type="Core" abbrev="Sgns" name="Signs"/>
            <FE fgColor="FFFFFF" bgColor="9F79EE" type="Core" abbrev="Sgn-1" name="Sign_1"/>
            <FE fgColor="FFFFFF" bgColor="FF69B4" type="Core" abbrev="Sgn-2" name="Sign_2"/>
        </frame>
    </header>
    <definition>COD:    each of two or more words having the same spelling and pronunciation but different meanings and origins (e.g. pole #1  and pole #2 ).</definition>
    <lexeme POS="N" name="homonym"/>
    <valences/>
    <subCorpus name="N-001-all"/>
</lexUnit>