<?xml version="1.0" encoding="UTF-8" standalone="yes"?>
<?xml-stylesheet type="text/xsl" href="lexUnit.xsl"?>
<lexUnit status="Insufficient_Attestations" POS="V" name="rend.v" ID="7579" frame="Cause_to_fragment" frameID="414" totalAnnotated="4" xsi:schemaLocation="../schema/lexUnit.xsd" xmlns="http://framenet.icsi.berkeley.edu" xmlns:xsi="http://www.w3.org/2001/XMLSchema-instance">
    <header>
        <corpus name="BNC2" ID="111">
            <document description="bncp" ID="421"/>
        </corpus>
        <frame>
            <FE fgColor="FFFFFF" bgColor="FF0000" type="Core" abbrev="Agt" name="Agent"/>
            <FE fgColor="FFFFFF" bgColor="00BFFF" type="Core" abbrev="cau" name="Cause"/>
            <FE fgColor="FFFFFF" bgColor="1E90FF" type="Peripheral" abbrev="Degr" name="Degree"/>
            <FE fgColor="FFFFFF" bgColor="808080" type="Peripheral" abbrev="Ins" name="Instrument"/>
            <FE fgColor="FFFFFF" bgColor="FF69B4" type="Peripheral" abbrev="Mnr" name="Manner"/>
            <FE fgColor="FFFFFF" bgColor="FF00FF" type="Peripheral" abbrev="Mns" name="Means"/>
            <FE fgColor="FFFFFF" bgColor="9400D3" type="Core" abbrev="Pieces" name="Pieces"/>
            <FE fgColor="FFFFFF" bgColor="008000" type="Peripheral" abbrev="Place" name="Place"/>
            <FE fgColor="FFFFFF" bgColor="800080" type="Extra-Thematic" abbrev="Purp" name="Purpose"/>
            <FE fgColor="FFFFFF" bgColor="9F79EE" type="Extra-Thematic" abbrev="Reason" name="Reason"/>
            <FE fgColor="FFFFFF" bgColor="00008B" type="Peripheral" abbrev="Res_surf" name="Resistant_surface"/>
            <FE fgColor="FFFFFF" bgColor="A52A2A" type="Extra-Thematic" abbrev="Result" name="Result"/>
            <FE fgColor="FFFFFF" bgColor="7CCD73" type="Extra-Thematic" abbrev="Subr" name="Subregion"/>
            <FE fgColor="FFFFFF" bgColor="FFA500" type="Peripheral" abbrev="Time" name="Time"/>
            <FE fgColor="FFFFFF" bgColor="0000FF" type="Core" abbrev="Pat" name="Whole_patient"/>
        </frame>
    </header>
    <definition>COD: tear to pieces. </definition>
    <lexeme POS="V" name="rend"/>
    <valences>
        <FERealization total="4">
            <FE name="Agent"/>
            <pattern total="4">
                <valenceUnit GF="Ext" PT="NP" FE="Agent"/>
                <annoSet ID="1792477"/>
                <annoSet ID="1792485"/>
                <annoSet ID="2003230"/>
                <annoSet ID="2003234"/>
            </pattern>
        </FERealization>
        <FERealization total="4">
            <FE name="Pieces"/>
            <pattern total="4">
                <valenceUnit GF="" PT="INI" FE="Pieces"/>
                <annoSet ID="1792477"/>
                <annoSet ID="1792485"/>
                <annoSet ID="2003230"/>
                <annoSet ID="2003234"/>
            </pattern>
        </FERealization>
        <FERealization total="1">
            <FE name="Subregion"/>
            <pattern total="1">
                <valenceUnit GF="Dep" PT="PP[from]" FE="Subregion"/>
                <annoSet ID="2003230"/>
            </pattern>
        </FERealization>
        <FERealization total="4">
            <FE name="Whole_patient"/>
            <pattern total="4">
                <valenceUnit GF="Obj" PT="NP" FE="Whole_patient"/>
                <annoSet ID="1792477"/>
                <annoSet ID="1792485"/>
                <annoSet ID="2003230"/>
                <annoSet ID="2003234"/>
            </pattern>
        </FERealization>
        <FEGroupRealization total="1">
            <FE name="Agent"/>
            <FE name="Pieces"/>
            <FE name="Subregion"/>
            <FE name="Whole_patient"/>
            <pattern total="1">
                <valenceUnit GF="Ext" PT="NP" FE="Agent"/>
                <valenceUnit GF="" PT="INI" FE="Pieces"/>
                <valenceUnit GF="Dep" PT="PP[from]" FE="Subregion"/>
                <valenceUnit GF="Obj" PT="NP" FE="Whole_patient"/>
                <annoSet ID="2003230"/>
            </pattern>
        </FEGroupRealization>
        <FEGroupRealization total="3">
            <FE name="Agent"/>
            <FE name="Pieces"/>
            <FE name="Whole_patient"/>
            <pattern total="3">
                <valenceUnit GF="Ext" PT="NP" FE="Agent"/>
                <valenceUnit GF="" PT="INI" FE="Pieces"/>
                <valenceUnit GF="Obj" PT="NP" FE="Whole_patient"/>
                <annoSet ID="1792477"/>
                <annoSet ID="1792485"/>
                <annoSet ID="2003234"/>
            </pattern>
        </FEGroupRealization>
    </valences>
    <subCorpus name="V-001-all">
        <sentence sentNo="0" aPos="48319315" ID="1171071">
            <text>When overcome with grief , men rend their clothes . </text>
            <annotationSet cDate="01/08/2003 05:21:19 PST Wed" status="UNANN" ID="1792476">
                <layer rank="1" name="BNC">
                    <label end="3" start="0" name="AVQ-CJS"/>
                    <label end="12" start="5" name="AJ0"/>
                    <label end="17" start="14" name="PRP"/>
                    <label end="23" start="19" name="NN1"/>
                    <label end="25" start="25" name="PUN"/>
                    <label end="29" start="27" name="NN2"/>
                    <label end="34" start="31" name="VVB"/>
                    <label end="40" start="36" name="DPS"/>
                    <label end="48" start="42" name="NN2"/>
                    <label end="50" start="50" name="PUN"/>
                </layer>
            </annotationSet>
            <annotationSet cDate="01/08/2003 05:21:19 PST Wed" status="MANUAL" ID="1792477">
                <layer rank="1" name="FE">
                    <label cBy="351" feID="3802" end="29" start="27" name="Agent"/>
                    <label cBy="351" feID="3806" end="48" start="36" name="Whole_patient"/>
                    <label cBy="351" feID="3812" itype="INI" name="Pieces"/>
                </layer>
                <layer rank="1" name="GF">
                    <label end="29" start="27" name="Ext"/>
                    <label end="48" start="36" name="Obj"/>
                </layer>
                <layer rank="1" name="PT">
                    <label end="29" start="27" name="NP"/>
                    <label end="48" start="36" name="NP"/>
                </layer>
                <layer rank="1" name="Sent"/>
                <layer rank="1" name="Other"/>
                <layer rank="1" name="Target">
                    <label cBy="103" end="34" start="31" name="Target"/>
                </layer>
                <layer rank="1" name="Verb"/>
            </annotationSet>
        </sentence>
        <sentence sentNo="0" aPos="74434698" ID="1171075">
            <text>Jahanara Begum and the other women present began to wail , beat their breasts , tear their hair and rend their garments …</text>
            <annotationSet cDate="01/08/2003 05:21:20 PST Wed" status="UNANN" ID="1792484">
                <layer rank="1" name="BNC">
                    <label end="7" start="0" name="NN1-NP0"/>
                    <label end="13" start="9" name="NN1-NP0"/>
                    <label end="17" start="15" name="CJC"/>
                    <label end="21" start="19" name="AT0"/>
                    <label end="27" start="23" name="AJ0"/>
                    <label end="33" start="29" name="NN2"/>
                    <label end="41" start="35" name="NN1"/>
                    <label end="47" start="43" name="VVD"/>
                    <label end="50" start="49" name="TO0"/>
                    <label end="55" start="52" name="VVI"/>
                    <label end="57" start="57" name="PUN"/>
                    <label end="62" start="59" name="VVD"/>
                    <label end="68" start="64" name="DPS"/>
                    <label end="76" start="70" name="NN2"/>
                    <label end="78" start="78" name="PUN"/>
                    <label end="83" start="80" name="VVB"/>
                    <label end="89" start="85" name="DPS"/>
                    <label end="94" start="91" name="NN1"/>
                    <label end="98" start="96" name="CJC"/>
                    <label end="103" start="100" name="VVB"/>
                    <label end="109" start="105" name="DPS"/>
                    <label end="118" start="111" name="NN2"/>
                    <label end="120" start="120" name="PUN"/>
                </layer>
            </annotationSet>
            <annotationSet cDate="01/08/2003 05:21:20 PST Wed" status="MANUAL" ID="1792485">
                <layer rank="1" name="FE">
                    <label cBy="351" feID="3802" end="41" start="0" name="Agent"/>
                    <label cBy="351" feID="3806" end="118" start="105" name="Whole_patient"/>
                    <label cBy="351" feID="3812" itype="INI" name="Pieces"/>
                </layer>
                <layer rank="1" name="GF">
                    <label end="41" start="0" name="Ext"/>
                    <label end="118" start="105" name="Obj"/>
                </layer>
                <layer rank="1" name="PT">
                    <label end="41" start="0" name="NP"/>
                    <label end="118" start="105" name="NP"/>
                </layer>
                <layer rank="1" name="Sent"/>
                <layer rank="1" name="Other"/>
                <layer rank="1" name="Target">
                    <label cBy="103" end="103" start="100" name="Target"/>
                </layer>
                <layer rank="1" name="Verb"/>
            </annotationSet>
        </sentence>
    </subCorpus>
    <subCorpus name="01-T-Wapart,asunder-(1)"/>
    <subCorpus name="02-Wbe-T-(1)"/>
    <subCorpus name="03-T-NPcloth,flesh,garment-(1)">
        <sentence corpID="111" docID="421" sentNo="6" paragNo="340" aPos="95748893" ID="1278119">
            <text>He stopped again by the pavilion and , with his eyes fixed on Gabriel and a demented grin on his pock-marked face , rent the golden cloth from bottom to top .</text>
            <annotationSet cDate="09/15/2004 05:07:26 PDT Wed" status="UNANN" ID="2003229">
                <layer rank="1" name="PENN">
                    <label end="1" start="0" name="PP"/>
                    <label end="9" start="3" name="VVD"/>
                    <label end="15" start="11" name="rb"/>
                    <label end="18" start="17" name="in"/>
                    <label end="22" start="20" name="dt"/>
                    <label end="31" start="24" name="nn"/>
                    <label end="35" start="33" name="cc"/>
                    <label end="37" start="37" name=","/>
                    <label end="42" start="39" name="in"/>
                    <label end="46" start="44" name="PP$"/>
                    <label end="51" start="48" name="nns"/>
                    <label end="57" start="53" name="VVN"/>
                    <label end="60" start="59" name="in"/>
                    <label end="68" start="62" name="NP"/>
                    <label end="72" start="70" name="cc"/>
                    <label end="74" start="74" name="dt"/>
                    <label end="83" start="76" name="jj"/>
                    <label end="88" start="85" name="nn"/>
                    <label end="91" start="90" name="in"/>
                    <label end="95" start="93" name="PP$"/>
                    <label end="107" start="97" name="jj"/>
                    <label end="112" start="109" name="nn"/>
                    <label end="114" start="114" name=","/>
                    <label end="119" start="116" name="VV"/>
                    <label end="123" start="121" name="dt"/>
                    <label end="130" start="125" name="jj"/>
                    <label end="136" start="132" name="nn"/>
                    <label end="141" start="138" name="in"/>
                    <label end="148" start="143" name="nn"/>
                    <label end="151" start="150" name="to"/>
                    <label end="155" start="153" name="VV"/>
                    <label end="157" start="157" name="sent"/>
                </layer>
            </annotationSet>
            <annotationSet cDate="09/15/2004 05:07:26 PDT Wed" status="MANUAL" ID="2003230">
                <layer rank="1" name="Target">
                    <label cBy="618" end="119" start="116" name="Target"/>
                </layer>
                <layer rank="1" name="FE">
                    <label cBy="618" feID="3806" end="136" start="121" name="Whole_patient"/>
                    <label cBy="618" feID="3802" end="1" start="0" name="Agent"/>
                    <label cBy="303" feID="3834" end="155" start="138" name="Subregion"/>
                    <label cBy="303" feID="3812" itype="INI" name="Pieces"/>
                </layer>
                <layer rank="1" name="GF">
                    <label end="136" start="121" name="Obj"/>
                    <label end="1" start="0" name="Ext"/>
                    <label end="155" start="138" name="Dep"/>
                </layer>
                <layer rank="1" name="PT">
                    <label end="136" start="121" name="NP"/>
                    <label end="1" start="0" name="NP"/>
                    <label end="155" start="138" name="PP"/>
                </layer>
                <layer rank="1" name="Other"/>
                <layer rank="1" name="Sent"/>
                <layer rank="1" name="Verb"/>
            </annotationSet>
        </sentence>
        <sentence corpID="111" docID="421" sentNo="1" paragNo="17" aPos="9217286" ID="1278121">
            <text>When he heard of a Kaiser talking in an after-dinner speech about ` my friend the Sultan &quot; he was astonished , and could have rent his garments .</text>
            <annotationSet cDate="09/15/2004 05:07:27 PDT Wed" status="UNANN" ID="2003233">
                <layer rank="1" name="PENN">
                    <label end="3" start="0" name="wrb"/>
                    <label end="6" start="5" name="PP"/>
                    <label end="12" start="8" name="VVD"/>
                    <label end="15" start="14" name="in"/>
                    <label end="17" start="17" name="dt"/>
                    <label end="24" start="19" name="NP"/>
                    <label end="32" start="26" name="VVG"/>
                    <label end="35" start="34" name="in"/>
                    <label end="38" start="37" name="dt"/>
                    <label end="51" start="40" name="nn"/>
                    <label end="58" start="53" name="nn"/>
                    <label end="64" start="60" name="in"/>
                    <label end="69" start="68" name="PP$"/>
                    <label end="76" start="71" name="nn"/>
                    <label end="80" start="78" name="dt"/>
                    <label end="87" start="82" name="NP"/>
                    <label end="92" start="91" name="PP"/>
                    <label end="96" start="94" name="VBD"/>
                    <label end="107" start="98" name="VVN"/>
                    <label end="109" start="109" name=","/>
                    <label end="113" start="111" name="cc"/>
                    <label end="119" start="115" name="md"/>
                    <label end="124" start="121" name="VH"/>
                    <label end="129" start="126" name="VV"/>
                    <label end="133" start="131" name="PP$"/>
                    <label end="142" start="135" name="nns"/>
                    <label end="144" start="144" name="sent"/>
                </layer>
            </annotationSet>
            <annotationSet cDate="09/15/2004 05:07:27 PDT Wed" status="MANUAL" ID="2003234">
                <layer rank="1" name="Target">
                    <label cBy="618" end="129" start="126" name="Target"/>
                </layer>
                <layer rank="1" name="FE">
                    <label cBy="618" feID="3802" end="92" start="91" name="Agent"/>
                    <label cBy="618" feID="3806" end="142" start="131" name="Whole_patient"/>
                    <label cBy="618" feID="3812" itype="INI" name="Pieces"/>
                </layer>
                <layer rank="1" name="GF">
                    <label end="92" start="91" name="Ext"/>
                    <label end="142" start="131" name="Obj"/>
                </layer>
                <layer rank="1" name="PT">
                    <label end="92" start="91" name="NP"/>
                    <label end="142" start="131" name="NP"/>
                </layer>
                <layer rank="1" name="Other"/>
                <layer rank="1" name="Sent"/>
                <layer rank="1" name="Verb"/>
            </annotationSet>
        </sentence>
    </subCorpus>
    <subCorpus name="other-matched-(1)"/>
    <subCorpus name="other-unmatched-(1)"/>
</lexUnit>