<?xml version="1.0" encoding="UTF-8" standalone="yes"?>
<?xml-stylesheet type="text/xsl" href="lexUnit.xsl"?>
<lexUnit status="Insufficient_Attestations" POS="V" name="foretoken.v" ID="7543" frame="Omen" frameID="412" totalAnnotated="0" xsi:schemaLocation="../schema/lexUnit.xsd" xmlns="http://framenet.icsi.berkeley.edu" xmlns:xsi="http://www.w3.org/2001/XMLSchema-instance">
    <header>
        <frame>
            <FE fgColor="FFFFFF" bgColor="7CCD7C" type="Extra-Thematic" abbrev="" name="Circumstances"/>
            <FE fgColor="FFFFFF" bgColor="00008B" type="Extra-Thematic" abbrev="" name="Explanation"/>
            <FE fgColor="FFFFFF" bgColor="FF0000" type="Peripheral" abbrev="Interested_party" name="Interested_party"/>
            <FE fgColor="FFFFFF" bgColor="0000FF" type="Core" abbrev="Outcome" name="Outcome"/>
            <FE fgColor="FFFFFF" bgColor="800080" type="Core" abbrev="Phen1" name="Phenomenon_1"/>
            <FE fgColor="FFFFFF" bgColor="008000" type="Core" abbrev="Phen-2" name="Phenomenon_2"/>
            <FE fgColor="FFFFFF" bgColor="1E90FF" type="Peripheral" abbrev="str" name="Strength"/>
            <FE fgColor="FFFFFF" bgColor="FFA500" type="Peripheral" abbrev="" name="Time"/>
        </frame>
    </header>
    <definition>COD: be a sign of</definition>
    <lexeme POS="V" name="foretoken"/>
    <valences/>
</lexUnit>