<?xml version="1.0" encoding="UTF-8" standalone="yes"?>
<?xml-stylesheet type="text/xsl" href="lexUnit.xsl"?>
<lexUnit status="Finished_Initial" POS="N" name="spot.n" ID="7513" frame="Locale" frameID="192" totalAnnotated="17" xsi:schemaLocation="../schema/lexUnit.xsd" xmlns="http://framenet.icsi.berkeley.edu" xmlns:xsi="http://www.w3.org/2001/XMLSchema-instance">
    <header>
        <corpus name="BNC2" ID="111">
            <document description="bncp" ID="421"/>
        </corpus>
        <frame>
            <FE fgColor="FFFFFF" bgColor="1E90FF" type="Extra-Thematic" abbrev="Cnst" name="Constituent_parts"/>
            <FE fgColor="FFFFFF" bgColor="808080" type="Extra-Thematic" abbrev="ContP" name="Container_possessor"/>
            <FE fgColor="FFFFFF" bgColor="008000" type="Extra-Thematic" abbrev="des" name="Descriptor"/>
            <FE fgColor="FFFFFF" bgColor="0000FF" type="Extra-Thematic" abbrev="for" name="Formational_cause"/>
            <FE fgColor="FFFFFF" bgColor="FF0000" type="Core" abbrev="Lcl" name="Locale"/>
            <FE fgColor="FFFFFF" bgColor="9F79EE" type="Extra-Thematic" abbrev="Name" name="Name"/>
            <FE fgColor="A52A2A" bgColor="FFFF00" type="Extra-Thematic" abbrev="RelEvnt" name="Related_event"/>
            <FE fgColor="FFFFFF" bgColor="800080" type="Peripheral" abbrev="rel" name="Relative_location"/>
            <FE fgColor="FFFFFF" bgColor="A52A2A" type="Extra-Thematic" abbrev="" name="Use"/>
        </frame>
    </header>
    <definition>COD:  a particular place, point, or position.</definition>
    <lexeme POS="N" name="spot"/>
    <valences>
        <FERealization total="7">
            <FE name="Container_possessor"/>
            <pattern total="1">
                <valenceUnit GF="Dep" PT="N" FE="Container_possessor"/>
                <annoSet ID="2276781"/>
            </pattern>
            <pattern total="6">
                <valenceUnit GF="Dep" PT="PP[in]" FE="Container_possessor"/>
                <annoSet ID="2276437"/>
                <annoSet ID="2276439"/>
                <annoSet ID="2276503"/>
                <annoSet ID="2276535"/>
                <annoSet ID="2276761"/>
                <annoSet ID="2276821"/>
            </pattern>
        </FERealization>
        <FERealization total="10">
            <FE name="Descriptor"/>
            <pattern total="9">
                <valenceUnit GF="Dep" PT="AJP" FE="Descriptor"/>
                <annoSet ID="2276439"/>
                <annoSet ID="2276507"/>
                <annoSet ID="2276567"/>
                <annoSet ID="2276761"/>
                <annoSet ID="2276767"/>
                <annoSet ID="2276781"/>
                <annoSet ID="2276795"/>
                <annoSet ID="2276803"/>
                <annoSet ID="2276821"/>
            </pattern>
            <pattern total="1">
                <valenceUnit GF="Dep" PT="VPed" FE="Descriptor"/>
                <annoSet ID="2276763"/>
            </pattern>
        </FERealization>
        <FERealization total="3">
            <FE name="Formational_cause"/>
            <pattern total="1">
                <valenceUnit GF="Dep" PT="N" FE="Formational_cause"/>
                <annoSet ID="2276535"/>
            </pattern>
            <pattern total="1">
                <valenceUnit GF="Dep" PT="A" FE="Formational_cause"/>
                <annoSet ID="2276459"/>
            </pattern>
            <pattern total="1">
                <valenceUnit GF="Dep" PT="VPed" FE="Formational_cause"/>
                <annoSet ID="2276491"/>
            </pattern>
        </FERealization>
        <FERealization total="17">
            <FE name="Locale"/>
            <pattern total="17">
                <valenceUnit GF="" PT="DEN" FE="Locale"/>
                <annoSet ID="2276435"/>
                <annoSet ID="2276437"/>
                <annoSet ID="2276439"/>
                <annoSet ID="2276459"/>
                <annoSet ID="2276491"/>
                <annoSet ID="2276495"/>
                <annoSet ID="2276503"/>
                <annoSet ID="2276507"/>
                <annoSet ID="2276535"/>
                <annoSet ID="2276567"/>
                <annoSet ID="2276761"/>
                <annoSet ID="2276763"/>
                <annoSet ID="2276767"/>
                <annoSet ID="2276781"/>
                <annoSet ID="2276795"/>
                <annoSet ID="2276803"/>
                <annoSet ID="2276821"/>
            </pattern>
        </FERealization>
        <FERealization total="2">
            <FE name="Relative_location"/>
            <pattern total="1">
                <valenceUnit GF="Dep" PT="PP[on]" FE="Relative_location"/>
                <annoSet ID="2276795"/>
            </pattern>
            <pattern total="1">
                <valenceUnit GF="Dep" PT="PP[in]" FE="Relative_location"/>
                <annoSet ID="2276435"/>
            </pattern>
        </FERealization>
        <FEGroupRealization total="4">
            <FE name="Container_possessor"/>
            <FE name="Descriptor"/>
            <FE name="Locale"/>
            <pattern total="1">
                <valenceUnit GF="Dep" PT="N" FE="Container_possessor"/>
                <valenceUnit GF="Dep" PT="AJP" FE="Descriptor"/>
                <valenceUnit GF="" PT="DEN" FE="Locale"/>
                <annoSet ID="2276781"/>
            </pattern>
            <pattern total="3">
                <valenceUnit GF="Dep" PT="PP[in]" FE="Container_possessor"/>
                <valenceUnit GF="Dep" PT="AJP" FE="Descriptor"/>
                <valenceUnit GF="" PT="DEN" FE="Locale"/>
                <annoSet ID="2276439"/>
                <annoSet ID="2276761"/>
                <annoSet ID="2276821"/>
            </pattern>
        </FEGroupRealization>
        <FEGroupRealization total="1">
            <FE name="Container_possessor"/>
            <FE name="Formational_cause"/>
            <FE name="Locale"/>
            <pattern total="1">
                <valenceUnit GF="Dep" PT="PP[in]" FE="Container_possessor"/>
                <valenceUnit GF="Dep" PT="N" FE="Formational_cause"/>
                <valenceUnit GF="" PT="DEN" FE="Locale"/>
                <annoSet ID="2276535"/>
            </pattern>
        </FEGroupRealization>
        <FEGroupRealization total="2">
            <FE name="Container_possessor"/>
            <FE name="Locale"/>
            <pattern total="2">
                <valenceUnit GF="Dep" PT="PP[in]" FE="Container_possessor"/>
                <valenceUnit GF="" PT="DEN" FE="Locale"/>
                <annoSet ID="2276437"/>
                <annoSet ID="2276503"/>
            </pattern>
        </FEGroupRealization>
        <FEGroupRealization total="5">
            <FE name="Descriptor"/>
            <FE name="Locale"/>
            <pattern total="4">
                <valenceUnit GF="Dep" PT="AJP" FE="Descriptor"/>
                <valenceUnit GF="" PT="DEN" FE="Locale"/>
                <annoSet ID="2276507"/>
                <annoSet ID="2276567"/>
                <annoSet ID="2276767"/>
                <annoSet ID="2276803"/>
            </pattern>
            <pattern total="1">
                <valenceUnit GF="Dep" PT="VPed" FE="Descriptor"/>
                <valenceUnit GF="" PT="DEN" FE="Locale"/>
                <annoSet ID="2276763"/>
            </pattern>
        </FEGroupRealization>
        <FEGroupRealization total="1">
            <FE name="Descriptor"/>
            <FE name="Locale"/>
            <FE name="Relative_location"/>
            <pattern total="1">
                <valenceUnit GF="Dep" PT="AJP" FE="Descriptor"/>
                <valenceUnit GF="" PT="DEN" FE="Locale"/>
                <valenceUnit GF="Dep" PT="PP[on]" FE="Relative_location"/>
                <annoSet ID="2276795"/>
            </pattern>
        </FEGroupRealization>
        <FEGroupRealization total="2">
            <FE name="Formational_cause"/>
            <FE name="Locale"/>
            <pattern total="1">
                <valenceUnit GF="Dep" PT="A" FE="Formational_cause"/>
                <valenceUnit GF="" PT="DEN" FE="Locale"/>
                <annoSet ID="2276459"/>
            </pattern>
            <pattern total="1">
                <valenceUnit GF="Dep" PT="VPed" FE="Formational_cause"/>
                <valenceUnit GF="" PT="DEN" FE="Locale"/>
                <annoSet ID="2276491"/>
            </pattern>
        </FEGroupRealization>
        <FEGroupRealization total="1">
            <FE name="Locale"/>
            <pattern total="1">
                <valenceUnit GF="" PT="DEN" FE="Locale"/>
                <annoSet ID="2276495"/>
            </pattern>
        </FEGroupRealization>
        <FEGroupRealization total="1">
            <FE name="Locale"/>
            <FE name="Relative_location"/>
            <pattern total="1">
                <valenceUnit GF="" PT="DEN" FE="Locale"/>
                <valenceUnit GF="Dep" PT="PP[in]" FE="Relative_location"/>
                <annoSet ID="2276435"/>
            </pattern>
        </FEGroupRealization>
    </valences>
    <subCorpus name="03-T-PPin-(1)">
        <sentence corpID="111" docID="421" sentNo="2" paragNo="749" aPos="26570838" ID="1414292">
            <text>After all , you do n't want to be rooted to the spot in front of a microphone -- you want to perform !</text>
            <annotationSet cDate="03/30/2007 04:04:20 PDT Fri" status="UNANN" ID="2276434">
                <layer rank="1" name="PENN">
                    <label end="4" start="0" name="in"/>
                    <label end="8" start="6" name="dt"/>
                    <label end="10" start="10" name=","/>
                    <label end="14" start="12" name="PP"/>
                    <label end="17" start="16" name="VVP"/>
                    <label end="21" start="19" name="rb"/>
                    <label end="26" start="23" name="VV"/>
                    <label end="29" start="28" name="to"/>
                    <label end="32" start="31" name="vb"/>
                    <label end="39" start="34" name="VVN"/>
                    <label end="42" start="41" name="to"/>
                    <label end="46" start="44" name="dt"/>
                    <label end="51" start="48" name="nn"/>
                    <label end="54" start="53" name="in"/>
                    <label end="60" start="56" name="nn"/>
                    <label end="63" start="62" name="in"/>
                    <label end="65" start="65" name="dt"/>
                    <label end="76" start="67" name="nn"/>
                    <label end="79" start="78" name=":"/>
                    <label end="83" start="81" name="PP"/>
                    <label end="88" start="85" name="VVP"/>
                    <label end="91" start="90" name="to"/>
                    <label end="99" start="93" name="VV"/>
                    <label end="101" start="101" name="sent"/>
                </layer>
                <layer rank="1" name="NER"/>
                <layer rank="1" name="WSL"/>
            </annotationSet>
            <annotationSet cDate="03/30/2007 04:04:20 PDT Fri" status="MANUAL" ID="2276435">
                <layer rank="1" name="Target">
                    <label cBy="361" end="51" start="48" name="Target"/>
                </layer>
                <layer rank="1" name="FE">
                    <label cBy="361" feID="1565" end="51" start="48" name="Locale"/>
                    <label cBy="361" feID="1567" end="76" start="53" name="Relative_location"/>
                </layer>
                <layer rank="1" name="GF">
                    <label end="76" start="53" name="Dep"/>
                </layer>
                <layer rank="1" name="PT">
                    <label end="76" start="53" name="PP"/>
                </layer>
                <layer rank="1" name="Other"/>
                <layer rank="1" name="Sent"/>
                <layer rank="1" name="Noun"/>
            </annotationSet>
        </sentence>
        <sentence corpID="111" docID="421" sentNo="5" paragNo="205" aPos="40481222" ID="1414293">
            <text>I know the spot in Deal ? only a few miles from us .</text>
            <annotationSet cDate="03/30/2007 04:04:20 PDT Fri" status="UNANN" ID="2276436">
                <layer rank="1" name="PENN">
                    <label end="0" start="0" name="PP"/>
                    <label end="5" start="2" name="VVP"/>
                    <label end="9" start="7" name="dt"/>
                    <label end="14" start="11" name="nn"/>
                    <label end="17" start="16" name="in"/>
                    <label end="22" start="19" name="nn"/>
                    <label end="24" start="24" name="nns"/>
                    <label end="29" start="26" name="rb"/>
                    <label end="31" start="31" name="dt"/>
                    <label end="35" start="33" name="jj"/>
                    <label end="41" start="37" name="nns"/>
                    <label end="46" start="43" name="in"/>
                    <label end="49" start="48" name="PP"/>
                    <label end="51" start="51" name="sent"/>
                </layer>
                <layer rank="1" name="NER"/>
                <layer rank="1" name="WSL"/>
            </annotationSet>
            <annotationSet cDate="03/30/2007 04:04:20 PDT Fri" status="MANUAL" ID="2276437">
                <layer rank="1" name="Target">
                    <label cBy="361" end="14" start="11" name="Target"/>
                </layer>
                <layer rank="1" name="FE">
                    <label cBy="361" feID="1565" end="14" start="11" name="Locale"/>
                    <label cBy="361" feID="1569" end="22" start="16" name="Container_possessor"/>
                </layer>
                <layer rank="1" name="GF">
                    <label end="22" start="16" name="Dep"/>
                </layer>
                <layer rank="1" name="PT">
                    <label end="22" start="16" name="PP"/>
                </layer>
                <layer rank="1" name="Other"/>
                <layer rank="1" name="Sent"/>
                <layer rank="1" name="Noun"/>
            </annotationSet>
        </sentence>
        <sentence corpID="111" docID="421" sentNo="6" paragNo="163" aPos="15670797" ID="1414294">
            <text>Joachim eventually broke away from the Cistercians and retired to a lonely spot in Calabria where disciples gathered around him and he was given papal permission to found his own congregation .</text>
            <annotationSet cDate="03/30/2007 04:04:21 PDT Fri" status="UNANN" ID="2276438">
                <layer rank="1" name="PENN">
                    <label end="6" start="0" name="NP"/>
                    <label end="17" start="8" name="rb"/>
                    <label end="23" start="19" name="VVD"/>
                    <label end="28" start="25" name="rp"/>
                    <label end="33" start="30" name="in"/>
                    <label end="37" start="35" name="dt"/>
                    <label end="49" start="39" name="NP"/>
                    <label end="53" start="51" name="cc"/>
                    <label end="61" start="55" name="VVD"/>
                    <label end="64" start="63" name="to"/>
                    <label end="66" start="66" name="dt"/>
                    <label end="73" start="68" name="jj"/>
                    <label end="78" start="75" name="nn"/>
                    <label end="81" start="80" name="in"/>
                    <label end="90" start="83" name="NP"/>
                    <label end="96" start="92" name="wrb"/>
                    <label end="106" start="98" name="nns"/>
                    <label end="115" start="108" name="VVD"/>
                    <label end="122" start="117" name="in"/>
                    <label end="126" start="124" name="PP"/>
                    <label end="130" start="128" name="cc"/>
                    <label end="133" start="132" name="PP"/>
                    <label end="137" start="135" name="VBD"/>
                    <label end="143" start="139" name="VVN"/>
                    <label end="149" start="145" name="jj"/>
                    <label end="160" start="151" name="nn"/>
                    <label end="163" start="162" name="to"/>
                    <label end="169" start="165" name="VVN"/>
                    <label end="173" start="171" name="PP$"/>
                    <label end="177" start="175" name="jj"/>
                    <label end="190" start="179" name="nn"/>
                    <label end="192" start="192" name="sent"/>
                </layer>
                <layer rank="1" name="NER"/>
                <layer rank="1" name="WSL"/>
            </annotationSet>
            <annotationSet cDate="03/30/2007 04:04:21 PDT Fri" status="MANUAL" ID="2276439">
                <layer rank="1" name="Target">
                    <label cBy="361" end="78" start="75" name="Target"/>
                </layer>
                <layer rank="1" name="FE">
                    <label cBy="361" feID="6966" end="73" start="68" name="Descriptor"/>
                    <label cBy="361" feID="1565" end="78" start="75" name="Locale"/>
                    <label cBy="361" feID="1569" end="90" start="80" name="Container_possessor"/>
                </layer>
                <layer rank="1" name="GF">
                    <label end="73" start="68" name="Dep"/>
                    <label end="90" start="80" name="Dep"/>
                </layer>
                <layer rank="1" name="PT">
                    <label end="73" start="68" name="AJP"/>
                    <label end="90" start="80" name="PP"/>
                </layer>
                <layer rank="1" name="Other"/>
                <layer rank="1" name="Sent"/>
                <layer rank="1" name="Noun"/>
            </annotationSet>
        </sentence>
        <sentence corpID="111" docID="421" sentNo="1" paragNo="456" aPos="17173697" ID="1414304">
            <text>The site of Harveys ' Foundry in Foundry Square is an historic spot in industrial terms .</text>
            <annotationSet cDate="03/30/2007 04:04:25 PDT Fri" status="UNANN" ID="2276458">
                <layer rank="1" name="PENN">
                    <label end="2" start="0" name="dt"/>
                    <label end="7" start="4" name="nn"/>
                    <label end="10" start="9" name="in"/>
                    <label end="18" start="12" name="NPS"/>
                    <label end="20" start="20" name="POS"/>
                    <label end="28" start="22" name="nn"/>
                    <label end="31" start="30" name="in"/>
                    <label end="39" start="33" name="nn"/>
                    <label end="46" start="41" name="NP"/>
                    <label end="49" start="48" name="VBZ"/>
                    <label end="52" start="51" name="dt"/>
                    <label end="61" start="54" name="jj"/>
                    <label end="66" start="63" name="nn"/>
                    <label end="69" start="68" name="in"/>
                    <label end="80" start="71" name="jj"/>
                    <label end="86" start="82" name="nns"/>
                    <label end="88" start="88" name="sent"/>
                </layer>
                <layer rank="1" name="NER"/>
                <layer rank="1" name="WSL"/>
            </annotationSet>
            <annotationSet cDate="03/30/2007 04:04:25 PDT Fri" status="MANUAL" ID="2276459">
                <layer rank="1" name="Target">
                    <label cBy="361" end="66" start="63" name="Target"/>
                </layer>
                <layer rank="1" name="FE">
                    <label cBy="361" feID="1568" end="61" start="54" name="Formational_cause"/>
                    <label cBy="361" feID="1565" end="66" start="63" name="Locale"/>
                </layer>
                <layer rank="1" name="GF">
                    <label end="61" start="54" name="Dep"/>
                </layer>
                <layer rank="1" name="PT">
                    <label end="61" start="54" name="A"/>
                </layer>
                <layer rank="1" name="Other"/>
                <layer rank="1" name="Sent"/>
                <layer rank="1" name="Noun"/>
            </annotationSet>
        </sentence>
    </subCorpus>
    <subCorpus name="05-AP-T-(1)">
        <sentence corpID="111" docID="421" sentNo="2" paragNo="338" aPos="102733057" ID="1414320">
            <text>The International Atomic Energy Agency 's marine environment laboratory says that parts of the Gulf are cleaner than they were before the war , although there are still heavily contaminated spots .</text>
            <annotationSet cDate="03/30/2007 04:04:31 PDT Fri" status="UNANN" ID="2276490">
                <layer rank="1" name="PENN">
                    <label end="2" start="0" name="dt"/>
                    <label end="16" start="4" name="NP"/>
                    <label end="23" start="18" name="jj"/>
                    <label end="30" start="25" name="NP"/>
                    <label end="37" start="32" name="NP"/>
                    <label end="40" start="39" name="POS"/>
                    <label end="47" start="42" name="jj"/>
                    <label end="59" start="49" name="nn"/>
                    <label end="70" start="61" name="nn"/>
                    <label end="75" start="72" name="VVZ"/>
                    <label end="80" start="77" name="in"/>
                    <label end="86" start="82" name="nns"/>
                    <label end="89" start="88" name="in"/>
                    <label end="93" start="91" name="dt"/>
                    <label end="98" start="95" name="NP"/>
                    <label end="102" start="100" name="vbp"/>
                    <label end="110" start="104" name="jjr"/>
                    <label end="115" start="112" name="in"/>
                    <label end="120" start="117" name="PP"/>
                    <label end="125" start="122" name="VBD"/>
                    <label end="132" start="127" name="in"/>
                    <label end="136" start="134" name="dt"/>
                    <label end="140" start="138" name="nn"/>
                    <label end="142" start="142" name=","/>
                    <label end="151" start="144" name="in"/>
                    <label end="157" start="153" name="ex"/>
                    <label end="161" start="159" name="vbp"/>
                    <label end="167" start="163" name="rb"/>
                    <label end="175" start="169" name="rb"/>
                    <label end="188" start="177" name="jj"/>
                    <label end="194" start="190" name="nns"/>
                    <label end="196" start="196" name="sent"/>
                </layer>
                <layer rank="1" name="NER"/>
                <layer rank="1" name="WSL"/>
            </annotationSet>
            <annotationSet cDate="03/30/2007 04:04:31 PDT Fri" status="MANUAL" ID="2276491">
                <layer rank="1" name="Target">
                    <label cBy="361" end="194" start="190" name="Target"/>
                </layer>
                <layer rank="1" name="FE">
                    <label cBy="361" feID="1568" end="188" start="177" name="Formational_cause"/>
                    <label cBy="361" feID="1565" end="194" start="190" name="Locale"/>
                </layer>
                <layer rank="1" name="GF">
                    <label end="188" start="177" name="Dep"/>
                </layer>
                <layer rank="1" name="PT">
                    <label end="188" start="177" name="VPed"/>
                </layer>
                <layer rank="1" name="Other"/>
                <layer rank="1" name="Sent"/>
                <layer rank="1" name="Noun"/>
            </annotationSet>
        </sentence>
        <sentence corpID="111" docID="421" sentNo="1" paragNo="549" aPos="107309262" ID="1414322">
            <text>` This looks like as good a spot as any , &quot; Matthew decided .</text>
            <annotationSet cDate="03/30/2007 04:04:32 PDT Fri" status="UNANN" ID="2276494">
                <layer rank="1" name="PENN">
                    <label end="5" start="2" name="dt"/>
                    <label end="11" start="7" name="VVZ"/>
                    <label end="16" start="13" name="in"/>
                    <label end="19" start="18" name="rb"/>
                    <label end="24" start="21" name="jj"/>
                    <label end="26" start="26" name="dt"/>
                    <label end="31" start="28" name="nn"/>
                    <label end="34" start="33" name="in"/>
                    <label end="38" start="36" name="dt"/>
                    <label end="40" start="40" name=","/>
                    <label end="50" start="44" name="NP"/>
                    <label end="58" start="52" name="VVD"/>
                    <label end="60" start="60" name="sent"/>
                </layer>
                <layer rank="1" name="NER"/>
                <layer rank="1" name="WSL"/>
            </annotationSet>
            <annotationSet cDate="03/30/2007 04:04:32 PDT Fri" status="MANUAL" ID="2276495">
                <layer rank="1" name="Target">
                    <label cBy="361" end="31" start="28" name="Target"/>
                </layer>
                <layer rank="1" name="FE">
                    <label cBy="361" feID="1565" end="31" start="28" name="Locale"/>
                </layer>
                <layer rank="1" name="GF"/>
                <layer rank="1" name="PT"/>
                <layer rank="1" name="Other"/>
                <layer rank="1" name="Sent"/>
                <layer rank="1" name="Noun"/>
            </annotationSet>
        </sentence>
        <sentence corpID="111" docID="421" sentNo="2" paragNo="254" aPos="48275870" ID="1414326">
            <text>The sea is as crystal clear as any spot in the Caribbean you might care to name .</text>
            <annotationSet cDate="03/30/2007 04:04:34 PDT Fri" status="UNANN" ID="2276502">
                <layer rank="1" name="PENN">
                    <label end="2" start="0" name="dt"/>
                    <label end="6" start="4" name="nn"/>
                    <label end="9" start="8" name="VBZ"/>
                    <label end="12" start="11" name="in"/>
                    <label end="20" start="14" name="nn"/>
                    <label end="26" start="22" name="jj"/>
                    <label end="29" start="28" name="in"/>
                    <label end="33" start="31" name="dt"/>
                    <label end="38" start="35" name="nn"/>
                    <label end="41" start="40" name="in"/>
                    <label end="45" start="43" name="dt"/>
                    <label end="55" start="47" name="NP"/>
                    <label end="59" start="57" name="PP"/>
                    <label end="65" start="61" name="md"/>
                    <label end="70" start="67" name="VV"/>
                    <label end="73" start="72" name="to"/>
                    <label end="78" start="75" name="VV"/>
                    <label end="80" start="80" name="sent"/>
                </layer>
                <layer rank="1" name="NER"/>
                <layer rank="1" name="WSL"/>
            </annotationSet>
            <annotationSet cDate="03/30/2007 04:04:34 PDT Fri" status="MANUAL" ID="2276503">
                <layer rank="1" name="Target">
                    <label cBy="361" end="38" start="35" name="Target"/>
                </layer>
                <layer rank="1" name="FE">
                    <label cBy="361" feID="1565" end="38" start="35" name="Locale"/>
                    <label cBy="361" feID="1569" end="55" start="40" name="Container_possessor"/>
                </layer>
                <layer rank="1" name="GF">
                    <label end="55" start="40" name="Dep"/>
                </layer>
                <layer rank="1" name="PT">
                    <label end="55" start="40" name="PP"/>
                </layer>
                <layer rank="1" name="Other"/>
                <layer rank="1" name="Sent"/>
                <layer rank="1" name="Noun"/>
            </annotationSet>
        </sentence>
        <sentence corpID="111" docID="421" sentNo="1" paragNo="99" aPos="24960279" ID="1414328">
            <text>The most feasible way to reduce the number of visitors to one area is to open up more scenic spots and footpaths in another .</text>
            <annotationSet cDate="03/30/2007 04:04:34 PDT Fri" status="UNANN" ID="2276506">
                <layer rank="1" name="PENN">
                    <label end="2" start="0" name="dt"/>
                    <label end="7" start="4" name="rbs"/>
                    <label end="16" start="9" name="jj"/>
                    <label end="20" start="18" name="nn"/>
                    <label end="23" start="22" name="to"/>
                    <label end="30" start="25" name="VV"/>
                    <label end="34" start="32" name="dt"/>
                    <label end="41" start="36" name="nn"/>
                    <label end="44" start="43" name="in"/>
                    <label end="53" start="46" name="nns"/>
                    <label end="56" start="55" name="to"/>
                    <label end="60" start="58" name="cd"/>
                    <label end="65" start="62" name="nn"/>
                    <label end="68" start="67" name="VBZ"/>
                    <label end="71" start="70" name="to"/>
                    <label end="76" start="73" name="VV"/>
                    <label end="79" start="78" name="rb"/>
                    <label end="84" start="81" name="rbr"/>
                    <label end="91" start="86" name="jj"/>
                    <label end="97" start="93" name="nns"/>
                    <label end="101" start="99" name="cc"/>
                    <label end="111" start="103" name="nns"/>
                    <label end="114" start="113" name="in"/>
                    <label end="122" start="116" name="dt"/>
                    <label end="124" start="124" name="sent"/>
                </layer>
                <layer rank="1" name="NER"/>
                <layer rank="1" name="WSL"/>
            </annotationSet>
            <annotationSet cDate="03/30/2007 04:04:34 PDT Fri" status="MANUAL" ID="2276507">
                <layer rank="1" name="Target">
                    <label cBy="361" end="97" start="93" name="Target"/>
                </layer>
                <layer rank="1" name="FE">
                    <label cBy="361" feID="6966" end="91" start="86" name="Descriptor"/>
                    <label cBy="361" feID="1565" end="97" start="93" name="Locale"/>
                </layer>
                <layer rank="1" name="GF">
                    <label end="91" start="86" name="Dep"/>
                </layer>
                <layer rank="1" name="PT">
                    <label end="91" start="86" name="AJP"/>
                </layer>
                <layer rank="1" name="Other"/>
                <layer rank="1" name="Sent"/>
                <layer rank="1" name="Noun"/>
            </annotationSet>
        </sentence>
    </subCorpus>
    <subCorpus name="06-T-(1)">
        <sentence corpID="111" docID="421" sentNo="1" paragNo="767" aPos="111104495" ID="1414342">
            <text>He thought of a survey after the North-East came eighth in a list of 11 favourite tourist spots in Britain .</text>
            <annotationSet cDate="03/30/2007 04:04:40 PDT Fri" status="UNANN" ID="2276534">
                <layer rank="1" name="PENN">
                    <label end="1" start="0" name="PP"/>
                    <label end="9" start="3" name="VVD"/>
                    <label end="12" start="11" name="in"/>
                    <label end="14" start="14" name="dt"/>
                    <label end="21" start="16" name="nn"/>
                    <label end="27" start="23" name="in"/>
                    <label end="31" start="29" name="dt"/>
                    <label end="42" start="33" name="NP"/>
                    <label end="47" start="44" name="VVD"/>
                    <label end="54" start="49" name="jj"/>
                    <label end="57" start="56" name="in"/>
                    <label end="59" start="59" name="dt"/>
                    <label end="64" start="61" name="nn"/>
                    <label end="67" start="66" name="in"/>
                    <label end="70" start="69" name="cd"/>
                    <label end="80" start="72" name="jj"/>
                    <label end="88" start="82" name="nn"/>
                    <label end="94" start="90" name="nns"/>
                    <label end="97" start="96" name="in"/>
                    <label end="105" start="99" name="NP"/>
                    <label end="107" start="107" name="sent"/>
                </layer>
                <layer rank="1" name="NER"/>
                <layer rank="1" name="WSL"/>
            </annotationSet>
            <annotationSet cDate="03/30/2007 04:04:40 PDT Fri" status="MANUAL" ID="2276535">
                <layer rank="1" name="Target">
                    <label cBy="361" end="94" start="90" name="Target"/>
                </layer>
                <layer rank="1" name="FE">
                    <label cBy="361" feID="1568" end="88" start="82" name="Formational_cause"/>
                    <label cBy="361" feID="1565" end="94" start="90" name="Locale"/>
                    <label cBy="361" feID="1569" end="105" start="96" name="Container_possessor"/>
                </layer>
                <layer rank="1" name="GF">
                    <label end="88" start="82" name="Dep"/>
                    <label end="105" start="96" name="Dep"/>
                </layer>
                <layer rank="1" name="PT">
                    <label end="88" start="82" name="N"/>
                    <label end="105" start="96" name="PP"/>
                </layer>
                <layer rank="1" name="Other"/>
                <layer rank="1" name="Sent"/>
                <layer rank="1" name="Noun"/>
            </annotationSet>
        </sentence>
    </subCorpus>
    <subCorpus name="other-matched-(1)">
        <sentence corpID="111" docID="421" sentNo="1" paragNo="2595" aPos="111504622" ID="1414358">
            <text>3 Just a little further on , a Cornmill entrance ( service bay ) , potentially a very dangerous spot .</text>
            <annotationSet cDate="03/30/2007 04:04:46 PDT Fri" status="UNANN" ID="2276566">
                <layer rank="1" name="PENN">
                    <label end="0" start="0" name="cd"/>
                    <label end="5" start="2" name="rb"/>
                    <label end="7" start="7" name="dt"/>
                    <label end="14" start="9" name="rb"/>
                    <label end="22" start="16" name="rbr"/>
                    <label end="25" start="24" name="rb"/>
                    <label end="27" start="27" name=","/>
                    <label end="29" start="29" name="dt"/>
                    <label end="38" start="31" name="NP"/>
                    <label end="47" start="40" name="nn"/>
                    <label end="49" start="49" name="("/>
                    <label end="57" start="51" name="nn"/>
                    <label end="61" start="59" name="nn"/>
                    <label end="63" start="63" name=")"/>
                    <label end="65" start="65" name=","/>
                    <label end="77" start="67" name="rb"/>
                    <label end="79" start="79" name="dt"/>
                    <label end="84" start="81" name="rb"/>
                    <label end="94" start="86" name="jj"/>
                    <label end="99" start="96" name="nn"/>
                    <label end="101" start="101" name="sent"/>
                </layer>
                <layer rank="1" name="NER"/>
                <layer rank="1" name="WSL"/>
            </annotationSet>
            <annotationSet cDate="03/30/2007 04:04:46 PDT Fri" status="MANUAL" ID="2276567">
                <layer rank="1" name="Target">
                    <label cBy="361" end="99" start="96" name="Target"/>
                </layer>
                <layer rank="1" name="FE">
                    <label cBy="361" feID="6966" end="94" start="81" name="Descriptor"/>
                    <label cBy="361" feID="1565" end="99" start="96" name="Locale"/>
                </layer>
                <layer rank="1" name="GF">
                    <label end="94" start="81" name="Dep"/>
                </layer>
                <layer rank="1" name="PT">
                    <label end="94" start="81" name="AJP"/>
                </layer>
                <layer rank="1" name="Other"/>
                <layer rank="1" name="Sent"/>
                <layer rank="1" name="Noun"/>
            </annotationSet>
        </sentence>
    </subCorpus>
    <subCorpus name="other-unmatched-(2)"/>
    <subCorpus name="01-Wsecluded,favorite,sheltered-T-(3)">
        <sentence corpID="111" docID="421" sentNo="2" paragNo="730" aPos="8141233" ID="1414455">
            <text>Both need a shady , sheltered , moist spot in the garden .</text>
            <annotationSet cDate="03/30/2007 04:23:36 PDT Fri" status="UNANN" ID="2276760">
                <layer rank="1" name="PENN">
                    <label end="3" start="0" name="dt"/>
                    <label end="8" start="5" name="VVP"/>
                    <label end="10" start="10" name="dt"/>
                    <label end="16" start="12" name="jj"/>
                    <label end="18" start="18" name=","/>
                    <label end="28" start="20" name="jj"/>
                    <label end="30" start="30" name=","/>
                    <label end="36" start="32" name="jj"/>
                    <label end="41" start="38" name="nn"/>
                    <label end="44" start="43" name="in"/>
                    <label end="48" start="46" name="dt"/>
                    <label end="55" start="50" name="nn"/>
                    <label end="57" start="57" name="sent"/>
                </layer>
                <layer rank="1" name="NER"/>
                <layer rank="1" name="WSL"/>
            </annotationSet>
            <annotationSet cDate="03/30/2007 04:23:36 PDT Fri" status="MANUAL" ID="2276761">
                <layer rank="1" name="Target">
                    <label cBy="361" end="41" start="38" name="Target"/>
                </layer>
                <layer rank="1" name="FE">
                    <label cBy="361" feID="6966" end="36" start="32" name="Descriptor"/>
                    <label cBy="361" feID="1569" end="55" start="43" name="Container_possessor"/>
                    <label cBy="361" feID="1565" end="41" start="38" name="Locale"/>
                </layer>
                <layer rank="1" name="GF">
                    <label end="36" start="32" name="Dep"/>
                    <label end="55" start="43" name="Dep"/>
                </layer>
                <layer rank="1" name="PT">
                    <label end="36" start="32" name="AJP"/>
                    <label end="55" start="43" name="PP"/>
                </layer>
                <layer rank="1" name="Other"/>
                <layer rank="1" name="Sent"/>
                <layer rank="1" name="Noun"/>
            </annotationSet>
        </sentence>
        <sentence corpID="111" docID="421" sentNo="2" paragNo="675" aPos="3704040" ID="1414456">
            <text>In such conditions , all the sheltered spots get overcrowded , and there is usually too much colour in the water .</text>
            <annotationSet cDate="03/30/2007 04:23:36 PDT Fri" status="UNANN" ID="2276762">
                <layer rank="1" name="PENN">
                    <label end="1" start="0" name="in"/>
                    <label end="6" start="3" name="jj"/>
                    <label end="17" start="8" name="nns"/>
                    <label end="19" start="19" name=","/>
                    <label end="23" start="21" name="pdt"/>
                    <label end="27" start="25" name="dt"/>
                    <label end="37" start="29" name="jj"/>
                    <label end="43" start="39" name="nns"/>
                    <label end="47" start="45" name="VVP"/>
                    <label end="59" start="49" name="VVN"/>
                    <label end="61" start="61" name=","/>
                    <label end="65" start="63" name="cc"/>
                    <label end="71" start="67" name="ex"/>
                    <label end="74" start="73" name="VBZ"/>
                    <label end="82" start="76" name="rb"/>
                    <label end="86" start="84" name="rb"/>
                    <label end="91" start="88" name="jj"/>
                    <label end="98" start="93" name="nn"/>
                    <label end="101" start="100" name="in"/>
                    <label end="105" start="103" name="dt"/>
                    <label end="111" start="107" name="nn"/>
                    <label end="113" start="113" name="sent"/>
                </layer>
                <layer rank="1" name="NER"/>
                <layer rank="1" name="WSL"/>
            </annotationSet>
            <annotationSet cDate="03/30/2007 04:23:36 PDT Fri" status="MANUAL" ID="2276763">
                <layer rank="1" name="Target">
                    <label cBy="361" end="43" start="39" name="Target"/>
                </layer>
                <layer rank="1" name="FE">
                    <label cBy="361" feID="6966" end="37" start="29" name="Descriptor"/>
                    <label cBy="361" feID="1565" end="43" start="39" name="Locale"/>
                </layer>
                <layer rank="1" name="GF">
                    <label end="37" start="29" name="Dep"/>
                </layer>
                <layer rank="1" name="PT">
                    <label end="37" start="29" name="VPed"/>
                </layer>
                <layer rank="1" name="Other"/>
                <layer rank="1" name="Sent"/>
                <layer rank="1" name="Noun"/>
            </annotationSet>
        </sentence>
        <sentence corpID="111" docID="421" sentNo="1" paragNo="468" aPos="110296983" ID="1414458">
            <text>Miss Larkin , 24 , and Mr Pettitt , 25 , went missing for five weeks before forensic experts discovered human remains in the remnants of a fire in a secluded spot .</text>
            <annotationSet cDate="03/30/2007 04:23:36 PDT Fri" status="UNANN" ID="2276766">
                <layer rank="1" name="PENN">
                    <label end="3" start="0" name="NP"/>
                    <label end="10" start="5" name="NP"/>
                    <label end="12" start="12" name=","/>
                    <label end="15" start="14" name="cd"/>
                    <label end="17" start="17" name=","/>
                    <label end="21" start="19" name="cc"/>
                    <label end="24" start="23" name="NP"/>
                    <label end="32" start="26" name="NP"/>
                    <label end="34" start="34" name=","/>
                    <label end="37" start="36" name="cd"/>
                    <label end="39" start="39" name=","/>
                    <label end="44" start="41" name="VVD"/>
                    <label end="52" start="46" name="VVG"/>
                    <label end="56" start="54" name="in"/>
                    <label end="61" start="58" name="cd"/>
                    <label end="67" start="63" name="nns"/>
                    <label end="74" start="69" name="in"/>
                    <label end="83" start="76" name="jj"/>
                    <label end="91" start="85" name="nns"/>
                    <label end="102" start="93" name="VVD"/>
                    <label end="108" start="104" name="jj"/>
                    <label end="116" start="110" name="nns"/>
                    <label end="119" start="118" name="in"/>
                    <label end="123" start="121" name="dt"/>
                    <label end="132" start="125" name="nns"/>
                    <label end="135" start="134" name="in"/>
                    <label end="137" start="137" name="dt"/>
                    <label end="142" start="139" name="nn"/>
                    <label end="145" start="144" name="in"/>
                    <label end="147" start="147" name="dt"/>
                    <label end="156" start="149" name="jj"/>
                    <label end="161" start="158" name="nn"/>
                    <label end="163" start="163" name="sent"/>
                </layer>
                <layer rank="1" name="NER"/>
                <layer rank="1" name="WSL"/>
            </annotationSet>
            <annotationSet cDate="03/30/2007 04:23:37 PDT Fri" status="MANUAL" ID="2276767">
                <layer rank="1" name="Target">
                    <label cBy="361" end="161" start="158" name="Target"/>
                </layer>
                <layer rank="1" name="FE">
                    <label cBy="361" feID="6966" end="156" start="149" name="Descriptor"/>
                    <label cBy="361" feID="1565" end="161" start="158" name="Locale"/>
                </layer>
                <layer rank="1" name="GF">
                    <label end="156" start="149" name="Dep"/>
                </layer>
                <layer rank="1" name="PT">
                    <label end="156" start="149" name="AJP"/>
                </layer>
                <layer rank="1" name="Other"/>
                <layer rank="1" name="Sent"/>
                <layer rank="1" name="Noun"/>
            </annotationSet>
        </sentence>
        <sentence corpID="111" docID="421" sentNo="1" paragNo="2186" aPos="36859745" ID="1414465">
            <text>She was driven several miles to a secluded country spot and assaulted for an hour .</text>
            <annotationSet cDate="03/30/2007 04:23:39 PDT Fri" status="UNANN" ID="2276780">
                <layer rank="1" name="PENN">
                    <label end="2" start="0" name="PP"/>
                    <label end="6" start="4" name="VBD"/>
                    <label end="13" start="8" name="VVN"/>
                    <label end="21" start="15" name="jj"/>
                    <label end="27" start="23" name="nns"/>
                    <label end="30" start="29" name="to"/>
                    <label end="32" start="32" name="dt"/>
                    <label end="41" start="34" name="jj"/>
                    <label end="49" start="43" name="nn"/>
                    <label end="54" start="51" name="nn"/>
                    <label end="58" start="56" name="cc"/>
                    <label end="68" start="60" name="VVD"/>
                    <label end="72" start="70" name="in"/>
                    <label end="75" start="74" name="dt"/>
                    <label end="80" start="77" name="nn"/>
                    <label end="82" start="82" name="sent"/>
                </layer>
                <layer rank="1" name="NER"/>
                <layer rank="1" name="WSL"/>
            </annotationSet>
            <annotationSet cDate="03/30/2007 04:23:39 PDT Fri" status="MANUAL" ID="2276781">
                <layer rank="1" name="Target">
                    <label cBy="361" end="54" start="51" name="Target"/>
                </layer>
                <layer rank="1" name="FE">
                    <label cBy="361" feID="6966" end="41" start="34" name="Descriptor"/>
                    <label cBy="361" feID="1569" end="49" start="43" name="Container_possessor"/>
                    <label cBy="361" feID="1565" end="54" start="51" name="Locale"/>
                </layer>
                <layer rank="1" name="GF">
                    <label end="41" start="34" name="Dep"/>
                    <label end="49" start="43" name="Dep"/>
                </layer>
                <layer rank="1" name="PT">
                    <label end="41" start="34" name="AJP"/>
                    <label end="49" start="43" name="N"/>
                </layer>
                <layer rank="1" name="Other"/>
                <layer rank="1" name="Sent"/>
                <layer rank="1" name="Noun"/>
            </annotationSet>
        </sentence>
    </subCorpus>
    <subCorpus name="02-Wquiet,shady,sunny-T-(3)">
        <sentence corpID="111" docID="421" sentNo="2" paragNo="752" aPos="69431585" ID="1414472">
            <text>Gregory 's , for those on shore holidays , is in a quiet spot right on a good swimming beach .</text>
            <annotationSet cDate="03/30/2007 04:23:42 PDT Fri" status="UNANN" ID="2276794">
                <layer rank="1" name="PENN">
                    <label end="6" start="0" name="NP"/>
                    <label end="9" start="8" name="POS"/>
                    <label end="11" start="11" name=","/>
                    <label end="15" start="13" name="in"/>
                    <label end="21" start="17" name="dt"/>
                    <label end="24" start="23" name="in"/>
                    <label end="30" start="26" name="nn"/>
                    <label end="39" start="32" name="nns"/>
                    <label end="41" start="41" name=","/>
                    <label end="44" start="43" name="VBZ"/>
                    <label end="47" start="46" name="in"/>
                    <label end="49" start="49" name="dt"/>
                    <label end="55" start="51" name="jj"/>
                    <label end="60" start="57" name="nn"/>
                    <label end="66" start="62" name="nn"/>
                    <label end="69" start="68" name="in"/>
                    <label end="71" start="71" name="dt"/>
                    <label end="76" start="73" name="jj"/>
                    <label end="85" start="78" name="nn"/>
                    <label end="91" start="87" name="nn"/>
                    <label end="93" start="93" name="sent"/>
                </layer>
                <layer rank="1" name="NER"/>
                <layer rank="1" name="WSL"/>
            </annotationSet>
            <annotationSet cDate="03/30/2007 04:23:42 PDT Fri" status="MANUAL" ID="2276795">
                <layer rank="1" name="Target">
                    <label cBy="361" end="60" start="57" name="Target"/>
                </layer>
                <layer rank="1" name="FE">
                    <label cBy="361" feID="6966" end="55" start="51" name="Descriptor"/>
                    <label cBy="361" feID="1567" end="91" start="62" name="Relative_location"/>
                    <label cBy="361" feID="1565" end="60" start="57" name="Locale"/>
                </layer>
                <layer rank="1" name="GF">
                    <label end="55" start="51" name="Dep"/>
                    <label end="91" start="62" name="Dep"/>
                </layer>
                <layer rank="1" name="PT">
                    <label end="55" start="51" name="AJP"/>
                    <label end="91" start="62" name="PP"/>
                </layer>
                <layer rank="1" name="Other"/>
                <layer rank="1" name="Sent"/>
                <layer rank="1" name="Noun"/>
            </annotationSet>
        </sentence>
        <sentence corpID="111" docID="421" sentNo="1" paragNo="626" aPos="8136508" ID="1414476">
            <text>They all like a dryish soil in full sun ; in rich conditions or in shady spots they tend to grow too lush and produce too few flowers .</text>
            <annotationSet cDate="03/30/2007 04:23:44 PDT Fri" status="UNANN" ID="2276802">
                <layer rank="1" name="PENN">
                    <label end="3" start="0" name="PP"/>
                    <label end="7" start="5" name="rb"/>
                    <label end="12" start="9" name="VVP"/>
                    <label end="14" start="14" name="dt"/>
                    <label end="21" start="16" name="jj"/>
                    <label end="26" start="23" name="nn"/>
                    <label end="29" start="28" name="in"/>
                    <label end="34" start="31" name="jj"/>
                    <label end="38" start="36" name="nn"/>
                    <label end="40" start="40" name=":"/>
                    <label end="43" start="42" name="in"/>
                    <label end="48" start="45" name="jj"/>
                    <label end="59" start="50" name="nns"/>
                    <label end="62" start="61" name="cc"/>
                    <label end="65" start="64" name="in"/>
                    <label end="71" start="67" name="jj"/>
                    <label end="77" start="73" name="nns"/>
                    <label end="82" start="79" name="PP"/>
                    <label end="87" start="84" name="VVP"/>
                    <label end="90" start="89" name="to"/>
                    <label end="95" start="92" name="VV"/>
                    <label end="99" start="97" name="rb"/>
                    <label end="104" start="101" name="jj"/>
                    <label end="108" start="106" name="cc"/>
                    <label end="116" start="110" name="VV"/>
                    <label end="120" start="118" name="rb"/>
                    <label end="124" start="122" name="jj"/>
                    <label end="132" start="126" name="nns"/>
                    <label end="134" start="134" name="sent"/>
                </layer>
                <layer rank="1" name="NER"/>
                <layer rank="1" name="WSL"/>
            </annotationSet>
            <annotationSet cDate="03/30/2007 04:23:44 PDT Fri" status="MANUAL" ID="2276803">
                <layer rank="1" name="Target">
                    <label cBy="361" end="77" start="73" name="Target"/>
                </layer>
                <layer rank="1" name="FE">
                    <label cBy="361" feID="6966" end="71" start="67" name="Descriptor"/>
                    <label cBy="361" feID="1565" end="77" start="73" name="Locale"/>
                </layer>
                <layer rank="1" name="GF">
                    <label end="71" start="67" name="Dep"/>
                </layer>
                <layer rank="1" name="PT">
                    <label end="71" start="67" name="AJP"/>
                </layer>
                <layer rank="1" name="Other"/>
                <layer rank="1" name="Sent"/>
                <layer rank="1" name="Noun"/>
            </annotationSet>
        </sentence>
        <sentence corpID="111" docID="421" sentNo="1" paragNo="140" aPos="20318433" ID="1414485">
            <text>One afternoon I went out with another girl for a walk , with the idea of finding a quiet spot in the meadow we called the Big Field , to read and write letters .</text>
            <annotationSet cDate="03/30/2007 04:23:48 PDT Fri" status="UNANN" ID="2276820">
                <layer rank="1" name="PENN">
                    <label end="2" start="0" name="cd"/>
                    <label end="12" start="4" name="nn"/>
                    <label end="14" start="14" name="PP"/>
                    <label end="19" start="16" name="VVD"/>
                    <label end="23" start="21" name="rp"/>
                    <label end="28" start="25" name="in"/>
                    <label end="36" start="30" name="dt"/>
                    <label end="41" start="38" name="nn"/>
                    <label end="45" start="43" name="in"/>
                    <label end="47" start="47" name="dt"/>
                    <label end="52" start="49" name="nn"/>
                    <label end="54" start="54" name=","/>
                    <label end="59" start="56" name="in"/>
                    <label end="63" start="61" name="dt"/>
                    <label end="68" start="65" name="nn"/>
                    <label end="71" start="70" name="in"/>
                    <label end="79" start="73" name="VVG"/>
                    <label end="81" start="81" name="dt"/>
                    <label end="87" start="83" name="jj"/>
                    <label end="92" start="89" name="nn"/>
                    <label end="95" start="94" name="in"/>
                    <label end="99" start="97" name="dt"/>
                    <label end="106" start="101" name="nn"/>
                    <label end="109" start="108" name="PP"/>
                    <label end="116" start="111" name="VVD"/>
                    <label end="120" start="118" name="dt"/>
                    <label end="124" start="122" name="NP"/>
                    <label end="130" start="126" name="NP"/>
                    <label end="132" start="132" name=","/>
                    <label end="135" start="134" name="to"/>
                    <label end="140" start="137" name="VV"/>
                    <label end="144" start="142" name="cc"/>
                    <label end="150" start="146" name="VV"/>
                    <label end="158" start="152" name="nns"/>
                    <label end="160" start="160" name="sent"/>
                </layer>
                <layer rank="1" name="NER"/>
                <layer rank="1" name="WSL"/>
            </annotationSet>
            <annotationSet cDate="03/30/2007 04:23:48 PDT Fri" status="MANUAL" ID="2276821">
                <layer rank="1" name="Target">
                    <label cBy="361" end="92" start="89" name="Target"/>
                </layer>
                <layer rank="1" name="FE">
                    <label cBy="361" feID="6966" end="87" start="83" name="Descriptor"/>
                    <label cBy="361" feID="1565" end="92" start="89" name="Locale"/>
                    <label cBy="361" feID="1569" end="106" start="94" name="Container_possessor"/>
                </layer>
                <layer rank="1" name="GF">
                    <label end="87" start="83" name="Dep"/>
                    <label end="106" start="94" name="Dep"/>
                </layer>
                <layer rank="1" name="PT">
                    <label end="87" start="83" name="AJP"/>
                    <label end="106" start="94" name="PP"/>
                </layer>
                <layer rank="1" name="Other"/>
                <layer rank="1" name="Sent"/>
                <layer rank="1" name="Noun"/>
            </annotationSet>
        </sentence>
    </subCorpus>
</lexUnit>