<?xml version="1.0" encoding="UTF-8" standalone="yes"?>
<?xml-stylesheet type="text/xsl" href="lexUnit.xsl"?>
<lexUnit status="Created" POS="PREP" name="as.prep" ID="7574" frame="Performers_and_roles" frameID="413" totalAnnotated="0" xsi:schemaLocation="../schema/lexUnit.xsd" xmlns="http://framenet.icsi.berkeley.edu" xmlns:xsi="http://www.w3.org/2001/XMLSchema-instance">
    <header>
        <frame>
            <FE fgColor="FFFFFF" bgColor="006400" type="Core" abbrev="Aud" name="Audience"/>
            <FE fgColor="000000" bgColor="FFD700" type="Peripheral" abbrev="Dur" name="Duration"/>
            <FE fgColor="00008B" bgColor="90876C" type="Extra-Thematic" abbrev="" name="Event_description"/>
            <FE fgColor="FFFFFF" bgColor="FF00FF" type="Peripheral" abbrev="Manr" name="Manner"/>
            <FE fgColor="FFFFFF" bgColor="00BFFF" type="Core" abbrev="Medium" name="Medium"/>
            <FE fgColor="FFFFFF" bgColor="800080" type="Core" abbrev="Perance" name="Performance"/>
            <FE fgColor="FFFFFF" bgColor="0000FF" type="Core" abbrev="Perfer" name="Performer"/>
            <FE fgColor="FFFFFF" bgColor="A52A2A" type="Core" abbrev="Perf1" name="Performer1"/>
            <FE fgColor="FFFFFF" bgColor="808080" type="Core" abbrev="Perf2" name="Performer2"/>
            <FE fgColor="FFFFFF" bgColor="008000" type="Peripheral" abbrev="Place" name="Place"/>
            <FE fgColor="FFFFFF" bgColor="FF0000" type="Core" abbrev="Role" name="Role"/>
            <FE fgColor="FFFFFF" bgColor="FF69B4" type="Core" abbrev="Scr" name="Score"/>
            <FE fgColor="FFFFFF" bgColor="9400D3" type="Core" abbrev="Scpt" name="Script"/>
            <FE fgColor="FFFFFF" bgColor="FFA500" type="Peripheral" abbrev="Time" name="Time"/>
            <FE fgColor="FFFFFF" bgColor="9F79EE" type="Core" abbrev="Typ" name="Type"/>
        </frame>
    </header>
    <definition>FN: playing in the role of</definition>
    <lexeme POS="PREP" name="as"/>
    <valences/>
</lexUnit>